ST_CASE,VEH_NO,PER_NO,YEAR,P1,P2,P3,P4,P5,P6,P7,P8,P9,P10
40080,1,1,1990,14,14,14,14,14,14,14,14,14,14
40080,2,1,1990,0,0,0,0,0,0,0,0,0,0
40081,0,1,1990,0,0,0,3,14,0,0,0,0,0
40081,1,1,1990,0,0,0,0,0,0,0,0,0,0
40082,0,1,1990,15,0,0,0,0,0,0,0,0,21
40082,1,1,1990,0,0,0,0,0,0,0,0,0,0
40082,2,1,1990,0,23,0,0,16,0,0,0,0,10
40083,1,1,1990,16,16,16,16,16,16,16,16,16,16
40083,2,1,1990,0,0,0,10,0,0,0,0,0,0
40084,1,1,1990,13,9,0,0,0,0,0,0,0,0
40084,2,1,1990,0,0,0,0,0,0,0,0,0,0
40085,1,1,1990,0,0,0,0,0,0,0,0,0,0
40085,2,1,1990,0,0,0,0,0,0,0,0,0,0
40086,1,1,1990,30,30,30,30,30,30,30,30,30,30
40086,2,1,1990,0,0,0,0,0,0,0,0,0,0
40087,0,1,1990,29,29,29,29,29,29,29,29,29,29
40087,1,1,1990,0,0,0,0,0,0,0,0,0,0
40088,1,1,1990,0,0,0,0,0,0,0,0,0,0
40089,1,1,1990,0,0,0,0,0,0,0,0,0,0
40089,2,1,1990,0,0,0,0,0,0,0,0,0,0
40090,1,1,1990,10,9,15,12,19,12,21,6,21,17
40091,0,1,1990,24,24,24,24,24,24,24,24,24,24
40091,1,1,1990,0,0,0,0,0,0,0,0,0,0
40092,1,1,1990,0,0,0,0,0,0,0,0,0,0
40092,2,1,1990,15,15,15,15,15,15,15,15,15,15
40092,3,1,1990,14,33,14,20,13,10,22,0,32,33
40093,1,1,1990,0,0,0,0,0,0,0,0,0,0
40093,2,1,1990,0,0,0,0,0,0,0,0,0,0
40094,1,1,1990,0,0,0,0,0,0,0,0,0,0
40094,2,1,1990,0,0,0,0,0,0,0,0,0,0
40095,0,1,1990,15,15,15,15,15,15,15,15,15,15
40095,1,1,1990,0,0,0,8,0,0,0,35,0,0
40096,1,1,1990,0,0,0,0,0,0,0,0,0,0
40096,2,1,1990,0,0,0,0,0,0,0,0,0,0
40097,1,1,1990,0,0,0,0,0,0,0,0,0,0
40097,2,1,1990,0,0,0,0,0,0,0,0,0,0
40097,3,1,1990,0,0,0,0,0,0,0,0,0,0
40097,4,1,1990,0,0,0,12,0,0,0,0,6,0
40098,1,1,1990,18,18,18,18,18,18,18,18,18,18
40099,1,1,1990,0,0,38,0,0,0,0,0,0,0
40100,1,1,1990,26,20,30,24,20,15,25,16,40,22
40101,0,1,1990,0,0,0,0,0,0,0,0,0,0
40101,1,1,1990,0,0,0,0,0,0,0,0,0,0
40102,1,1,1990,19,24,24,23,16,30,26,10,17,0
40103,1,1,1990,18,18,18,18,18,18,18,18,18,18
40104,1,1,1990,17,21,0,0,0,17,10,7,20,19
40105,2,1,1990,0,0,0,0,0,0,0,0,0,0
40107,1,1,1990,14,14,14,14,14,14,14,14,14,14
40109,0,1,1990,0,0,0,0,16,0,0,0,0,0
40109,1,1,1990,0,0,0,0,0,0,0,0,0,0
40110,0,1,1990,0,0,0,0,0,0,0,0,0,0
40110,1,1,1990,0,0,0,23,0,0,0,0,0,0
40111,1,1,1990,0,19,0,10,0,0,13,0,0,0
40111,2,1,1990,0,0,0,4,0,0,0,0,0,0
40112,1,1,1990,12,12,12,12,12,12,12,12,12,12
40112,2,1,1990,0,0,0,0,0,0,0,0,0,0
40113,1,1,1990,17,13,13,13,5,18,0,18,10,26
40114,1,1,1990,0,0,0,0,0,0,0,0,0,0
40114,2,1,1990,0,0,0,0,0,0,0,0,0,0
40115,1,1,1990,0,0,0,0,0,0,0,0,0,0
40115,2,1,1990,0,0,0,0,0,0,0,0,0,0
40115,3,1,1990,0,0,0,0,0,0,0,0,0,13
40115,4,1,1990,0,0,0,0,0,0,0,0,2,0
40116,1,1,1990,0,0,0,7,16,14,0,0,0,0
40116,2,1,1990,5,0,0,0,0,0,0,0,0,0
40117,1,1,1990,0,0,0,0,0,0,10,0,0,0
40117,2,1,1990,0,0,0,0,0,0,0,0,0,0
40118,1,1,1990,23,26,19,4,18,12,6,20,21,15
40118,2,1,1990,5,5,5,5,5,5,5,5,5,5
40119,1,1,1990,26,26,26,26,26,26,26,26,26,26
40119,2,1,1990,2,2,2,2,2,2,2,2,2,2
40120,1,1,1990,20,0,8,0,12,0,0,10,15,22
40120,2,1,1990,0,0,6,0,0,0,0,0,0,0
40121,1,1,1990,0,0,0,0,0,0,0,0,0,0
40121,2,1,1990,0,0,0,0,0,0,0,0,0,0
40122,1,1,1990,0,0,0,0,0,0,0,0,0,0
40122,2,1,1990,0,0,0,0,0,0,0,0,0,0
40123,1,1,1990,0,0,0,2,0,0,12,22,0,0
40123,2,1,1990,0,0,0,0,0,0,0,0,0,0
40124,0,1,1990,0,0,0,0,0,0,0,0,0,0
40124,1,1,1990,0,0,0,0,16,0,0,0,0,0
40125,1,1,1990,0,0,0,0,0,0,0,0,0,0
40125,2,1,1990,0,0,0,0,0,0,0,0,0,0
40126,0,1,1990,0,0,0,0,0,0,0,0,0,0
40126,1,1,1990,0,0,0,0,0,0,0,0,0,0
40127,0,1,1990,19,0,0,0,0,0,0,0,0,0
40127,1,1,1990,0,8,0,0,0,0,0,36,0,0
40128,1,1,1990,0,0,0,0,0,0,0,0,0,0
40128,2,1,1990,0,0,0,0,0,0,0,0,0,0
40129,1,1,1990,12,12,12,12,12,12,12,12,12,12
40130,1,1,1990,0,0,4,0,7,0,0,11,22,11
40130,2,1,1990,0,0,0,0,0,0,0,0,0,0
40131,1,1,1990,0,0,0,0,0,0,0,0,0,0
40132,1,1,1990,17,24,25,26,9,10,0,19,13,22
40132,2,1,1990,21,25,12,24,15,18,12,26,13,23
40133,1,1,1990,14,14,14,14,14,14,14,14,14,14
40134,1,1,1990,0,0,0,0,0,0,0,0,5,0
40134,2,1,1990,0,0,0,0,0,0,0,0,0,0
40135,1,1,1990,0,0,0,0,0,0,0,0,0,0
40135,2,1,1990,0,0,0,0,0,0,0,0,0,0
40136,0,1,1990,23,0,0,0,0,0,0,0,0,0
40136,1,1,1990,0,0,0,0,0,0,0,0,0,0
40137,0,1,1990,43,0,15,19,16,18,0,18,7,7
40137,1,1,1990,0,0,0,0,0,0,0,0,0,0
40138,1,1,1990,26,26,26,26,26,26,26,26,26,26
40139,0,1,1990,9,34,0,31,29,18,37,10,20,24
40139,1,1,1990,0,0,0,0,0,0,0,0,0,0
40140,1,1,1990,29,29,29,29,29,29,29,29,29,29
40141,1,1,1990,22,0,21,0,28,19,0,0,14,14
40142,1,1,1990,7,11,16,10,20,28,15,18,3,8
40143,1,1,1990,0,0,0,0,0,0,0,0,0,0
40143,2,1,1990,0,0,0,0,0,0,0,0,0,0
40144,1,1,1990,28,28,28,28,28,28,28,28,28,28
40145,1,1,1990,0,0,0,0,13,0,0,13,0,0
40146,1,1,1990,0,0,0,0,0,0,0,0,0,0
40147,1,1,1990,0,0,0,0,0,0,0,0,0,0
40147,2,1,1990,0,0,0,0,0,0,0,0,0,0
40148,0,1,1990,8,43,10,25,11,31,21,26,30,16
40148,1,1,1990,0,0,0,0,0,0,0,0,0,0
40149,0,1,1990,0,0,0,0,0,0,0,0,0,0
40149,1,1,1990,0,0,0,0,0,0,0,0,0,0
40150,1,1,1990,0,0,0,0,0,0,0,0,0,0
40150,2,1,1990,0,0,0,0,0,0,0,14,0,0
40151,1,1,1990,15,22,0,22,11,13,22,0,0,11
40151,2,1,1990,0,0,0,0,0,0,0,0,0,0
40153,1,1,1990,0,0,0,0,0,0,0,0,0,0
40153,2,1,1990,0,0,0,0,0,0,0,0,0,0
40153,3,1,1990,0,0,0,13,0,0,15,0,0,0
40154,1,1,1990,0,0,0,0,0,0,0,0,0,0
40154,2,1,1990,0,0,0,0,0,0,0,0,0,0
40155,1,1,1990,0,0,0,0,0,0,0,0,0,0
40155,2,1,1990,0,0,0,0,0,0,0,0,0,0
40156,1,1,1990,11,0,37,0,10,15,18,0,26,11
40157,1,1,1990,12,12,12,12,12,12,12,12,12,12
40158,0,1,1990,11,11,11,11,11,11,11,11,11,11
40158,1,1,1990,16,11,6,14,23,29,10,19,21,18
40159,1,1,1990,0,0,0,0,0,0,0,0,0,0
40160,0,1,1990,0,0,0,0,0,0,0,0,0,0
40160,1,1,1990,0,0,0,0,0,0,0,0,0,0
40161,1,1,1990,0,0,0,0,0,0,0,0,0,0
40162,1,1,1990,5,5,5,5,5,5,5,5,5,5
40163,1,1,1990,27,27,27,27,27,27,27,27,27,27
40164,1,1,1990,10,10,10,10,10,10,10,10,10,10
40165,1,1,1990,0,0,0,0,0,0,13,0,11,12
40165,2,1,1990,2,2,2,2,2,2,2,2,2,2
40166,1,1,1990,0,0,0,0,0,0,0,0,0,0
40167,1,1,1990,0,0,0,0,0,0,0,0,0,0
40167,2,1,1990,0,0,0,0,0,0,0,0,0,0
40167,3,1,1990,0,0,0,0,0,0,0,0,0,0
40168,1,1,1990,15,7,24,15,20,14,20,6,20,6
40169,1,1,1990,18,9,13,12,13,15,0,18,26,16
40170,1,1,1990,25,25,25,25,25,25,25,25,25,25
40171,1,1,1990,0,0,0,0,0,0,0,0,0,0
40171,2,1,1990,0,0,12,0,0,0,0,0,0,0
40172,1,1,1990,25,12,13,11,25,8,19,6,14,25
40173,0,1,1990,4,33,14,24,14,23,22,0,7,14
40173,1,1,1990,0,0,0,0,0,0,0,0,0,0
40174,1,1,1990,0,0,0,26,0,0,0,0,0,0
40175,1,1,1990,0,0,0,31,0,0,0,0,11,22
40176,1,1,1990,15,3,20,6,12,21,2,22,0,12
40176,2,1,1990,0,0,0,0,0,0,0,0,0,0
40177,1,1,1990,0,0,0,0,0,13,8,0,0,0
40178,1,1,1990,14,14,14,14,14,14,14,14,14,14
40178,2,1,1990,9,0,0,6,0,0,0,0,0,0
40179,1,1,1990,0,0,12,0,0,18,0,12,17,28
40180,1,4,1990,21,0,14,0,22,0,2,16,13,13
40181,0,1,1990,15,34,25,6,22,0,25,0,16,24
40181,1,1,1990,0,0,0,0,0,0,0,0,0,0
40182,1,1,1990,14,14,14,14,14,14,14,14,14,14
40183,1,1,1990,0,0,0,0,0,0,0,0,18,19
40183,2,1,1990,0,0,5,0,0,16,0,0,16,0
40184,1,1,1990,23,23,23,23,23,23,23,23,23,23
40185,1,1,1990,24,24,24,24,24,24,24,24,24,24
40185,2,1,1990,19,0,0,0,10,0,14,0,0,0
40186,0,1,1990,0,0,0,0,0,0,0,0,0,0
40186,1,1,1990,0,0,0,0,0,0,0,0,0,0
40187,1,1,1990,24,24,24,24,24,24,24,24,24,24
40188,0,1,1990,22,17,33,16,0,21,0,15,32,23
40188,1,1,1990,0,0,0,0,0,0,0,0,0,0
40189,1,1,1990,0,0,0,0,0,0,0,0,0,0
40190,1,1,1990,0,0,0,0,0,0,0,0,0,0
40190,2,1,1990,0,0,0,0,0,0,0,0,0,0
40191,1,1,1990,0,0,0,0,16,0,0,0,0,0
40192,1,1,1990,12,15,0,21,8,14,8,0,11,19
40193,1,1,1990,0,0,0,0,0,0,0,0,0,0
40194,1,1,1990,18,41,21,20,16,6,19,23,37,23
40195,0,1,1990,0,0,0,0,0,0,0,0,0,0
40195,1,1,1990,0,11,0,14,0,9,20,8,0,0
40196,1,1,1990,0,0,0,0,0,0,0,0,0,0
40196,2,1,1990,0,0,0,0,0,0,0,0,0,0
40197,1,1,1990,19,19,19,19,19,19,19,19,19,19
40198,1,1,1990,0,10,0,0,0,0,0,0,0,0
40199,1,1,1990,0,8,10,9,13,9,11,19,19,15
40199,2,1,1990,0,0,0,0,0,0,0,0,0,0
40200,0,1,1990,0,0,0,0,0,0,0,0,0,0
40200,1,1,1990,0,0,0,0,0,0,0,0,0,0
40200,2,1,1990,0,0,0,0,0,0,0,0,0,0
40201,1,1,1990,9,0,0,0,0,0,11,0,0,0
40202,1,1,1990,0,0,0,0,0,0,0,0,0,0
40203,1,1,1990,0,0,0,0,0,0,0,3,0,0
40204,1,1,1990,0,0,0,0,0,0,0,0,0,0
40204,2,1,1990,0,0,0,0,0,0,0,0,0,0
40205,0,1,1990,16,16,16,16,16,16,16,16,16,16
40205,1,1,1990,13,13,13,13,13,13,13,13,13,13
40206,1,1,1990,0,0,0,0,0,0,0,0,0,0
40207,1,1,1990,11,9,14,0,0,0,17,0,0,0
40208,1,1,1990,6,0,9,4,0,19,9,0,22,14
40209,1,1,1990,0,0,0,0,0,0,0,0,0,0
40210,1,1,1990,17,17,17,17,17,17,17,17,17,17
40210,2,1,1990,0,0,0,0,0,0,0,0,0,0
40211,1,1,1990,0,0,0,0,0,0,0,0,0,0
40211,2,1,1990,0,0,0,0,0,0,0,0,0,0
40212,1,1,1990,0,0,18,0,0,11,12,0,25,0
40213,1,1,1990,0,0,0,0,0,0,0,0,0,0
40214,1,1,1990,0,0,0,0,0,0,20,0,27,0
40214,2,1,1990,0,0,0,0,0,0,0,0,0,0
40215,1,1,1990,0,0,0,0,0,0,0,0,0,0
40215,2,1,1990,0,0,0,0,0,0,0,0,0,14
40216,1,1,1990,0,0,0,0,0,0,0,0,17,0
40216,2,1,1990,0,0,0,0,0,0,0,0,0,0
40217,1,1,1990,11,0,0,0,0,0,19,0,29,0
40218,1,1,1990,0,0,0,0,0,0,0,0,0,0
40218,2,1,1990,0,0,0,0,0,0,0,0,0,0
40219,1,1,1990,3,3,3,3,3,3,3,3,3,3
40219,2,1,1990,13,12,0,15,0,0,0,26,0,0
40220,1,1,1990,0,0,0,0,0,0,0,0,0,0
40220,2,1,1990,0,10,0,0,0,0,0,0,0,0
40221,1,1,1990,7,17,28,15,27,31,11,28,24,31
40221,2,1,1990,0,10,21,0,0,13,0,17,0,18
40222,1,1,1990,0,0,0,0,0,0,0,0,0,0
40223,1,1,1990,0,0,0,0,0,0,0,0,0,0
40224,1,1,1990,19,19,19,19,19,19,19,19,19,19
40225,1,1,1990,0,0,0,0,0,9,0,0,0,0
40226,1,1,1990,8,36,35,10,29,34,0,20,25,11
40227,1,1,1990,16,0,0,18,0,18,5,0,7,0
40228,1,1,1990,0,0,0,0,0,0,0,0,0,0
40228,2,1,1990,0,0,0,0,0,0,0,0,0,0
40229,1,1,1990,6,9,15,3,14,19,5,0,6,13
40230,1,1,1990,20,20,20,20,20,20,20,20,20,20
40231,1,1,1990,21,21,21,21,21,21,21,21,21,21
40232,0,1,1990,0,0,0,0,0,0,0,0,0,0
40232,1,1,1990,0,0,0,0,0,0,0,0,0,0
40232,2,1,1990,16,0,0,0,0,0,0,0,0,0
40233,1,1,1990,21,22,0,0,25,9,15,10,24,0
40234,1,1,1990,0,0,0,0,25,16,8,0,21,0
40235,1,1,1990,0,18,0,16,0,0,28,0,0,0
40235,2,1,1990,0,15,14,16,0,16,22,37,0,0
40236,1,1,1990,17,21,22,22,31,32,14,30,13,29
40237,0,1,1990,20,20,20,20,20,20,20,20,20,20
40237,1,1,1990,0,0,0,0,0,0,0,0,0,0
40238,1,1,1990,25,25,25,25,25,25,25,25,25,25
40238,2,1,1990,0,0,0,0,0,0,0,0,0,0
40239,0,1,1990,0,0,0,21,0,0,0,24,0,47
40239,1,1,1990,0,0,0,0,0,0,0,0,0,0
40240,1,1,1990,0,0,0,0,0,0,0,0,9,0
40241,1,1,1990,0,0,0,0,0,0,0,0,0,0
40241,2,1,1990,0,0,0,0,0,0,10,0,0,0
40242,1,1,1990,20,20,20,20,20,20,20,20,20,20
40242,2,1,1990,0,0,0,0,0,0,0,0,0,0
40243,1,1,1990,18,18,18,18,18,18,18,18,18,18
40243,2,1,1990,11,11,11,11,11,11,11,11,11,11
40244,1,1,1990,0,0,0,0,0,0,0,0,0,0
40244,2,1,1990,0,0,0,0,0,0,0,0,0,0
40245,1,1,1990,0,0,0,0,0,0,0,0,0,0
40246,1,1,1990,10,18,33,12,12,15,10,6,0,8
40247,1,1,1990,0,0,0,0,0,0,5,20,0,0
40248,0,1,1990,0,0,0,0,0,0,0,0,0,0
40248,1,1,1990,0,0,0,0,0,0,0,0,0,0
40250,1,1,1990,0,0,0,0,0,0,0,0,0,0
40251,0,1,1990,20,20,20,20,20,20,20,20,20,20
40251,1,1,1990,0,0,0,0,0,0,0,0,0,0
40252,0,1,1990,9,12,15,32,0,23,15,22,16,29
40252,1,1,1990,0,0,0,0,0,0,0,0,0,19
40253,1,1,1990,18,36,33,12,20,10,28,24,23,14
40254,1,1,1990,17,25,10,20,17,15,11,0,19,5
40255,1,1,1990,2,2,2,2,2,2,2,2,2,2
40255,2,1,1990,0,0,0,0,17,0,0,0,0,0
40256,1,1,1990,0,0,0,0,0,0,0,0,0,0
40256,2,1,1990,17,0,0,0,0,0,0,0,16,0
40256,3,1,1990,0,21,21,0,11,0,0,15,21,9
40257,1,1,1990,0,0,0,0,0,0,0,0,0,0
40258,1,1,1990,0,19,0,19,0,0,0,0,0,31
40259,1,1,1990,0,0,0,0,0,0,0,0,0,0
40260,1,1,1990,0,0,0,0,0,0,0,0,0,0
40260,2,1,1990,0,0,0,0,0,0,0,0,0,0
40260,3,1,1990,0,0,0,0,0,0,0,0,0,0
40260,4,1,1990,0,0,0,0,0,0,0,0,0,0
40261,1,1,1990,0,0,0,0,0,0,0,0,0,0
40262,0,1,1990,32,32,32,32,32,32,32,32,32,32
40262,1,1,1990,25,0,0,3,15,0,20,0,0,24
40263,1,2,1990,8,18,26,12,18,0,14,0,0,28
40264,1,1,1990,5,13,0,27,14,11,16,9,17,13
40265,1,1,1990,0,6,15,0,10,5,17,11,0,0
40266,1,1,1990,0,0,0,0,0,0,0,0,0,0
40267,1,1,1990,0,0,0,0,0,0,0,0,0,0
40267,2,1,1990,0,0,0,0,0,0,0,0,0,0
40268,1,1,1990,19,19,19,19,19,19,19,19,19,19
40269,0,1,1990,29,16,15,21,28,37,22,15,12,6
40269,1,1,1990,0,0,9,9,0,0,0,0,0,0
40270,0,1,1990,0,0,0,0,0,0,0,0,0,0
40270,1,1,1990,0,0,0,0,0,19,0,0,0,0
40271,0,1,1990,0,0,0,0,0,0,0,0,0,0
40271,1,1,1990,0,0,0,0,0,0,0,0,0,0
40272,0,1,1990,12,12,12,12,12,12,12,12,12,12
40272,1,1,1990,11,0,0,0,0,0,0,0,0,0
40274,0,1,1990,12,0,0,0,0,0,0,21,0,24
40274,1,1,1990,0,0,0,0,0,0,0,0,0,0
40275,1,1,1990,0,0,0,0,0,0,0,0,0,0
40276,1,1,1990,29,0,0,24,29,25,0,11,0,0
40277,1,1,1990,0,0,0,0,0,0,0,0,0,0
40277,2,1,1990,0,0,0,0,0,0,0,0,0,0
40278,0,1,1990,0,0,15,0,32,0,0,0,0,8
40278,1,1,1990,0,0,0,0,0,0,0,0,0,0
40279,1,1,1990,17,23,37,13,0,14,25,19,16,25
40279,2,1,1990,0,14,0,0,0,0,0,0,0,0
40279,3,1,1990,15,0,0,0,21,0,0,0,0,0
40280,1,1,1990,18,17,11,24,19,16,29,20,32,28
40281,1,1,1990,0,0,0,7,0,0,0,0,0,0
40282,0,1,1990,17,17,17,17,17,17,17,17,17,17
40282,1,1,1990,0,0,0,0,0,0,0,15,15,15
40283,1,1,1990,14,16,0,0,0,0,0,0,0,0
40284,0,1,1990,0,0,0,0,0,0,0,0,0,0
40284,1,1,1990,0,0,0,0,0,0,0,0,0,0
40285,1,1,1990,12,20,8,9,18,0,0,21,25,19
40285,2,1,1990,0,0,0,0,0,0,0,0,0,0
40285,3,1,1990,0,0,0,0,0,0,0,0,0,0
40286,1,1,1990,0,0,0,0,0,0,0,0,0,0
40287,1,1,1990,12,19,0,0,13,0,21,0,21,13
40287,2,1,1990,0,0,0,0,0,0,0,0,0,0
40288,1,1,1990,16,0,0,0,0,0,0,2,0,0
40289,1,1,1990,0,0,0,0,0,0,0,0,0,15
40290,1,1,1990,15,15,15,15,15,15,15,15,15,15
40290,2,1,1990,2,2,2,2,2,2,2,2,2,2
40291,1,1,1990,0,0,0,0,0,0,0,0,0,0
40291,2,1,1990,0,0,0,0,0,0,0,0,0,0
40292,0,1,1990,0,0,0,0,0,0,0,0,0,0
40292,1,1,1990,0,0,0,0,0,0,0,0,0,0
40293,1,1,1990,0,16,5,7,8,3,11,12,0,3
40293,2,1,1990,0,0,0,0,0,0,0,0,0,0
40294,1,1,1990,35,16,11,0,17,26,13,19,18,8
40295,0,1,1990,0,0,0,0,0,0,0,0,0,0
40295,1,1,1990,31,0,14,25,19,19,18,17,24,9
40296,1,1,1990,0,12,0,0,0,0,0,0,0,0
40296,2,1,1990,15,15,15,15,15,15,15,15,15,15
40297,1,1,1990,20,0,0,11,8,11,0,0,0,0
40298,1,1,1990,0,0,0,0,0,0,0,0,0,0
40298,2,1,1990,0,0,0,0,0,0,0,0,0,0
40299,1,1,1990,8,8,8,8,8,8,8,8,8,8
40299,2,1,1990,0,0,0,0,0,0,0,0,0,0
40300,1,1,1990,6,17,34,13,11,33,12,18,15,27
40300,2,1,1990,8,18,17,21,7,5,22,29,11,6
40301,1,1,1990,10,29,18,12,15,37,9,13,31,11
40301,2,1,1990,17,0,0,16,0,0,8,18,15,0
40301,3,1,1990,0,0,0,0,0,0,0,16,0,16
40302,1,1,1990,23,23,23,23,23,23,23,23,23,23
40303,1,1,1990,0,32,14,20,0,0,0,0,17,0
40304,1,1,1990,18,14,21,13,0,22,0,15,11,9
40304,2,1,1990,5,5,5,5,5,5,5,5,5,5
40305,0,1,1990,0,0,0,0,0,0,0,0,0,0
40305,1,1,1990,21,19,12,12,23,18,19,7,7,22
40306,1,1,1990,14,0,0,0,0,0,0,0,0,0
40307,1,1,1990,0,0,0,0,0,0,0,0,0,7
40308,1,1,1990,17,17,17,17,17,17,17,17,17,17
40309,0,1,1990,38,0,19,0,21,0,28,17,0,0
40309,1,1,1990,0,0,0,0,0,0,0,0,0,0
40310,1,1,1990,0,0,0,0,0,0,0,0,0,0
40311,1,1,1990,0,0,0,0,0,0,12,0,13,0
40312,1,1,1990,19,18,0,0,0,0,0,0,14,0
40313,1,1,1990,31,0,12,0,0,25,34,26,12,5
40313,2,1,1990,0,0,0,0,0,0,0,0,0,0
40314,1,1,1990,21,21,21,21,21,21,21,21,21,21
40315,0,1,1990,21,21,21,21,21,21,21,21,21,21
40315,1,1,1990,17,16,28,23,19,14,8,17,19,15
40316,1,1,1990,25,25,25,25,25,25,25,25,25,25
40317,1,1,1990,0,0,0,0,0,0,0,15,0,0
40318,1,1,1990,25,25,25,25,25,25,25,25,25,25
40319,1,1,1990,0,0,0,0,0,0,0,0,0,0
40320,1,1,1990,14,14,14,14,14,14,14,14,14,14
40321,1,1,1990,25,25,25,25,25,25,25,25,25,25
40321,2,1,1990,0,0,0,0,0,0,0,15,0,0
40321,3,1,1990,0,0,0,0,0,0,0,0,0,0
40322,1,1,1990,0,0,0,0,0,0,0,0,0,0
40322,2,1,1990,0,0,0,0,0,0,0,0,0,0
40322,3,1,1990,0,0,0,0,0,0,0,0,0,0
40323,1,1,1990,0,0,0,0,0,0,0,0,0,0
40324,1,1,1990,4,16,22,16,15,29,11,25,33,16
40324,2,1,1990,19,19,19,19,19,19,19,19,19,19
40325,1,1,1990,32,0,19,23,13,0,22,0,15,27
40326,1,1,1990,0,0,0,0,0,0,0,0,0,0
40327,1,1,1990,29,0,35,0,0,0,0,12,26,20
40327,2,1,1990,0,0,0,0,0,0,0,0,0,0
40328,1,1,1990,0,0,0,0,0,0,0,0,0,0
40328,2,1,1990,0,0,0,0,0,0,0,0,0,0
40329,0,1,1990,22,22,22,22,22,22,22,22,22,22
40329,1,1,1990,0,0,4,0,0,0,0,0,0,3
40329,2,1,1990,0,0,0,0,0,0,0,0,0,0
40330,1,1,1990,19,19,19,19,19,19,19,19,19,19
40331,1,1,1990,27,15,14,15,13,24,17,21,31,17
40331,2,1,1990,0,0,0,0,0,0,0,6,0,0
40332,1,1,1990,30,18,23,28,9,19,14,19,15,23
40332,2,1,1990,0,0,0,0,0,0,0,0,0,0
40333,1,1,1990,0,0,0,0,0,0,0,0,0,0
40333,2,1,1990,17,17,16,7,7,14,23,10,35,0
40334,1,1,1990,5,5,5,5,5,5,5,5,5,5
40335,1,1,1990,0,0,11,0,19,0,0,0,12,0
40335,2,1,1990,12,17,10,5,16,0,13,22,16,0
40336,1,1,1990,19,13,0,12,0,0,23,8,0,0
40337,1,1,1990,0,0,0,0,0,0,0,0,0,0
40338,1,1,1990,0,0,18,0,0,8,8,24,22,0
40338,2,1,1990,0,0,0,0,0,0,0,0,0,0
40338,3,1,1990,0,0,5,0,0,0,0,0,0,0
40339,0,1,1990,20,27,5,23,13,78,36,16,27,12
40339,1,1,1990,0,0,0,0,0,0,0,0,0,0
40340,1,1,1990,0,0,0,0,0,0,0,0,0,0
40341,1,1,1990,0,0,0,0,0,0,0,0,0,0
40341,2,1,1990,0,0,0,0,0,0,0,0,0,0
40342,1,1,1990,0,0,0,0,0,0,20,0,26,3
40343,1,1,1990,0,0,0,0,28,0,0,0,0,0
40344,1,1,1990,0,0,0,0,0,0,0,0,0,0
40344,2,1,1990,0,0,0,0,0,0,0,26,0,0
40345,1,1,1990,26,26,26,26,26,26,26,26,26,26
40345,2,1,1990,0,0,0,0,0,0,0,0,0,0
40346,1,1,1990,0,16,19,0,0,0,0,3,0,0
40347,1,1,1990,11,11,11,11,11,11,11,11,11,11
40348,0,1,1990,18,18,18,18,18,18,18,18,18,18
40348,1,1,1990,0,0,0,0,0,0,0,0,0,0
40348,2,1,1990,0,20,0,22,25,33,8,21,0,16
40349,1,1,1990,0,0,0,0,0,0,0,0,0,0
40350,0,1,1990,32,18,0,0,0,35,25,0,0,0
40350,1,1,1990,0,0,0,14,0,0,8,0,0,0
40351,0,1,1990,32,32,32,32,32,32,32,32,32,32
40351,0,2,1990,0,0,0,0,0,0,0,0,0,0
40351,1,1,1990,0,0,0,0,0,0,0,0,0,0
40352,0,1,1990,0,0,0,0,0,0,0,0,0,0
40352,1,1,1990,0,0,0,0,0,0,0,0,0,0
40353,1,1,1990,0,0,0,0,0,0,0,0,32,6
40353,2,1,1990,0,0,0,0,0,27,0,0,0,0
40354,1,1,1990,9,31,22,9,23,24,29,13,14,25
40355,1,1,1990,21,21,21,21,21,21,21,21,21,21
40356,1,1,1990,13,12,4,28,19,21,11,13,31,13
40357,1,1,1990,0,0,0,0,0,0,0,0,0,0
40358,1,1,1990,0,0,0,0,0,0,0,0,0,0
40358,2,1,1990,0,0,0,0,0,0,0,0,0,0
40359,1,1,1990,0,0,0,0,0,0,0,0,0,0
40359,2,1,1990,0,0,0,0,0,18,0,0,0,0
40360,1,1,1990,15,15,15,15,15,15,15,15,15,15
40360,2,1,1990,21,0,0,0,0,0,0,0,0,0
40361,1,1,1990,0,0,0,0,0,0,0,0,14,0
40361,2,1,1990,0,0,0,0,0,0,0,0,0,0
40362,1,1,1990,0,0,0,0,0,0,0,0,0,0
40363,0,1,1990,8,0,0,0,0,0,0,5,0,0
40363,1,1,1990,13,11,0,13,0,0,0,9,10,14
40364,1,1,1990,18,18,18,18,18,18,18,18,18,18
40364,2,1,1990,0,0,0,0,0,0,0,0,0,0
40365,1,1,1990,0,0,0,0,0,0,0,0,0,0
40366,1,1,1990,10,0,0,0,0,0,24,21,0,0
40367,0,1,1990,0,0,0,0,0,0,0,0,0,0
40367,1,1,1990,0,0,0,0,0,0,0,0,0,0
40368,1,1,1990,0,0,0,0,0,0,0,0,0,0
40369,1,1,1990,17,17,17,17,17,17,17,17,17,17
40370,1,1,1990,0,0,0,0,0,0,9,21,0,14
40371,1,1,1990,0,0,0,0,0,0,0,0,0,0
40372,1,1,1990,16,19,42,24,10,40,7,22,11,23
40373,1,1,1990,17,7,14,28,11,23,18,22,22,12
40374,1,1,1990,0,0,0,0,0,0,0,0,0,0
40375,1,1,1990,8,36,24,5,20,10,16,30,12,3
40376,1,1,1990,0,0,0,0,13,0,0,13,0,0
40377,0,1,1990,0,0,0,0,0,0,0,0,0,0