ST_CASE,VEH_NO,PER_NO,YEAR,P1,P2,P3,P4,P5,P6,P7,P8,P9,P10
40377,1,1,1990,0,0,0,0,0,0,0,0,0,0
40378,1,1,1990,0,0,0,12,0,0,0,0,14,0
40379,1,1,1990,0,0,0,0,0,0,0,0,0,0
40380,1,1,1990,0,0,0,0,15,0,7,17,0,11
40381,1,1,1990,0,15,15,0,0,0,14,0,0,0
40381,2,1,1990,0,0,0,0,0,0,0,0,11,0
40382,1,1,1990,11,9,17,14,13,9,30,0,21,13
40383,1,1,1990,23,0,0,10,0,16,10,0,0,15
40384,1,1,1990,0,0,0,0,0,0,0,0,0,0
40384,2,1,1990,0,0,0,0,0,0,0,0,0,0
40385,1,1,1990,18,18,18,18,18,18,18,18,18,18
40386,1,1,1990,11,11,11,11,11,11,11,11,11,11
40387,1,1,1990,0,0,0,0,0,0,0,0,8,0
40387,2,1,1990,11,11,11,11,11,11,11,11,11,11
40388,1,1,1990,6,12,21,19,3,17,16,17,17,8
40389,1,1,1990,0,15,0,4,0,19,0,0,13,10
40390,1,1,1990,0,0,0,0,0,0,0,0,0,0
40391,1,1,1990,0,0,0,0,0,0,0,0,0,0
40391,2,1,1990,0,0,0,0,0,0,0,0,0,0
40391,3,1,1990,0,0,31,14,0,42,7,0,10,22
40392,1,1,1990,0,0,0,0,0,0,0,0,0,0
40392,2,1,1990,0,0,0,0,0,0,0,0,0,0
40393,1,1,1990,0,5,16,15,14,11,23,10,17,2
40393,2,1,1990,0,0,0,0,0,0,0,0,0,0
40394,1,1,1990,0,0,0,0,0,0,0,0,0,0
40394,2,1,1990,0,0,0,0,0,0,0,0,0,0
40394,3,1,1990,0,0,0,0,0,0,0,0,0,0
40394,4,1,1990,0,0,0,0,0,0,0,0,0,0
40394,5,1,1990,0,0,0,0,0,0,0,0,0,0
40395,0,1,1990,29,40,23,0,0,33,22,19,42,0
40395,1,1,1990,25,10,0,0,0,0,14,0,0,33
40396,1,1,1990,35,15,13,25,27,29,16,31,24,21
40397,1,1,1990,0,0,0,0,0,0,0,0,0,0
40398,1,1,1990,0,0,0,0,0,0,0,0,0,0
40398,2,1,1990,0,0,0,0,0,0,0,0,0,0
40399,1,1,1990,0,0,0,0,0,0,0,0,0,0
40400,1,1,1990,0,0,0,0,0,0,0,0,0,17
40401,0,1,1990,0,0,0,0,0,0,0,0,0,0
40401,1,1,1990,0,0,0,0,0,0,0,0,0,0
40402,1,1,1990,11,19,18,15,20,13,13,24,23,24
40402,2,1,1990,8,28,14,9,16,19,11,6,13,23
40403,1,1,1990,12,12,12,12,12,12,12,12,12,12
40404,1,1,1990,14,14,14,14,14,14,14,14,14,14
40405,1,1,1990,25,25,25,25,25,25,25,25,25,25
40406,0,1,1990,25,13,22,0,0,0,0,11,9,0
40406,1,1,1990,15,4,13,20,12,7,15,15,24,16
40407,1,1,1990,0,11,0,0,0,0,7,7,0,0
40408,1,1,1990,0,0,0,0,16,0,25,0,0,18
40408,2,1,1990,0,0,0,0,0,0,0,0,0,0
40409,1,1,1990,22,22,22,22,22,22,22,22,22,22
40410,1,1,1990,15,15,15,15,15,15,15,15,15,15
40410,2,1,1990,16,12,20,11,3,14,4,18,11,8
40411,1,1,1990,18,18,18,18,18,18,18,18,18,18
40412,1,1,1990,20,0,23,17,25,23,0,0,22,14
40413,1,1,1990,25,25,25,25,25,25,25,25,25,25
40413,2,1,1990,0,0,0,0,10,0,0,0,0,0
40414,1,1,1990,26,26,26,26,26,26,26,26,26,26
40414,2,1,1990,12,0,0,5,0,0,0,0,0,0
40415,1,1,1990,26,26,26,26,26,26,26,26,26,26
40415,2,1,1990,0,0,0,0,0,0,0,0,0,0
40416,0,1,1990,15,32,21,0,9,13,35,25,33,13
40416,1,1,1990,19,30,21,15,25,22,39,38,12,16
40417,1,1,1990,0,0,0,0,0,0,0,0,0,0
40417,2,1,1990,0,0,0,0,0,0,0,0,0,0
40418,1,1,1990,0,0,11,0,0,0,0,0,0,0
40418,2,1,1990,0,0,0,0,0,0,0,0,0,0
40418,3,1,1990,9,0,0,0,0,0,0,0,0,0
40419,1,1,1990,0,0,0,0,0,0,0,0,0,0
40420,1,1,1990,0,0,0,0,0,0,0,0,0,0
40421,1,1,1990,0,0,0,0,0,0,0,0,0,0
40422,1,1,1990,15,15,15,15,15,15,15,15,15,15
40422,2,1,1990,15,15,15,15,15,15,15,15,15,15
40422,3,1,1990,0,0,0,0,0,0,0,0,0,0
40423,0,1,1990,0,0,0,0,0,0,0,0,0,0
40423,1,1,1990,0,25,9,28,17,23,18,14,16,32
40424,1,1,1990,0,0,0,0,0,0,0,0,0,0
40424,2,1,1990,0,0,0,0,0,0,0,0,0,0
40425,1,1,1990,0,0,0,0,0,0,0,0,0,0
40425,2,1,1990,0,0,0,0,0,0,0,0,0,19
40426,0,1,1990,33,33,33,33,33,33,33,33,33,33
40426,1,1,1990,19,13,0,0,7,6,19,15,4,0
40427,1,1,1990,16,16,16,16,16,16,16,16,16,16
40428,1,1,1990,0,0,0,0,0,0,0,0,0,0
40429,1,1,1990,11,11,11,11,11,11,11,11,11,11
40429,2,1,1990,11,11,11,11,11,11,11,11,11,11
40430,1,1,1990,0,0,0,16,0,24,0,27,0,22
40431,1,1,1990,0,0,0,0,0,0,0,0,0,0
40431,2,1,1990,0,0,0,10,0,0,0,0,0,0
40432,1,1,1990,21,16,19,29,3,24,26,8,21,23
40433,1,1,1990,0,0,0,0,0,0,0,0,0,0
40433,2,1,1990,0,0,0,0,0,0,0,13,0,0
40434,1,1,1990,22,14,37,0,0,0,12,5,12,23
40434,2,1,1990,0,0,0,0,0,0,0,0,0,0
40435,1,1,1990,0,0,0,0,0,0,0,10,0,8
40435,2,1,1990,0,0,0,0,0,0,0,0,0,0
40436,1,1,1990,0,0,0,0,0,0,0,0,0,0
40437,1,1,1990,0,25,0,8,0,0,0,0,0,0
40438,1,1,1990,0,0,0,0,0,0,0,14,0,0
40438,2,1,1990,0,0,0,0,0,0,0,0,0,0
40439,1,1,1990,14,19,13,21,11,10,28,20,16,23
40439,2,1,1990,16,13,23,7,13,0,11,13,12,29
40439,3,1,1990,0,0,3,0,21,0,8,20,14,0
40440,0,1,1990,0,21,16,0,13,18,0,7,26,20
40440,1,1,1990,0,0,0,0,0,0,22,20,0,0
40441,1,1,1990,7,16,9,8,0,35,13,11,10,0
40441,2,1,1990,21,21,21,21,21,21,21,21,21,21
40442,0,1,1990,26,26,26,26,26,26,26,26,26,26
40442,1,1,1990,0,0,0,0,0,0,0,0,0,0
40443,1,1,1990,34,15,18,19,25,23,8,15,17,22
40444,0,1,1990,0,0,0,0,0,0,0,0,0,0
40444,1,1,1990,0,0,0,0,0,0,0,0,0,0
40445,1,1,1990,8,12,12,24,0,16,17,30,22,0
40446,1,1,1990,0,0,0,0,0,0,0,0,0,0
40446,2,1,1990,0,0,0,0,0,0,0,0,0,10
40447,1,1,1990,0,0,0,0,0,0,0,0,0,0
40447,2,1,1990,0,0,0,0,0,0,0,0,0,0
40447,3,1,1990,0,0,0,0,0,0,0,0,0,0
40447,4,1,1990,0,0,0,0,0,0,0,0,0,0
40448,0,1,1990,8,8,8,8,8,8,8,8,8,8
40448,1,1,1990,0,0,0,0,0,0,0,0,0,3
40449,1,1,1990,21,21,21,21,21,21,21,21,21,21
40450,1,1,1990,25,8,17,16,21,21,22,23,4,30
40451,1,1,1990,22,23,21,0,0,19,0,14,23,21
40452,1,1,1990,0,0,0,0,0,0,7,0,0,0
40453,1,1,1990,0,0,0,0,0,0,0,0,0,0
40453,2,1,1990,0,0,0,0,0,0,0,0,0,0
40454,0,1,1990,33,33,33,33,33,33,33,33,33,33
40454,1,1,1990,0,0,0,0,0,0,0,0,0,0
40455,0,1,1990,18,18,18,18,18,18,18,18,18,18
40455,1,1,1990,0,0,0,0,0,0,0,0,0,0
40456,1,1,1990,0,0,0,0,0,0,0,0,0,0
40456,2,1,1990,0,0,0,0,0,7,0,0,0,0
40456,3,1,1990,0,0,0,0,6,0,0,0,0,0
40457,1,1,1990,18,16,15,0,9,17,19,30,15,7
40458,1,1,1990,0,0,0,0,0,0,0,0,0,0
40459,1,1,1990,18,18,18,18,18,18,18,18,18,18
40459,2,1,1990,0,0,0,0,0,0,0,0,0,0
40459,3,1,1990,0,0,0,0,0,0,0,0,0,0
40460,0,1,1990,12,12,12,12,12,12,12,12,12,12
40460,1,1,1990,0,0,0,0,0,0,0,0,0,0
40461,1,1,1990,11,0,0,21,25,20,13,0,0,18
40462,1,1,1990,21,0,16,14,27,16,0,16,0,19
40464,0,1,1990,0,0,0,0,0,0,0,0,0,0
40464,1,1,1990,0,0,0,0,0,0,0,0,0,0
40465,1,1,1990,0,14,0,15,0,0,0,0,0,0
40466,1,1,1990,13,0,0,11,0,0,0,0,0,0
40466,2,1,1990,0,0,0,0,0,0,0,0,0,0
40467,1,1,1990,0,0,0,0,0,0,0,0,0,0
40467,2,1,1990,0,0,0,0,0,0,0,0,0,0
40468,1,1,1990,16,16,16,16,16,16,16,16,16,16
40469,1,1,1990,0,0,0,0,0,0,0,0,0,0
40470,1,1,1990,0,0,0,0,0,0,0,0,0,0
40470,2,1,1990,14,14,14,14,14,14,14,14,14,14
40471,1,1,1990,0,0,0,0,0,0,0,0,0,0
40471,2,1,1990,0,0,0,0,0,0,0,0,0,0
40472,0,1,1990,25,25,25,25,25,25,25,25,25,25
40472,1,1,1990,0,0,0,0,0,0,4,0,0,0
40473,1,1,1990,0,0,0,0,0,0,0,0,0,0
40473,2,1,1990,0,0,0,0,0,0,0,0,0,0
40474,0,1,1990,33,19,17,7,22,17,20,27,8,21
40474,1,1,1990,0,0,0,0,0,0,0,0,0,0
40475,1,1,1990,12,12,12,12,12,12,12,12,12,12
40476,0,1,1990,0,0,0,0,0,0,0,0,0,0
40476,1,1,1990,16,0,0,0,23,0,0,2,0,0
40477,1,1,1990,0,0,0,0,0,0,0,0,0,0
40477,2,1,1990,0,0,0,0,0,0,0,0,0,0
40478,1,1,1990,0,0,0,0,0,0,0,0,0,0
40478,2,1,1990,26,15,8,14,17,22,18,14,22,26
40479,1,1,1990,0,0,0,0,0,0,0,11,0,0
40481,0,1,1990,0,0,0,0,0,0,0,0,0,0
40481,1,1,1990,18,16,16,15,0,30,16,16,19,4
40482,1,1,1990,19,19,19,19,19,19,19,19,19,19
40483,1,1,1990,0,0,0,0,0,0,0,0,0,0
40484,1,1,1990,0,0,0,0,0,0,0,0,0,0
40485,1,1,1990,0,0,0,0,0,0,0,0,0,0
40485,2,1,1990,0,0,0,0,0,0,0,0,0,0
40486,1,1,1990,18,18,18,18,18,18,18,18,18,18
40487,0,1,1990,26,13,0,0,23,32,0,0,0,0
40487,0,2,1990,0,0,0,0,29,0,0,0,16,0
40487,1,1,1990,21,21,21,21,21,21,21,21,21,21
40488,0,1,1990,33,20,13,24,29,38,0,21,22,17
40488,1,1,1990,0,0,0,0,0,0,0,0,0,0
40489,1,1,1990,0,0,0,0,0,0,0,0,0,0
40490,0,1,1990,28,4,11,0,19,33,0,12,15,29
40490,1,1,1990,0,0,0,0,6,14,0,0,0,5
40491,1,1,1990,21,7,12,13,19,14,7,27,12,13
40491,2,1,1990,0,0,0,0,0,0,0,0,0,0
40492,1,1,1990,0,33,0,5,0,10,21,23,0,0
40493,1,1,1990,0,0,0,0,0,0,0,0,0,0
40493,2,1,1990,0,0,0,0,0,0,0,0,0,0
40494,1,1,1990,0,0,0,0,0,0,0,0,18,0
40495,1,1,1990,0,0,0,0,7,0,0,0,0,0
40495,2,1,1990,0,0,0,0,0,0,0,0,0,0
40496,1,1,1990,0,0,6,0,18,0,0,0,14,0
40497,1,1,1990,0,0,0,0,0,0,0,0,0,0
40497,2,1,1990,0,0,0,0,0,0,0,0,0,0
40497,3,1,1990,0,0,0,0,0,0,0,0,0,0
40497,4,1,1990,0,0,0,0,0,0,0,0,0,0
40498,0,1,1990,26,26,26,26,26,26,26,26,26,26
40498,1,1,1990,15,0,0,26,0,0,0,0,5,0
40499,1,1,1990,0,0,0,0,0,0,0,0,0,0
40499,2,1,1990,2,10,4,13,10,13,17,13,9,0
40500,1,1,1990,0,0,0,0,0,0,0,0,0,0
40500,2,1,1990,0,0,0,0,0,0,0,0,0,0
40501,0,1,1990,17,17,17,17,17,17,17,17,17,17
40501,1,1,1990,0,10,7,20,12,9,21,7,12,18
40502,1,1,1990,17,17,17,17,17,17,17,17,17,17
40502,2,1,1990,12,7,0,10,14,9,6,22,24,15
40503,0,1,1990,0,0,0,0,0,0,20,0,0,0
40503,1,1,1990,0,0,0,0,0,0,0,0,0,0
40504,0,1,1990,0,0,0,0,0,0,0,0,0,0
40504,1,1,1990,0,0,0,10,7,14,20,0,22,0
40505,1,1,1990,15,15,15,15,15,15,15,15,15,15
40505,2,1,1990,0,0,0,0,0,0,0,0,0,0
40505,3,1,1990,0,0,0,0,0,0,0,0,0,0
40506,0,1,1990,0,0,0,0,0,0,0,0,0,0
40506,1,1,1990,0,0,0,0,0,0,0,0,0,0
40506,2,1,1990,0,0,0,0,0,0,0,0,0,0
40507,0,1,1990,16,0,32,23,28,13,40,0,9,40
40507,1,1,1990,15,15,15,15,15,15,15,15,15,15
40509,0,1,1990,0,0,0,0,0,0,0,0,0,8
40509,1,1,1990,0,0,0,0,0,0,0,0,0,0
40510,0,1,1990,0,0,0,0,0,0,0,0,0,0
40510,1,1,1990,0,0,0,0,0,0,0,0,0,0
40511,0,1,1990,0,0,0,0,0,0,0,0,0,0
40511,1,1,1990,0,0,0,6,0,0,0,0,0,0
40512,0,1,1990,0,0,0,0,0,0,0,0,0,0
40512,1,1,1990,7,7,7,7,7,7,7,7,7,7
40513,0,1,1990,0,0,0,0,0,0,0,0,0,0
40513,1,1,1990,18,0,27,0,0,0,31,27,0,0
40514,1,1,1990,20,20,20,20,20,20,20,20,20,20
40515,0,1,1990,18,10,0,0,0,15,0,0,0,0
40515,1,1,1990,21,12,18,11,18,33,15,22,0,16
40516,1,1,1990,0,14,18,6,15,26,28,0,23,0
40517,0,1,1990,0,0,0,0,0,0,0,0,0,0
40517,1,1,1990,0,0,0,0,0,0,0,0,0,0
40518,1,1,1990,16,16,16,16,16,16,16,16,16,16
40518,2,1,1990,0,0,0,0,0,0,0,0,0,0
40519,1,1,1990,0,0,28,0,0,0,0,0,0,0
40519,2,1,1990,0,0,0,0,0,0,0,0,0,0
40520,1,1,1990,0,0,0,0,0,0,0,0,0,0
40521,1,1,1990,0,0,0,0,0,0,0,0,0,0
40521,2,1,1990,0,0,0,0,0,0,0,0,0,0
40523,1,1,1990,0,0,7,0,0,0,0,0,0,0
40523,2,1,1990,0,0,0,0,0,0,0,0,0,0
40524,0,1,1990,0,0,0,0,0,0,0,0,0,0
40524,1,1,1990,0,0,11,0,0,0,0,0,0,0
40525,0,1,1990,0,0,0,0,0,0,0,0,0,0
40525,1,1,1990,0,10,5,0,6,0,0,0,0,0
40526,0,1,1990,0,15,17,24,25,0,21,14,19,19
40526,1,1,1990,0,0,0,13,0,0,0,0,3,16
40527,0,1,1990,0,0,32,16,9,21,34,20,0,39
40527,1,1,1990,0,0,14,0,0,5,0,0,15,0
40528,1,1,1990,0,0,0,0,0,0,0,0,0,11
40528,2,1,1990,0,11,0,7,0,0,0,0,0,0
40529,0,1,1990,0,0,0,0,0,0,0,0,0,0
40529,1,1,1990,0,0,0,0,0,0,0,0,0,0
40530,1,1,1990,0,0,0,9,0,0,0,0,0,0
40530,2,1,1990,0,0,0,8,0,0,0,0,0,0
40531,1,1,1990,6,6,6,6,6,6,6,6,6,6
40532,1,1,1990,0,0,0,0,0,0,0,0,0,0
40532,2,1,1990,0,0,0,0,0,0,0,0,0,0
40533,1,1,1990,0,0,0,0,0,0,0,0,0,0
40533,2,1,1990,0,0,0,0,0,0,0,0,0,0
40534,1,1,1990,15,21,10,6,7,15,21,19,27,32
40535,1,1,1990,0,0,0,0,0,0,9,0,0,0
40535,2,1,1990,0,0,0,0,0,0,0,0,0,0
40536,1,1,1990,33,33,33,33,33,33,33,33,33,33
40537,1,1,1990,15,15,15,15,15,15,15,15,15,15
40538,1,1,1990,0,11,0,0,0,0,15,0,0,0
40539,0,1,1990,14,15,21,25,19,29,30,33,18,18
40539,1,1,1990,21,0,22,21,23,26,0,28,21,0
40540,1,1,1990,10,0,24,7,9,23,0,7,6,13
40540,2,1,1990,0,0,0,0,0,0,0,0,0,0
40542,1,1,1990,14,0,0,0,0,0,0,0,0,0
40543,1,1,1990,0,0,0,0,0,0,0,0,0,0
40543,2,1,1990,0,0,0,0,0,0,0,0,0,0
40544,1,1,1990,16,0,15,28,31,0,10,0,0,0
40546,1,1,1990,0,0,0,4,21,31,0,0,35,10
40548,0,1,1990,0,0,0,0,0,0,0,0,0,0
40548,1,1,1990,0,14,26,0,0,9,0,0,0,0
40549,0,1,1990,17,31,31,0,0,9,13,19,0,33
40549,1,1,1990,0,2,13,12,0,0,0,29,0,0
40550,0,1,1990,30,21,14,27,29,21,37,22,30,21
40550,1,1,1990,0,22,20,50,24,0,0,0,0,0
40551,0,1,1990,22,28,31,11,23,7,12,43,24,16
40551,1,1,1990,12,0,11,21,8,0,17,12,12,13
40552,0,1,1990,0,0,0,0,0,24,9,31,0,23
40552,1,1,1990,13,12,0,13,0,0,0,0,0,0
40554,1,1,1990,21,0,18,0,0,0,0,0,0,0
40555,1,1,1990,20,6,0,18,31,22,7,17,0,24
40556,1,1,1990,0,28,0,0,0,0,21,31,0,0
40557,1,1,1990,9,6,0,11,14,8,0,5,25,13
40557,2,1,1990,0,0,0,0,0,0,0,0,0,0
40558,1,1,1990,10,10,10,10,10,10,10,10,10,10
40559,1,1,1990,3,25,11,0,19,11,13,37,16,28
40560,0,1,1990,0,0,0,0,0,0,0,0,0,0
40560,1,1,1990,0,0,0,0,0,0,0,0,0,0
40561,1,1,1990,16,16,16,16,16,16,16,16,16,16
40562,1,1,1990,0,0,0,0,14,0,7,12,7,0
40563,0,1,1990,2,2,2,2,2,2,2,2,2,2
40563,1,1,1990,13,0,4,26,0,21,0,0,26,0
40564,1,1,1990,0,0,0,0,0,0,10,16,0,0
40565,1,1,1990,0,0,0,0,0,0,0,0,0,0
40565,2,1,1990,14,11,9,0,19,10,8,0,18,15
40566,1,1,1990,24,24,24,24,24,24,24,24,24,24
40566,2,1,1990,0,0,0,0,0,0,0,0,0,0
40566,3,1,1990,0,16,0,0,0,0,0,0,0,0
40567,0,1,1990,0,0,17,0,0,15,0,21,0,0
40567,1,1,1990,26,0,0,0,0,0,0,0,0,0
40567,2,1,1990,10,7,19,11,12,20,14,14,19,11
40568,1,1,1990,0,0,0,0,0,0,0,0,0,0
40568,2,1,1990,0,0,0,0,0,0,0,0,0,0
40569,1,1,1990,12,13,21,7,25,33,11,3,38,10
40570,1,1,1990,0,0,10,0,0,0,0,0,0,0
40570,2,1,1990,0,0,0,0,0,0,0,0,0,0
40571,1,1,1990,0,0,0,0,0,0,0,0,0,0
40571,2,1,1990,0,0,0,0,0,0,0,0,0,0
40572,0,1,1990,0,0,0,0,0,0,0,0,0,0
40572,1,1,1990,0,0,0,0,0,0,0,0,0,0
40573,1,1,1990,0,0,0,0,0,0,0,0,0,0
40574,1,1,1990,0,0,0,0,0,0,0,0,0,0
40574,2,1,1990,0,0,0,0,0,0,0,0,0,0
40575,0,1,1990,1,1,1,1,1,1,1,1,1,1
40575,1,1,1990,0,0,0,0,0,0,0,0,0,0
40576,1,1,1990,0,0,0,0,0,0,0,0,0,0
40576,2,1,1990,0,0,0,0,0,0,0,0,0,0
40577,1,1,1990,7,7,7,7,7,7,7,7,7,7
40577,2,1,1990,0,0,0,0,0,0,0,0,0,7
40578,1,1,1990,0,0,0,0,0,0,0,0,0,0
40578,2,1,1990,0,0,0,0,0,0,0,0,0,0
40579,1,1,1990,0,0,3,0,0,0,0,0,0,0
40579,2,1,1990,0,0,0,0,0,0,0,0,0,0
40580,1,1,1990,16,16,16,16,16,16,16,16,16,16
40581,1,1,1990,10,8,10,17,8,30,13,12,14,13
40581,2,1,1990,0,0,0,0,0,0,0,0,0,0
40581,3,1,1990,0,0,0,0,0,0,0,0,0,0
40581,4,1,1990,0,0,0,0,0,0,0,0,0,0
40581,5,1,1990,0,0,0,0,0,0,0,0,0,0
40581,6,1,1990,0,0,0,0,25,0,0,3,0,0
40582,1,1,1990,18,18,18,18,18,18,18,18,18,18
40583,1,1,1990,17,17,17,17,17,17,17,17,17,17
40584,1,1,1990,17,17,17,17,17,17,17,17,17,17
40585,0,1,1990,16,16,16,16,16,16,16,16,16,16
40585,1,1,1990,25,21,9,14,23,20,33,14,14,32
40586,1,1,1990,0,0,0,0,0,0,0,0,0,0
40587,1,1,1990,6,19,13,22,11,27,19,25,20,9
40588,0,1,1990,29,29,29,29,29,29,29,29,29,29
40588,1,1,1990,0,0,0,0,0,0,0,0,0,0
40588,2,1,1990,0,0,0,0,0,0,0,0,0,0
40589,1,1,1990,12,9,6,2,15,22,23,37,15,22
40590,0,1,1990,19,24,0,16,12,23,37,24,0,13
40590,0,2,1990,0,0,0,0,0,0,0,0,0,0
40590,0,3,1990,0,0,0,0,0,0,0,0,0,0
40590,1,1,1990,0,0,0,0,0,0,0,0,0,0
40591,1,1,1990,12,19,10,0,14,24,13,20,4,15
40592,1,1,1990,10,10,10,10,10,10,10,10,10,10
40592,2,1,1990,0,0,0,0,0,0,0,0,0,0
40593,1,1,1990,0,5,12,12,12,20,20,4,19,12
40594,0,1,1990,0,15,0,0,0,22,17,16,15,27
40594,1,1,1990,2,2,2,2,2,2,2,2,2,2
40595,1,1,1990,0,0,0,0,0,0,0,0,0,0
40595,2,1,1990,0,0,0,0,0,0,0,0,0,0
40596,0,1,1990,25,25,25,25,25,25,25,25,25,25
40596,1,1,1990,0,0,0,0,0,0,0,0,0,0
40597,1,1,1990,6,26,13,7,19,14,25,12,16,8
40598,1,1,1990,17,0,22,9,18,0,26,3,21,18
40599,0,1,1990,15,15,15,15,15,15,15,15,15,15
40599,2,1,1990,14,14,14,14,14,14,14,14,14,14
40600,1,1,1990,0,0,0,0,0,0,0,0,0,0
40601,1,1,1990,0,0,0,0,0,0,0,0,0,0
40602,1,1,1990,0,0,0,0,0,0,0,0,0,16
40602,2,1,1990,0,19,0,0,0,0,0,0,0,0
40602,3,1,1990,0,0,0,0,0,0,0,0,0,0
40603,0,1,1990,30,30,30,30,30,30,30,30,30,30
40603,1,1,1990,14,14,14,14,14,14,14,14,14,14
40604,0,1,1990,0,0,0,0,0,0,0,0,0,0
40604,1,1,1990,0,0,0,0,0,0,0,0,0,0
40605,0,1,1990,23,23,23,23,23,23,23,23,23,23
40605,1,1,1990,0,0,0,0,0,0,0,0,0,0
40606,1,1,1990,6,0,0,18,0,0,0,0,15,15
40607,1,1,1990,0,0,0,0,0,0,0,0,10,0
40607,2,1,1990,0,0,0,0,0,0,0,0,0,0
40608,1,1,1990,6,6,0,9,0,22,10,30,11,0
40609,1,1,1990,30,16,31,8,11,19,13,29,16,22
40610,1,1,1990,16,16,16,16,16,16,16,16,16,16
40611,1,1,1990,23,23,23,23,23,23,23,23,23,23
40612,1,1,1990,0,0,0,0,0,0,0,0,0,0
40612,2,1,1990,0,15,0,0,0,0,0,0,0,0
40613,1,1,1990,35,35,35,35,35,35,35,35,35,35
40613,2,1,1990,0,0,0,0,0,0,0,0,0,0
40614,1,1,1990,0,0,0,19,0,0,0,13,0,32
40614,2,1,1990,0,0,0,0,0,0,0,0,7,0
40614,3,1,1990,0,2,0,0,0,0,0,0,0,0
40614,4,1,1990,0,0,0,0,0,0,19,10,0,0
40615,1,1,1990,0,0,0,0,0,0,0,0,0,0
40615,2,1,1990,0,0,0,0,0,0,0,0,0,0
40615,3,1,1990,0,0,0,0,0,0,0,0,0,0
40616,1,1,1990,0,0,0,0,0,0,0,0,0,0
40617,1,1,1990,14,11,13,0,0,6,0,16,13,12
40618,1,1,1990,0,0,0,0,0,0,0,0,0,0
40619,1,1,1990,0,0,0,0,0,0,0,0,0,0
40619,2,1,1990,0,0,0,0,0,0,0,0,0,0
40620,1,1,1990,0,0,0,0,0,0,0,0,0,0
40620,2,1,1990,0,0,0,0,0,0,0,0,0,0
40621,1,1,1990,6,0,5,0,0,0,28,15,0,0
40622,1,1,1990,16,33,28,10,11,23,21,23,22,18
40623,1,1,1990,24,24,24,24,24,24,24,24,24,24
40623,2,1,1990,0,0,0,0,0,0,0,0,0,0
40624,0,1,1990,18,0,15,0,11,0,0,0,14,0
40624,1,1,1990,0,0,0,18,0,0,34,0,0,0
40625,1,1,1990,14,14,14,14,14,14,14,14,14,14
40626,1,1,1990,26,21,12,17,0,20,11,18,29,27
40627,1,1,1990,0,0,0,0,0,0,0,0,0,0
40627,2,1,1990,0,0,0,0,0,0,0,0,0,0
40628,1,1,1990,6,6,6,6,6,6,6,6,6,6
40628,2,1,1990,0,0,0,0,0,0,0,0,0,0
40629,1,1,1990,0,0,0,0,0,0,0,0,0,0
40630,1,1,1990,0,0,0,0,0,0,0,0,0,0
40630,2,1,1990,0,0,0,0,0,0,0,0,0,0
40631,1,1,1990,0,0,0,0,0,0,0,0,0,0
40631,2,1,1990,0,0,0,0,0,0,0,0,0,0
40632,1,1,1990,0,0,0,12,0,0,0,5,0,0
40633,1,1,1990,0,0,0,0,0,0,0,0,0,0
40633,2,1,1990,0,0,0,0,0,0,0,0,0,0
40634,1,1,1990,0,0,0,0,0,0,0,0,0,0
40634,2,1,1990,0,0,0,0,0,0,0,0,0,0
40635,1,1,1990,0,0,0,0,0,0,0,0,0,0
40635,2,1,1990,0,0,0,0,0,0,0,0,0,0
40636,1,1,1990,19,19,19,19,19,19,19,19,19,19
40636,2,1,1990,0,0,0,0,0,0,0,0,0,0
40637,0,1,1990,0,0,0,0,0,0,0,0,0,0
40637,1,1,1990,22,7,14,26,29,13,19,0,17,17
40638,0,1,1990,16,21,10,24,15,13,40,15,31,14
40638,1,1,1990,13,14,8,0,31,10,15,8,25,0
40639,1,1,1990,0,0,0,0,0,0,0,0,0,0
40639,2,1,1990,0,0,0,0,0,0,0,0,0,0
40640,1,1,1990,17,17,17,17,17,17,17,17,17,17
40641,0,1,1990,0,0,0,0,0,0,0,0,0,0
40641,1,1,1990,0,0,0,0,0,0,0,0,0,0
40642,1,1,1990,0,0,0,0,0,0,0,0,0,0
40642,2,1,1990,0,0,0,0,0,0,0,0,0,0
40643,1,1,1990,0,0,0,0,0,0,0,0,0,7
40644,1,1,1990,17,0,0,11,8,0,0,0,26,29
40644,2,1,1990,0,0,0,0,0,0,0,0,0,0
40645,1,1,1990,14,0,0,0,0,0,0,0,0,0
40645,2,1,1990,0,0,0,0,0,0,0,0,0,0
40646,1,1,1990,15,17,19,0,0,0,0,0,0,17
40646,2,1,1990,0,0,0,0,0,0,0,0,0,0
40647,1,1,1990,15,28,22,22,28,14,21,12,16,4
40648,1,1,1990,9,9,9,9,9,9,9,9,9,9
40648,2,1,1990,0,0,0,0,0,0,0,0,0,0
40649,1,1,1990,0,0,7,21,20,0,15,0,0,5
40650,1,1,1990,0,0,0,16,35,23,0,0,0,12
40650,2,1,1990,0,0,0,0,0,0,0,0,0,0
40651,1,1,1990,0,0,0,19,0,0,0,0,0,0
40651,2,1,1990,0,0,0,0,0,0,0,0,0,0
40651,3,1,1990,0,0,0,0,0,0,0,0,0,0
40652,1,1,1990,0,0,0,0,0,0,0,0,0,0
40653,1,1,1990,15,15,15,15,15,15,15,15,15,15
40653,2,1,1990,20,20,20,20,20,20,20,20,20,20
40654,1,1,1990,29,29,29,29,29,29,29,29,29,29
40655,1,1,1990,11,0,13,15,20,0,11,0,0,13
40656,1,1,1990,11,11,11,11,11,11,11,11,11,11
40656,2,1,1990,0,0,0,0,0,0,0,0,0,0
40656,3,1,1990,0,0,0,0,0,0,0,0,0,0