ST_CASE,VEH_NO,PER_NO,YEAR,P1,P2,P3,P4,P5,P6,P7,P8,P9,P10
40657,1,1,1990,23,23,23,23,23,23,23,23,23,23
40657,2,1,1990,0,0,0,0,0,0,0,0,0,0
40658,0,1,1990,0,0,0,0,0,0,0,0,0,0
40658,1,1,1990,19,12,14,0,17,19,0,0,12,0
40659,1,1,1990,0,0,0,0,14,0,0,0,0,0
40660,0,1,1990,27,27,27,27,27,27,27,27,27,27
40660,0,2,1990,21,21,21,21,21,21,21,21,21,21
40660,1,1,1990,6,6,6,6,6,6,6,6,6,6
40661,1,1,1990,0,0,0,0,0,13,0,0,0,0
40662,1,1,1990,0,0,0,0,0,0,0,0,0,0
40663,1,1,1990,0,0,18,0,12,0,0,0,0,6
40663,2,1,1990,6,6,6,6,6,6,6,6,6,6
40664,1,1,1990,0,0,0,0,0,0,0,0,0,0
40664,2,1,1990,0,0,0,0,0,0,0,0,0,0
40665,1,1,1990,13,13,13,13,13,13,13,13,13,13
40665,2,1,1990,0,0,0,0,0,0,0,0,0,0
40665,3,1,1990,0,0,0,0,0,0,12,23,7,0
40666,1,1,1990,5,7,0,0,19,0,14,0,0,17
40666,2,1,1990,0,0,0,0,0,0,0,0,0,0
40666,3,1,1990,0,0,0,0,0,0,0,0,0,0
40667,0,1,1990,0,0,0,0,0,0,0,0,0,0
40667,1,1,1990,0,0,0,0,0,0,2,0,0,0
40668,1,1,1990,0,0,0,0,0,0,0,0,0,0
40668,2,1,1990,0,0,0,0,0,0,0,0,0,0
40668,3,1,1990,0,0,0,0,0,0,0,0,0,0
40669,1,1,1990,0,0,5,0,15,20,0,0,33,0
40670,1,1,1990,0,0,0,0,0,0,0,0,0,0
40670,2,1,1990,0,0,0,0,0,0,0,0,0,0
40670,3,1,1990,0,0,0,0,7,0,12,0,0,0
40670,4,1,1990,30,0,0,21,0,7,0,0,0,0
40671,0,1,1990,22,22,22,22,22,22,22,22,22,22
40671,0,2,1990,7,7,7,7,7,7,7,7,7,7
40671,1,1,1990,0,0,0,2,0,0,0,0,10,0
40672,1,1,1990,0,0,0,0,0,0,0,0,0,0
40672,2,1,1990,0,0,0,0,0,0,0,0,0,0
40672,3,1,1990,0,0,0,0,10,0,0,0,0,0
40673,0,1,1990,0,24,0,25,14,0,9,9,24,38
40673,0,2,1990,0,0,0,0,0,0,0,0,0,0
40673,1,1,1990,0,0,0,0,0,0,0,0,0,0
40674,1,1,1990,0,0,0,0,0,0,0,0,0,0
40674,2,1,1990,0,0,0,0,0,0,0,0,0,0
40675,0,1,1990,0,0,0,0,0,0,0,0,0,0
40675,1,1,1990,0,0,0,2,0,0,0,0,0,0
40676,1,1,1990,0,0,0,0,0,0,0,0,0,0
40678,0,1,1990,11,18,18,11,28,26,34,10,26,26
40678,1,1,1990,7,14,9,20,29,21,8,0,23,10
40679,1,1,1990,32,32,32,32,32,32,32,32,32,32
40680,1,1,1990,18,18,18,18,18,18,18,18,18,18
40681,1,1,1990,0,0,0,0,0,0,0,0,0,0
40681,2,1,1990,9,0,0,0,0,0,0,0,0,0
40682,1,1,1990,0,0,0,0,0,0,0,0,0,0
40682,2,1,1990,0,0,0,19,0,0,0,0,0,0
40683,1,1,1990,0,0,10,0,0,0,0,0,0,0
40684,1,1,1990,10,8,6,8,11,9,10,12,10,18
40684,2,1,1990,9,12,0,26,0,0,22,0,0,0
40685,1,1,1990,0,0,0,0,16,0,0,0,0,0
40685,2,1,1990,0,0,0,0,0,0,0,0,0,0
40686,1,1,1990,17,17,17,17,17,17,17,17,17,17
40687,1,1,1990,15,15,15,15,15,15,15,15,15,15
40688,1,1,1990,19,19,19,19,19,19,19,19,19,19
40688,2,1,1990,0,14,0,7,0,0,0,0,0,0
40688,3,1,1990,0,0,0,0,0,10,0,0,0,10
40689,1,1,1990,0,0,0,0,0,0,0,0,0,0
40689,2,1,1990,0,0,0,0,0,0,0,0,0,0
40689,3,1,1990,0,0,0,0,0,0,0,0,0,0
40690,1,1,1990,0,0,0,0,0,0,0,0,0,0
40691,1,1,1990,0,0,0,0,0,0,0,0,0,0
40691,2,1,1990,0,0,13,0,0,19,0,0,0,0
40692,1,1,1990,20,17,0,17,0,9,0,0,9,0
40692,2,1,1990,0,0,0,0,0,0,0,0,0,0
40693,1,1,1990,22,6,16,7,10,13,9,11,14,14
40694,1,1,1990,0,0,0,0,0,11,0,0,0,0
40695,1,1,1990,10,10,10,10,10,10,10,10,10,10
40696,1,1,1990,0,0,0,0,0,0,0,0,0,0
40697,1,1,1990,0,0,18,13,20,0,0,0,0,0
40697,2,1,1990,19,4,24,12,10,23,17,24,16,23
40698,0,1,1990,28,28,28,28,28,28,28,28,28,28
40698,1,1,1990,16,26,0,9,0,0,0,0,17,0
40699,1,1,1990,24,24,24,24,24,24,24,24,24,24
40699,2,1,1990,0,0,0,0,0,0,0,0,0,0
40700,0,1,1990,20,20,20,20,20,20,20,20,20,20
40700,1,1,1990,0,16,0,0,0,0,0,0,0,0
40701,1,1,1990,11,0,9,0,0,0,0,0,0,0
40702,0,1,1990,0,0,0,0,0,0,0,0,0,0
40702,1,1,1990,0,0,0,0,0,0,0,0,0,0
40703,1,1,1990,0,0,0,0,0,0,0,0,0,0
40703,2,1,1990,0,0,0,0,0,0,0,0,0,0
40704,0,1,1990,0,0,0,0,0,0,0,0,0,0
40704,1,1,1990,0,0,0,0,0,0,0,0,0,0
40705,1,1,1990,0,9,12,0,13,10,11,12,11,4
40705,2,1,1990,8,8,17,29,18,7,18,0,14,14
40706,0,1,1990,0,0,0,0,0,0,0,0,0,0
40706,1,1,1990,12,14,8,16,27,34,21,7,14,22
40707,1,1,1990,0,0,0,0,0,0,0,0,0,15
40707,2,1,1990,0,0,0,0,0,0,0,0,0,0
40708,1,1,1990,18,13,0,13,16,17,27,10,24,26
40709,1,1,1990,0,0,0,22,0,0,16,9,0,0
40710,1,1,1990,0,0,0,0,0,0,0,0,0,0
40711,1,1,1990,3,10,15,31,24,11,15,24,14,26
40712,1,1,1990,18,19,4,12,13,23,22,13,5,17
40713,1,1,1990,0,0,9,0,17,0,0,0,0,15
40713,2,1,1990,0,0,0,0,0,0,0,0,0,0
40714,0,1,1990,0,0,0,0,0,0,0,0,0,0
40714,1,1,1990,0,0,0,0,0,0,0,0,0,0
40715,0,1,1990,26,26,26,26,26,26,26,26,26,26
40715,1,1,1990,0,0,0,0,4,0,0,0,0,0
40716,0,1,1990,0,0,0,0,0,0,0,0,0,0
40717,1,1,1990,0,0,0,0,0,0,0,0,0,0
40717,2,1,1990,0,0,0,0,0,0,0,0,0,0
40718,1,1,1990,0,0,0,0,0,0,0,0,0,7
40718,2,1,1990,0,0,0,0,0,0,0,0,0,0
40719,1,1,1990,0,0,0,0,0,0,0,0,0,0
40720,1,1,1990,0,0,0,0,0,0,0,0,0,0
40720,2,1,1990,0,0,0,0,0,0,0,0,0,0
40720,3,1,1990,0,0,0,0,0,12,0,0,0,0
40721,1,1,1990,23,23,22,16,13,20,19,28,15,16
40722,1,1,1990,16,16,16,16,16,16,16,16,16,16
40722,2,1,1990,0,0,0,0,0,0,0,0,0,0
40723,1,1,1990,0,0,0,0,0,0,0,0,0,0
40723,2,1,1990,0,0,0,0,0,0,0,0,0,0
40724,1,1,1990,0,0,0,0,0,0,0,0,0,0
40725,1,1,1990,0,0,0,0,0,0,0,0,0,0
40726,1,1,1990,0,0,0,0,0,0,0,0,0,0
40726,2,1,1990,0,0,0,0,0,0,0,24,0,0
40727,1,1,1990,0,0,0,0,0,0,0,11,0,0
40728,1,1,1990,0,0,0,0,0,0,0,0,0,0
40728,2,1,1990,0,0,0,0,0,0,0,0,0,0
40729,1,1,1990,26,26,26,26,26,26,26,26,26,26
40729,2,1,1990,0,0,0,0,0,0,0,0,0,0
40730,1,1,1990,6,9,32,12,17,21,14,20,30,25
40730,2,1,1990,0,0,0,0,13,0,0,0,0,0
40731,1,1,1990,0,0,0,0,0,0,0,0,0,0
40732,0,1,1990,0,0,22,26,26,15,20,22,13,34
40732,1,1,1990,0,0,0,16,8,0,13,6,0,25
40733,1,1,1990,0,0,17,17,0,15,17,0,16,0
40734,1,1,1990,0,0,0,0,0,0,0,9,0,0
40734,2,1,1990,0,0,0,0,0,0,0,0,0,0
40735,0,1,1990,0,0,0,0,0,0,0,0,0,0
40735,1,1,1990,0,0,0,0,0,0,0,0,0,0
40736,1,1,1990,0,0,0,0,0,0,0,0,0,0
40737,0,1,1990,22,22,22,22,22,22,22,22,22,22
40737,1,1,1990,0,0,0,0,0,0,7,6,0,0
40738,1,1,1990,0,0,0,0,0,0,0,0,0,0
40738,2,1,1990,0,0,0,0,0,0,0,0,0,0
40739,0,1,1990,0,0,0,0,0,0,0,0,0,0
40739,1,1,1990,17,17,17,17,17,17,17,17,17,17
40740,0,1,1990,24,24,24,24,24,24,24,24,24,24
40740,1,1,1990,0,18,5,0,14,12,0,0,0,0
40741,0,1,1990,0,35,31,33,14,25,29,26,9,14
40741,1,1,1990,0,0,0,0,0,0,0,0,0,0
40742,1,1,1990,0,0,0,0,0,0,0,0,0,0
40743,1,1,1990,0,0,0,0,0,0,0,0,0,0
40743,2,1,1990,16,16,16,16,16,16,16,16,16,16
40744,1,1,1990,0,0,0,0,0,0,0,0,0,0
40744,2,1,1990,0,0,0,0,0,0,0,0,0,0
40745,1,1,1990,0,0,0,0,0,0,0,0,0,0
40745,2,1,1990,0,0,0,0,13,0,14,31,22,0
40746,1,1,1990,0,0,0,0,0,16,0,0,0,0
40747,1,1,1990,3,3,3,3,3,3,3,3,3,3
40747,2,1,1990,8,8,8,8,8,8,8,8,8,8
40748,1,1,1990,0,0,0,0,0,0,0,0,0,0
40749,1,1,1990,22,2,17,20,9,8,12,16,0,19
40749,2,1,1990,0,0,0,0,0,0,0,0,0,0
40750,1,1,1990,15,16,14,17,7,0,6,22,23,20
40751,0,1,1990,0,0,0,13,0,0,0,0,0,0
40751,1,1,1990,0,0,0,0,0,0,0,0,0,0
40752,1,1,1990,0,0,0,0,0,0,0,0,0,0
40752,2,1,1990,0,0,0,0,0,0,0,0,0,0
40752,3,1,1990,0,0,0,0,0,0,0,0,0,0
40753,1,1,1990,0,0,0,0,0,27,0,0,0,0
40754,1,1,1990,0,0,0,7,5,9,0,0,0,28
40755,1,1,1990,0,0,0,0,0,0,0,0,0,0
40755,2,1,1990,0,0,0,0,0,0,0,0,0,0
40756,0,1,1990,13,0,11,0,0,7,0,0,18,23
40756,1,1,1990,8,0,0,0,0,0,21,0,0,0
40757,1,1,1990,26,26,26,26,26,26,26,26,26,26
40757,2,1,1990,0,0,0,0,0,0,0,0,0,0
40757,3,1,1990,10,0,0,0,0,0,0,12,0,0
40758,1,1,1990,0,0,0,0,0,8,0,0,20,0
40758,2,1,1990,0,0,0,0,0,0,0,0,0,0
40759,1,1,1990,0,0,0,0,0,0,0,0,0,0
40760,0,1,1990,20,20,20,20,20,20,20,20,20,20
40760,1,1,1990,0,13,8,0,0,0,0,9,0,0
40760,2,1,1990,0,0,0,0,0,0,0,0,0,0
40761,1,1,1990,0,0,0,0,0,0,0,0,0,0
40762,0,2,1990,0,0,0,0,0,0,0,0,0,0
40762,0,3,1990,0,0,0,0,0,0,0,0,0,0
40762,0,4,1990,0,0,0,0,0,0,0,0,0,0
40762,1,1,1990,0,0,0,0,0,0,0,0,0,0
40765,1,1,1990,34,24,0,0,8,0,0,12,0,14
40765,2,1,1990,0,0,0,0,0,0,30,0,0,20
40766,1,1,1990,17,17,9,8,20,13,6,0,34,26
40768,1,1,1990,0,18,13,4,0,0,0,21,0,26
40769,0,1,1990,9,33,34,12,19,25,16,26,24,33
40769,1,1,1990,0,0,0,0,0,0,0,0,0,0
40770,1,1,1990,0,23,21,15,8,12,12,0,17,0
40771,1,1,1990,36,17,11,15,10,14,8,0,4,5
40772,1,1,1990,25,18,17,19,33,9,0,11,16,40
40773,1,1,1990,19,0,22,18,10,0,0,11,24,32
40774,1,1,1990,13,0,22,8,6,0,14,11,5,21
40775,0,1,1990,0,0,0,21,34,15,0,0,0,0
40775,1,1,1990,0,0,0,0,0,0,0,0,0,0
40776,1,1,1990,0,0,0,0,0,0,0,0,7,0
40777,1,1,1990,0,0,0,0,0,0,0,0,0,0
40778,0,1,1990,12,12,12,12,12,12,12,12,12,12
40778,1,1,1990,13,0,0,38,0,0,22,13,0,0
40779,0,1,1990,0,0,0,0,0,0,0,0,0,0
40779,1,1,1990,0,0,0,0,0,14,13,0,18,0
40780,1,1,1990,16,16,16,16,16,16,16,16,16,16
40780,2,1,1990,0,0,0,0,5,0,14,0,0,0
40781,1,2,1990,16,28,6,13,19,11,2,11,3,12
40782,1,1,1990,0,0,0,0,0,0,0,0,0,0
40782,2,1,1990,0,0,0,0,0,0,0,0,0,0
40783,0,1,1990,0,0,0,0,0,0,0,0,0,0
40783,1,1,1990,0,0,0,0,0,0,0,0,0,0
40784,1,1,1990,24,24,24,24,24,24,24,24,24,24
40784,2,1,1990,0,0,0,0,0,0,0,0,0,0
40785,1,1,1990,22,21,14,28,17,21,24,19,11,19
40786,1,1,1990,0,0,0,0,0,0,0,0,0,0
40787,1,1,1990,37,17,16,29,11,21,28,22,22,28
40788,1,1,1990,0,0,0,0,0,0,0,0,0,0
40788,2,1,1990,0,0,0,0,0,0,0,0,0,0
40790,0,1,1990,20,35,31,15,8,6,26,0,41,40
40790,1,1,1990,0,0,0,0,0,11,0,0,0,0
40791,1,1,1990,19,0,0,0,0,0,0,0,0,0
40791,2,1,1990,0,0,0,0,0,0,0,0,0,0
40792,1,1,1990,20,20,20,20,20,20,20,20,20,20
40793,1,1,1990,31,31,31,31,31,31,31,31,31,31
40794,1,1,1990,0,10,27,0,18,27,29,0,13,6
40794,2,1,1990,8,15,22,0,0,17,10,21,13,8
40795,1,1,1990,0,0,0,0,0,0,0,0,0,0
40795,2,1,1990,0,0,0,0,0,0,0,0,0,0
40796,1,1,1990,0,0,0,0,0,0,0,0,0,0
40796,2,1,1990,0,0,0,0,0,0,0,0,0,0
40797,1,1,1990,0,0,0,0,0,0,0,0,0,0
40798,1,1,1990,23,11,11,18,12,30,15,24,23,29
40799,1,1,1990,20,17,0,13,13,10,17,13,21,6
40800,1,1,1990,0,0,0,0,0,0,0,0,0,0
40801,1,1,1990,15,31,23,17,13,3,8,11,20,25
40802,0,1,1990,17,0,0,15,0,0,0,33,0,0
40802,1,1,1990,0,0,0,0,0,19,0,0,0,0
50001,0,1,1990,18,19,67,18,34,46,22,14,24,19
50001,1,1,1990,0,0,0,0,0,0,0,0,0,0
50002,1,1,1990,20,20,20,20,20,20,20,20,20,20
50003,1,1,1990,0,0,0,0,0,0,0,0,0,0
50004,0,1,1990,0,0,0,0,0,9,0,0,0,0
50004,1,1,1990,0,0,0,0,0,0,0,0,0,0
50005,1,1,1990,0,0,0,0,0,0,0,0,0,0
50005,2,1,1990,0,0,0,0,0,0,0,0,0,0
50006,1,1,1990,0,0,0,0,0,0,0,21,0,0
50006,2,1,1990,0,0,0,0,0,0,0,0,0,0
50007,1,1,1990,0,0,0,0,0,0,0,0,0,0
50007,2,1,1990,0,0,0,0,0,0,0,11,0,0
50008,1,1,1990,0,0,0,0,0,0,0,0,0,0
50008,2,1,1990,0,0,0,0,0,0,0,0,0,0
50009,1,1,1990,0,0,0,0,0,0,0,0,0,0
50010,1,1,1990,16,16,16,16,16,16,16,16,16,16
50011,1,1,1990,0,0,0,0,0,0,0,0,0,0
50011,2,1,1990,0,0,0,0,0,0,0,0,0,0
50012,1,1,1990,12,27,15,13,20,17,32,21,24,30
50013,1,1,1990,0,0,0,0,0,0,0,0,0,0
50013,2,1,1990,0,0,0,0,0,0,0,0,0,0
50014,1,1,1990,24,4,9,3,18,11,25,12,20,18
50015,0,1,1990,0,0,0,0,0,0,0,0,0,0
50015,1,1,1990,0,0,0,0,0,0,0,0,0,0
50016,1,1,1990,0,0,0,0,0,0,0,0,0,0
50016,2,1,1990,0,0,0,0,0,0,0,0,0,0
50017,1,1,1990,11,11,11,11,11,11,11,11,11,11
50018,1,1,1990,0,0,0,0,0,0,0,0,0,0
50019,1,1,1990,21,21,21,21,21,21,21,21,21,21
50020,1,1,1990,4,4,4,4,4,4,4,4,4,4
50020,2,1,1990,4,4,4,4,4,4,4,4,4,4
50021,1,1,1990,0,0,0,0,0,0,0,0,0,0
50021,2,1,1990,13,23,26,14,0,10,17,26,23,15
50022,1,1,1990,0,0,0,0,0,0,0,0,0,0
50023,0,1,1990,24,0,7,21,0,0,0,0,0,0
50023,1,1,1990,0,0,0,0,0,0,0,0,0,0
50024,0,1,1990,0,0,0,0,0,0,0,0,0,0
50024,1,1,1990,1,1,1,1,1,1,1,1,1,1
50025,1,1,1990,0,0,0,0,0,0,0,8,0,0
50025,2,1,1990,0,0,0,0,0,0,0,0,0,0
50026,0,1,1990,0,0,0,0,0,0,0,0,0,0
50026,0,2,1990,0,0,0,0,0,0,0,0,0,0
50026,1,1,1990,24,6,14,8,10,6,6,0,19,13
50027,1,1,1990,25,25,25,25,25,25,25,25,25,25
50027,2,1,1990,25,25,25,25,25,25,25,25,25,25
50028,1,1,1990,16,29,9,33,22,31,25,44,14,17
50029,1,1,1990,16,16,30,29,15,25,18,12,6,22
50030,1,1,1990,0,0,0,0,0,0,0,0,0,0
50030,2,1,1990,0,0,0,0,0,0,0,0,0,0
50031,1,1,1990,8,8,8,8,8,8,8,8,8,8
50032,0,1,1990,0,0,0,0,0,0,0,0,0,0
50032,1,1,1990,0,0,0,0,0,0,0,0,0,0
50033,1,1,1990,18,18,18,18,18,18,18,18,18,18
50033,2,1,1990,0,0,0,0,0,0,0,0,0,0
50034,1,1,1990,23,23,23,23,23,23,23,23,23,23
50035,1,1,1990,0,0,9,0,23,18,14,21,0,17
50036,1,1,1990,24,24,24,24,24,24,24,24,24,24
50037,1,1,1990,14,7,0,14,20,6,5,8,21,19
50037,2,1,1990,0,0,0,0,0,0,0,0,0,0
50038,0,1,1990,10,0,28,18,15,0,31,23,26,12
50038,1,1,1990,0,0,0,8,0,0,0,0,0,0
50039,1,1,1990,0,0,0,0,0,0,0,0,0,0
50039,2,1,1990,13,13,13,13,13,13,13,13,13,13
50040,1,1,1990,0,0,0,0,0,0,0,0,0,0
50041,1,1,1990,0,0,0,0,0,0,0,0,0,0
50041,2,1,1990,0,0,0,0,0,0,0,0,0,0
50042,1,1,1990,15,15,15,15,15,15,15,15,15,15
50043,1,1,1990,0,0,0,0,0,0,0,0,0,13
50043,2,1,1990,0,8,0,0,0,0,0,0,0,0
50044,0,1,1990,19,11,34,10,38,14,24,11,16,14
50044,1,1,1990,0,0,0,0,0,0,0,0,0,0
50045,1,1,1990,11,11,11,11,11,11,11,11,11,11
50046,1,1,1990,24,24,24,24,24,24,24,24,24,24
50046,2,1,1990,9,0,7,0,10,8,0,2,4,0
50046,3,1,1990,0,0,0,0,0,7,0,0,0,0
50047,1,1,1990,23,14,21,20,13,9,10,6,15,28
50048,1,1,1990,14,20,16,23,5,12,5,7,21,7
50049,1,1,1990,0,0,0,0,0,0,0,0,0,0
50049,2,1,1990,0,0,23,15,12,0,21,21,0,21
50050,0,1,1990,14,0,4,8,0,0,0,13,26,0
50050,1,1,1990,0,0,0,0,0,0,0,0,0,0
50051,1,1,1990,24,24,24,24,24,24,24,24,24,24
50052,1,1,1990,20,20,20,20,20,20,20,20,20,20
50052,2,1,1990,0,0,0,6,13,0,0,12,0,0
50053,1,1,1990,15,0,0,0,0,0,0,0,0,0
50053,2,1,1990,0,0,0,0,0,0,0,0,0,0
50054,1,1,1990,23,23,23,23,23,23,23,23,23,23
50055,1,1,1990,20,20,20,20,20,20,20,20,20,20
50056,1,1,1990,0,0,0,0,0,0,0,0,0,0
50056,2,1,1990,19,15,22,11,12,8,17,26,14,16
50057,1,1,1990,0,0,0,0,0,0,0,0,0,9
50057,2,1,1990,0,0,0,0,0,0,0,0,0,0
50058,1,1,1990,0,0,0,0,0,0,0,0,0,0
50058,2,1,1990,8,8,8,8,8,8,8,8,8,8
50059,1,1,1990,10,8,24,14,26,19,25,14,16,17
50060,1,1,1990,15,15,15,15,15,15,15,15,15,15
50060,2,1,1990,0,0,0,16,21,11,17,8,0,0
50061,1,1,1990,0,8,16,5,21,6,8,20,11,0
50061,2,1,1990,19,9,14,8,5,1,14,3,13,0
50062,1,1,1990,0,12,0,0,0,0,0,0,0,0
50063,1,1,1990,11,20,13,22,7,0,13,0,11,25
50064,1,1,1990,11,13,0,4,0,0,0,2,24,0
50065,1,1,1990,27,16,24,37,19,0,18,20,21,39
50066,0,1,1990,21,15,25,14,30,20,17,21,41,33
50066,1,1,1990,30,0,0,0,0,0,0,10,12,0
50067,0,1,1990,0,0,0,0,0,0,0,0,0,0
50067,1,1,1990,14,0,0,16,17,11,12,11,0,9
50068,1,1,1990,0,0,0,0,0,0,0,0,0,0
50068,2,1,1990,0,0,0,0,0,0,0,0,0,0
50069,1,1,1990,28,4,0,0,16,20,17,6,0,16
50070,1,1,1990,0,0,0,0,0,0,0,0,0,0
50070,2,1,1990,0,0,0,0,0,0,0,0,0,0
50071,1,1,1990,7,7,7,7,7,7,7,7,7,7
50072,1,1,1990,0,0,0,0,0,0,0,0,0,0
50073,1,1,1990,0,0,0,0,0,0,0,5,0,0
50073,2,1,1990,9,9,9,9,9,9,9,9,9,9
50074,0,1,1990,24,0,0,0,0,0,0,0,0,23
50074,1,1,1990,16,20,20,21,10,22,0,27,9,5
50075,1,1,1990,0,23,7,19,0,5,17,10,0,0
50075,2,1,1990,7,0,0,11,0,11,0,0,0,6
50076,1,1,1990,0,0,0,0,0,0,0,0,0,0
50076,2,1,1990,0,0,0,0,0,0,0,0,0,0
50077,1,1,1990,18,18,18,18,18,18,18,18,18,18
50078,1,1,1990,0,0,0,0,0,0,0,0,0,0
50079,1,1,1990,17,17,17,17,17,17,17,17,17,17
50080,1,1,1990,0,0,0,0,6,0,0,0,0,11
50080,2,1,1990,0,0,0,0,0,0,0,0,0,11
50081,1,1,1990,0,0,0,0,0,0,0,0,0,0
50082,0,1,1990,0,0,0,0,0,0,0,0,0,0
50082,1,1,1990,0,0,0,0,0,0,0,0,0,0
50083,1,1,1990,0,0,0,0,0,0,0,0,0,0
50084,1,1,1990,0,0,0,0,0,0,0,0,0,0
50085,1,1,1990,0,0,0,0,0,0,0,0,0,0
50085,2,1,1990,0,0,0,0,0,0,0,0,0,0
50086,1,1,1990,0,0,0,0,0,0,0,0,0,0
50086,2,1,1990,0,0,0,0,0,0,0,0,0,0
50086,3,1,1990,0,0,0,10,0,0,0,0,0,0
50086,4,1,1990,0,0,0,0,17,0,0,0,0,0
50087,1,1,1990,10,0,22,0,0,0,0,16,0,0
50088,1,1,1990,12,12,12,12,12,12,12,12,12,12
50089,1,1,1990,0,0,0,0,0,0,0,0,0,0
50089,2,1,1990,19,19,19,19,19,19,19,19,19,19
50090,1,1,1990,0,0,0,0,0,0,0,0,0,0
50091,1,1,1990,0,0,5,0,0,0,0,31,0,0
50091,2,1,1990,10,10,10,10,10,10,10,10,10,10
50092,1,1,1990,20,20,20,20,20,20,20,20,20,20
50093,1,1,1990,5,0,0,0,0,11,0,15,18,0
50094,1,1,1990,0,0,0,0,0,0,0,0,0,0
50094,2,1,1990,0,0,0,0,0,0,0,0,0,0
50095,1,1,1990,28,28,28,28,28,28,28,28,28,28
50095,2,1,1990,0,0,0,0,0,0,0,0,0,0
50096,1,1,1990,0,0,0,0,0,0,0,0,0,0
50096,2,1,1990,0,13,24,0,0,0,0,0,0,0
50097,1,1,1990,19,19,19,19,19,19,19,19,19,19
50098,1,1,1990,13,0,0,0,0,0,21,0,0,0
50099,1,1,1990,10,39,22,22,22,24,22,37,35,26
50100,1,1,1990,22,5,9,39,0,7,0,13,13,15
50100,2,1,1990,0,0,0,0,0,0,0,0,0,0
50101,1,1,1990,26,26,26,26,26,26,26,26,26,26
50102,1,1,1990,29,34,15,11,18,24,22,21,17,24
50103,1,1,1990,2,2,2,2,2,2,2,2,2,2
50104,1,1,1990,0,0,0,0,0,0,0,0,0,0
50105,1,1,1990,0,0,0,0,0,0,0,0,0,0
50105,2,1,1990,0,0,0,0,0,0,0,0,0,0
50106,1,1,1990,6,26,20,30,26,19,8,21,18,14
50106,2,1,1990,0,0,0,0,0,0,0,0,0,0
50107,1,1,1990,0,0,0,0,0,0,7,0,0,0
50107,2,1,1990,0,0,0,0,0,0,0,0,0,0
50108,1,1,1990,14,27,20,9,33,12,23,16,35,20
50109,1,1,1990,23,23,23,23,23,23,23,23,23,23
50110,1,1,1990,0,0,0,0,0,0,0,0,0,0
50110,2,1,1990,0,0,0,0,0,0,0,0,0,0
50111,1,1,1990,0,0,0,0,0,0,0,0,0,0
50111,2,1,1990,21,0,0,0,21,8,7,18,5,17
50112,1,1,1990,0,0,0,0,0,0,0,0,0,0
50112,2,1,1990,0,0,0,0,0,0,0,0,0,0
50113,0,1,1990,15,31,19,25,17,17,4,45,10,0
50113,1,1,1990,0,9,0,0,0,0,0,0,0,0
50114,0,1,1990,17,17,17,17,17,17,17,17,17,17
50114,1,1,1990,0,0,0,0,0,0,0,0,0,0
50115,0,1,1990,21,21,21,21,21,21,21,21,21,21
50115,1,1,1990,0,0,0,6,11,0,18,0,0,0
50116,0,1,1990,0,0,0,0,22,0,0,0,20,0
50116,1,1,1990,4,4,4,4,4,4,4,4,4,4
50117,0,1,1990,23,23,23,23,23,23,23,23,23,23
50117,1,1,1990,0,0,0,0,0,0,0,0,0,0
50118,1,1,1990,0,0,0,0,0,0,0,0,11,0
50118,2,1,1990,0,0,0,0,0,0,0,0,0,0
50118,3,1,1990,0,0,0,0,0,0,0,0,11,0
50119,1,1,1990,0,37,25,0,0,5,16,23,21,0
50120,1,1,1990,0,0,0,0,0,0,0,0,0,0
50120,2,1,1990,0,0,0,0,0,0,0,0,0,0
50121,1,1,1990,0,0,0,0,0,0,23,0,0,9
50121,2,1,1990,0,0,0,0,0,25,0,0,0,0
50121,3,1,1990,0,0,0,13,0,0,0,0,0,0
50122,1,1,1990,0,0,0,11,10,12,18,21,17,12
50122,2,1,1990,0,0,6,0,0,0,0,0,0,0
50123,1,1,1990,12,11,9,16,20,45,15,3,0,11
50123,2,1,1990,0,3,12,14,7,0,13,10,1,0
50124,1,1,1990,0,0,0,0,0,0,0,0,0,0
50124,2,1,1990,0,0,0,0,0,0,0,0,0,0
50125,1,1,1990,12,18,22,11,19,24,14,2,9,14
50126,1,1,1990,12,12,12,12,12,12,12,12,12,12
50126,2,1,1990,0,0,0,0,0,0,0,0,0,0
50127,1,1,1990,0,0,0,0,0,0,14,0,0,0
50127,2,1,1990,15,0,0,0,6,19,0,0,12,9
50128,1,1,1990,0,0,10,0,0,0,0,0,0,0
50129,1,1,1990,16,23,26,17,7,19,28,27,0,7
50130,1,1,1990,5,0,0,0,0,11,0,0,0,0
50131,1,1,1990,0,0,0,0,0,0,0,0,0,0
50131,2,1,1990,8,8,8,8,8,8,8,8,8,8
50132,1,1,1990,0,0,0,0,0,0,0,0,0,0
50132,2,1,1990,20,20,20,20,20,20,20,20,20,20
50133,1,1,1990,33,20,8,22,14,9,26,10,12,18
50134,0,1,1990,0,0,0,0,0,0,0,0,0,0
50134,1,1,1990,19,0,13,12,0,18,27,9,7,0
50135,0,1,1990,28,28,28,28,28,28,28,28,28,28
50135,1,1,1990,0,0,0,0,0,0,0,0,0,0
50136,0,1,1990,0,0,0,0,0,0,0,0,0,0
50136,1,1,1990,0,0,0,0,0,0,0,0,0,0
50137,0,1,1990,0,0,0,0,0,0,0,0,0,0
50137,1,1,1990,0,0,0,0,0,0,0,0,0,0
50138,1,1,1990,0,0,12,10,7,16,0,0,6,0
50139,1,1,1990,17,17,17,17,17,17,17,17,17,17
50140,1,1,1990,0,0,0,0,0,0,0,0,0,0
50140,2,1,1990,0,0,0,0,0,0,0,0,0,0
50141,1,1,1990,28,28,28,28,28,28,28,28,28,28
50142,1,1,1990,19,19,19,19,19,19,19,19,19,19