ST_CASE,VEH_NO,PER_NO,YEAR,P1,P2,P3,P4,P5,P6,P7,P8,P9,P10
80213,1,1,1990,4,4,4,4,4,4,4,4,4,4
80214,0,1,1990,0,0,0,0,0,0,0,0,0,0
80214,1,1,1990,0,0,0,0,0,0,0,0,0,0
80214,2,1,1990,0,0,0,0,0,0,0,0,0,0
80215,1,1,1990,8,8,8,8,8,8,8,8,8,8
80215,2,1,1990,0,0,0,0,0,0,0,0,0,0
80216,1,1,1990,0,0,0,0,0,0,0,0,0,0
80216,2,1,1990,0,0,0,0,0,0,0,0,0,0
80217,1,1,1990,0,0,0,0,0,0,0,4,0,0
80217,2,1,1990,10,10,10,10,10,10,10,10,10,10
80217,3,1,1990,0,0,0,0,0,0,0,0,0,0
80218,1,1,1990,18,18,18,18,18,18,18,18,18,18
80218,2,1,1990,0,0,0,0,0,0,0,0,0,0
80219,1,1,1990,21,21,21,21,21,21,21,21,21,21
80220,1,1,1990,0,0,0,0,0,0,0,0,0,0
80220,2,1,1990,0,0,0,0,0,0,0,0,0,0
80221,1,1,1990,13,0,21,24,8,17,9,14,19,11
80222,1,1,1990,0,0,0,0,0,0,0,0,0,0
80222,2,1,1990,0,0,0,0,0,0,0,0,0,0
80223,1,1,1990,0,0,0,0,0,0,0,0,0,0
80224,1,1,1990,10,10,10,10,10,10,10,10,10,10
80224,2,1,1990,0,6,0,0,0,0,8,0,0,0
80224,3,1,1990,0,0,0,0,0,0,0,0,0,0
80225,1,1,1990,0,0,0,0,0,0,0,0,0,0
80226,1,1,1990,14,14,14,14,14,14,14,14,14,14
80227,0,1,1990,0,0,0,0,0,0,0,0,0,0
80227,1,1,1990,21,21,21,21,21,21,21,21,21,21
80228,1,1,1990,0,0,0,0,0,0,0,0,0,0
80229,1,1,1990,0,0,0,0,0,0,0,0,0,0
80229,2,1,1990,0,0,0,0,0,0,0,0,0,0
80230,1,1,1990,5,5,5,5,5,5,5,5,5,5
80230,2,1,1990,0,0,0,0,0,0,0,0,0,5
80230,3,1,1990,0,0,0,0,0,0,0,0,0,0
80231,1,1,1990,9,33,8,17,15,22,21,17,7,23
80232,0,1,1990,22,22,22,22,22,22,22,22,22,22
80232,1,1,1990,15,15,15,15,15,15,15,15,15,15
80233,1,1,1990,37,17,13,0,23,11,17,0,16,10
80234,1,1,1990,0,0,0,0,0,0,0,0,0,0
80234,2,1,1990,0,0,0,0,0,0,0,0,0,0
80235,1,1,1990,19,19,19,19,19,19,19,19,19,19
80236,1,1,1990,9,9,9,9,9,9,9,9,9,9
80237,1,1,1990,12,12,12,12,12,12,12,12,12,12
80238,1,1,1990,3,3,3,3,3,3,3,3,3,3
80239,1,1,1990,0,0,0,0,0,0,0,0,0,0
80240,1,1,1990,15,15,15,15,15,15,15,15,15,15
80241,1,1,1990,8,8,8,8,8,8,8,8,8,8
80242,1,1,1990,0,0,0,0,0,0,0,0,0,0
80242,2,1,1990,0,0,0,0,0,0,0,0,0,0
80243,1,1,1990,0,0,0,0,0,0,0,0,0,0
80243,2,1,1990,0,0,0,0,0,0,0,0,0,0
80244,1,1,1990,15,15,15,15,15,15,15,15,15,15
80245,1,1,1990,0,0,0,0,0,0,0,0,0,0
80245,2,1,1990,0,0,0,0,0,0,0,0,0,0
80246,1,1,1990,17,17,17,17,17,17,17,17,17,17
80247,1,1,1990,0,0,0,0,0,0,0,0,0,0
80247,2,1,1990,0,0,0,0,0,0,0,11,0,0
80248,0,1,1990,2,2,2,2,2,2,2,2,2,2
80248,1,1,1990,0,0,0,0,0,0,0,0,0,0
80249,1,1,1990,0,0,0,0,0,0,0,0,0,0
80249,2,1,1990,0,0,0,0,0,0,0,0,0,0
80250,1,1,1990,15,15,15,15,15,15,15,15,15,15
80251,1,1,1990,1,1,1,1,1,1,1,1,1,1
80252,1,1,1990,0,0,0,0,0,0,0,0,0,0
80252,2,1,1990,0,0,0,0,0,0,0,0,0,0
80252,3,1,1990,0,0,0,0,0,0,0,0,0,0
80253,1,1,1990,9,0,0,0,0,0,0,23,0,0
80254,1,1,1990,0,13,0,19,0,0,10,3,0,0
80255,1,1,1990,32,26,8,19,34,24,23,11,8,36
80256,1,1,1990,0,15,0,0,0,14,0,0,0,0
80256,2,1,1990,12,9,13,24,28,10,18,28,27,23
80257,1,1,1990,29,29,29,29,29,29,29,29,29,29
80258,1,1,1990,0,0,0,0,0,0,0,0,0,0
80258,2,1,1990,0,0,0,0,0,0,0,0,0,0
80259,1,1,1990,0,0,0,0,0,0,0,19,0,0
80259,2,1,1990,0,0,0,0,0,0,0,0,0,0
80260,1,1,1990,11,11,11,15,20,19,14,25,15,21
80261,1,1,1990,0,0,0,0,0,0,0,0,0,0
80261,2,1,1990,0,0,0,0,0,0,0,0,0,0
80261,3,1,1990,0,0,0,0,0,0,0,0,0,0
80261,4,1,1990,0,0,0,0,0,0,0,0,0,0
80261,5,1,1990,0,0,0,0,0,0,0,0,0,0
80262,1,1,1990,3,3,3,3,3,3,3,3,3,3
80262,2,1,1990,17,17,17,17,17,17,17,17,17,17
80263,1,1,1990,0,0,0,0,0,0,0,0,0,0
80263,2,1,1990,0,0,0,0,0,0,0,0,0,0
80264,0,1,1990,0,28,0,21,0,0,18,0,0,0
80264,1,1,1990,19,19,19,19,19,19,19,19,19,19
80265,1,1,1990,4,4,4,4,4,4,4,4,4,4
80265,2,1,1990,0,0,0,0,0,0,0,0,0,0
80266,1,1,1990,14,14,14,14,14,14,14,14,14,14
80267,1,1,1990,0,0,0,0,0,0,0,0,0,0
80268,1,1,1990,17,17,17,17,17,17,17,17,17,17
80268,2,1,1990,0,0,0,0,0,0,0,0,0,0
80269,1,1,1990,0,0,0,0,0,0,0,0,0,0
80270,1,1,1990,20,20,20,20,20,20,20,20,20,20
80270,2,1,1990,6,6,6,6,6,6,6,6,6,6
80271,1,1,1990,9,9,9,9,9,9,9,9,9,9
80271,2,1,1990,0,0,0,0,0,0,0,0,0,0
80272,1,1,1990,0,0,0,0,0,0,0,0,0,0
80272,2,1,1990,0,0,0,0,0,0,0,0,0,0
80273,1,1,1990,0,0,0,0,0,0,0,0,0,0
80274,1,1,1990,1,1,1,1,1,1,1,1,1,1
80274,2,1,1990,0,0,0,0,0,0,0,0,0,0
80274,3,1,1990,0,0,0,0,0,0,0,0,0,0
80275,1,1,1990,0,0,0,0,0,0,0,0,0,0
80276,1,1,1990,0,0,0,0,0,0,0,0,0,0
80276,2,1,1990,0,0,0,0,0,0,0,4,0,0
80277,1,1,1990,0,0,0,0,0,0,0,0,0,0
80277,2,1,1990,0,0,0,0,0,0,0,0,0,0
80278,1,1,1990,0,0,0,0,0,0,0,0,0,0
80279,1,1,1990,0,0,0,0,0,0,0,0,0,0
80280,1,1,1990,0,0,0,0,0,0,0,0,0,0
80280,2,1,1990,0,0,0,0,0,0,0,0,0,0
80281,1,1,1990,0,0,0,0,0,0,0,0,0,0
80281,2,1,1990,0,0,0,0,0,0,3,0,0,0
80282,0,1,1990,30,30,30,30,30,30,30,30,30,30
80282,1,1,1990,0,0,0,0,0,0,0,0,0,0
80283,1,1,1990,25,25,25,25,25,25,25,25,25,25
80284,1,1,1990,0,0,0,0,0,0,0,0,0,0
80285,1,1,1990,0,0,0,0,0,0,0,0,0,0
80285,2,1,1990,0,0,0,0,0,0,0,0,0,0
80286,1,1,1990,0,0,0,0,0,0,0,0,0,0
80287,1,1,1990,0,0,0,0,0,0,0,0,0,0
80288,1,1,1990,0,17,19,7,0,14,21,0,5,19
80289,1,1,1990,0,0,0,0,0,0,0,0,0,0
80289,2,1,1990,0,0,0,0,0,0,0,0,0,0
80290,1,1,1990,19,19,19,19,19,19,19,19,19,19
80290,2,1,1990,0,0,0,0,0,0,0,0,0,0
80291,1,1,1990,0,0,0,0,0,0,0,0,0,0
80292,1,1,1990,0,0,9,0,0,0,0,0,0,0
80293,1,1,1990,5,5,5,5,5,5,5,5,5,5
80294,2,1,1990,0,0,0,0,0,0,0,0,0,0
80295,0,1,1990,0,0,0,0,0,0,0,0,0,0
80295,1,1,1990,0,0,0,0,0,0,0,0,0,0
80296,1,1,1990,14,14,14,14,14,14,14,14,14,14
80297,1,1,1990,0,0,0,0,0,0,0,0,0,0
80297,2,1,1990,0,0,0,0,0,0,0,0,0,0
80298,1,1,1990,0,0,0,0,0,0,0,0,0,0
80299,0,1,1990,0,0,0,0,0,0,0,0,0,0
80299,1,1,1990,19,0,13,0,0,0,20,0,17,0
80300,1,1,1990,0,0,0,12,0,0,0,0,0,0
80301,1,1,1990,0,0,0,0,0,0,0,0,0,0
80301,2,1,1990,0,0,0,0,0,0,0,0,0,0
80302,0,1,1990,0,0,0,0,0,0,0,17,0,0
80302,1,1,1990,0,0,0,0,0,0,0,0,0,0
80303,1,1,1990,26,26,26,26,26,26,26,26,26,26
80303,2,1,1990,0,0,0,0,0,0,0,0,0,0
80304,1,1,1990,0,0,0,0,0,0,0,0,0,0
80305,1,1,1990,0,0,0,0,0,0,0,0,0,0
80306,1,1,1990,20,20,20,20,20,20,20,20,20,20
80307,1,1,1990,26,26,26,26,26,26,26,26,26,26
80307,2,1,1990,0,0,0,0,0,0,0,0,0,0
80308,0,1,1990,0,0,0,0,0,0,0,0,0,0
80308,1,1,1990,0,0,0,0,0,0,0,0,0,0
80309,1,1,1990,10,10,10,10,10,10,10,10,10,10
80310,0,1,1990,0,0,0,0,0,0,0,0,0,0
80310,1,1,1990,0,0,0,0,0,0,0,0,0,0
80311,1,1,1990,9,9,9,9,9,9,9,9,9,9
80312,1,1,1990,0,0,0,0,0,0,0,0,0,0
80312,2,1,1990,0,0,0,0,0,0,0,0,0,0
80313,1,1,1990,0,0,0,0,0,0,0,0,0,0
80313,2,1,1990,0,0,0,0,0,0,0,0,0,0
80314,0,1,1990,0,0,0,15,0,0,0,0,0,0
80314,1,1,1990,0,0,0,0,0,0,0,0,0,0
80315,1,1,1990,19,19,19,19,19,19,19,19,19,19
80316,1,1,1990,0,0,0,0,0,0,0,0,0,0
80317,1,1,1990,11,11,11,11,11,11,11,11,11,11
80317,2,1,1990,0,0,16,0,0,0,12,0,0,0
80318,1,1,1990,0,0,0,0,0,0,0,0,0,0
80319,0,1,1990,0,24,0,0,0,0,0,22,10,0
80319,1,1,1990,11,0,0,0,0,0,0,18,0,0
80320,1,1,1990,0,0,0,0,0,0,0,0,0,0
80320,2,1,1990,0,0,0,0,0,0,0,0,0,0
80321,1,1,1990,19,19,19,19,19,19,19,19,19,19
80322,0,1,1990,17,17,17,17,17,17,17,17,17,17
80322,1,1,1990,19,19,19,19,19,19,19,19,19,19
80323,1,1,1990,17,17,17,17,17,17,17,17,17,17
80324,1,1,1990,13,13,13,13,13,13,13,13,13,13
80324,2,1,1990,0,0,0,22,0,0,0,0,0,0
80325,0,1,1990,0,0,0,0,0,0,0,0,0,0
80325,1,1,1990,0,0,0,0,0,0,0,0,0,0
80326,1,1,1990,22,22,22,22,22,22,22,22,22,22
80326,2,1,1990,0,0,0,0,0,0,0,0,0,0
80327,1,1,1990,0,0,0,0,0,0,0,0,0,0
80328,1,1,1990,26,26,26,26,26,26,26,26,26,26
80329,1,1,1990,15,15,15,15,15,15,15,15,15,15
80330,1,1,1990,0,0,0,0,0,0,0,0,0,0
80330,2,1,1990,0,0,0,0,0,0,0,0,0,0
80331,1,1,1990,0,0,0,0,0,0,0,0,0,0
80331,2,1,1990,0,0,0,0,0,0,0,0,0,0
80332,1,1,1990,18,18,18,18,18,18,18,18,18,18
80333,0,1,1990,3,3,3,3,3,3,3,3,3,3
80333,1,1,1990,0,0,0,0,0,0,0,0,0,0
80334,1,1,1990,14,14,14,14,14,14,14,14,14,14
80335,1,1,1990,31,31,31,31,31,31,31,31,31,31
80336,1,1,1990,31,31,31,31,31,31,31,31,31,31
80337,1,1,1990,24,24,24,24,24,24,24,24,24,24
80337,2,1,1990,0,0,0,0,0,0,0,0,0,0
80338,1,1,1990,0,0,0,0,0,0,0,0,0,0
80338,2,1,1990,0,0,0,0,0,0,0,0,0,0
80339,0,1,1990,0,0,0,0,0,0,0,0,0,0
80339,1,1,1990,0,0,0,0,0,0,0,0,0,0
80340,1,1,1990,22,22,22,22,22,22,22,22,22,22
80341,1,1,1990,0,0,0,0,0,0,0,0,11,0
80341,2,1,1990,0,0,0,0,0,0,0,0,0,0
80342,1,1,1990,0,0,0,0,0,0,0,0,0,0
80342,2,1,1990,0,0,0,0,0,0,0,0,0,0
80343,1,1,1990,0,0,0,0,0,0,0,0,0,0
80344,1,1,1990,27,27,27,27,27,27,27,27,27,27
80345,1,1,1990,0,0,0,0,0,0,0,0,0,0
80346,1,1,1990,31,31,31,31,31,31,31,31,31,31
80347,1,1,1990,15,8,15,21,0,13,10,10,15,19
80348,1,1,1990,13,0,0,0,0,0,0,0,0,0
80348,2,1,1990,0,0,0,0,0,0,0,0,0,0
80349,1,1,1990,17,17,17,17,17,17,17,17,17,17
80350,1,1,1990,18,18,18,18,18,18,18,18,18,18
80351,1,1,1990,17,17,17,17,17,17,17,17,17,17
80352,1,1,1990,11,12,21,20,7,11,19,26,13,24
80353,1,1,1990,0,0,0,0,0,0,0,0,0,0
80354,1,1,1990,0,0,0,0,0,0,0,0,0,0
80355,1,1,1990,0,0,0,0,0,0,0,0,16,0
80356,1,1,1990,0,0,0,0,0,0,0,0,0,0
80356,2,1,1990,13,0,0,0,0,19,0,0,0,0
80357,1,1,1990,0,0,0,0,0,0,0,0,0,0
80358,1,1,1990,19,19,19,19,19,19,19,19,19,19
80358,2,1,1990,0,0,0,0,0,0,0,0,0,0
80359,1,1,1990,22,22,22,22,22,22,22,22,22,22
80359,2,1,1990,12,12,12,12,12,12,12,12,12,12
80360,1,1,1990,14,14,14,14,14,14,14,14,14,14
80361,1,1,1990,0,0,0,0,0,0,0,0,0,0
80361,2,1,1990,0,0,0,0,0,0,0,0,0,0
80362,1,1,1990,0,0,0,0,0,0,0,0,0,0
80362,2,1,1990,0,0,0,0,0,0,0,0,0,0
80362,3,1,1990,0,0,0,0,0,0,0,0,0,13
80363,1,1,1990,0,0,0,0,0,0,0,0,0,5
80364,1,1,1990,23,23,23,23,23,23,23,23,23,23
80365,1,1,1990,0,0,0,0,0,0,0,0,0,0
80366,1,1,1990,31,31,31,31,31,31,31,31,31,31
80367,1,1,1990,0,0,0,0,0,0,0,0,0,0
80368,1,1,1990,0,0,0,0,0,0,0,0,0,0
80369,0,1,1990,28,28,28,28,28,28,28,28,28,28
80369,1,1,1990,0,0,0,0,0,20,13,19,2,0
80370,1,1,1990,0,0,0,0,0,0,0,0,0,0
80370,2,1,1990,0,0,0,0,0,0,0,0,0,0
80371,1,1,1990,0,0,0,0,0,0,0,0,0,0
80371,2,1,1990,0,0,0,0,0,0,0,0,0,0
80372,1,1,1990,26,26,26,26,26,26,26,26,26,26
80372,2,1,1990,0,0,0,0,9,0,0,0,0,0
80373,0,1,1990,31,31,31,31,31,31,31,31,31,31
80373,1,1,1990,10,0,0,7,22,0,38,32,26,12
80374,1,1,1990,25,25,25,25,25,25,25,25,25,25
80375,1,1,1990,20,20,20,20,20,20,20,20,20,20
80376,1,1,1990,0,0,0,0,0,0,0,0,0,0
80376,2,1,1990,0,0,0,0,0,0,0,0,0,0
80377,1,1,1990,21,21,21,21,21,21,21,21,21,21
80378,1,1,1990,6,6,6,6,6,6,6,6,6,6
80379,1,1,1990,0,0,0,0,0,0,0,0,0,0
80380,0,1,1990,27,27,27,27,27,27,27,27,27,27
80380,1,1,1990,0,0,0,0,12,0,0,2,0,0
80381,1,1,1990,0,0,0,0,0,0,0,0,0,0
80381,2,1,1990,0,0,0,0,0,0,0,0,0,0
80382,1,1,1990,12,12,12,12,12,12,12,12,12,12
80383,1,1,1990,25,25,25,25,25,25,25,25,25,25
80384,1,1,1990,0,0,0,0,0,0,0,0,0,0
80385,1,1,1990,0,0,0,0,0,0,0,0,0,0
80385,2,1,1990,0,0,0,0,0,0,0,0,0,0
80386,1,1,1990,0,0,0,0,0,0,0,0,0,0
80387,1,1,1990,0,0,0,0,0,0,0,0,0,0
80387,2,1,1990,0,0,0,0,0,0,0,0,0,0
80388,1,1,1990,15,15,15,15,15,15,15,15,15,15
80389,1,1,1990,22,22,22,22,22,22,22,22,22,22
80389,2,1,1990,28,28,28,28,28,28,28,28,28,28
80390,1,1,1990,35,35,35,35,35,35,35,35,35,35
80391,0,1,1990,0,0,0,0,0,0,0,0,0,0
80391,0,2,1990,21,37,22,0,0,0,0,0,0,0
80391,1,1,1990,17,17,17,17,17,17,17,17,17,17
80392,1,1,1990,0,0,0,0,0,0,0,0,0,0
80393,1,1,1990,34,34,34,34,34,34,34,34,34,34
80393,2,1,1990,12,11,24,8,11,17,15,12,9,0
80394,1,1,1990,19,19,19,19,19,19,19,19,19,19
80395,1,1,1990,0,0,0,0,0,0,0,0,0,0
80395,2,1,1990,0,0,0,0,0,0,0,0,0,0
80395,3,1,1990,0,0,0,0,0,0,0,0,0,0
80396,1,1,1990,0,0,0,0,0,0,0,0,0,0
80396,2,1,1990,0,0,0,0,0,0,0,0,0,0
80397,1,1,1990,0,0,18,8,0,0,20,0,23,0
80398,1,1,1990,0,0,0,0,0,0,0,0,0,0
80398,2,1,1990,0,0,0,0,0,0,0,0,0,0
80399,1,1,1990,0,0,0,0,0,0,0,0,0,0
80399,2,1,1990,0,0,0,0,0,0,0,0,0,0
80400,1,1,1990,29,29,29,29,29,29,29,29,29,29
80401,0,1,1990,0,0,0,0,0,0,0,0,0,0
80401,1,1,1990,0,0,0,0,0,0,0,0,0,0
80402,1,1,1990,0,0,0,0,0,0,0,0,0,0
80402,2,1,1990,0,0,0,0,0,0,0,0,0,0
80403,1,1,1990,0,0,0,0,0,0,0,0,0,0
80403,2,1,1990,16,16,16,16,16,16,16,16,16,16
80404,0,1,1990,0,0,0,0,0,0,0,0,0,0
80404,1,1,1990,11,11,11,11,11,11,11,11,11,11
80405,1,1,1990,0,0,0,0,0,0,0,0,0,0
80405,2,1,1990,0,0,0,0,0,0,0,0,0,0
80406,1,1,1990,20,20,20,20,20,20,20,20,20,20
80407,1,1,1990,12,12,12,12,12,12,12,12,12,12
80408,1,1,1990,3,3,3,3,3,3,3,3,3,3
80409,1,1,1990,20,20,20,20,20,20,20,20,20,20
80410,1,1,1990,28,5,29,19,18,23,14,17,14,16
80411,0,1,1990,23,23,23,23,23,23,23,23,23,23
80411,1,1,1990,0,0,0,0,0,0,0,0,0,0
80412,1,1,1990,22,22,22,22,22,22,22,22,22,22
80412,2,1,1990,12,12,12,12,12,12,12,12,12,12
80413,1,1,1990,18,18,18,18,18,18,18,18,18,18
80414,1,1,1990,13,0,25,0,0,0,0,12,0,0
80415,0,1,1990,0,0,0,0,0,0,13,0,0,0
80415,1,1,1990,0,0,0,0,0,0,0,0,0,0
80416,1,1,1990,11,12,29,16,15,33,21,31,34,0
80417,1,1,1990,0,0,0,0,0,0,0,0,0,0
80417,2,1,1990,0,0,0,0,0,0,0,0,0,0
80418,0,1,1990,0,0,0,0,0,0,0,0,0,0
80418,1,1,1990,0,0,0,0,0,0,0,0,0,0
80419,1,1,1990,16,16,16,16,16,16,16,16,16,16
80420,1,1,1990,0,0,0,0,0,0,0,0,0,0
80421,1,1,1990,0,0,0,0,0,0,0,0,0,0
80421,2,1,1990,0,0,0,0,0,0,0,0,0,0
80422,1,1,1990,0,0,0,0,0,0,0,0,0,0
80423,1,1,1990,2,2,2,2,2,2,2,2,2,2
80424,0,4,1990,9,30,24,0,21,0,12,15,0,24
80424,1,1,1990,0,0,0,0,0,0,0,0,0,0
80424,2,1,1990,10,0,0,0,0,0,0,0,0,0
80425,1,1,1990,0,0,0,0,0,0,0,0,0,0
80425,2,1,1990,0,0,0,0,0,0,0,0,0,0
80426,1,1,1990,0,0,0,0,0,0,0,0,0,0
80426,2,1,1990,1,1,1,1,1,1,1,1,1,1
80427,1,1,1990,0,0,0,0,0,0,0,0,0,0
80428,1,1,1990,0,0,0,0,0,0,0,0,0,0
80428,2,1,1990,0,0,0,0,0,0,0,0,0,0
80428,3,1,1990,0,0,0,0,0,0,0,0,0,0
80429,1,1,1990,0,0,0,0,0,0,0,0,0,0
80429,2,1,1990,0,0,0,0,0,0,0,0,0,0
80429,3,1,1990,0,0,0,0,0,0,0,0,0,0
80429,4,1,1990,0,0,0,0,0,0,0,0,0,0
80429,5,1,1990,0,0,0,0,0,0,0,0,0,0
80429,6,1,1990,0,0,0,0,0,0,0,0,0,0
80430,1,1,1990,24,24,24,24,24,24,24,24,24,24
80431,1,1,1990,5,5,5,5,5,5,5,5,5,5
80432,1,1,1990,0,0,0,0,0,0,0,0,0,0
80432,2,1,1990,0,0,0,0,0,0,0,0,0,0
80433,1,1,1990,17,17,17,17,17,17,17,17,17,17
80433,1,2,1990,0,0,0,0,26,38,0,9,0,0
80433,2,1,1990,9,9,9,9,9,9,9,9,9,9
80434,1,1,1990,0,0,0,0,0,0,0,0,0,0
80435,1,1,1990,8,8,8,8,8,8,8,8,8,8
80436,1,1,1990,13,13,13,13,13,13,13,13,13,13
80437,1,1,1990,0,0,0,0,0,0,0,0,0,0
80437,2,1,1990,0,0,0,0,0,0,0,0,0,0
80438,1,1,1990,0,0,0,0,0,0,0,0,0,0
80438,2,1,1990,0,0,0,0,0,0,0,0,0,0
80439,0,1,1990,8,40,0,0,0,0,0,0,0,0
80439,1,1,1990,0,0,0,0,0,0,0,0,0,0
80440,0,1,1990,0,0,0,0,0,0,0,0,0,0
80440,1,1,1990,0,0,0,0,0,0,0,0,0,0
80441,1,1,1990,0,0,0,0,0,0,0,0,0,0
80442,0,1,1990,23,23,23,23,23,23,23,23,23,23
80442,0,2,1990,0,25,24,15,27,21,20,14,18,10
80442,1,1,1990,0,0,0,0,0,0,0,0,0,0
80443,1,1,1990,0,0,0,0,0,0,0,0,0,0
80443,2,1,1990,0,0,0,0,0,0,0,0,0,0
80444,1,1,1990,0,0,0,0,0,0,0,0,0,0
80445,1,1,1990,22,22,22,22,22,22,22,22,22,22
80446,1,1,1990,0,0,0,0,0,0,0,0,0,0
80447,1,1,1990,0,0,0,0,0,0,0,0,0,0
80447,2,1,1990,0,0,21,0,0,0,0,0,0,0
80447,3,1,1990,0,0,0,0,0,0,0,0,0,0
80448,1,1,1990,0,0,0,0,0,0,0,0,0,0
80449,1,1,1990,0,0,0,0,0,0,0,0,0,13
80450,1,1,1990,3,0,0,0,19,0,0,14,0,18
80451,1,1,1990,0,0,0,0,0,0,0,0,0,0
80452,1,1,1990,0,0,0,0,0,0,0,0,0,0
80452,2,1,1990,0,0,0,0,0,0,0,0,0,0
80453,0,1,1990,0,0,0,0,0,0,0,0,0,0
80453,1,1,1990,0,0,0,0,0,0,0,0,0,0
80454,1,1,1990,16,16,16,16,16,16,16,16,16,16
80455,1,1,1990,0,0,0,0,0,0,0,0,0,0
80456,1,1,1990,0,0,0,0,0,0,0,0,0,0
80456,2,1,1990,0,0,0,0,0,0,0,0,0,0
80457,0,1,1990,0,0,0,0,0,0,0,16,20,44
80457,1,1,1990,0,0,0,0,0,0,0,0,0,0
80458,1,1,1990,19,19,19,19,19,19,19,19,19,19
80459,1,1,1990,0,0,0,0,0,0,0,0,0,0
80460,1,1,1990,0,0,0,0,0,0,0,0,0,0
80460,2,1,1990,0,0,0,0,0,0,0,0,0,0
80460,3,1,1990,0,0,0,0,0,0,0,0,0,0
80460,4,1,1990,0,16,0,28,0,0,0,0,0,0
80461,1,1,1990,0,0,0,0,0,11,0,0,0,0
80461,2,1,1990,0,0,0,0,0,0,0,0,0,0
80462,1,1,1990,6,6,6,6,6,6,6,6,6,6
80463,1,1,1990,20,20,20,20,20,20,20,20,20,20
80464,0,1,1990,27,27,27,27,27,27,27,27,27,27
80464,1,1,1990,0,0,0,0,0,0,0,0,0,0
80465,1,1,1990,29,29,29,29,29,29,29,29,29,29
80466,1,1,1990,23,23,23,23,23,23,23,23,23,23
80467,0,1,1990,0,0,0,0,0,0,0,0,0,0
80467,1,1,1990,0,0,0,0,0,0,0,0,0,0
80468,1,1,1990,0,0,0,0,0,0,0,0,0,0
80468,2,1,1990,0,0,0,0,0,0,0,0,0,0
80468,3,1,1990,0,0,0,0,0,0,0,0,0,0
80469,0,1,1990,0,0,0,0,0,0,0,0,0,0
80469,1,1,1990,0,0,0,0,0,0,0,0,0,0
80470,1,1,1990,0,0,0,0,0,0,0,0,0,0
80470,2,1,1990,0,0,0,0,0,0,0,0,0,0
80471,1,1,1990,23,23,23,23,23,23,23,23,23,23
80471,2,1,1990,6,10,31,25,11,18,10,13,28,6
80472,1,1,1990,5,5,5,5,5,5,5,5,5,5
80473,1,1,1990,0,0,0,0,0,0,0,0,0,0
80473,2,1,1990,0,0,0,0,0,0,0,0,0,0
80474,1,1,1990,0,0,0,0,0,0,0,0,0,0
80475,1,1,1990,0,0,0,0,0,0,0,0,0,0
80476,1,1,1990,13,13,13,13,13,13,13,13,13,13
80477,0,1,1990,0,0,0,0,0,0,0,0,0,0
80477,1,1,1990,0,0,0,0,0,0,0,0,0,0
80478,1,1,1990,0,0,0,0,0,0,0,0,0,0
80478,2,1,1990,0,0,0,0,0,0,0,0,0,13
80479,1,1,1990,0,0,0,0,0,0,0,0,0,0
80480,1,1,1990,25,25,25,25,25,25,25,25,25,25
80481,1,1,1990,0,0,0,0,0,0,0,0,0,0
80481,2,1,1990,0,0,0,0,0,0,0,0,0,0
80482,1,1,1990,0,0,0,0,0,0,0,0,0,0
80482,2,1,1990,0,0,0,0,0,0,0,0,0,0
80482,3,1,1990,0,0,0,0,0,0,0,0,0,0
80483,1,1,1990,0,0,0,0,0,0,0,0,0,0
80483,2,1,1990,0,0,0,0,0,0,0,0,0,0
80484,1,1,1990,0,0,0,0,0,0,0,0,0,0
80485,1,1,1990,0,0,0,0,0,0,0,0,0,0
80486,0,1,1990,0,0,0,0,0,0,0,0,0,0
80486,1,1,1990,0,0,0,0,0,0,0,0,0,0
80487,1,1,1990,5,5,5,5,5,5,5,5,5,5
80488,1,1,1990,13,13,13,13,13,13,13,13,13,13
80489,1,1,1990,0,0,0,0,9,0,0,0,0,0
80489,2,1,1990,0,0,0,0,0,0,0,0,0,0
80490,1,1,1990,25,25,25,25,25,25,25,25,25,25
80491,1,1,1990,0,0,0,0,0,0,0,0,0,0
80492,1,1,1990,0,0,0,0,0,0,0,0,0,0
80493,1,1,1990,10,10,10,10,10,10,10,10,10,10
80494,1,1,1990,0,0,0,0,0,0,0,0,0,0
80494,2,1,1990,0,0,0,0,0,0,0,0,0,0
90002,0,1,1990,0,0,0,0,0,0,0,0,0,0
90002,1,1,1990,0,0,0,0,0,0,0,0,0,0
90003,0,1,1990,0,0,0,0,0,0,0,0,0,0
90003,1,1,1990,0,0,0,0,0,0,0,0,0,0
90004,1,1,1990,0,0,0,0,0,0,0,0,0,0
90005,1,1,1990,0,0,0,0,0,0,0,0,6,0
90005,2,1,1990,20,0,0,0,0,0,9,0,25,13
90006,1,1,1990,13,13,13,13,13,13,13,13,13,13
90007,1,1,1990,0,0,0,0,0,0,0,0,0,0
90010,0,1,1990,0,0,0,0,0,0,0,0,0,0
90010,1,1,1990,0,0,0,0,0,0,0,0,0,0
90011,1,1,1990,0,0,0,0,0,0,0,0,0,0
90011,2,1,1990,0,0,0,0,0,0,0,0,0,0
90012,0,1,1990,0,0,0,0,0,0,0,0,0,0
90012,1,1,1990,17,0,3,0,0,0,0,0,0,0
90013,1,1,1990,19,19,19,19,19,19,19,19,19,19
90014,1,1,1990,21,21,21,21,21,21,21,21,21,21
90016,1,1,1990,0,0,0,0,0,19,0,0,0,0
90016,2,1,1990,0,0,0,0,0,0,0,0,0,0
90017,0,1,1990,0,0,0,0,0,0,0,0,0,0
90017,1,1,1990,0,14,0,0,0,0,0,0,0,0
90018,0,1,1990,0,0,0,0,0,0,0,0,0,0
90018,1,1,1990,23,17,7,24,0,25,28,8,16,11
90020,1,1,1990,0,0,0,0,0,0,0,0,0,0
90020,2,1,1990,0,0,0,0,0,0,0,0,0,0
90021,1,1,1990,0,0,0,0,0,0,0,0,0,0
90022,1,1,1990,0,0,0,0,0,0,0,0,0,0
90022,2,1,1990,21,16,26,11,28,20,35,11,0,15