ST_CASE,VEH_NO,PER_NO,YEAR,P1,P2,P3,P4,P5,P6,P7,P8,P9,P10
90024,1,1,1990,22,22,22,22,22,22,22,22,22,22
90025,1,1,1990,20,20,20,20,20,20,20,20,20,20
90026,0,1,1990,0,0,0,0,0,0,0,0,0,0
90026,1,1,1990,0,0,0,0,0,0,0,0,0,0
90027,1,1,1990,0,0,0,0,0,0,0,0,0,0
90028,0,1,1990,0,0,0,0,0,0,0,0,0,0
90028,1,1,1990,0,0,0,0,0,0,0,0,0,0
90029,1,1,1990,0,0,0,0,0,0,0,0,0,0
90030,0,1,1990,0,0,0,0,0,0,0,0,0,0
90030,1,1,1990,0,0,0,0,0,0,0,0,0,0
90032,1,1,1990,0,0,0,0,0,0,0,0,0,0
90033,1,1,1990,0,0,0,0,0,0,0,0,0,0
90033,2,1,1990,0,0,0,0,0,0,0,0,0,0
90034,1,1,1990,0,0,0,0,0,0,0,0,0,0
90034,2,1,1990,0,6,0,0,0,0,0,0,0,0
90035,0,1,1990,0,0,0,0,0,0,0,0,0,0
90035,1,1,1990,0,0,0,0,12,0,0,0,0,0
90036,1,1,1990,6,6,6,6,6,6,6,6,6,6
90036,2,1,1990,16,0,12,0,0,29,31,15,0,12
90037,1,1,1990,0,0,0,0,0,0,0,0,0,0
90037,2,1,1990,0,0,0,0,0,0,0,0,0,0
90038,0,1,1990,18,18,18,18,18,18,18,18,18,18
90038,1,1,1990,0,0,0,0,0,0,0,0,0,0
90039,1,1,1990,18,18,18,18,18,18,18,18,18,18
90040,1,1,1990,0,0,0,0,0,0,0,0,0,0
90040,2,1,1990,0,0,0,0,0,0,0,0,0,0
90041,1,1,1990,26,26,26,26,26,26,26,26,26,26
90042,1,1,1990,0,0,0,0,0,0,0,0,0,0
90042,2,1,1990,0,0,0,0,0,0,0,0,0,0
90043,1,1,1990,11,6,0,0,0,0,0,0,0,0
90043,2,1,1990,22,22,22,22,22,22,22,22,22,22
90044,1,1,1990,5,5,5,5,5,5,5,5,5,5
90044,2,1,1990,0,0,0,0,0,0,0,0,0,0
90046,0,1,1990,24,24,24,24,24,24,24,24,24,24
90046,1,1,1990,0,0,11,0,0,9,0,0,7,19
90047,2,1,1990,23,0,0,0,0,0,0,0,0,0
90048,1,1,1990,18,0,15,24,0,26,22,6,0,39
90049,1,1,1990,0,0,0,0,0,0,0,0,0,0
90049,2,1,1990,0,0,0,0,0,0,0,0,0,0
90050,1,1,1990,0,0,0,0,0,0,0,0,0,0
90050,2,1,1990,0,0,0,12,0,0,0,0,0,0
90051,0,1,1990,0,0,0,0,0,0,0,0,0,0
90051,1,1,1990,8,16,0,0,9,0,7,0,0,0
90051,2,1,1990,0,0,7,0,0,0,0,0,0,0
90052,1,1,1990,29,29,29,29,29,29,29,29,29,29
90053,1,1,1990,21,21,21,21,21,21,21,21,21,21
90055,1,1,1990,15,15,15,15,15,15,15,15,15,15
90055,2,1,1990,9,13,22,19,0,12,11,0,0,9
90056,1,1,1990,0,0,0,0,0,0,0,0,0,0
90056,2,1,1990,0,0,0,0,0,0,0,0,0,0
90057,1,1,1990,10,10,10,10,10,10,10,10,10,10
90058,0,1,1990,0,0,0,0,0,0,0,0,0,0
90058,1,1,1990,0,22,0,5,37,0,0,20,10,0
90059,1,1,1990,34,34,34,34,34,34,34,34,34,34
90060,1,1,1990,15,15,15,15,15,15,15,15,15,15
90060,2,1,1990,10,10,10,10,10,10,10,10,10,10
90061,1,1,1990,21,21,21,21,21,21,21,21,21,21
90061,2,1,1990,5,5,5,5,5,5,5,5,5,5
90062,1,1,1990,10,0,0,14,0,12,9,0,25,14
90062,2,1,1990,0,0,0,0,0,0,0,0,0,0
90063,0,1,1990,0,0,44,0,0,0,24,0,0,18
90063,1,1,1990,2,0,0,0,0,11,0,0,0,0
90063,2,1,1990,0,0,0,0,0,0,0,15,0,0
90064,1,1,1990,17,15,0,0,8,18,15,20,0,24
90064,2,1,1990,15,16,0,7,14,22,10,0,4,13
90064,3,1,1990,0,25,0,14,18,0,9,0,11,15
90065,1,1,1990,0,0,0,0,0,0,0,0,0,0
90065,2,1,1990,0,0,0,0,7,9,0,8,20,0
90067,1,1,1990,17,17,17,17,17,17,17,17,17,17
90069,0,1,1990,0,0,0,0,0,0,0,0,0,0
90069,1,1,1990,0,0,0,0,0,0,0,0,0,0
90070,0,1,1990,0,0,0,0,0,0,0,0,0,0
90070,1,1,1990,5,8,13,24,10,19,0,25,19,23
90071,1,1,1990,0,9,33,3,0,17,0,0,26,12
90072,1,1,1990,0,0,0,0,0,0,0,0,0,0
90073,1,1,1990,0,0,0,0,0,0,0,0,0,0
90075,1,1,1990,12,28,47,19,31,20,0,20,24,0
90077,0,1,1990,0,0,0,0,0,0,0,0,0,0
90077,1,1,1990,0,0,0,0,0,0,0,0,0,0
90077,2,1,1990,0,0,0,0,0,0,0,0,0,0
90078,1,1,1990,34,21,27,10,24,25,38,3,31,21
90079,1,1,1990,0,0,0,0,0,0,0,0,0,0
90080,1,1,1990,14,14,14,14,14,14,14,14,14,14
90081,0,1,1990,0,0,0,0,0,0,0,0,0,0
90081,1,1,1990,0,0,0,0,0,0,0,0,0,0
90082,1,1,1990,0,0,0,0,12,0,0,0,17,0
90084,1,1,1990,28,28,28,28,28,28,28,28,28,28
90088,1,1,1990,11,11,11,11,11,11,11,11,11,11
90088,2,1,1990,0,0,0,0,0,0,19,9,10,0
90089,1,1,1990,0,16,0,0,0,0,0,0,0,0
90089,2,1,1990,31,31,31,31,31,31,31,31,31,31
90090,1,1,1990,25,25,25,25,25,25,25,25,25,25
90091,0,1,1990,0,0,0,0,0,0,0,0,0,0
90091,1,1,1990,0,0,0,0,0,0,0,0,0,0
90092,1,1,1990,9,18,18,12,7,6,17,5,13,17
90093,0,1,1990,15,15,6,26,28,14,25,9,3,19
90093,0,2,1990,20,10,12,13,14,23,12,13,0,24
90093,1,1,1990,5,15,15,15,7,13,0,11,23,13
90094,1,1,1990,0,0,0,0,0,0,0,0,0,0
90094,2,1,1990,22,22,0,0,23,0,0,0,0,0
90096,0,1,1990,5,5,5,5,5,5,5,5,5,5
90096,1,1,1990,0,0,3,0,0,0,0,32,0,0
90098,0,1,1990,0,0,0,0,0,0,0,0,0,0
90098,1,1,1990,0,0,0,0,0,0,0,0,0,0
90100,1,1,1990,29,29,29,29,29,29,29,29,29,29
90100,2,1,1990,13,13,13,13,13,13,13,13,13,13
90101,1,1,1990,16,16,16,16,16,16,16,16,16,16
90101,2,1,1990,8,5,31,18,13,23,11,24,29,24
90102,1,1,1990,16,16,16,16,16,16,16,16,16,16
90103,1,1,1990,16,16,16,16,16,16,16,16,16,16
90105,1,1,1990,0,7,0,0,0,0,0,0,0,0
90105,2,1,1990,0,0,0,0,0,0,0,0,0,0
90106,1,1,1990,24,24,24,24,24,24,24,24,24,24
90106,2,1,1990,0,0,0,0,0,0,0,0,0,0
90107,0,1,1990,0,11,0,0,0,0,15,0,0,0
90107,1,1,1990,0,0,0,0,0,13,0,7,15,18
90111,1,1,1990,0,0,0,0,0,0,0,0,0,0
90111,2,1,1990,0,0,0,0,0,0,0,0,0,0
90112,1,1,1990,39,39,39,39,39,39,39,39,39,39
90112,2,1,1990,0,0,0,0,13,0,12,9,0,0
90114,1,1,1990,14,14,14,14,14,14,14,14,14,14
90115,1,1,1990,15,15,15,15,15,15,15,15,15,15
90115,2,1,1990,0,22,0,17,12,2,0,0,21,0
90116,1,1,1990,0,0,0,0,0,0,0,0,0,0
90116,2,1,1990,0,0,5,0,0,0,0,0,0,0
90117,1,1,1990,0,0,0,0,0,0,0,0,0,0
90119,1,1,1990,12,12,12,12,12,12,12,12,12,12
90120,0,1,1990,17,17,17,17,17,17,17,17,17,17
90120,1,1,1990,8,8,8,8,8,8,8,8,8,8
90131,1,1,1990,0,0,0,0,0,0,0,0,0,0
90131,2,1,1990,0,0,10,0,0,0,0,0,22,4
90135,1,1,1990,0,0,0,0,0,0,0,0,0,0
90135,2,1,1990,0,0,0,0,0,0,0,0,0,19
90136,1,1,1990,0,0,0,0,0,0,0,0,0,0
90136,2,1,1990,0,0,10,12,14,5,7,0,7,17
90144,0,1,1990,0,0,0,0,0,0,0,0,0,0
90144,1,1,1990,3,3,3,3,3,3,3,3,3,3
90145,0,1,1990,26,26,26,26,26,26,26,26,26,26
90145,1,1,1990,0,0,0,0,0,0,0,0,0,0
90146,1,1,1990,0,0,0,0,0,0,0,0,0,0
90147,1,1,1990,0,0,0,0,0,0,0,0,0,0
90148,1,1,1990,0,34,0,18,0,11,23,11,0,3
90149,1,1,1990,11,11,11,11,11,11,11,11,11,11
90149,2,1,1990,0,0,0,0,0,0,0,0,0,0
90149,3,1,1990,0,0,0,0,0,0,0,0,0,0
90150,1,1,1990,20,20,20,20,20,20,20,20,20,20
90153,1,1,1990,0,0,0,0,0,0,0,0,0,0
90154,0,1,1990,25,25,25,25,25,25,25,25,25,25
90154,1,1,1990,0,0,0,4,0,0,0,0,0,0
90156,1,1,1990,18,18,18,18,18,18,18,18,18,18
90159,1,1,1990,0,0,20,0,12,0,0,0,0,18
90159,2,1,1990,12,12,12,12,12,12,12,12,12,12
90161,1,1,1990,0,0,0,0,0,0,0,0,0,0
90162,1,1,1990,0,0,2,13,0,0,0,0,0,0
90165,1,1,1990,12,12,12,12,12,12,12,12,12,12
90165,2,1,1990,17,0,14,15,3,0,5,7,14,36
90166,1,1,1990,17,17,17,17,17,17,17,17,17,17
90166,2,1,1990,0,0,0,0,0,0,0,0,0,0
90168,1,1,1990,0,0,0,0,0,0,0,0,0,0
90171,1,1,1990,0,0,15,0,25,0,0,26,14,28
90172,1,1,1990,18,18,18,18,18,18,18,18,18,18
90173,1,1,1990,0,14,17,24,5,6,20,12,13,0
90174,1,1,1990,0,0,0,0,0,0,0,0,0,0
90174,2,1,1990,0,0,0,0,0,0,0,0,0,0
90174,3,1,1990,0,0,0,0,0,0,0,0,0,0
90175,1,1,1990,0,0,0,0,0,0,0,0,0,0
90176,1,1,1990,27,27,27,27,27,27,27,27,27,27
90178,1,1,1990,4,4,4,4,4,4,4,4,4,4
90179,1,1,1990,14,14,14,14,14,14,14,14,14,14
90180,1,1,1990,16,31,13,7,20,18,19,35,9,16
90180,2,1,1990,9,9,9,9,9,9,9,9,9,9
90181,1,1,1990,0,0,0,0,0,0,0,0,0,5
90181,2,1,1990,14,22,26,12,16,7,24,19,16,30
90182,1,1,1990,8,7,14,23,12,10,11,14,0,10
90183,1,1,1990,0,0,0,0,0,0,0,0,0,9
90183,2,1,1990,0,0,0,0,0,0,0,0,0,0
90184,0,1,1990,16,16,16,16,16,16,16,16,16,16
90184,1,1,1990,0,0,0,0,0,0,0,0,17,0
90186,1,1,1990,20,20,20,20,20,20,20,20,20,20
90187,1,1,1990,0,0,0,0,0,0,0,0,0,0
90190,1,1,1990,0,7,7,19,14,14,21,7,15,34
90190,2,1,1990,0,0,0,0,0,0,0,0,0,0
90191,1,1,1990,0,0,17,0,0,23,24,24,10,0
90191,2,1,1990,9,9,9,9,9,9,9,9,9,9
90192,1,1,1990,16,16,16,16,16,16,16,16,16,16
90193,1,1,1990,0,0,0,0,0,0,0,0,0,0
90194,0,1,1990,15,20,28,39,17,35,32,9,0,0
90194,1,1,1990,16,0,0,20,10,23,0,17,0,0
90196,1,1,1990,0,0,0,0,0,0,0,0,0,0
90196,2,1,1990,23,23,23,23,23,23,23,23,23,23
90197,1,1,1990,13,13,13,13,13,13,13,13,13,13
90198,1,1,1990,0,0,0,0,0,0,0,0,0,0
90200,1,1,1990,0,0,0,0,0,0,0,0,0,0
90200,2,1,1990,0,0,0,0,0,0,0,0,0,0
90201,1,1,1990,14,14,14,14,14,14,14,14,14,14
90201,2,1,1990,0,0,0,0,0,0,0,0,0,0
90202,1,1,1990,0,0,0,0,0,0,0,0,0,0
90202,2,1,1990,0,0,0,0,0,0,0,0,0,0
90203,1,1,1990,11,15,18,17,19,18,15,5,19,29
90204,1,1,1990,35,35,35,35,35,35,35,35,35,35
90204,2,1,1990,2,2,2,2,2,2,2,2,2,2
90205,1,1,1990,16,16,16,16,16,16,16,16,16,16
90207,1,1,1990,16,16,16,16,16,16,16,16,16,16
90208,1,1,1990,0,0,20,0,10,18,4,0,0,0
90208,2,1,1990,12,12,12,12,12,12,12,12,12,12
90209,1,1,1990,21,21,21,21,21,21,21,21,21,21
90210,1,1,1990,6,6,6,6,6,6,6,6,6,6
90210,2,1,1990,0,0,0,0,0,0,0,0,0,0
90211,1,1,1990,0,0,0,0,0,0,0,0,0,17
90211,2,1,1990,0,0,0,0,0,0,0,0,0,0
90213,1,1,1990,0,0,0,0,0,0,0,0,0,0
90213,2,1,1990,0,0,0,0,0,0,0,0,0,0
90214,1,1,1990,0,0,0,0,0,0,0,0,0,0
90214,2,1,1990,0,0,0,0,0,0,0,0,0,0
90215,0,1,1990,0,0,0,0,0,0,0,0,0,0
90215,1,1,1990,0,0,0,0,0,0,0,0,0,0
90216,0,1,1990,0,0,0,0,0,0,0,0,0,0
90216,1,1,1990,0,0,0,0,0,0,0,0,0,0
90217,1,1,1990,13,13,13,13,13,13,13,13,13,13
90218,1,1,1990,16,16,16,16,16,16,16,16,16,16
90218,2,1,1990,11,3,3,0,22,0,3,0,9,0
90219,1,1,1990,0,0,0,0,11,0,0,0,0,0
90220,1,1,1990,0,0,0,0,0,0,0,0,0,0
90221,1,1,1990,20,20,20,20,20,20,20,20,20,20
90222,1,1,1990,0,0,0,7,11,0,27,0,0,0
90223,1,1,1990,0,0,19,0,0,0,0,0,0,0
90223,2,1,1990,0,0,0,0,0,0,0,0,0,0
90224,1,1,1990,13,13,13,13,13,13,13,13,13,13
90225,1,1,1990,11,23,23,5,23,21,26,8,19,10
90226,1,1,1990,12,0,20,26,16,0,19,33,26,15
90227,0,1,1990,0,0,0,0,0,0,0,0,0,0
90227,1,1,1990,0,21,0,0,0,0,0,0,0,0
90228,1,1,1990,0,0,0,0,0,0,0,0,0,0
90228,2,1,1990,0,0,0,0,0,0,0,0,0,0
90229,1,1,1990,13,13,13,13,13,13,13,13,13,13
90230,1,1,1990,0,0,0,0,0,0,0,0,0,0
90230,2,1,1990,7,0,0,0,24,0,0,27,0,0
90231,1,1,1990,0,0,0,0,0,0,0,0,0,0
90232,1,1,1990,4,4,4,4,4,4,4,4,4,4
90232,2,1,1990,22,5,13,12,15,9,0,11,0,0
90232,3,1,1990,0,0,0,0,0,0,0,0,0,0
90233,1,1,1990,12,12,12,12,12,12,12,12,12,12
90235,1,1,1990,0,0,0,0,0,0,0,0,0,0
90236,1,1,1990,0,0,0,0,0,0,0,0,0,0
90237,1,1,1990,27,27,27,27,27,27,27,27,27,27
90238,1,1,1990,0,0,0,0,0,0,0,0,0,0
90239,1,1,1990,0,0,0,0,0,0,0,0,0,0
90240,1,1,1990,18,18,18,18,18,18,18,18,18,18
90241,1,1,1990,17,15,29,9,21,0,24,8,0,0
90242,1,1,1990,11,11,11,11,11,11,11,11,11,11
90243,1,1,1990,15,18,5,5,13,27,5,5,4,0
90243,2,1,1990,0,0,0,0,0,0,0,0,0,0
90243,3,1,1990,15,29,0,14,0,8,10,19,9,1
90244,1,1,1990,0,11,22,0,0,11,0,6,0,0
90245,1,1,1990,16,9,16,17,7,12,18,0,18,0
90245,2,1,1990,0,0,0,0,8,0,0,0,0,0
90245,3,1,1990,0,0,0,0,0,0,0,0,0,0
90246,1,1,1990,0,0,0,0,0,0,0,0,0,0
90246,2,1,1990,22,22,22,22,22,22,22,22,22,22
90247,1,1,1990,26,8,0,0,10,0,0,0,0,0
90247,2,1,1990,8,8,8,8,8,8,8,8,8,8
90248,1,1,1990,0,0,0,0,0,0,0,0,0,0
90248,2,1,1990,28,28,28,28,28,28,28,28,28,28
90249,1,1,1990,29,29,29,29,29,29,29,29,29,29
90250,1,1,1990,18,18,18,18,18,18,18,18,18,18
90251,1,1,1990,0,0,0,0,0,0,12,0,0,0
90251,2,1,1990,0,0,0,0,0,0,0,0,0,0
90252,1,1,1990,0,0,0,0,0,0,0,0,0,0
90252,2,1,1990,0,0,0,0,0,0,0,0,0,0
90253,1,1,1990,18,18,18,18,18,18,18,18,18,18
90254,0,1,1990,31,26,14,10,8,18,0,27,23,14
90254,1,1,1990,0,0,0,0,0,0,0,0,0,0
90255,1,1,1990,0,0,26,0,0,0,0,0,20,0
90255,2,1,1990,0,0,0,0,0,0,0,0,0,0
90256,1,1,1990,27,27,27,27,27,27,27,27,27,27
90257,1,1,1990,0,0,0,0,0,0,0,0,0,0
90258,1,1,1990,0,0,0,0,0,0,0,0,0,0
90259,1,1,1990,0,6,13,0,9,0,11,0,0,0
90259,2,1,1990,0,0,0,0,0,0,0,0,0,0
90259,3,1,1990,0,10,0,0,5,0,0,7,0,0
90260,1,1,1990,26,26,26,26,26,26,26,26,26,26
90261,1,1,1990,8,8,8,8,8,8,8,8,8,8
90262,1,1,1990,0,10,0,5,18,26,16,0,16,25
90263,1,1,1990,0,0,0,0,0,29,0,7,0,0
90263,2,1,1990,0,0,0,0,0,0,0,0,0,0
90264,1,1,1990,15,15,15,15,15,15,15,15,15,15
90265,1,1,1990,0,13,0,17,0,0,0,0,7,22
90266,1,1,1990,0,0,0,0,0,0,0,0,0,0
90268,1,1,1990,0,0,0,0,0,0,0,0,0,0
90269,1,1,1990,7,0,0,0,0,0,0,0,0,0
90269,2,1,1990,0,0,0,0,0,0,0,0,0,0
90270,1,1,1990,0,0,0,0,0,0,0,0,0,0
90271,1,1,1990,0,0,0,0,0,0,0,0,0,0
90271,2,1,1990,0,0,18,0,0,0,0,0,0,0
90272,1,1,1990,18,18,18,18,18,18,18,18,18,18
90273,1,1,1990,0,0,0,0,0,0,0,0,0,0
90273,2,1,1990,15,0,0,0,0,0,0,0,16,10
90274,1,1,1990,0,0,0,0,0,0,0,0,0,0
90274,2,1,1990,0,0,0,0,0,0,0,7,0,0
90275,1,1,1990,19,18,0,10,11,13,8,0,0,0
90276,1,1,1990,18,18,18,18,18,18,18,18,18,18
90276,2,1,1990,6,20,0,0,13,0,0,0,25,0
90277,1,1,1990,0,0,0,0,0,0,0,0,0,0
90277,2,1,1990,0,0,0,0,0,2,26,0,28,0
90278,1,1,1990,0,0,0,0,0,0,0,0,0,0
90279,1,1,1990,0,0,0,4,0,0,12,0,0,0
90279,2,1,1990,0,0,0,0,0,0,0,0,0,0
90280,1,1,1990,0,0,0,0,0,0,0,0,0,0
90280,2,1,1990,0,0,0,0,0,18,7,0,0,0
90281,1,1,1990,25,25,25,25,25,25,25,25,25,25
90281,2,1,1990,0,0,16,9,0,0,12,0,0,0
90282,1,1,1990,12,12,12,12,12,12,12,12,12,12
90283,1,1,1990,21,21,21,21,21,21,21,21,21,21
90284,1,1,1990,22,22,22,22,22,22,22,22,22,22
90285,1,1,1990,0,0,0,0,0,0,0,13,0,0
90285,2,1,1990,0,0,0,0,0,0,0,0,0,0
90286,1,1,1990,24,24,24,24,24,24,24,24,24,24
90287,0,1,1990,0,0,0,0,0,0,0,0,0,0
90287,0,2,1990,0,0,0,0,0,0,0,0,0,0
90287,0,3,1990,0,0,0,0,0,0,0,0,0,0
90287,0,4,1990,0,0,0,0,0,0,0,0,0,0
90287,0,5,1990,0,0,0,0,0,18,15,0,0,0
90287,1,1,1990,0,0,0,0,0,0,0,28,0,0
90287,2,1,1990,0,0,20,0,0,0,0,0,0,0
90288,1,1,1990,14,14,14,14,14,14,14,14,14,14
90289,1,1,1990,0,0,0,0,0,0,0,0,0,0
90289,2,1,1990,0,0,0,0,0,0,0,0,0,0
90289,3,1,1990,0,0,0,0,0,14,0,0,16,23
90291,0,1,1990,0,0,0,0,0,0,0,0,0,0
90291,1,1,1990,6,0,0,0,0,0,0,0,0,0
90292,0,1,1990,0,0,0,0,0,0,0,0,0,0
90292,1,1,1990,0,0,0,0,0,0,0,0,0,0
90293,1,1,1990,0,0,0,0,0,0,0,0,0,0
90293,2,1,1990,0,0,0,0,0,0,0,0,0,0
90294,1,1,1990,23,23,23,23,23,23,23,23,23,23
90294,2,1,1990,24,16,6,21,10,4,0,17,18,0
90295,1,1,1990,18,18,18,18,18,18,18,18,18,18
90296,1,1,1990,0,0,0,0,0,0,0,0,0,0
90296,2,1,1990,0,0,0,0,0,0,0,0,0,7
90297,1,1,1990,24,24,24,24,24,24,24,24,24,24
90297,2,1,1990,0,0,0,0,0,0,0,0,0,0
90298,1,1,1990,0,0,0,0,0,0,0,0,0,0
90298,2,1,1990,0,0,0,0,0,0,0,0,0,0
90299,1,1,1990,0,0,0,0,0,0,0,0,0,0
90299,2,1,1990,3,0,0,0,0,0,0,0,0,0
90300,1,1,1990,33,33,33,33,33,33,33,33,33,33
90301,0,1,1990,0,0,0,0,0,0,0,0,0,0
90301,1,1,1990,0,0,0,0,0,0,0,0,0,0
90302,0,1,1990,0,0,0,0,0,0,0,0,0,0
90302,1,1,1990,0,0,0,0,0,0,0,0,0,0
90303,1,1,1990,0,0,0,0,0,0,0,0,13,0
90303,2,1,1990,0,0,0,0,0,0,0,0,0,0
90304,1,1,1990,0,0,18,0,0,0,0,0,0,24
90304,2,1,1990,0,0,0,0,0,0,0,0,0,0
90305,0,1,1990,0,17,0,0,0,0,0,0,0,0
90305,1,1,1990,0,0,0,0,0,0,0,0,0,0
90306,1,1,1990,5,5,5,5,5,5,5,5,5,5
90306,2,1,1990,0,0,0,0,16,0,0,0,0,0
90307,1,1,1990,22,22,22,22,22,22,22,22,22,22
90309,0,1,1990,0,0,0,0,0,0,0,0,0,0
90309,1,1,1990,0,0,6,3,0,0,0,0,0,0
90310,0,1,1990,0,0,0,0,0,0,0,0,0,0
90310,1,1,1990,0,0,0,0,0,0,0,0,0,0
90311,1,1,1990,0,0,0,0,0,0,0,0,0,0
90311,2,1,1990,0,0,0,0,0,0,0,0,0,0
90312,1,1,1990,41,41,41,41,41,41,41,41,41,41
90312,2,1,1990,0,0,0,0,0,0,0,0,0,0
90312,3,1,1990,0,0,0,0,0,0,0,0,0,0
90313,1,1,1990,0,0,0,0,0,0,0,0,0,0
90315,0,1,1990,0,0,18,0,18,0,0,0,0,0
90315,1,1,1990,0,0,0,0,0,0,15,0,0,0
90316,1,1,1990,0,0,0,0,0,0,0,8,15,0
90317,1,1,1990,0,0,0,0,0,0,0,0,0,0
90317,2,1,1990,28,4,0,12,18,16,0,0,43,18
90318,1,1,1990,0,13,8,12,20,3,17,0,23,0
90319,1,1,1990,27,23,27,19,27,30,34,15,6,20
90320,0,1,1990,8,8,8,8,8,8,8,8,8,8
90320,1,1,1990,0,23,0,0,0,0,0,0,0,0
90321,1,1,1990,12,12,12,12,12,12,12,12,12,12
90322,1,1,1990,21,0,5,0,23,5,24,8,13,10
90323,1,1,1990,0,0,0,12,0,0,11,14,9,0
90323,2,1,1990,0,0,0,0,0,0,0,0,0,0
90325,1,1,1990,0,0,0,0,0,0,0,0,0,0
90325,2,1,1990,0,0,0,0,0,0,0,0,0,0
90326,1,1,1990,18,18,18,18,18,18,18,18,18,18
90327,0,1,1990,0,0,0,0,0,0,0,0,0,0
90327,1,1,1990,0,0,16,0,0,2,0,0,0,0
90328,1,1,1990,15,15,15,15,15,15,15,15,15,15
90329,1,1,1990,0,0,0,0,0,0,0,0,0,0
90329,2,1,1990,23,15,18,32,9,27,36,0,15,0
90330,1,1,1990,0,0,0,0,0,0,0,0,0,0
90330,2,1,1990,0,0,0,0,0,0,0,0,0,0
90331,1,1,1990,0,0,0,0,0,0,0,30,4,0
90331,2,1,1990,0,0,0,0,0,0,0,0,0,0
90332,0,1,1990,32,32,32,32,32,32,32,32,32,32
90332,1,1,1990,0,0,0,0,0,0,0,0,0,0
90333,0,1,1990,5,0,0,13,9,17,19,27,0,0
90333,1,1,1990,0,0,0,0,0,0,0,0,26,14
90333,2,1,1990,0,0,0,0,0,0,0,0,0,13
90333,3,1,1990,0,0,0,0,14,8,0,15,0,0
90334,0,1,1990,0,0,0,0,0,0,0,0,0,0
90334,1,1,1990,0,0,0,0,0,0,0,0,13,0
90335,1,1,1990,11,11,11,11,11,11,11,11,11,11
90336,1,1,1990,16,16,16,16,16,16,16,16,16,16
90336,2,1,1990,22,0,0,0,7,0,0,0,0,0
90337,0,1,1990,0,0,0,0,0,0,0,0,0,0
90337,1,1,1990,0,0,0,0,0,0,0,0,0,0
90338,1,1,1990,0,0,0,0,0,0,0,0,0,0
90339,1,1,1990,23,23,23,23,23,23,23,23,23,23
90340,1,1,1990,18,19,0,28,0,0,0,0,0,11
90340,2,1,1990,0,0,0,0,0,0,0,0,0,0
90341,0,1,1990,0,0,0,0,0,0,0,0,0,0
90341,1,1,1990,0,0,0,0,0,0,0,0,0,0
90342,0,1,1990,25,25,25,25,25,25,25,25,25,25
90342,1,1,1990,0,0,0,0,0,0,0,0,0,0
90343,1,1,1990,14,14,14,14,14,14,14,14,14,14
90343,2,1,1990,0,0,0,0,0,0,0,0,0,0
90344,1,1,1990,13,13,13,13,13,13,13,13,13,13
90345,1,1,1990,0,0,0,5,0,0,0,0,0,0
90346,1,1,1990,27,16,0,7,31,0,0,19,17,0
90347,1,1,1990,32,32,32,32,32,32,32,32,32,32
90347,2,1,1990,0,0,0,0,0,0,0,0,0,0
90348,1,1,1990,2,2,2,2,2,2,2,2,2,2
90349,1,1,1990,18,18,18,18,18,18,18,18,18,18
90350,1,1,1990,0,0,0,0,0,0,0,0,0,0
90350,2,1,1990,0,0,0,0,0,0,0,0,0,0
90351,1,1,1990,6,6,6,6,6,6,6,6,6,6
90351,2,1,1990,0,0,0,0,4,0,0,0,0,0
90352,1,1,1990,25,25,25,25,25,25,25,25,25,25
90353,0,1,1990,0,0,0,0,0,0,0,0,0,0
90353,1,1,1990,0,0,0,0,0,0,0,0,0,0
90354,1,1,1990,34,34,34,34,34,34,34,34,34,34
90355,0,1,1990,0,0,0,0,0,0,0,0,0,0
90355,0,2,1990,30,30,26,22,0,0,0,27,15,9
90355,1,1,1990,0,9,11,16,22,0,0,13,23,0
90356,0,1,1990,8,8,8,8,8,8,8,8,8,8
90356,1,1,1990,25,20,11,23,9,10,30,0,21,0
90357,1,1,1990,9,18,20,10,14,6,23,11,7,12
90358,1,1,1990,15,12,19,29,12,18,16,8,0,25
90358,2,1,1990,6,0,21,12,0,0,0,0,0,0
90359,1,1,1990,0,0,0,0,0,0,0,0,0,0
90359,2,1,1990,0,0,0,0,0,0,0,0,0,0
90360,1,1,1990,0,0,0,0,0,0,0,0,0,0
90361,1,1,1990,0,0,0,0,0,0,0,0,0,0
90361,2,1,1990,0,0,0,0,0,0,0,0,0,0
90362,1,1,1990,21,21,21,21,21,21,21,21,21,21
90362,2,1,1990,32,18,0,25,0,18,15,11,16,0
90363,1,1,1990,16,16,16,16,16,16,16,16,16,16
90363,2,1,1990,0,0,0,0,0,0,0,0,0,0
90365,1,1,1990,0,0,0,0,0,0,0,0,9,0
90366,0,1,1990,0,0,0,0,0,0,0,0,0,0
90366,1,1,1990,0,16,0,0,3,0,0,0,2,0
90367,1,1,1990,24,24,24,24,24,24,24,24,24,24
90367,2,1,1990,0,0,0,0,0,0,0,0,0,0
90368,1,1,1990,19,19,19,19,19,19,19,19,19,19
90369,0,1,1990,22,19,0,15,11,26,20,0,22,12
90369,1,1,1990,0,0,0,0,3,0,0,6,0,0
90371,1,1,1990,24,24,24,24,24,24,24,24,24,24
90371,2,1,1990,28,6,12,0,0,0,0,15,0,0
90371,3,1,1990,0,0,0,14,0,0,0,0,0,0
90372,1,1,1990,10,10,10,10,10,10,10,10,10,10
90373,1,1,1990,0,0,0,0,0,0,0,0,0,0
90374,1,1,1990,17,17,17,17,17,17,17,17,17,17
90374,2,1,1990,0,0,0,0,0,0,9,0,0,0