ST_CASE,VEH_NO,PER_NO,YEAR,P1,P2,P3,P4,P5,P6,P7,P8,P9,P10
90375,1,1,1990,0,0,0,0,0,0,0,0,0,0
90376,1,1,1990,0,0,0,0,0,0,0,0,0,0
90376,2,1,1990,0,0,0,0,0,0,0,0,0,0
90377,1,1,1990,0,0,0,0,0,0,0,0,12,0
90377,2,1,1990,0,0,0,0,0,0,0,0,0,0
90377,3,1,1990,0,0,9,0,0,12,0,0,0,0
90378,1,1,1990,8,8,8,8,8,8,8,8,8,8
90379,0,1,1990,22,22,22,22,22,22,22,22,22,22
90379,1,1,1990,0,29,0,0,0,0,0,0,0,0
90380,0,1,1990,30,27,0,7,27,28,0,20,19,36
90380,1,1,1990,12,12,12,12,12,12,12,12,12,12
90380,2,1,1990,0,2,0,0,0,0,0,0,0,0
90381,1,1,1990,0,0,0,0,0,0,0,0,0,0
90382,0,1,1990,0,0,0,0,0,0,0,0,0,0
90382,1,1,1990,0,0,0,0,0,0,0,0,0,0
90382,2,1,1990,0,0,0,0,0,0,0,0,0,0
90383,0,1,1990,0,37,0,0,0,0,0,0,15,0
90383,1,1,1990,0,0,0,0,0,0,0,0,0,0
90383,2,1,1990,0,0,0,0,0,0,0,0,0,0
90384,0,1,1990,14,14,14,14,14,14,14,14,14,14
90384,1,1,1990,1,1,1,1,1,1,1,1,1,1
90385,1,1,1990,16,16,16,16,16,16,16,16,16,16
90386,1,1,1990,0,0,0,0,0,0,0,0,0,0
90386,2,1,1990,0,0,0,0,0,0,0,0,0,0
90387,0,1,1990,0,0,0,0,0,0,0,0,0,0
90387,1,1,1990,0,0,0,0,0,0,0,0,0,0
90388,1,1,1990,25,25,25,25,25,25,25,25,25,25
90389,1,1,1990,22,22,22,22,22,22,22,22,22,22
90390,1,1,1990,8,8,8,8,8,8,8,8,8,8
90391,1,1,1990,24,0,0,0,0,10,0,0,18,0
90391,2,1,1990,0,0,0,0,0,0,0,0,0,0
90391,3,1,1990,0,12,0,0,11,0,4,0,0,0
90392,1,1,1990,0,0,0,0,0,0,0,0,0,0
90392,2,1,1990,0,0,0,0,0,0,0,0,0,0
90393,1,1,1990,15,15,15,15,15,15,15,15,15,15
90394,1,1,1990,27,27,27,27,27,27,27,27,27,27
90395,0,1,1990,37,37,37,37,37,37,37,37,37,37
90395,1,1,1990,0,0,14,4,0,0,0,0,17,0
90396,1,1,1990,18,18,18,18,18,18,18,18,18,18
90396,2,1,1990,0,0,0,0,0,0,0,0,0,0
90397,1,1,1990,30,4,22,23,0,10,13,13,17,8
90398,1,1,1990,21,21,21,21,21,21,21,21,21,21
90398,2,1,1990,0,0,0,0,0,0,0,0,0,0
90399,0,1,1990,0,21,0,15,0,0,11,0,9,0
90399,1,1,1990,0,0,0,18,0,0,0,0,0,0
90401,1,1,1990,0,0,0,0,0,0,0,0,0,0
90402,1,1,1990,5,15,8,10,10,18,12,17,13,14
90403,0,1,1990,20,20,20,20,20,20,20,20,20,20
90403,1,1,1990,0,0,5,0,0,11,0,0,0,10
90404,1,1,1990,23,23,23,23,23,23,23,23,23,23
90404,2,1,1990,13,13,13,13,13,13,13,13,13,13
90405,0,1,1990,25,0,0,0,21,0,0,0,0,0
90405,1,1,1990,18,22,38,0,0,24,0,6,0,0
90406,1,1,1990,17,17,17,17,17,17,17,17,17,17
90406,2,1,1990,0,0,0,0,0,0,0,0,0,0
90407,1,1,1990,0,0,0,0,0,0,0,0,0,0
90407,2,1,1990,0,0,0,0,0,0,10,0,0,0
90407,3,1,1990,0,0,0,0,11,0,0,0,0,0
90408,1,1,1990,0,0,0,0,0,0,0,0,0,0
90409,1,1,1990,21,21,21,21,21,21,21,21,21,21
90410,1,1,1990,13,13,13,13,13,13,13,13,13,13
90410,2,1,1990,0,0,0,0,0,0,0,0,0,0
90411,1,1,1990,0,0,0,0,0,0,0,0,0,0
90412,1,1,1990,0,0,0,0,0,0,0,0,0,0
90412,2,1,1990,0,0,0,0,0,0,0,0,0,0
90413,1,1,1990,11,18,12,6,9,24,9,25,5,15
90414,1,1,1990,6,6,6,6,6,6,6,6,6,6
90415,1,1,1990,18,18,18,18,18,18,18,18,18,18
90416,0,1,1990,10,10,10,10,10,10,10,10,10,10
90416,1,1,1990,20,0,0,18,0,26,0,10,14,0
90417,1,1,1990,0,0,0,0,0,0,0,0,0,0
90417,2,1,1990,0,20,0,0,0,0,0,0,0,0
90417,3,1,1990,14,0,0,0,11,0,0,11,0,9
90418,0,1,1990,0,0,0,0,0,0,0,0,0,0
90418,1,1,1990,0,0,0,0,0,0,0,0,0,0
90419,0,1,1990,0,0,0,0,0,0,0,0,0,0
90419,1,1,1990,0,0,0,7,0,0,0,0,0,0
90420,0,1,1990,0,0,0,0,0,0,0,0,0,0
90420,1,1,1990,0,0,0,0,10,0,0,0,0,19
90421,1,1,1990,0,19,0,20,0,13,0,10,16,0
90422,1,1,1990,0,0,0,0,0,0,0,0,0,0
90422,2,1,1990,0,0,0,6,0,0,0,0,0,0
90423,1,1,1990,12,12,12,12,12,12,12,12,12,12
90424,0,1,1990,0,0,0,0,0,0,0,0,0,0
90424,1,1,1990,0,0,0,0,0,0,0,0,0,0
90426,1,1,1990,14,14,14,14,14,14,14,14,14,14
90426,2,1,1990,0,0,0,0,0,0,0,23,0,0
90427,1,1,1990,0,0,0,0,0,0,0,0,0,0
90428,1,1,1990,3,3,3,3,3,3,3,3,3,3
90430,1,1,1990,1,1,1,1,1,1,1,1,1,1
90432,0,1,1990,17,17,17,17,17,17,17,17,17,17
90432,1,1,1990,0,0,0,0,0,0,0,0,0,0
90433,0,1,1990,0,0,0,0,0,0,0,0,0,0
90433,1,1,1990,0,0,0,0,0,0,0,0,0,0
90434,1,1,1990,0,0,0,0,0,0,0,0,0,0
90434,2,1,1990,0,0,0,0,0,0,0,0,0,0
90435,1,1,1990,0,0,0,0,15,0,0,0,0,0
90435,2,1,1990,0,0,0,0,0,0,0,0,0,0
100001,0,1,1990,27,27,27,27,27,27,27,27,27,27
100001,1,1,1990,11,16,0,13,11,0,7,0,20,17
100002,0,1,1990,33,33,33,33,33,33,33,33,33,33
100002,1,1,1990,0,0,0,0,0,0,0,0,0,0
100003,1,1,1990,0,0,0,0,0,0,0,0,0,0
100004,1,1,1990,18,18,18,18,18,18,18,18,18,18
100005,0,1,1990,5,5,5,5,5,5,5,5,5,5
100005,1,1,1990,0,0,0,0,0,0,0,0,0,0
100006,1,1,1990,0,0,0,0,0,0,0,0,0,0
100006,2,1,1990,20,20,20,20,20,20,20,20,20,20
100007,1,1,1990,0,0,0,0,0,0,0,0,0,0
100007,2,1,1990,0,0,0,0,0,0,0,0,0,0
100008,1,1,1990,0,0,0,0,0,0,0,0,0,0
100008,2,1,1990,0,0,0,0,0,0,0,0,0,0
100009,1,1,1990,20,20,20,20,20,20,20,20,20,20
100009,2,1,1990,0,0,0,0,0,0,0,0,0,0
100010,1,1,1990,14,14,14,14,14,14,14,14,14,14
100011,1,1,1990,1,1,1,1,1,1,1,1,1,1
100011,2,1,1990,0,0,0,0,0,4,0,0,0,0
100012,0,1,1990,0,0,0,0,0,0,0,0,0,0
100012,1,1,1990,0,0,0,0,0,0,0,0,0,0
100013,1,1,1990,0,0,0,0,0,0,0,0,0,0
100013,2,1,1990,0,0,0,0,0,0,0,0,0,0
100014,1,1,1990,0,0,0,0,0,0,0,0,0,0
100014,2,1,1990,0,0,0,0,0,0,0,0,0,0
100015,1,1,1990,0,0,0,0,0,0,0,0,0,0
100015,2,1,1990,0,0,0,0,0,0,0,15,0,0
100016,1,1,1990,41,41,41,41,41,41,41,41,41,41
100019,0,1,1990,0,0,0,0,0,0,0,0,0,0
100019,1,1,1990,0,0,0,0,0,0,0,0,0,0
100020,1,1,1990,14,14,14,14,14,14,14,14,14,14
100021,1,1,1990,21,21,21,21,21,21,21,21,21,21
100021,2,1,1990,21,21,21,21,21,21,21,21,21,21
100022,0,1,1990,22,22,22,22,22,22,22,22,22,22
100022,1,1,1990,0,0,0,0,0,0,0,0,0,0
100022,2,1,1990,0,0,0,0,0,0,0,0,0,0
100022,3,1,1990,0,0,0,0,0,0,0,0,0,0
100022,4,1,1990,0,0,0,0,0,9,0,0,0,0
100023,1,1,1990,0,0,0,0,0,0,0,0,0,0
100024,1,1,1990,0,0,0,0,0,0,0,0,0,0
100026,1,1,1990,0,0,0,0,0,0,0,0,0,0
100026,2,1,1990,0,0,0,0,0,0,0,0,0,0
100026,3,1,1990,0,0,0,0,0,0,0,0,0,0
100027,0,1,1990,27,27,27,27,27,27,27,27,27,27
100027,1,1,1990,0,0,0,0,0,0,0,0,0,0
100028,1,1,1990,0,0,0,0,0,0,0,0,0,0
100028,2,1,1990,22,22,22,22,22,22,22,22,22,22
100029,0,1,1990,3,3,3,3,3,3,3,3,3,3
100029,1,1,1990,0,0,0,0,0,0,0,3,0,0
100030,1,1,1990,15,15,15,15,15,15,15,15,15,15
100031,1,1,1990,22,22,22,22,22,22,22,22,22,22
100032,0,1,1990,17,17,17,17,17,17,17,17,17,17
100032,1,1,1990,5,5,5,5,5,5,5,5,5,5
100032,2,1,1990,0,0,0,0,0,0,0,0,0,0
100033,1,1,1990,23,23,23,23,23,23,23,23,23,23
100034,1,1,1990,23,23,23,23,23,23,23,23,23,23
100035,1,1,1990,17,17,17,17,17,17,17,17,17,17
100036,1,1,1990,0,0,0,0,0,0,0,0,0,0
100036,2,1,1990,0,0,0,0,0,0,0,0,0,0
100037,1,1,1990,10,10,10,10,10,10,10,10,10,10
100038,1,1,1990,14,14,14,14,14,14,14,14,14,14
100038,2,1,1990,0,0,0,0,0,0,0,0,0,0
100039,1,1,1990,13,13,13,13,13,13,13,13,13,13
100040,1,1,1990,17,17,17,17,17,17,17,17,17,17
100040,2,1,1990,0,0,0,0,0,0,0,0,0,0
100041,1,1,1990,0,0,0,0,0,0,0,0,0,0
100041,2,1,1990,0,0,0,0,0,0,0,0,0,0
100041,3,1,1990,0,0,0,0,0,0,0,0,0,0
100042,0,1,1990,0,0,0,0,0,0,0,0,0,0
100042,1,1,1990,0,0,0,19,0,0,0,0,0,0
100043,1,1,1990,12,24,20,0,15,27,16,13,34,4
100044,1,1,1990,10,10,10,10,10,10,10,10,10,10
100045,1,1,1990,0,0,0,0,0,10,0,0,0,0
100045,2,1,1990,0,0,0,0,0,0,0,0,0,0
100046,1,1,1990,5,5,5,5,5,5,5,5,5,5
100047,0,1,1990,13,13,13,13,13,13,13,13,13,13
100047,1,1,1990,0,0,0,0,0,0,0,0,0,0
100048,1,1,1990,19,19,19,19,19,19,19,19,19,19
100049,1,1,1990,12,12,12,12,12,12,12,12,12,12
100050,1,1,1990,0,0,0,0,0,0,0,0,8,0
100050,2,1,1990,0,0,0,0,0,0,0,0,0,0
100051,1,1,1990,0,0,0,0,0,0,0,0,0,0
100052,1,1,1990,0,0,0,0,0,0,0,0,0,0
100052,2,1,1990,0,0,0,0,0,0,0,0,0,0
100053,1,1,1990,15,15,15,15,15,15,15,15,15,15
100054,1,1,1990,0,0,0,0,0,0,0,0,0,0
100054,2,1,1990,0,0,0,0,0,0,0,0,0,0
100055,1,1,1990,13,13,13,13,13,13,13,13,13,13
100056,1,1,1990,12,12,12,12,12,12,12,12,12,12
100057,1,1,1990,19,19,19,19,19,19,19,19,19,19
100058,1,1,1990,0,0,0,0,0,0,0,0,0,0
100058,2,1,1990,0,0,0,0,0,0,0,0,0,0
100059,1,1,1990,0,0,0,0,0,0,0,0,0,0
100059,2,1,1990,0,0,0,0,0,0,0,0,0,0
100060,1,1,1990,0,0,0,0,0,0,0,0,0,0
100060,2,1,1990,0,0,0,0,0,0,0,0,0,0
100061,1,1,1990,0,0,0,0,0,0,0,0,0,0
100061,2,1,1990,0,0,0,0,0,0,0,0,0,0
100062,1,1,1990,0,0,0,0,0,0,0,0,0,0
100062,2,1,1990,14,14,14,14,14,14,14,14,14,14
100063,1,1,1990,0,10,0,12,0,0,3,2,0,22
100063,2,1,1990,1,1,1,1,1,1,1,1,1,1
100064,0,1,1990,30,30,30,30,30,30,30,30,30,30
100064,1,1,1990,10,10,10,10,10,10,10,10,10,10
100066,0,1,1990,22,22,22,22,22,22,22,22,22,22
100066,1,1,1990,0,0,0,0,0,0,0,0,0,0
100067,0,1,1990,0,0,0,0,0,0,0,0,0,0
100067,1,1,1990,15,15,15,15,15,15,15,15,15,15
100068,1,1,1990,0,0,0,0,0,0,0,0,0,0
100068,2,1,1990,0,0,0,0,0,0,0,0,0,0
100069,0,1,1990,16,16,16,16,16,16,16,16,16,16
100069,1,1,1990,0,0,0,0,0,0,0,0,0,0
100070,1,1,1990,0,0,0,0,0,0,0,0,0,0
100070,2,1,1990,0,0,0,0,0,0,0,0,0,0
100071,1,1,1990,20,20,20,20,20,20,20,20,20,20
100072,1,1,1990,14,14,14,14,14,14,14,14,14,14
100073,1,1,1990,0,0,0,0,0,0,0,0,0,0
100073,2,1,1990,0,0,0,5,0,0,0,0,0,0
100073,3,1,1990,0,0,0,0,0,0,0,0,0,0
100073,4,1,1990,0,0,22,0,0,0,0,0,0,20
100074,1,1,1990,18,18,18,18,18,18,18,18,18,18
100075,1,1,1990,0,0,17,12,0,0,0,0,0,0
100075,2,1,1990,0,0,0,0,1,0,0,0,0,0
100076,1,1,1990,21,21,21,21,21,21,21,21,21,21
100077,1,1,1990,0,0,0,0,9,0,0,0,0,0
100077,2,1,1990,0,0,0,0,0,0,0,0,0,0
100078,1,1,1990,17,17,17,17,17,17,17,17,17,17
100079,1,1,1990,0,0,0,0,0,0,0,0,0,0
100079,2,1,1990,0,0,0,0,0,23,0,0,0,0
100080,1,1,1990,0,0,0,0,0,0,0,0,0,0
100080,2,1,1990,0,0,0,0,0,0,0,0,0,0
100081,1,1,1990,15,15,15,15,15,15,15,15,15,15
100081,2,1,1990,0,0,0,0,0,0,0,0,0,0
100082,1,1,1990,0,0,0,0,0,0,0,0,0,0
100083,1,1,1990,0,0,0,0,0,0,0,0,0,0
100083,2,1,1990,0,0,0,0,0,0,0,0,0,0
100084,1,1,1990,11,11,11,11,11,11,11,11,11,11
100084,2,1,1990,0,0,0,0,0,0,0,0,0,0
100085,0,1,1990,16,16,16,16,16,16,16,16,16,16
100085,1,1,1990,0,15,0,0,0,16,23,0,0,0
100086,1,1,1990,11,11,11,11,11,11,11,11,11,11
100086,2,1,1990,0,0,0,0,0,0,0,0,0,0
100087,1,1,1990,0,0,0,0,0,0,0,0,0,0
100087,2,1,1990,0,0,0,0,0,0,0,0,0,0
100088,0,1,1990,0,0,0,0,0,0,0,0,0,0
100088,1,1,1990,0,0,0,0,0,0,0,0,0,0
100089,0,1,1990,23,23,23,23,23,23,23,23,23,23
100089,1,1,1990,10,20,18,33,0,0,0,21,9,14
100090,1,1,1990,13,0,0,0,0,0,0,0,0,0
100091,1,1,1990,0,0,0,0,0,0,0,0,0,0
100091,2,1,1990,0,0,0,0,0,0,0,0,0,0
100091,3,1,1990,0,0,0,0,0,0,0,0,0,0
100092,1,1,1990,0,0,0,0,0,0,0,0,0,0
100092,2,1,1990,0,0,0,0,0,0,0,0,0,0
100093,0,1,1990,2,2,2,2,2,2,2,2,2,2
100093,1,1,1990,0,0,0,0,0,0,0,0,0,0
100094,1,1,1990,0,32,5,0,0,0,15,25,12,0
100095,1,1,1990,0,0,0,0,0,0,0,0,0,0
100095,2,1,1990,0,0,0,0,0,0,0,0,0,0
100096,1,1,1990,24,24,24,24,24,24,24,24,24,24
100097,1,1,1990,0,0,0,0,0,0,0,0,0,0
100097,2,1,1990,6,6,6,6,6,6,6,6,6,6
100098,1,1,1990,20,20,20,20,20,20,20,20,20,20
100098,2,1,1990,0,0,0,0,0,0,0,0,0,0
100099,1,1,1990,9,9,9,9,9,9,9,9,9,9
100099,2,1,1990,0,31,0,0,18,0,17,0,11,0
100100,1,1,1990,0,0,0,0,0,0,0,0,0,0
100101,1,1,1990,0,0,0,0,0,0,0,0,0,0
100101,2,1,1990,0,0,0,0,0,0,0,0,0,0
100102,1,1,1990,0,0,0,0,0,0,0,0,0,0
100102,2,1,1990,0,0,0,0,0,0,0,0,0,0
100103,0,1,1990,0,0,0,0,0,0,0,0,0,0
100103,1,1,1990,0,0,0,0,0,0,0,0,0,0
100104,1,1,1990,0,0,0,0,0,0,0,0,0,0
100104,2,1,1990,0,0,0,0,0,0,0,0,0,0
100105,0,1,1990,0,0,0,0,0,0,0,0,0,0
100105,1,1,1990,0,0,0,0,0,0,0,0,0,0
100106,1,1,1990,23,23,23,23,23,23,23,23,23,23
100107,1,1,1990,0,0,0,0,0,0,0,0,0,0
100108,1,1,1990,0,0,0,0,0,0,0,0,0,0
100108,2,1,1990,4,4,4,4,4,4,4,4,4,4
100109,1,1,1990,16,16,16,16,16,16,16,16,16,16
100110,1,1,1990,7,0,0,0,0,0,0,0,0,0
100110,2,1,1990,0,0,0,0,0,0,0,0,0,0
100110,3,1,1990,4,0,0,0,0,0,0,0,0,0
100110,4,1,1990,8,0,0,0,0,0,12,0,0,0
100111,1,1,1990,24,24,24,24,24,24,24,24,24,24
100113,1,2,1990,17,17,17,17,17,17,17,17,17,17
100114,1,1,1990,0,0,0,0,0,0,0,0,0,0
100114,2,1,1990,0,0,0,0,0,0,0,0,0,0
100114,3,1,1990,0,0,0,0,0,0,0,0,0,0
100115,1,1,1990,24,0,0,0,0,14,19,17,9,0
100115,2,1,1990,12,12,12,12,12,12,12,12,12,12
100116,1,1,1990,0,0,0,0,0,0,0,0,0,0
100116,2,1,1990,0,0,0,0,0,0,0,0,0,0
100117,0,1,1990,28,28,28,28,28,28,28,28,28,28
100117,1,1,1990,0,0,0,0,0,0,0,0,0,0
100118,1,1,1990,0,0,0,0,0,0,0,0,0,0
100118,2,1,1990,24,24,24,24,24,24,24,24,24,24
100119,1,1,1990,0,0,0,0,0,0,0,0,0,0
100119,2,1,1990,0,0,0,0,0,0,0,0,0,0
100119,3,1,1990,7,7,7,7,7,7,7,7,7,7
100120,1,1,1990,2,2,2,2,2,2,2,2,2,2
100121,1,1,1990,14,14,14,14,14,14,14,14,14,14
100122,1,1,1990,0,9,0,0,0,0,0,0,19,0
100122,2,1,1990,0,0,0,0,3,0,0,0,0,0
100123,1,1,1990,10,10,10,10,10,10,10,10,10,10
100123,2,1,1990,22,0,5,0,0,0,0,0,0,0
100124,1,1,1990,25,25,25,25,25,25,25,25,25,25
100124,2,1,1990,0,0,0,0,24,0,0,0,0,0
100124,3,1,1990,0,0,0,0,14,0,0,0,0,0
100124,4,1,1990,0,0,0,0,0,0,0,0,0,0
100125,0,1,1990,0,0,0,14,25,0,0,29,0,0
100125,1,1,1990,0,0,0,0,0,0,0,0,0,0
100126,1,1,1990,20,20,20,20,20,20,20,20,20,20
110001,0,1,1990,16,16,16,16,16,16,16,16,16,16
110001,1,1,1990,0,0,0,0,0,0,0,0,0,0
110002,1,1,1990,0,0,0,0,0,0,0,0,0,0
110003,1,1,1990,0,0,20,0,0,0,18,0,14,17
110003,2,1,1990,13,17,21,0,19,0,0,0,21,15
110010,0,1,1990,0,0,0,0,0,0,0,0,0,0
110010,1,1,1990,0,3,0,0,0,0,11,0,0,0
110011,0,1,1990,18,18,18,18,18,18,18,18,18,18
110011,1,1,1990,21,11,0,0,8,21,15,10,18,0
110012,1,1,1990,12,12,12,12,12,12,12,12,12,12
110013,1,1,1990,21,21,21,21,21,21,21,21,21,21
110014,1,1,1990,5,5,5,5,5,5,5,5,5,5
110015,0,1,1990,0,0,0,0,0,0,0,0,0,0
110015,1,1,1990,10,10,10,10,10,10,10,10,10,10
110016,0,1,1990,0,0,0,0,0,0,0,0,0,0
110016,1,1,1990,0,8,0,0,0,0,0,0,0,0
110017,0,1,1990,0,0,0,0,0,0,0,0,0,0
110017,0,2,1990,0,0,0,0,16,0,0,0,0,17
110017,1,1,1990,0,0,0,0,0,0,0,0,0,0
110018,0,1,1990,0,0,0,0,0,0,0,0,0,0
110018,1,1,1990,0,0,0,0,0,0,0,0,0,0
110019,0,1,1990,33,0,25,27,0,35,20,4,31,19
110019,1,1,1990,0,11,28,18,12,15,16,5,0,0
110020,1,1,1990,17,17,17,17,17,17,17,17,17,17
110020,2,1,1990,0,0,0,0,0,20,0,0,0,0
110022,1,1,1990,0,0,0,0,0,0,0,0,0,0
110022,2,1,1990,0,0,0,0,0,0,0,0,0,0
110023,1,1,1990,27,27,27,27,27,27,27,27,27,27
110025,0,1,1990,0,0,0,0,0,0,0,0,0,0
110025,1,1,1990,0,0,5,0,0,0,0,0,0,0
110026,1,1,1990,3,3,3,3,3,3,3,3,3,3
110027,1,1,1990,6,6,6,6,6,6,6,6,6,6
110027,2,1,1990,11,25,0,11,15,0,0,22,0,0
110028,1,1,1990,0,0,0,0,0,0,0,0,0,0
110028,2,1,1990,0,0,0,0,0,0,0,0,0,0
110029,1,1,1990,6,6,6,6,6,6,6,6,6,6
110030,1,1,1990,0,0,0,0,0,0,0,0,0,0
110031,0,1,1990,15,15,15,15,15,15,15,15,15,15
110031,1,1,1990,7,0,0,0,12,9,13,7,0,5
110032,1,1,1990,21,21,21,21,21,21,21,21,21,21
110033,0,1,1990,0,0,0,0,0,0,0,0,0,0
110033,1,1,1990,17,17,17,17,17,17,17,17,17,17
110034,0,1,1990,21,21,21,21,21,21,21,21,21,21
110034,1,1,1990,0,0,0,0,0,0,0,13,0,18
110035,0,1,1990,24,24,24,24,24,24,24,24,24,24
110035,1,1,1990,0,0,0,0,0,0,0,0,0,0
110035,2,1,1990,0,0,0,0,0,0,0,0,0,0
110036,0,1,1990,0,0,0,0,0,0,0,0,0,0
110036,1,1,1990,0,0,0,0,0,0,0,0,0,0
110037,1,1,1990,0,11,0,15,0,17,11,0,10,0
110037,2,1,1990,10,10,10,10,10,10,10,10,10,10
110038,1,1,1990,15,15,15,15,15,15,15,15,15,15
110038,2,1,1990,12,12,17,0,14,6,0,8,0,10
110039,1,1,1990,0,0,0,0,26,0,0,0,0,0
110039,2,1,1990,0,0,0,0,0,0,0,0,0,0
110040,1,1,1990,7,7,7,7,7,7,7,7,7,7
110041,1,1,1990,33,33,33,33,33,33,33,33,33,33
110042,0,1,1990,17,17,17,17,17,17,17,17,17,17
110042,1,1,1990,19,19,19,19,19,19,19,19,19,19
110043,1,1,1990,0,0,0,0,0,0,0,0,0,0
110043,2,1,1990,0,0,0,0,0,0,0,0,0,0
110044,1,1,1990,25,25,25,25,25,25,25,25,25,25
110044,2,1,1990,0,0,0,18,0,0,0,0,0,0
110045,0,1,1990,7,7,7,7,7,7,7,7,7,7
110045,1,1,1990,0,0,0,0,0,0,0,0,0,0
110046,0,1,1990,7,7,7,7,7,7,7,7,7,7
110046,1,1,1990,0,0,0,0,0,0,0,0,0,0
110047,0,1,1990,0,0,0,0,0,0,0,0,0,0
110047,1,1,1990,0,0,0,0,0,0,0,0,0,0
110048,1,1,1990,31,31,31,31,31,31,31,31,31,31
110048,2,1,1990,0,0,0,0,0,0,0,0,0,0
110049,0,1,1990,24,24,24,24,24,24,24,24,24,24
110049,1,1,1990,0,19,0,0,0,18,12,0,0,0
110050,1,1,1990,0,0,0,8,0,0,0,0,0,0
110050,2,1,1990,0,0,7,0,0,0,16,0,4,6
110051,1,1,1990,0,0,0,0,0,0,0,0,0,0
110051,2,1,1990,0,0,0,0,0,0,13,7,0,0
110052,1,1,1990,9,19,25,6,0,0,0,0,19,0
110052,2,1,1990,0,0,0,0,0,0,0,0,8,0
110052,3,1,1990,8,0,22,0,0,0,0,8,0,0
110053,1,1,1990,6,6,6,6,6,6,6,6,6,6
110054,1,1,1990,32,32,32,32,32,32,32,32,32,32
120001,0,1,1990,31,31,31,31,31,31,31,31,31,31
120001,1,1,1990,26,0,0,0,0,0,0,0,15,0
120002,1,1,1990,0,0,0,0,0,0,0,0,0,0
120002,2,1,1990,0,0,0,0,0,0,0,0,6,0
120002,3,1,1990,0,0,0,0,0,0,0,0,0,0
120003,1,1,1990,0,0,0,0,0,0,0,0,0,0
120003,2,1,1990,0,0,0,0,0,0,0,0,0,0
120004,1,1,1990,1,1,1,1,1,1,1,1,1,1
120004,2,1,1990,0,0,0,0,0,0,0,0,0,0
120005,1,1,1990,5,5,5,5,5,5,5,5,5,5
120005,2,1,1990,0,0,25,13,0,0,0,0,0,0
120005,3,1,1990,0,0,0,10,0,0,0,0,0,0
120005,4,1,1990,21,12,0,29,12,29,26,0,14,28
120006,1,1,1990,20,20,20,20,20,20,20,20,20,20
120007,0,1,1990,0,0,20,0,0,15,28,0,0,0
120007,1,1,1990,15,6,20,6,5,0,16,3,4,6
120008,1,1,1990,26,26,26,26,26,26,26,26,26,26
120008,2,1,1990,0,0,0,0,0,0,0,0,0,0
120009,0,1,1990,0,0,0,0,0,0,0,0,0,0
120009,1,1,1990,0,0,0,0,0,0,0,0,0,0
120010,0,1,1990,0,0,0,0,0,0,0,0,0,0
120010,1,1,1990,0,0,0,0,0,0,0,0,0,0
120011,1,1,1990,0,0,0,0,0,0,0,0,0,0
120011,2,1,1990,0,0,0,0,0,0,27,0,0,0
120011,3,1,1990,19,0,0,0,0,0,0,0,0,0
120012,1,1,1990,0,0,0,0,0,0,0,0,0,0
120012,2,1,1990,18,18,18,18,18,18,18,18,18,18
120013,1,1,1990,34,34,34,34,34,34,34,34,34,34
120013,2,1,1990,0,0,0,0,0,0,0,0,0,0
120014,0,1,1990,45,45,45,45,45,45,45,45,45,45
120014,1,1,1990,0,0,0,0,0,0,0,0,0,0
120015,1,1,1990,22,22,22,22,22,22,22,22,22,22
120016,0,1,1990,1,1,1,1,1,1,1,1,1,1
120016,1,1,1990,0,0,0,0,0,0,0,0,0,0
120017,1,1,1990,0,0,0,0,0,0,0,0,0,0
120017,2,1,1990,0,0,0,0,0,0,0,0,0,0
120018,1,1,1990,0,0,0,0,0,0,0,0,0,0
120018,2,1,1990,0,0,0,0,0,0,0,0,0,0
120019,0,1,1990,0,0,0,0,0,0,0,0,0,0
120019,1,1,1990,0,0,0,0,0,0,0,0,0,0
120020,1,1,1990,0,0,0,0,0,0,0,0,0,0
120020,2,1,1990,0,0,0,0,0,0,0,0,0,0
120021,1,1,1990,0,0,0,0,0,0,0,0,0,0
120021,2,1,1990,0,0,0,0,0,0,0,0,0,0
120021,3,1,1990,0,0,0,0,0,0,0,0,0,0
120021,4,1,1990,0,0,0,0,0,0,0,0,0,0
120022,1,1,1990,0,0,0,6,0,0,0,0,0,0
120023,1,1,1990,23,23,23,23,23,23,23,23,23,23
120023,2,1,1990,0,0,0,0,0,0,0,0,0,0
120024,1,1,1990,0,0,0,0,0,0,0,0,0,0
120025,1,1,1990,11,11,11,11,11,11,11,11,11,11
120025,2,1,1990,0,0,0,19,0,0,0,0,0,4
120026,1,1,1990,21,21,21,21,21,21,21,21,21,21
120026,2,1,1990,7,7,7,7,7,7,7,7,7,7
120027,1,1,1990,0,0,0,0,0,0,0,0,0,0
120027,2,1,1990,0,0,0,11,0,0,0,0,0,0
120028,1,1,1990,15,0,0,0,0,0,0,0,0,0
120028,2,1,1990,0,0,0,0,0,0,0,0,0,0
120029,1,1,1990,24,24,24,24,24,24,24,24,24,24
120030,0,1,1990,23,16,36,26,11,25,24,17,24,2
120030,1,1,1990,0,0,0,0,0,4,0,0,13,0
120031,1,1,1990,0,0,0,0,0,0,0,0,0,0
120031,2,1,1990,0,0,0,0,17,0,0,0,0,0