ST_CASE,VEH_NO,PER_NO,YEAR,P1,P2,P3,P4,P5,P6,P7,P8,P9,P10
120291,0,1,1990,0,0,0,0,0,0,0,0,0,0
120291,1,1,1990,0,0,0,0,0,0,0,0,0,0
120292,1,1,1990,14,14,14,14,14,14,14,14,14,14
120292,2,1,1990,0,0,0,0,0,0,0,0,0,0
120293,1,1,1990,0,0,0,0,0,0,0,0,0,0
120293,2,1,1990,0,0,7,0,0,0,0,0,0,0
120294,1,1,1990,4,4,4,4,4,4,4,4,4,4
120294,2,1,1990,0,11,0,0,0,0,0,0,0,0
120295,1,1,1990,14,14,14,14,14,14,14,14,14,14
120295,2,1,1990,0,0,0,0,0,0,0,0,0,0
120295,3,1,1990,0,0,0,0,0,0,0,0,0,0
120296,1,1,1990,24,24,24,24,24,24,24,24,24,24
120297,1,1,1990,0,0,0,0,0,0,0,0,0,0
120297,2,1,1990,0,0,11,0,0,0,0,0,0,0
120298,1,1,1990,0,0,0,0,19,0,0,0,0,0
120299,0,1,1990,12,12,12,12,12,12,12,12,12,12
120299,1,1,1990,0,0,0,0,0,0,0,0,0,0
120300,1,1,1990,0,0,0,0,0,0,0,0,0,0
120300,2,1,1990,0,0,0,0,0,0,0,0,0,0
120301,1,1,1990,2,2,2,2,2,2,2,2,2,2
120301,2,1,1990,0,5,0,0,0,0,0,0,0,0
120303,1,1,1990,0,0,0,0,0,0,0,0,0,0
120303,2,1,1990,0,0,0,0,0,0,0,0,0,0
120304,1,1,1990,0,0,0,0,0,0,0,0,0,0
120304,2,1,1990,0,0,0,13,0,0,0,0,0,0
120306,1,1,1990,0,0,0,0,0,0,0,0,0,0
120306,2,1,1990,0,0,0,0,0,0,0,0,0,0
120307,1,1,1990,0,0,0,0,0,0,0,0,0,0
120308,1,1,1990,0,0,0,0,0,0,0,0,0,8
120308,2,1,1990,0,24,0,0,23,14,0,0,19,10
120309,1,1,1990,0,0,0,0,0,0,0,0,0,0
120309,2,1,1990,0,0,17,0,0,0,0,0,0,0
120310,1,1,1990,0,0,0,5,0,0,0,0,14,0
120310,2,1,1990,0,0,0,0,0,0,0,0,0,0
120311,1,1,1990,0,28,0,0,0,0,0,22,0,29
120312,0,1,1990,30,30,30,30,30,30,30,30,30,30
120312,1,1,1990,8,8,8,8,8,8,8,8,8,8
120313,1,1,1990,0,13,0,0,0,0,0,0,26,0
120314,0,1,1990,18,18,18,18,18,18,18,18,18,18
120314,1,1,1990,0,0,0,0,0,0,0,0,0,0
120315,0,1,1990,0,0,0,0,0,0,0,0,0,0
120315,0,2,1990,0,0,0,0,0,0,0,0,0,0
120315,1,1,1990,0,0,0,0,0,0,0,0,0,0
120316,1,1,1990,0,0,0,0,0,0,0,0,0,0
120316,2,1,1990,0,0,0,0,0,0,0,0,0,0
120317,0,1,1990,25,25,25,25,25,25,25,25,25,25
120317,1,1,1990,0,0,15,17,0,0,0,0,0,17
120317,2,1,1990,0,0,0,0,0,0,0,0,0,0
120318,1,1,1990,22,22,22,22,22,22,22,22,22,22
120319,1,1,1990,9,9,0,0,0,0,0,0,0,0
120319,2,1,1990,0,0,0,0,0,0,0,0,0,0
120320,0,1,1990,29,29,29,29,29,29,29,29,29,29
120320,1,1,1990,0,0,0,0,0,0,0,0,0,0
120321,1,1,1990,24,24,24,24,24,24,24,24,24,24
120322,1,1,1990,15,15,15,15,15,15,15,15,15,15
120322,2,1,1990,0,0,0,0,0,0,0,0,0,0
120323,1,1,1990,12,12,12,12,12,12,12,12,12,12
120324,1,1,1990,0,0,0,0,0,0,0,0,0,0
120324,2,1,1990,0,0,0,0,0,0,13,0,0,0
120325,0,1,1990,0,0,0,0,0,0,0,0,0,0
120325,1,1,1990,19,19,19,19,19,19,19,19,19,19
120326,1,1,1990,10,10,10,10,10,10,10,10,10,10
120327,0,1,1990,8,8,8,8,8,8,8,8,8,8
120327,1,1,1990,24,24,24,24,24,24,24,24,24,24
120329,0,1,1990,0,0,0,0,0,0,0,0,0,0
120329,1,1,1990,0,0,0,0,0,0,0,0,0,0
120330,1,1,1990,0,0,0,0,0,0,0,0,0,0
120330,2,1,1990,13,13,13,13,13,13,13,13,13,13
120331,0,1,1990,0,0,0,0,0,0,0,0,0,0
120331,1,1,1990,0,0,0,0,0,0,0,10,0,0
120332,1,1,1990,14,14,14,14,14,14,14,14,14,14
120333,1,1,1990,0,0,0,0,0,0,0,0,0,0
120334,1,1,1990,4,4,4,4,4,4,4,4,4,4
120335,1,1,1990,0,0,0,0,0,0,0,0,0,0
120335,2,1,1990,4,4,4,4,4,4,4,4,4,4
120336,1,1,1990,0,0,0,0,0,0,0,0,0,0
120337,0,1,1990,0,0,0,0,22,0,0,0,0,0
120337,1,1,1990,0,0,0,0,0,0,0,0,0,0
120338,0,1,1990,0,0,0,0,0,0,0,0,0,0
120338,1,1,1990,0,0,0,0,0,0,0,0,0,0
120339,0,1,1990,12,12,12,12,12,12,12,12,12,12
120339,1,1,1990,20,20,20,20,20,20,20,20,20,20
120340,1,1,1990,22,22,22,22,22,22,22,22,22,22
120340,2,1,1990,10,10,10,10,10,10,10,10,10,10
120341,1,1,1990,0,0,0,0,0,0,0,0,0,0
120341,2,1,1990,0,0,0,0,0,0,0,0,0,0
120342,0,1,1990,0,0,0,0,0,0,0,0,0,0
120342,1,1,1990,0,0,0,0,0,0,0,0,0,0
120343,0,1,1990,0,0,0,0,0,0,0,0,0,0
120343,0,2,1990,21,27,38,31,0,0,0,0,15,0
120343,1,1,1990,0,0,0,0,0,0,0,0,0,0
120344,1,1,1990,0,0,0,0,0,0,0,0,0,0
120344,2,1,1990,0,0,0,0,0,0,0,0,0,0
120345,1,1,1990,0,0,0,2,0,0,9,0,0,0
120345,2,1,1990,0,7,0,0,12,0,0,0,0,0
120345,3,1,1990,0,0,0,0,0,0,0,0,0,0
120346,0,1,1990,15,15,15,15,15,15,15,15,15,15
120346,1,1,1990,0,0,0,0,0,0,0,0,0,0
120347,1,1,1990,4,4,4,4,4,4,4,4,4,4
120347,2,1,1990,0,0,0,0,0,0,0,0,0,0
120348,0,1,1990,0,0,0,0,0,0,0,0,0,0
120348,1,1,1990,0,0,0,0,0,0,0,0,0,0
120349,1,1,1990,24,24,24,24,24,24,24,24,24,24
120350,1,1,1990,0,0,0,0,0,0,0,0,0,0
120350,2,1,1990,0,0,0,0,0,7,0,8,0,0
120350,3,1,1990,0,0,0,0,0,0,0,0,0,20
120351,1,1,1990,23,23,23,23,23,23,23,23,23,23
120351,2,1,1990,0,0,0,0,0,0,0,0,0,0
120351,3,1,1990,0,0,0,0,0,0,0,0,0,0
120352,1,1,1990,0,0,0,0,0,0,0,0,0,0
120353,1,1,1990,31,31,31,31,31,31,31,31,31,31
120353,2,1,1990,0,0,0,0,0,0,0,0,0,0
120354,1,1,1990,20,20,20,20,20,20,20,20,20,20
120355,1,1,1990,8,8,8,8,8,8,8,8,8,8
120355,2,1,1990,7,7,7,7,7,7,7,7,7,7
120356,1,1,1990,3,3,3,3,3,3,3,3,3,3
120356,2,1,1990,0,0,0,0,0,0,0,0,0,0
120356,3,1,1990,0,0,0,0,0,0,0,0,0,0
120357,0,1,1990,0,0,0,0,0,0,0,0,0,0
120357,1,1,1990,0,0,0,0,0,0,0,0,0,0
120358,1,1,1990,0,0,0,5,0,0,0,0,0,0
120359,0,1,1990,0,0,0,0,0,0,0,0,0,0
120359,1,1,1990,0,0,0,0,0,0,0,0,0,0
120360,0,1,1990,2,2,2,2,2,2,2,2,2,2
120360,1,1,1990,11,33,6,16,16,0,0,1,0,17
120361,1,1,1990,0,0,0,0,0,0,0,0,0,0
120361,2,1,1990,12,12,12,12,12,12,12,12,12,12
120362,1,1,1990,27,25,0,0,15,17,27,0,0,0
120363,1,1,1990,0,0,0,0,0,0,0,0,0,0
120364,0,1,1990,0,0,0,0,0,0,0,0,0,0
120364,1,1,1990,0,0,0,0,0,0,0,0,0,0
120365,0,1,1990,0,0,0,0,0,0,0,0,0,0
120365,1,1,1990,0,0,0,21,0,0,0,0,0,0
120366,1,1,1990,12,0,25,0,0,0,0,0,0,11
120367,1,1,1990,0,0,0,0,0,0,0,0,0,0
120368,0,1,1990,0,0,0,0,0,0,0,0,0,0
120368,1,1,1990,0,0,0,0,0,5,0,0,8,0
120369,1,1,1990,26,26,26,26,26,26,26,26,26,26
120369,2,1,1990,11,11,11,11,11,11,11,11,11,11
120370,0,1,1990,0,39,0,0,0,0,0,0,0,0
120370,1,1,1990,0,0,0,0,0,0,0,0,0,0
120371,1,1,1990,14,0,0,0,0,0,0,0,0,0
120372,1,1,1990,16,16,16,16,16,16,16,16,16,16
120373,1,1,1990,19,19,19,19,19,19,19,19,19,19
120373,2,1,1990,0,0,0,0,0,0,0,0,3,0
120374,1,1,1990,0,0,0,0,0,0,0,0,0,0
120374,2,1,1990,0,0,0,0,0,0,0,0,0,0
120375,1,1,1990,0,0,0,0,0,0,0,0,0,0
120376,1,1,1990,22,22,22,22,22,22,22,22,22,22
120377,0,1,1990,21,21,21,21,21,21,21,21,21,21
120377,1,1,1990,13,12,0,27,3,10,8,16,0,6
120378,1,1,1990,0,0,16,0,11,8,0,0,24,0
120380,1,1,1990,0,0,0,0,0,0,0,0,0,0
120380,2,1,1990,0,0,0,0,0,0,0,0,0,0
120381,0,1,1990,0,0,0,0,0,0,0,0,0,0
120381,1,1,1990,0,0,0,0,0,0,20,0,0,0
120382,1,1,1990,0,0,0,0,0,0,0,0,0,0
120382,2,1,1990,0,0,0,0,0,0,0,0,0,0
120383,1,1,1990,17,17,17,17,17,17,17,17,17,17
120383,2,1,1990,0,0,0,0,0,0,0,0,0,0
120384,1,1,1990,0,0,0,0,0,0,0,0,0,0
120385,1,1,1990,31,31,31,31,31,31,31,31,31,31
120386,1,1,1990,14,14,14,14,14,14,14,14,14,14
120386,2,1,1990,0,0,0,0,0,0,0,0,0,0
120387,1,1,1990,0,0,0,0,0,0,0,0,0,0
120387,2,1,1990,40,0,0,0,0,19,0,0,26,0
120388,0,1,1990,0,0,0,0,0,0,0,0,0,0
120388,0,2,1990,0,0,0,0,0,0,0,0,0,0
120388,1,1,1990,0,0,0,0,12,0,0,0,0,0
120389,0,1,1990,0,0,0,0,0,0,0,0,0,0
120389,1,1,1990,0,0,0,0,13,0,0,0,9,0
120390,2,1,1990,15,15,15,15,15,15,15,15,15,15
120391,1,1,1990,25,25,25,25,25,25,25,25,25,25
120391,2,1,1990,0,0,0,0,0,0,0,0,0,0
120392,0,1,1990,18,18,18,18,18,18,18,18,18,18
120392,1,1,1990,25,25,25,25,25,25,25,25,25,25
120393,1,1,1990,30,30,30,30,30,30,30,30,30,30
120393,2,1,1990,24,11,0,14,0,11,18,0,6,7
120394,1,1,1990,0,0,0,0,0,0,0,0,0,0
120394,2,1,1990,0,0,0,0,0,0,0,14,0,0
120395,1,1,1990,0,0,0,0,0,0,0,0,0,0
120395,2,1,1990,21,21,21,21,21,21,21,21,21,21
120396,0,1,1990,0,0,0,0,0,0,0,0,0,0
120396,1,1,1990,0,0,0,0,0,0,0,0,0,0
120397,0,1,1990,16,16,16,16,16,16,16,16,16,16
120397,1,1,1990,0,0,0,23,38,0,0,0,0,17
120398,0,1,1990,0,0,0,0,0,0,0,0,0,0
120398,1,1,1990,0,0,0,0,0,0,0,0,0,0
120399,0,1,1990,0,0,0,0,0,0,0,0,0,0
120399,1,1,1990,0,0,0,0,0,0,0,0,0,0
120400,1,1,1990,0,0,0,15,0,0,0,0,0,0
120401,1,1,1990,0,0,0,0,0,4,15,0,0,0
120401,2,1,1990,8,0,0,0,0,0,0,0,0,0
120402,0,1,1990,24,24,24,24,24,24,24,24,24,24
120403,1,1,1990,21,21,21,21,21,21,21,21,21,21
120404,0,1,1990,0,0,0,0,0,0,0,0,0,0
120404,1,1,1990,0,0,0,0,0,0,0,0,0,0
120405,1,1,1990,21,21,21,21,21,21,21,21,21,21
120406,0,1,1990,17,17,17,17,17,17,17,17,17,17
120406,1,1,1990,0,0,0,0,0,0,0,0,0,0
120407,0,1,1990,0,0,0,0,0,0,0,0,0,0
120407,1,1,1990,5,0,0,0,0,0,0,0,0,0
120408,1,1,1990,32,32,32,32,32,32,32,32,32,32
120408,2,1,1990,0,5,0,0,0,0,0,24,0,0
120409,1,1,1990,0,0,0,0,0,0,0,0,0,0
120410,1,1,1990,22,22,22,22,22,22,22,22,22,22
120411,1,1,1990,0,0,0,0,0,0,0,0,0,0
120411,2,1,1990,0,0,8,0,0,0,0,0,15,0
120412,1,1,1990,26,26,26,26,26,26,26,26,26,26
120412,2,1,1990,0,0,0,0,0,0,0,0,0,0
120412,3,1,1990,0,0,0,0,0,0,0,0,0,0
120413,0,1,1990,0,15,16,16,0,7,0,9,24,4
120413,1,1,1990,0,0,0,0,0,0,0,0,0,0
120413,2,1,1990,0,0,0,0,0,0,0,0,0,0
120414,1,1,1990,0,0,0,0,0,0,0,0,0,0
120415,1,1,1990,20,20,20,20,20,20,20,20,20,20
120416,1,1,1990,0,0,0,0,0,0,0,0,0,0
120416,2,1,1990,0,0,0,0,0,0,0,0,0,0
120417,1,1,1990,0,0,0,0,0,0,0,0,0,0
120418,1,1,1990,7,7,7,7,7,7,7,7,7,7
120418,2,1,1990,0,0,0,0,0,5,0,0,0,21
120419,1,1,1990,0,0,0,0,0,0,0,0,16,0
120419,2,1,1990,0,0,0,0,0,0,0,0,0,0
120420,0,1,1990,7,7,7,7,7,7,7,7,7,7
120420,1,1,1990,0,0,0,0,0,0,0,0,0,0
120420,2,1,1990,0,0,0,0,0,0,0,0,0,0
120421,1,1,1990,0,0,0,0,0,0,0,0,0,0
120421,2,1,1990,7,7,7,7,7,7,7,7,7,7
120422,1,1,1990,0,0,8,9,0,0,0,0,0,0
120422,2,1,1990,0,0,0,0,0,0,0,0,0,0
120423,1,1,1990,0,0,0,0,0,0,0,0,0,0
120423,2,1,1990,0,0,0,0,0,0,0,0,0,0
120424,1,1,1990,0,20,0,0,9,0,0,0,0,0
120424,2,1,1990,0,0,0,0,0,0,0,0,0,0
120424,3,1,1990,0,22,0,0,0,0,20,0,0,0
120425,0,1,1990,0,0,0,0,0,0,0,0,0,0
120425,0,2,1990,0,0,0,0,0,0,0,0,0,0
120425,0,3,1990,0,0,0,0,0,0,0,0,0,0
120425,0,4,1990,0,0,0,0,0,0,0,0,0,0
120425,1,1,1990,0,0,0,0,0,0,0,0,0,0
120426,1,1,1990,19,17,25,0,28,9,2,7,11,15
120427,1,1,1990,15,15,15,15,15,15,15,15,15,15
120427,2,1,1990,2,2,2,2,2,2,2,2,2,2
120428,0,2,1990,0,0,0,0,0,0,0,0,0,0
120428,1,1,1990,0,0,0,0,0,0,13,0,0,0
120428,2,1,1990,0,0,4,0,0,0,0,0,0,0
120428,3,1,1990,0,0,0,0,0,0,0,0,0,0
120429,1,1,1990,18,18,18,18,18,18,18,18,18,18
120430,0,1,1990,0,0,0,0,0,0,0,0,0,0
120430,1,1,1990,0,0,0,0,0,0,0,0,0,0
120431,0,1,1990,0,0,0,0,0,0,0,0,0,0
120431,1,1,1990,0,0,0,0,0,0,0,0,7,0
120432,1,1,1990,0,0,0,0,0,0,0,0,0,0
120433,1,1,1990,24,24,24,24,24,24,24,24,24,24
120433,2,1,1990,0,0,0,0,0,0,0,0,0,5
120434,0,1,1990,0,0,0,0,0,0,0,0,0,0
120434,1,1,1990,0,0,0,24,0,0,0,0,9,0
120435,1,1,1990,11,11,11,11,11,11,11,11,11,11
120436,1,1,1990,0,0,0,0,0,0,0,0,0,0
120437,1,1,1990,0,0,0,0,0,0,0,0,0,0
120437,2,1,1990,17,0,0,0,0,0,0,0,0,0
120438,1,1,1990,7,7,7,7,7,7,7,7,7,7
120438,2,1,1990,0,25,0,0,0,0,0,0,0,0
120439,1,1,1990,0,0,0,0,0,0,0,0,0,0
120439,2,1,1990,0,0,0,0,0,0,0,0,0,0
120440,1,1,1990,0,0,0,0,0,0,0,0,0,0
120440,2,1,1990,0,0,0,0,0,0,0,0,0,0
120441,1,1,1990,0,0,0,0,0,0,0,0,0,0
120441,2,1,1990,8,8,8,8,8,8,8,8,8,8
120442,1,1,1990,0,0,0,0,0,0,0,0,0,0
120442,2,1,1990,0,22,0,0,0,0,0,0,0,0
120443,1,1,1990,0,0,0,0,0,0,0,0,0,0
120443,2,1,1990,11,0,0,0,0,0,0,0,0,0
120444,1,1,1990,0,0,0,0,0,0,0,0,0,0
120444,2,1,1990,0,0,0,0,0,0,0,0,0,0
120445,0,1,1990,0,0,0,0,0,0,0,0,0,0
120445,1,1,1990,0,0,0,0,0,0,0,0,0,0
120446,1,1,1990,22,22,22,22,22,22,22,22,22,22
120447,0,1,1990,0,0,0,0,0,0,0,0,0,0
120447,1,1,1990,0,0,0,0,0,0,0,0,0,0
120448,0,1,1990,0,0,0,0,0,0,0,0,0,0
120448,1,1,1990,0,0,0,0,0,0,0,0,0,0
120449,0,1,1990,0,0,0,0,0,0,0,0,0,0
120449,1,1,1990,0,0,0,0,0,0,0,0,0,0
120450,1,1,1990,0,0,0,0,0,0,0,0,0,0
120450,2,1,1990,0,0,0,0,0,0,0,0,0,0
120451,1,1,1990,0,0,0,0,0,0,0,0,0,0
120452,1,1,1990,0,0,0,0,0,0,0,0,0,0
120453,1,1,1990,0,0,0,0,0,0,0,0,0,0
120453,2,1,1990,0,0,0,0,0,0,0,0,0,0
120454,1,1,1990,18,18,18,18,18,18,18,18,18,18
120454,2,1,1990,0,0,0,0,0,0,0,0,0,0
120456,0,1,1990,13,13,13,13,13,13,13,13,13,13
120456,1,1,1990,0,0,0,0,0,0,0,0,0,0
120457,0,1,1990,0,0,0,13,0,0,0,0,0,0
120457,1,1,1990,0,0,0,0,0,0,0,0,0,0
120458,1,1,1990,0,0,0,0,0,0,0,0,0,0
120458,2,1,1990,0,0,0,0,0,0,0,0,0,0
120458,3,1,1990,0,0,0,0,0,0,14,0,0,0
120459,1,1,1990,0,0,0,0,0,0,0,0,3,0
120459,2,1,1990,0,0,0,0,0,0,0,0,0,0
120460,0,1,1990,25,0,0,0,0,0,0,0,0,0
120460,1,1,1990,0,0,0,0,0,0,0,0,0,0
120461,0,1,1990,0,0,0,0,0,0,0,0,0,0
120461,0,2,1990,0,0,0,15,0,0,0,0,0,0
120461,1,1,1990,0,0,0,0,0,0,0,0,0,0
120462,1,1,1990,0,0,0,0,0,0,0,0,0,0
120462,2,1,1990,0,0,0,0,0,0,0,0,0,0
120463,0,1,1990,0,0,0,0,0,0,0,0,0,0
120463,1,1,1990,0,0,0,0,0,0,0,0,0,0
120464,1,1,1990,0,0,0,0,0,0,0,0,0,0
120464,2,1,1990,0,0,0,0,0,0,0,0,0,0
120464,3,1,1990,0,0,0,0,0,0,0,0,0,0
120465,1,1,1990,0,0,0,0,14,29,9,35,0,0
120466,0,1,1990,0,0,0,0,0,0,0,0,0,22
120466,1,1,1990,0,0,0,0,0,0,0,0,0,0
120467,0,1,1990,0,0,0,0,22,0,0,0,0,0
120467,1,1,1990,0,0,0,0,0,0,0,0,0,0
120468,1,1,1990,12,12,12,12,12,12,12,12,12,12
120468,2,1,1990,0,0,0,0,0,0,0,0,0,0
120468,3,1,1990,0,0,0,0,0,0,0,0,0,0
120468,4,1,1990,0,0,0,0,0,0,0,0,0,0
120468,5,1,1990,0,0,0,0,0,0,0,0,0,0
120469,1,1,1990,9,9,9,9,9,9,9,9,9,9
120470,0,1,1990,0,0,0,0,0,0,0,15,0,0
120470,1,1,1990,0,18,0,0,0,0,28,0,0,0
120471,1,1,1990,33,33,33,33,33,33,33,33,33,33
120471,2,1,1990,0,0,0,0,0,0,0,0,0,0
120471,3,1,1990,0,0,0,0,0,0,0,0,0,0
120472,1,1,1990,0,0,0,0,0,0,0,0,0,0
120472,2,1,1990,0,0,0,0,0,0,0,0,0,0
120473,1,1,1990,0,0,0,0,0,0,0,0,0,0
120473,2,1,1990,0,0,0,0,0,0,0,0,0,0
120474,1,1,1990,11,11,11,11,11,11,11,11,11,11
120475,1,1,1990,23,23,23,23,23,23,23,23,23,23
120476,1,1,1990,19,19,19,19,19,19,19,19,19,19
120477,1,1,1990,0,0,0,0,0,0,0,0,0,0
120477,2,1,1990,19,19,19,19,19,19,19,19,19,19
120478,1,1,1990,18,30,16,12,27,20,24,18,34,35
120478,2,1,1990,0,0,0,0,0,0,14,0,0,0
120479,0,1,1990,17,17,17,17,17,17,17,17,17,17
120479,1,1,1990,0,0,0,0,0,11,0,0,0,0
120480,1,1,1990,0,0,0,0,0,0,0,0,0,0
120480,2,1,1990,0,0,0,0,0,0,0,0,0,0
120481,1,1,1990,21,21,21,21,21,21,21,21,21,21
120481,2,1,1990,0,7,0,0,0,0,0,0,0,0
120482,1,1,1990,0,0,0,0,0,0,0,0,0,0
120482,2,1,1990,0,0,0,0,0,0,0,0,0,0
120483,1,1,1990,5,0,15,11,0,0,4,0,0,0
120484,1,1,1990,0,0,0,0,0,0,0,0,0,0
120485,1,1,1990,0,0,0,0,0,0,0,0,0,0
120485,2,1,1990,0,0,0,0,0,0,0,0,0,0
120485,3,1,1990,10,10,10,10,10,10,10,10,10,10
120486,1,1,1990,13,0,0,0,0,18,0,0,17,0
120487,0,1,1990,0,0,0,0,0,0,0,0,0,0
120487,1,1,1990,0,0,0,0,0,0,0,0,0,0
120488,1,1,1990,3,3,3,3,3,3,3,3,3,3
120488,2,1,1990,0,0,0,0,0,0,0,0,0,0
120489,1,1,1990,0,0,0,0,0,0,0,0,0,0
120490,1,1,1990,13,13,13,13,13,13,13,13,13,13
120490,2,1,1990,0,0,0,0,0,0,0,0,0,0
120491,0,1,1990,28,18,25,0,24,38,15,30,16,23
120491,1,1,1990,0,0,0,0,0,0,0,0,0,0
120492,0,1,1990,0,0,0,0,0,0,0,0,0,0
120492,1,1,1990,0,0,0,0,0,0,0,0,0,0
120493,1,1,1990,0,0,0,0,0,0,0,0,0,0
120493,2,1,1990,0,0,0,0,0,0,0,0,0,0
120494,1,1,1990,17,17,17,17,17,17,17,17,17,17
120494,2,1,1990,0,0,0,0,0,0,0,0,0,0
120495,1,1,1990,19,19,19,19,19,19,19,19,19,19
120495,2,1,1990,0,0,0,0,0,0,0,0,0,0
120495,3,1,1990,0,0,0,0,0,0,0,0,0,0
120495,4,1,1990,0,0,0,0,0,0,0,0,0,0
120495,5,1,1990,0,0,0,0,0,0,0,0,0,0
120496,0,1,1990,0,0,0,0,0,0,0,0,0,0
120496,1,1,1990,0,0,0,0,0,0,0,0,0,0
120497,1,1,1990,20,20,20,20,20,20,20,20,20,20
120498,0,1,1990,25,25,25,25,25,25,25,25,25,25
120498,1,1,1990,0,0,0,0,0,0,16,0,2,12
120499,0,1,1990,0,0,0,0,0,0,0,0,0,0
120499,1,1,1990,0,0,0,0,0,0,0,0,0,0
120500,1,1,1990,0,0,0,0,0,0,0,0,0,0
120500,2,1,1990,0,0,0,0,0,0,0,0,0,0
120500,3,1,1990,0,0,0,0,0,0,0,0,0,0
120501,0,1,1990,0,0,0,0,0,0,0,0,0,0
120501,1,1,1990,0,0,0,0,0,0,0,0,0,0
120502,1,1,1990,0,0,0,0,0,0,0,0,0,0
120503,0,1,1990,0,0,0,0,0,0,0,0,0,0
120503,1,1,1990,0,0,0,0,0,0,11,0,0,0
120504,1,1,1990,0,0,0,0,0,22,0,0,0,0
120504,2,1,1990,0,0,0,0,9,0,0,0,0,0
120505,1,1,1990,0,0,0,0,0,7,0,0,0,0
120505,2,1,1990,0,0,0,0,0,0,0,0,0,0
120507,1,1,1990,0,0,0,0,0,0,0,0,0,0
120507,2,1,1990,0,0,0,0,0,0,0,0,0,0
120508,1,1,1990,12,0,17,16,19,16,22,10,14,14
120509,0,1,1990,0,0,0,0,0,0,0,0,0,0
120509,1,1,1990,0,0,0,0,0,0,0,0,0,0
120510,1,1,1990,0,0,0,0,0,0,0,0,0,0
120511,0,1,1990,0,0,0,0,0,0,0,0,0,0
120511,1,1,1990,0,0,0,0,0,0,0,0,0,0
120512,1,1,1990,0,0,0,0,12,0,0,0,0,13
120512,2,1,1990,0,0,0,0,0,14,0,0,0,0
120513,1,1,1990,28,22,16,28,16,23,27,20,14,27
120514,1,1,1990,8,8,8,8,8,8,8,8,8,8
120515,1,1,1990,0,0,0,0,0,0,0,0,0,0
120515,2,1,1990,0,0,0,0,0,0,0,0,0,0
120516,0,1,1990,0,0,0,0,0,0,0,0,0,0
120516,1,1,1990,0,0,0,0,0,0,0,0,0,0
120517,1,1,1990,0,0,0,0,0,0,0,0,0,0
120517,2,1,1990,0,9,0,0,0,0,0,0,0,0
120518,1,1,1990,0,0,0,0,0,0,0,0,0,0
120518,2,1,1990,0,0,0,0,0,4,0,0,0,0
120519,1,1,1990,0,0,0,0,0,0,0,0,0,0
120519,2,1,1990,0,0,0,0,0,0,0,0,0,0
120520,0,1,1990,20,20,20,20,20,20,20,20,20,20
120520,1,1,1990,14,14,14,14,14,14,14,14,14,14
120521,1,1,1990,0,0,0,0,0,0,0,0,0,0
120521,2,1,1990,0,0,0,0,0,0,0,0,0,0
120522,1,1,1990,5,5,5,5,5,5,5,5,5,5
120523,0,1,1990,0,0,0,0,0,0,0,0,0,0
120523,1,1,1990,0,15,9,18,16,25,0,11,12,0
120523,2,1,1990,0,0,0,0,0,0,0,0,0,0
120524,1,1,1990,0,0,0,0,0,0,0,0,0,0
120524,2,1,1990,0,0,0,0,0,0,0,0,0,0
120525,0,1,1990,7,7,7,7,7,7,7,7,7,7
120525,1,1,1990,0,0,0,0,0,0,0,11,0,0
120526,1,1,1990,5,5,5,5,5,5,5,5,5,5
120526,2,1,1990,0,0,0,0,0,0,0,0,0,0
120527,1,1,1990,0,0,0,0,0,0,0,0,0,0
120528,1,1,1990,14,14,14,14,14,14,14,14,14,14
120529,1,1,1990,0,0,0,0,0,5,0,0,0,10
120530,1,1,1990,0,0,0,0,0,0,0,0,0,0
120530,2,1,1990,0,0,0,0,0,0,0,0,0,0
120531,0,1,1990,0,0,0,0,0,0,0,0,0,0
120531,1,1,1990,0,0,0,0,0,0,0,0,0,0
120532,1,1,1990,29,26,0,0,0,21,0,0,7,39
120533,1,1,1990,0,0,0,0,0,0,0,0,0,0
120533,2,1,1990,0,0,0,0,0,0,0,0,0,0
120533,3,1,1990,0,0,0,0,0,0,0,0,0,0
120534,0,1,1990,0,0,0,0,14,0,15,0,0,0
120534,0,2,1990,0,0,0,0,0,0,0,0,0,0
120534,1,1,1990,0,0,17,0,0,0,0,0,0,0
120535,1,1,1990,0,0,0,0,0,0,0,0,0,0
120535,2,1,1990,0,0,22,0,0,0,0,0,0,0
120536,1,1,1990,10,0,0,0,0,0,27,0,0,0
120536,2,1,1990,0,0,0,0,0,0,0,0,0,0
120537,0,1,1990,0,0,0,0,0,0,0,0,0,0
120537,1,1,1990,0,0,0,0,0,0,0,0,0,0
120538,0,1,1990,21,6,41,0,18,25,0,0,12,0
120538,0,2,1990,0,0,0,0,0,0,0,0,0,0
120538,1,1,1990,19,13,17,0,0,0,0,10,7,8
120539,1,1,1990,9,9,0,15,10,0,11,31,16,0
120540,1,1,1990,20,20,20,20,20,20,20,20,20,20
120540,2,1,1990,9,9,9,9,9,9,9,9,9,9
120541,0,1,1990,0,0,0,0,0,0,0,0,0,0
120541,1,1,1990,0,0,0,0,0,0,0,0,0,0
120542,1,1,1990,11,11,11,11,11,11,11,11,11,11
120542,2,1,1990,0,0,0,0,0,0,0,0,0,0
120543,1,1,1990,0,0,0,0,0,0,0,0,0,0
120543,2,1,1990,0,0,0,0,0,0,0,0,0,0
120544,1,1,1990,0,0,0,0,0,0,0,0,0,0
120544,2,1,1990,0,0,0,0,0,0,0,0,0,0
120545,1,1,1990,0,0,0,0,0,0,0,0,0,0
120545,2,1,1990,0,0,0,0,0,0,0,0,0,0
120546,1,1,1990,22,22,22,22,22,22,22,22,22,22
120547,1,1,1990,0,0,0,0,0,3,0,0,0,0