ST_CASE,VEH_NO,PER_NO,YEAR,P1,P2,P3,P4,P5,P6,P7,P8,P9,P10
120547,2,1,1990,28,28,28,28,28,28,28,28,28,28
120547,3,1,1990,0,0,0,0,0,0,0,0,0,0
120547,4,1,1990,0,0,0,0,0,5,0,0,0,0
120548,1,1,1990,0,0,0,0,0,0,0,0,0,0
120548,2,1,1990,0,0,0,0,0,0,0,0,0,0
120549,1,1,1990,7,7,7,7,7,7,7,7,7,7
120550,1,1,1990,25,25,25,25,25,25,25,25,25,25
120551,1,1,1990,15,15,15,15,15,15,15,15,15,15
120552,1,1,1990,0,0,0,0,0,0,0,0,0,0
120552,2,1,1990,0,0,0,0,0,0,0,0,0,0
120553,0,1,1990,19,19,19,19,19,19,19,19,19,19
120553,1,1,1990,0,0,0,0,0,0,0,0,0,0
120554,0,1,1990,0,0,0,0,0,0,0,0,0,0
120554,1,1,1990,0,0,0,0,0,0,0,0,0,0
120555,1,1,1990,24,0,0,0,0,0,0,0,0,13
120556,1,1,1990,19,19,19,19,19,19,19,19,19,19
120556,2,1,1990,0,0,0,0,0,0,0,0,0,0
120556,3,1,1990,0,0,0,0,0,0,0,0,0,0
120557,1,1,1990,0,0,0,0,0,0,0,0,0,0
120557,2,1,1990,0,0,0,0,0,0,0,0,0,0
120558,1,1,1990,19,19,19,19,19,19,19,19,19,19
120558,2,1,1990,0,0,0,0,0,0,0,0,0,0
120559,1,1,1990,0,0,0,0,0,0,0,0,0,0
120559,2,1,1990,0,0,0,0,0,0,0,0,0,0
120560,0,1,1990,29,29,29,29,29,29,29,29,29,29
120560,1,1,1990,32,22,16,19,17,0,0,17,0,18
120561,1,1,1990,0,0,0,0,0,0,0,0,0,0
120561,2,1,1990,0,0,0,0,0,0,0,0,0,0
120562,0,1,1990,0,0,0,0,0,0,0,0,0,0
120562,1,1,1990,17,0,15,0,0,0,0,0,0,9
120563,1,1,1990,0,0,0,0,0,0,0,0,0,0
120563,2,1,1990,0,0,0,0,0,0,0,0,0,0
120564,0,1,1990,0,0,0,0,0,0,0,0,0,0
120564,1,1,1990,0,0,0,0,0,0,0,0,0,0
120565,1,1,1990,3,3,3,3,3,3,3,3,3,3
120566,1,1,1990,21,21,21,21,21,21,21,21,21,21
120567,1,1,1990,0,0,0,0,0,0,0,0,0,0
120567,2,1,1990,0,0,0,0,0,0,0,0,0,0
120568,1,1,1990,22,22,22,22,22,22,22,22,22,22
120569,1,1,1990,33,33,33,33,33,33,33,33,33,33
120570,1,1,1990,0,0,0,0,0,0,0,0,0,0
120570,2,1,1990,0,0,0,0,0,0,0,0,0,0
120571,1,1,1990,20,20,20,20,20,20,20,20,20,20
120571,2,1,1990,0,0,0,0,0,0,0,0,18,0
120572,1,1,1990,0,0,0,0,0,0,0,0,0,0
120572,2,1,1990,0,0,0,0,0,0,0,0,0,0
120573,1,1,1990,29,29,29,29,29,29,29,29,29,29
120574,1,1,1990,0,0,0,0,0,0,0,0,0,0
120574,2,1,1990,0,0,0,0,0,0,0,0,0,0
120575,1,1,1990,0,0,0,0,0,0,0,0,0,0
120576,1,1,1990,21,21,21,21,21,21,21,21,21,21
120577,1,1,1990,0,0,0,0,0,0,0,0,0,0
120577,2,1,1990,0,0,0,0,0,0,0,0,0,0
120577,3,1,1990,0,0,0,0,0,0,0,0,0,0
120578,1,1,1990,39,39,39,39,39,39,39,39,39,39
120579,1,1,1990,25,25,25,25,25,25,25,25,25,25
120580,1,1,1990,0,0,0,0,0,0,0,0,0,0
120580,2,1,1990,0,0,0,0,0,0,0,0,0,0
120580,3,1,1990,0,0,0,0,0,0,0,0,0,0
120581,1,1,1990,15,15,15,15,15,15,15,15,15,15
120582,1,1,1990,1,1,1,1,1,1,1,1,1,1
120582,2,1,1990,0,0,0,0,0,0,0,0,0,5
120583,1,1,1990,19,19,19,19,19,19,19,19,19,19
120583,2,1,1990,0,0,0,0,0,0,0,0,0,0
120584,0,1,1990,29,29,29,29,29,29,29,29,29,29
120584,1,1,1990,0,0,0,0,0,0,0,0,0,0
120585,1,1,1990,19,19,19,19,19,19,19,19,19,19
120586,1,1,1990,0,0,0,0,0,0,0,0,0,0
120586,2,1,1990,16,16,16,16,16,16,16,16,16,16
120587,1,1,1990,0,0,0,0,0,0,0,0,0,0
120587,2,1,1990,0,0,0,0,0,0,0,0,0,0
120588,1,1,1990,23,23,23,23,23,23,23,23,23,23
120588,2,1,1990,0,0,0,0,0,0,0,0,0,0
120589,1,1,1990,0,0,0,0,0,0,0,0,0,0
120590,0,1,1990,25,25,25,25,25,25,25,25,25,25
120590,1,1,1990,0,0,0,0,0,0,13,0,0,0
120590,2,1,1990,0,0,0,0,0,0,0,0,0,15
120590,3,1,1990,0,0,0,0,0,0,0,0,0,30
120590,4,1,1990,0,0,0,9,0,20,10,0,0,18
120591,0,1,1990,21,21,21,21,21,21,21,21,21,21
120591,1,1,1990,0,0,0,0,0,0,0,0,0,0
120592,1,1,1990,22,22,22,22,22,22,22,22,22,22
120593,0,1,1990,3,3,3,3,3,3,3,3,3,3
120593,1,1,1990,0,0,0,0,0,0,0,0,24,0
120594,1,1,1990,0,0,0,0,0,0,0,0,0,0
120594,2,1,1990,0,0,0,0,0,0,0,0,0,0
120595,1,1,1990,0,0,0,0,0,0,0,0,0,0
120595,2,1,1990,0,0,0,0,0,0,0,0,0,0
120596,1,1,1990,23,0,0,16,0,21,0,0,0,8
120597,1,1,1990,0,0,0,8,0,0,0,0,0,0
120597,2,1,1990,0,0,0,0,0,0,0,0,0,0
120598,1,1,1990,27,27,27,27,27,27,27,27,27,27
120598,2,1,1990,0,0,0,0,0,0,0,0,0,0
120599,1,1,1990,12,12,12,12,12,12,12,12,12,12
120600,1,1,1990,25,25,25,25,25,25,25,25,25,25
120600,2,1,1990,0,0,0,0,0,0,0,0,0,0
120601,0,1,1990,21,21,21,21,21,21,21,21,21,21
120601,1,1,1990,10,0,0,15,0,0,0,0,0,0
120602,1,1,1990,0,0,0,0,0,0,0,0,0,0
120602,2,1,1990,0,0,0,0,0,0,0,0,0,0
120603,1,1,1990,19,19,19,19,19,19,19,19,19,19
120604,1,1,1990,10,10,10,10,10,10,10,10,10,10
120605,1,1,1990,20,20,20,20,20,20,20,20,20,20
120605,2,1,1990,0,0,0,0,0,0,0,0,0,0
120606,1,1,1990,0,0,0,0,0,0,0,0,0,0
120607,1,1,1990,15,15,15,15,15,15,15,15,15,15
120607,2,1,1990,0,0,0,0,0,0,0,0,0,0
120607,3,1,1990,0,23,0,0,0,0,0,0,0,0
120608,1,1,1990,0,0,0,0,0,0,0,0,0,0
120608,2,1,1990,0,0,0,0,0,0,0,0,0,0
120609,1,1,1990,0,0,0,0,0,0,0,0,0,0
120610,0,1,1990,0,0,0,0,0,0,0,0,0,0
120610,1,1,1990,0,9,0,0,0,0,0,0,0,0
120611,1,1,1990,0,0,0,0,0,0,0,0,0,0
120611,2,1,1990,0,0,0,0,0,0,0,0,0,0
120611,3,1,1990,0,0,0,0,0,0,0,0,0,0
120612,0,1,1990,19,19,19,19,19,19,19,19,19,19
120612,1,1,1990,0,0,0,0,0,0,0,0,0,0
120612,2,1,1990,0,0,0,0,0,0,0,0,0,0
120612,3,1,1990,0,0,0,0,0,0,0,0,0,0
120613,1,1,1990,0,0,0,0,0,0,0,0,0,0
120614,1,1,1990,0,0,0,0,0,0,0,0,0,0
120615,0,1,1990,1,1,1,1,1,1,1,1,1,1
120615,1,1,1990,0,0,0,0,0,0,0,0,0,0
120617,1,1,1990,20,20,20,20,20,20,20,20,20,20
120618,1,1,1990,30,30,30,30,30,30,30,30,30,30
120618,2,1,1990,0,0,0,10,0,0,0,0,0,0
120618,3,1,1990,0,8,0,0,0,0,0,0,16,6
120619,0,1,1990,19,19,19,19,19,19,19,19,19,19
120619,1,1,1990,0,0,0,0,0,0,0,0,0,0
120620,1,1,1990,0,0,0,0,0,0,0,0,0,0
120620,2,1,1990,0,0,0,0,0,0,0,0,0,0
120620,3,1,1990,0,0,0,0,0,0,0,0,0,5
120621,1,1,1990,19,19,19,19,19,19,19,19,19,19
120621,2,1,1990,0,0,0,0,11,0,0,0,0,0
120622,0,1,1990,15,15,15,15,15,15,15,15,15,15
120622,1,1,1990,0,0,0,0,0,0,0,0,0,0
120623,1,1,1990,16,16,16,16,16,16,16,16,16,16
120624,1,1,1990,0,0,0,0,0,0,0,0,0,0
120625,1,1,1990,0,17,0,0,0,0,0,19,0,10
120625,2,1,1990,0,0,0,0,0,0,0,0,0,0
120628,1,1,1990,21,21,21,21,21,21,21,21,21,21
120628,2,1,1990,2,2,2,2,2,2,2,2,2,2
120628,3,1,1990,0,0,0,0,0,0,0,0,0,0
120628,4,1,1990,0,0,0,0,0,0,0,0,0,0
120629,1,1,1990,0,0,0,0,0,0,0,0,0,0
120629,2,1,1990,0,0,0,0,0,0,11,0,0,0
120630,1,1,1990,0,0,0,0,0,0,0,0,0,0
120632,1,1,1990,0,0,0,0,0,0,0,0,0,0
120632,2,1,1990,0,0,0,0,0,0,0,0,0,0
120632,3,1,1990,0,0,0,0,0,0,0,0,0,0
120632,4,1,1990,0,0,0,0,0,0,14,0,0,0
120632,5,1,1990,0,0,0,0,0,0,0,0,0,0
120633,1,1,1990,0,0,0,0,0,0,0,5,0,0
120633,2,1,1990,0,0,0,0,0,0,0,0,0,0
120635,0,1,1990,14,14,14,14,14,14,14,14,14,14
120635,1,1,1990,0,0,0,0,0,0,0,0,0,0
120636,0,1,1990,0,0,0,0,0,0,0,0,0,0
120636,1,1,1990,0,0,0,0,0,0,0,0,0,0
120637,0,1,1990,0,0,0,0,0,0,0,0,0,0
120637,1,1,1990,17,0,0,0,0,0,0,12,0,0
120638,1,1,1990,0,0,0,0,0,0,0,0,0,0
120638,2,1,1990,0,26,23,0,12,0,23,12,0,28
120639,1,1,1990,9,9,9,9,9,9,9,9,9,9
120640,1,1,1990,0,0,0,0,0,0,0,0,0,0
120640,2,1,1990,0,0,0,0,0,0,0,0,0,0
120641,1,1,1990,0,0,0,0,0,0,0,0,0,0
120641,2,1,1990,0,0,0,0,0,0,0,0,0,0
120642,1,1,1990,0,0,0,0,0,0,0,0,0,13
120643,1,1,1990,5,0,0,0,0,32,17,0,0,15
120644,1,1,1990,0,0,0,0,0,0,0,0,0,0
120644,2,1,1990,0,0,0,0,0,0,0,0,0,0
120644,3,1,1990,0,0,0,0,0,0,0,0,0,0
120645,1,1,1990,0,0,0,0,0,0,0,0,0,0
120645,2,1,1990,0,0,0,0,0,12,0,0,0,0
120646,1,1,1990,0,0,0,0,0,0,0,0,0,0
120647,1,1,1990,0,0,0,0,0,5,0,0,0,10
120648,1,1,1990,9,9,9,9,9,9,9,9,9,9
120648,2,1,1990,0,0,3,0,6,0,0,0,0,0
120649,1,1,1990,0,0,0,0,0,0,0,0,0,0
120649,2,1,1990,0,0,0,0,0,0,0,0,0,11
120650,1,1,1990,0,0,0,0,0,0,0,0,0,0
120651,0,1,1990,0,0,0,0,0,0,0,0,0,0
120651,1,1,1990,0,0,0,0,0,0,0,0,0,0
120652,1,1,1990,0,0,0,0,0,0,0,0,0,0
120652,2,1,1990,21,21,21,21,21,21,21,21,21,21
120653,0,1,1990,5,5,5,5,5,5,5,5,5,5
120653,1,1,1990,0,0,0,0,0,0,0,0,0,0
120654,0,1,1990,36,36,36,36,36,36,36,36,36,36
120654,1,1,1990,0,0,18,0,0,0,0,0,0,0
120655,1,1,1990,0,0,0,0,0,0,0,0,0,0
120655,2,1,1990,0,0,0,0,0,0,0,0,0,0
120655,3,1,1990,0,0,0,0,0,0,0,0,0,0
120656,1,1,1990,0,0,0,0,0,0,0,0,0,0
120656,2,1,1990,0,0,0,0,0,0,0,0,0,0
120657,1,1,1990,14,14,14,14,14,14,14,14,14,14
120658,0,1,1990,14,18,0,23,20,20,13,0,10,25
120658,1,1,1990,0,0,0,16,0,0,11,0,0,0
120658,2,1,1990,0,0,0,0,0,0,0,0,0,0
120659,1,1,1990,0,0,0,0,0,0,0,0,0,0
120659,2,1,1990,0,0,0,0,0,0,0,0,0,0
120660,1,1,1990,0,0,0,0,0,0,0,0,0,0
120660,2,1,1990,0,0,0,0,0,0,0,0,0,0
120661,0,1,1990,0,0,0,0,0,0,0,14,0,0
120661,1,1,1990,20,20,20,20,20,20,20,20,20,20
120662,0,1,1990,0,0,0,22,0,0,0,0,0,0
120662,1,1,1990,0,0,0,0,18,0,0,0,0,0
120663,1,1,1990,14,14,14,14,14,14,14,14,14,14
120664,1,1,1990,0,0,0,7,0,0,0,0,0,0
120664,2,1,1990,0,0,0,0,0,0,0,0,0,0
120665,1,1,1990,0,0,0,0,0,0,0,0,0,0
120665,2,1,1990,14,17,22,29,13,18,21,0,17,13
120666,1,1,1990,0,0,0,0,0,0,0,7,0,0
120666,2,1,1990,0,0,0,0,0,16,7,0,0,0
120667,0,1,1990,0,30,0,6,10,0,0,0,12,0
120667,1,1,1990,0,0,0,0,0,10,0,0,0,0
120668,1,1,1990,28,20,0,9,19,6,0,0,22,33
120669,1,1,1990,0,0,0,0,0,0,0,2,0,0
120669,2,1,1990,0,0,6,0,0,0,0,0,0,0
120670,1,1,1990,21,21,21,21,21,21,21,21,21,21
120670,2,1,1990,0,0,0,0,0,0,0,0,0,0
120671,1,1,1990,0,0,0,0,0,0,0,0,0,0
120671,2,1,1990,0,0,0,0,0,0,0,0,0,0
120673,0,1,1990,0,0,0,0,0,0,0,0,0,0
120673,1,1,1990,0,0,0,0,0,0,0,0,0,0
120674,1,1,1990,0,0,0,0,0,0,0,0,0,0
120674,2,1,1990,0,0,0,0,0,0,0,0,0,0
120675,0,1,1990,9,9,9,9,9,9,9,9,9,9
120675,1,1,1990,23,23,23,23,23,23,23,23,23,23
120676,0,1,1990,0,0,0,0,0,0,0,0,0,0
120676,1,1,1990,0,0,0,0,0,10,0,0,0,0
120677,1,1,1990,0,0,0,0,0,0,0,0,0,0
120677,2,1,1990,0,0,0,0,0,0,0,0,0,0
120678,0,1,1990,0,0,0,0,0,0,0,0,0,0
120678,1,1,1990,0,0,0,0,0,0,0,0,0,0
120679,0,1,1990,0,0,0,0,0,0,0,0,0,0
120679,1,1,1990,3,0,15,0,0,0,0,0,0,0
120680,1,1,1990,11,11,11,11,11,11,11,11,11,11
120681,1,1,1990,0,0,0,0,0,0,0,0,0,0
120681,2,1,1990,0,0,0,0,0,0,0,0,0,0
120682,1,1,1990,0,0,0,0,0,0,0,0,0,0
120682,2,1,1990,0,0,0,0,0,0,0,0,0,0
120683,1,1,1990,0,0,0,0,0,0,0,0,0,0
120683,2,1,1990,0,0,0,0,0,0,0,0,0,0
120684,1,1,1990,28,28,28,28,28,28,28,28,28,28
120684,2,1,1990,0,0,0,0,0,0,0,0,0,0
120684,3,1,1990,0,0,0,0,0,0,0,0,0,0
120684,4,1,1990,0,0,0,0,0,0,0,0,0,0
120685,1,1,1990,0,0,0,0,0,0,0,0,0,0
120685,2,1,1990,0,0,0,0,0,0,0,0,0,0
120685,3,1,1990,0,0,0,0,0,0,0,0,0,0
120686,1,1,1990,0,0,0,0,0,0,0,0,0,0
120686,2,1,1990,0,0,0,0,0,0,0,0,0,0
120687,1,1,1990,25,25,25,25,25,25,25,25,25,25
120687,2,1,1990,1,1,1,1,1,1,1,1,1,1
120687,3,1,1990,0,0,0,0,0,0,0,0,0,0
120688,1,1,1990,24,24,24,24,24,24,24,24,24,24
120688,2,1,1990,8,0,5,30,9,0,0,0,10,29
120689,0,1,1990,0,0,0,0,0,0,0,0,0,0
120689,0,2,1990,23,0,30,0,0,0,0,0,0,12
120689,1,1,1990,7,7,7,7,7,7,7,7,7,7
120690,0,1,1990,23,23,23,23,23,23,23,23,23,23
120690,1,1,1990,0,0,0,0,0,0,0,0,0,0
120691,1,1,1990,20,20,20,20,20,20,20,20,20,20
120692,1,1,1990,31,31,31,31,31,31,31,31,31,31
120693,0,1,1990,1,1,1,1,1,1,1,1,1,1
120693,0,2,1990,0,0,0,0,0,0,0,0,0,0
120693,1,1,1990,2,2,2,2,2,2,2,2,2,2
120694,0,1,1990,2,2,2,2,2,2,2,2,2,2
120694,1,1,1990,0,0,0,0,0,0,0,0,0,0
120695,1,1,1990,32,32,32,32,32,32,32,32,32,32
120696,1,1,1990,0,0,0,0,0,0,0,0,0,0
120697,1,1,1990,0,0,0,0,0,0,0,0,0,0
120697,2,1,1990,11,11,11,11,11,11,11,11,11,11
120698,0,1,1990,25,25,25,25,25,25,25,25,25,25
120698,1,1,1990,0,0,14,0,11,0,0,0,0,0
120699,1,1,1990,0,0,0,0,0,0,0,0,0,0
120699,2,1,1990,0,0,0,0,0,0,0,0,0,0
120701,1,1,1990,21,21,21,21,21,21,21,21,21,21
120702,0,1,1990,0,0,0,0,0,0,0,0,0,0
120702,1,1,1990,0,0,0,0,0,0,0,0,0,0
120703,0,1,1990,0,0,0,0,0,0,0,0,0,0
120703,1,1,1990,8,8,8,8,8,8,8,8,8,8
120704,1,1,1990,1,1,1,1,1,1,1,1,1,1
120705,1,1,1990,12,12,12,12,12,12,12,12,12,12
120706,1,1,1990,0,0,0,0,0,0,0,0,0,0
120706,2,1,1990,0,0,0,0,0,0,0,0,0,0
120706,3,1,1990,0,0,0,0,0,0,0,0,0,0
120707,0,1,1990,0,0,0,0,0,0,0,0,0,0
120707,0,2,1990,0,0,37,0,23,0,0,0,0,0
120707,1,1,1990,0,0,0,0,0,0,6,0,0,12
120708,1,1,1990,0,0,0,0,0,0,0,0,0,0
120708,2,1,1990,0,0,0,0,0,0,0,0,0,0
120709,0,1,1990,0,0,0,0,0,0,0,0,0,0
120709,1,1,1990,0,0,0,0,0,10,0,0,0,0
120711,1,1,1990,21,21,21,21,21,21,21,21,21,21
120712,1,1,1990,0,0,0,0,0,0,0,0,0,0
120712,2,1,1990,0,0,0,0,0,0,0,0,0,0
120712,3,1,1990,0,0,0,0,0,0,0,0,0,0
120713,1,1,1990,0,0,0,0,0,0,0,0,0,0
120713,2,1,1990,0,0,0,0,0,0,0,0,0,0
120714,1,1,1990,0,0,0,0,0,0,0,0,0,0
120714,2,1,1990,0,0,0,0,0,0,0,0,0,0
120716,1,1,1990,39,39,39,39,39,39,39,39,39,39
120716,2,1,1990,0,0,0,0,0,0,0,0,0,0
120716,3,1,1990,0,0,0,0,0,0,0,0,0,0
120717,1,1,1990,27,27,27,27,27,27,27,27,27,27
120717,2,1,1990,0,0,0,0,0,0,0,0,0,0
120718,1,1,1990,0,0,0,0,0,0,11,0,0,0
120718,2,1,1990,0,0,0,0,0,0,0,0,0,0
120719,1,1,1990,0,0,0,0,0,0,0,0,0,0
120719,2,1,1990,0,0,0,0,0,0,0,0,15,0
120719,3,1,1990,0,0,0,0,0,0,0,0,0,0
120720,1,1,1990,26,26,26,26,26,26,26,26,26,26
120721,0,1,1990,0,0,0,0,0,0,0,0,0,0
120721,1,1,1990,0,0,0,0,0,0,0,0,0,0
120722,0,1,1990,0,0,0,13,0,18,0,0,0,0
120722,1,1,1990,0,15,0,0,28,0,10,0,0,0
120723,1,1,1990,0,0,0,0,0,0,0,0,0,0
120723,2,1,1990,0,0,14,0,0,0,0,0,0,0
120724,0,1,1990,22,28,26,15,0,12,0,0,0,32
120724,1,1,1990,27,0,14,27,14,0,21,0,0,13
120725,1,1,1990,22,17,14,18,18,22,29,0,0,16
120725,2,1,1990,15,11,10,10,9,14,0,27,10,20
120726,1,1,1990,21,21,21,21,21,21,21,21,21,21
120726,2,1,1990,0,0,0,0,0,0,0,0,0,0
120727,1,1,1990,12,0,0,0,0,0,0,0,0,0
120727,2,1,1990,0,0,0,0,0,0,0,0,0,0
120728,1,1,1990,0,0,0,0,0,0,0,0,0,0
120728,2,1,1990,0,0,28,0,0,15,0,19,0,0
120729,0,1,1990,0,0,0,0,33,0,0,0,8,0
120729,1,1,1990,0,0,0,0,0,0,0,0,0,0
120730,1,1,1990,7,7,7,7,7,7,7,7,7,7
120731,0,1,1990,0,0,0,0,0,0,0,0,0,0
120731,1,1,1990,0,13,0,0,0,0,0,0,0,0
120732,1,1,1990,21,21,21,21,21,21,21,21,21,21
120733,0,1,1990,0,0,0,0,0,0,0,0,0,0
120733,1,1,1990,0,0,0,0,7,0,0,0,0,0
120734,0,1,1990,0,0,0,0,0,0,0,0,0,0
120734,1,1,1990,0,2,22,16,3,0,13,6,0,14
120735,1,1,1990,0,0,0,0,0,0,0,0,0,0
120735,2,1,1990,10,10,10,10,10,10,10,10,10,10
120736,1,1,1990,0,0,0,0,0,0,0,0,0,0
120736,2,1,1990,5,0,15,0,0,0,0,0,0,0
120737,0,1,1990,7,0,0,0,0,0,10,0,0,14
120737,0,2,1990,31,31,31,31,31,31,31,31,31,31
120737,1,1,1990,25,25,25,25,25,25,25,25,25,25
120738,1,1,1990,0,0,0,0,0,0,0,0,0,24
120739,1,1,1990,0,0,0,0,0,0,0,0,0,0
120739,2,1,1990,0,0,0,0,0,0,0,0,0,0
120740,1,1,1990,23,23,23,23,23,23,23,23,23,23
120741,1,1,1990,7,7,7,7,7,7,7,7,7,7
120742,1,1,1990,0,0,0,0,0,0,0,0,0,0
120742,2,1,1990,27,27,27,27,27,27,27,27,27,27
120743,1,1,1990,19,0,0,0,0,0,0,0,13,10
120744,1,1,1990,26,26,26,26,26,26,26,26,26,26
120745,1,1,1990,0,0,0,0,0,0,0,0,0,0
120745,2,1,1990,17,0,0,11,25,0,0,15,20,10
120746,1,1,1990,0,0,0,0,0,0,0,0,0,0
120746,2,1,1990,0,0,0,13,0,0,0,0,0,0
120747,0,1,1990,17,11,25,25,8,11,33,17,0,26
120747,1,1,1990,0,0,19,0,0,14,0,0,0,0
120748,1,1,1990,10,14,0,0,0,0,0,5,0,0
120748,2,1,1990,11,0,0,0,0,0,0,0,0,0
120749,0,1,1990,0,0,0,0,0,0,0,0,0,0
120749,1,1,1990,0,0,0,0,0,0,0,0,0,0
120750,1,1,1990,0,0,0,0,0,0,0,0,0,0
120750,2,1,1990,13,0,10,0,0,0,0,0,0,0
120751,0,1,1990,0,0,0,0,0,0,0,0,0,0
120751,1,1,1990,0,0,0,0,0,0,0,0,0,0
120752,0,1,1990,38,38,38,38,38,38,38,38,38,38
120752,1,1,1990,0,0,0,0,0,0,0,0,0,0
120753,1,1,1990,0,0,0,0,0,0,0,0,0,0
120753,2,1,1990,0,0,0,0,0,0,0,0,9,0
120754,1,1,1990,20,20,20,20,20,20,20,20,20,20
120755,1,1,1990,32,32,32,32,32,32,32,32,32,32
120755,2,1,1990,18,18,18,18,18,18,18,18,18,18
120756,1,1,1990,21,21,21,21,21,21,21,21,21,21
120757,1,1,1990,0,0,0,0,0,0,0,0,0,0
120757,2,1,1990,0,0,0,0,0,0,0,0,0,0
120758,1,1,1990,32,32,32,32,32,32,32,32,32,32
120758,2,1,1990,0,0,0,0,0,0,0,0,0,0
120758,3,1,1990,0,0,0,0,0,0,0,0,0,0
120759,1,1,1990,27,27,27,27,27,27,27,27,27,27
120760,1,1,1990,0,0,0,0,0,0,0,0,0,0
120761,1,1,1990,22,22,22,22,22,22,22,22,22,22
120761,2,1,1990,16,16,16,16,16,16,16,16,16,16
120762,1,1,1990,0,0,0,0,0,0,0,0,0,0
120763,0,1,1990,14,14,14,14,14,14,14,14,14,14
120763,1,1,1990,16,16,16,16,16,16,16,16,16,16
120764,1,1,1990,27,27,27,27,27,27,27,27,27,27
120765,1,1,1990,28,28,28,28,28,28,28,28,28,28
120765,2,1,1990,0,0,0,0,0,0,0,0,0,0
120766,1,1,1990,0,0,0,0,0,0,0,0,0,0
120767,1,1,1990,0,0,0,0,0,0,0,0,0,0
120768,1,1,1990,0,0,0,0,0,0,0,0,0,0
120768,2,1,1990,18,21,7,14,28,0,8,19,13,13
120769,1,2,1990,18,0,11,0,34,0,21,0,28,22
120770,1,1,1990,22,22,22,22,22,22,22,22,22,22
120771,1,1,1990,19,19,19,19,19,19,19,19,19,19
120772,1,1,1990,4,4,4,4,4,4,4,4,4,4
120773,1,1,1990,0,0,0,0,0,0,0,17,0,0
120773,2,1,1990,0,11,0,0,17,0,9,0,15,0
120774,1,1,1990,0,0,0,0,0,0,0,0,0,0
120774,2,1,1990,0,0,0,0,0,0,0,0,0,0
120775,1,1,1990,0,0,0,0,0,0,0,0,0,0
120775,2,1,1990,0,0,0,0,15,0,0,0,28,14
120776,0,1,1990,0,0,0,0,0,0,0,0,0,0
120776,1,1,1990,0,0,0,0,0,0,0,0,0,0
120777,1,1,1990,0,0,0,0,0,0,0,0,0,0
120778,1,1,1990,18,18,18,18,18,18,18,18,18,18
120779,1,1,1990,0,3,0,0,0,0,0,0,0,0
120779,2,1,1990,0,0,0,0,13,0,0,0,0,0
120780,0,1,1990,0,0,0,0,0,0,0,0,0,0
120780,1,1,1990,0,0,0,0,0,0,0,0,0,0
120781,1,1,1990,0,0,0,0,0,0,0,0,0,14
120781,2,1,1990,0,0,0,0,0,0,0,0,0,0
120782,1,1,1990,0,0,0,0,0,0,0,0,0,0
120782,2,1,1990,0,20,0,0,0,0,0,0,0,0
120783,1,1,1990,0,0,0,0,0,0,10,0,0,0
120783,2,1,1990,0,0,0,0,0,0,0,0,0,0
120783,3,1,1990,0,0,0,0,0,0,0,0,0,0
120784,1,1,1990,0,0,0,0,0,0,0,0,0,0
120784,2,1,1990,0,0,0,0,0,0,0,0,0,0
120784,3,1,1990,0,0,0,0,0,0,0,0,0,0
120785,1,1,1990,0,0,0,0,0,0,0,0,0,0
120785,2,1,1990,0,0,0,0,0,0,0,0,0,0
120786,1,1,1990,8,0,0,6,0,16,0,6,0,0
120786,2,1,1990,0,0,0,0,0,0,0,0,0,0
120787,0,1,1990,0,0,0,0,0,0,0,0,0,0
120787,1,1,1990,0,0,0,0,0,0,0,0,0,0
120788,1,1,1990,0,7,23,29,29,19,14,25,14,11
120789,1,1,1990,0,14,20,0,0,22,24,8,21,16
120789,2,1,1990,0,0,0,0,0,0,0,0,0,0
120790,0,1,1990,0,0,0,0,10,0,0,0,0,0
120790,1,1,1990,0,0,0,0,0,0,0,0,0,0
120791,0,1,1990,0,0,0,0,0,0,0,0,0,0
120791,1,1,1990,0,0,0,0,0,0,0,0,0,0
120792,1,1,1990,20,20,20,20,20,20,20,20,20,20
120792,2,1,1990,0,0,0,0,0,0,0,0,0,0
120793,0,1,1990,0,0,0,0,0,0,0,0,0,0
120793,1,1,1990,0,0,0,0,10,0,0,0,0,0
120794,1,1,1990,21,21,21,21,21,21,21,21,21,21
120795,0,1,1990,22,22,22,22,22,22,22,22,22,22
120795,1,1,1990,14,0,0,0,32,0,31,0,0,0
120796,1,1,1990,3,3,3,3,3,3,3,3,3,3
120796,2,1,1990,0,0,0,0,0,0,0,0,0,0
120797,0,1,1990,0,0,0,0,0,0,0,0,0,0
120797,0,2,1990,0,0,0,0,0,0,0,0,0,0
120797,1,1,1990,20,20,20,20,20,20,20,20,20,20
120797,2,1,1990,0,17,0,0,0,0,3,0,0,0
120799,1,1,1990,26,26,26,26,26,26,26,26,26,26
120800,0,1,1990,0,0,0,0,0,0,0,0,0,0
120800,1,1,1990,0,0,0,0,0,0,0,5,0,0
120801,0,1,1990,20,20,20,20,20,20,20,20,20,20
120801,1,1,1990,0,0,0,0,0,0,0,0,0,0
120802,1,1,1990,0,10,0,0,0,0,0,0,0,14
120802,2,1,1990,0,0,0,0,0,0,0,0,0,0
120802,3,1,1990,0,0,0,0,9,0,0,0,0,0
120803,1,1,1990,0,0,0,0,0,0,0,0,0,0
120803,2,1,1990,0,0,0,0,0,0,0,0,0,0