ST_CASE,VEH_NO,PER_NO,YEAR,P1,P2,P3,P4,P5,P6,P7,P8,P9,P10
120803,3,1,1990,0,14,0,0,0,0,0,0,18,0
120804,1,1,1990,0,0,0,0,0,0,0,0,0,0
120805,1,1,1990,22,22,22,22,22,22,22,22,22,22
120806,0,1,1990,0,0,0,0,0,0,0,24,0,32
120806,1,1,1990,0,0,0,0,0,0,0,0,0,0
120807,1,1,1990,0,0,0,0,0,0,0,0,0,0
120807,2,1,1990,0,0,0,0,0,0,0,0,0,0
120807,3,1,1990,0,0,0,0,0,0,0,0,0,0
120808,1,1,1990,0,0,0,0,0,0,0,0,0,0
120808,2,1,1990,0,0,0,0,0,0,0,0,0,0
120809,1,1,1990,6,6,6,6,6,6,6,6,6,6
120810,1,1,1990,10,5,5,7,12,0,0,16,12,0
120811,1,1,1990,22,22,22,22,22,22,22,22,22,22
120812,1,1,1990,0,0,0,0,0,0,0,0,0,0
120812,2,1,1990,9,9,9,9,9,9,9,9,9,9
120813,1,1,1990,13,13,13,13,13,13,13,13,13,13
120813,2,1,1990,8,6,19,0,0,7,29,0,0,0
120815,1,1,1990,15,15,15,15,15,15,15,15,15,15
120816,1,1,1990,0,0,0,0,0,0,0,0,0,0
120816,2,1,1990,0,0,0,0,0,0,0,0,0,0
120817,1,1,1990,26,26,26,26,26,26,26,26,26,26
120818,1,1,1990,25,25,25,25,25,25,25,25,25,25
120819,0,1,1990,3,3,3,3,3,3,3,3,3,3
120819,1,1,1990,15,0,27,7,0,0,0,0,17,0
120820,1,1,1990,28,28,28,28,28,28,28,28,28,28
120821,1,1,1990,0,0,0,0,0,0,0,0,0,0
120821,2,1,1990,0,0,0,0,0,0,0,0,0,0
120821,3,1,1990,0,0,0,0,0,0,0,0,0,0
120822,1,1,1990,0,0,0,0,0,0,0,0,0,0
120823,1,1,1990,0,0,0,0,0,0,0,0,0,0
120823,2,1,1990,0,0,0,0,0,0,0,0,0,0
120824,1,1,1990,0,0,0,0,0,0,0,0,0,0
120824,2,1,1990,0,0,0,0,0,0,0,0,0,0
120825,1,1,1990,0,0,0,0,0,0,0,0,4,0
120825,2,1,1990,0,0,0,0,0,0,0,0,0,0
120826,1,1,1990,0,0,0,0,0,0,0,0,0,0
120826,2,1,1990,0,0,0,0,0,0,0,0,0,0
120826,3,1,1990,0,0,0,0,0,0,0,0,0,0
120827,0,1,1990,0,0,0,0,0,0,0,0,0,21
120827,1,1,1990,2,2,2,2,2,2,2,2,2,2
120828,1,1,1990,22,22,22,22,22,22,22,22,22,22
120829,1,1,1990,28,28,28,28,28,28,28,28,28,28
120829,2,1,1990,0,0,0,0,0,0,0,0,0,0
120830,1,1,1990,0,0,0,0,0,0,0,0,0,0
120830,2,1,1990,0,0,0,0,0,0,0,0,17,0
120831,1,1,1990,30,30,30,30,30,30,30,30,30,30
120831,2,1,1990,0,0,0,0,32,0,0,0,0,14
120832,0,1,1990,27,27,27,27,27,27,27,27,27,27
120832,1,1,1990,19,19,19,19,19,19,19,19,19,19
120833,1,1,1990,30,30,30,30,30,30,30,30,30,30
120834,1,1,1990,17,17,17,17,17,17,17,17,17,17
120834,2,1,1990,0,0,0,19,0,32,0,0,0,0
120836,1,1,1990,0,0,0,0,0,0,12,0,0,0
120836,2,1,1990,0,0,0,5,0,0,0,0,0,0
120837,1,1,1990,15,0,0,0,0,0,0,24,0,0
120838,1,1,1990,0,0,0,0,0,0,0,0,0,9
120838,2,1,1990,0,0,0,0,0,0,0,0,0,0
120839,0,1,1990,0,11,0,26,0,0,0,39,0,0
120839,1,1,1990,0,0,0,0,0,0,0,0,0,0
120840,1,1,1990,0,0,0,0,0,0,0,0,0,0
120840,2,1,1990,0,0,19,0,0,0,0,0,0,0
120841,1,1,1990,16,16,16,16,16,16,16,16,16,16
120841,2,1,1990,0,0,0,0,0,0,0,0,0,0
120842,0,1,1990,23,23,23,23,23,23,23,23,23,23
120842,1,1,1990,0,0,0,0,0,0,0,0,0,0
120843,1,1,1990,0,0,0,0,0,0,0,0,0,0
120844,1,1,1990,0,0,0,0,10,10,0,0,0,0
120844,2,1,1990,0,0,16,0,0,0,0,0,0,0
120845,1,1,1990,15,15,15,15,15,15,15,15,15,15
120845,2,1,1990,0,0,0,0,0,0,0,0,0,0
120845,3,1,1990,0,0,0,0,0,0,0,0,0,0
120846,1,1,1990,0,0,0,0,0,0,0,0,0,0
120846,2,1,1990,0,0,12,0,0,0,0,0,0,0
120847,1,1,1990,0,0,0,0,0,0,0,0,0,0
120847,2,1,1990,0,0,13,0,0,4,19,18,0,0
120847,3,1,1990,0,0,0,0,0,0,0,0,0,0
120848,1,1,1990,13,13,13,13,13,13,13,13,13,13
120849,1,1,1990,21,21,21,21,21,21,21,21,21,21
120849,2,1,1990,0,0,0,0,0,0,0,0,0,0
120850,1,1,1990,0,0,0,0,0,0,0,0,0,0
120850,2,1,1990,0,0,0,0,0,0,0,0,0,0
120851,0,1,1990,0,0,0,0,0,0,0,0,0,0
120851,1,1,1990,0,0,0,0,0,0,0,0,0,0
120852,1,1,1990,10,10,10,10,10,10,10,10,10,10
120852,2,1,1990,14,10,0,26,18,27,0,0,0,0
120853,1,1,1990,19,19,19,19,19,19,19,19,19,19
120854,1,1,1990,0,0,0,0,0,0,0,0,0,0
120855,1,1,1990,0,0,0,0,0,0,0,14,0,0
120855,2,1,1990,0,0,0,0,0,11,0,0,0,0
120856,0,1,1990,25,25,25,25,25,25,25,25,25,25
120856,1,1,1990,11,11,11,11,11,11,11,11,11,11
120857,1,1,1990,0,0,0,0,0,0,0,0,0,0
120858,1,1,1990,21,0,0,0,0,0,0,0,0,0
120858,2,1,1990,18,0,0,0,0,0,0,0,0,0
120858,3,1,1990,0,0,0,0,0,0,0,0,0,0
120859,1,1,1990,0,0,0,0,0,0,0,0,0,0
120859,2,1,1990,0,0,0,0,0,0,0,0,0,0
120860,1,1,1990,13,13,13,13,13,13,13,13,13,13
120860,2,1,1990,0,0,0,0,0,0,0,0,0,0
120860,3,1,1990,0,0,0,0,0,0,0,0,0,0
120861,1,1,1990,20,20,20,20,20,20,20,20,20,20
120861,2,1,1990,0,0,0,0,0,7,0,0,0,0
120862,1,1,1990,0,0,0,0,0,0,0,0,0,0
120862,2,1,1990,0,0,0,0,0,0,0,0,0,0
120863,1,1,1990,0,0,0,0,0,0,0,0,0,0
120864,1,1,1990,21,18,19,0,32,23,14,14,21,0
120865,1,1,1990,12,12,12,12,12,12,12,12,12,12
120865,2,1,1990,0,0,0,0,0,0,0,0,0,0
120866,1,1,1990,12,0,0,0,0,0,0,0,6,0
120866,2,1,1990,0,0,0,0,0,0,0,0,0,0
120867,1,1,1990,13,13,13,13,13,13,13,13,13,13
120868,1,1,1990,0,0,0,0,0,0,0,0,0,0
120869,1,1,1990,0,0,0,0,0,0,0,0,0,0
120869,2,2,1990,8,19,0,12,17,0,0,21,0,0
120870,1,1,1990,19,19,19,19,19,19,19,19,19,19
120870,2,1,1990,0,0,0,0,0,0,0,0,0,0
120871,1,1,1990,16,16,16,16,16,16,16,16,16,16
120872,1,1,1990,12,12,12,12,12,12,12,12,12,12
120872,2,1,1990,0,3,0,0,0,0,0,0,0,0
120872,3,1,1990,0,0,0,0,0,0,0,0,0,0
120873,1,1,1990,0,0,0,10,0,0,0,0,0,0
120873,2,1,1990,0,0,0,0,0,23,0,0,0,0
120874,0,1,1990,0,0,0,0,0,0,0,0,0,0
120874,1,1,1990,0,0,0,0,0,0,0,0,0,0
120875,0,1,1990,0,0,0,0,0,0,0,0,0,0
120875,1,1,1990,0,0,0,0,0,0,0,0,0,0
120876,1,1,1990,21,10,17,32,16,21,0,16,10,15
120876,2,1,1990,0,0,0,0,0,0,0,0,0,0
120877,1,1,1990,0,0,0,0,0,0,0,0,0,0
120877,2,1,1990,0,10,0,0,0,0,0,19,0,0
120878,0,1,1990,0,6,45,24,12,19,18,0,26,30
120878,1,1,1990,0,0,19,7,7,0,21,0,23,0
120879,1,1,1990,0,0,0,0,0,0,0,0,0,0
120879,2,1,1990,0,0,0,0,0,0,0,0,0,0
120880,1,1,1990,19,19,19,19,19,19,19,19,19,19
120881,1,1,1990,31,31,31,31,31,31,31,31,31,31
120881,2,1,1990,0,0,0,0,0,0,0,0,0,0
120881,3,1,1990,0,0,0,0,0,0,0,0,0,0
120882,0,1,1990,28,28,28,28,28,28,28,28,28,28
120882,1,1,1990,15,0,6,0,0,0,23,0,0,0
120882,2,1,1990,0,0,0,0,0,0,0,0,0,0
120883,1,1,1990,9,9,9,9,9,9,9,9,9,9
120883,2,1,1990,0,0,0,0,0,0,0,0,0,0
120884,0,1,1990,0,0,0,0,0,0,0,0,0,0
120884,0,2,1990,0,0,0,0,0,0,0,0,0,0
120884,1,1,1990,27,27,27,27,27,27,27,27,27,27
120885,1,1,1990,7,7,7,7,7,7,7,7,7,7
120885,2,1,1990,7,7,7,7,7,7,7,7,7,7
120886,1,1,1990,25,25,25,25,25,25,25,25,25,25
120887,1,1,1990,0,0,0,0,0,0,0,0,0,0
120888,1,1,1990,27,27,27,27,27,27,27,27,27,27
120889,1,1,1990,0,0,0,0,0,0,0,0,0,0
120889,2,1,1990,0,0,0,0,0,0,0,0,0,0
120890,0,1,1990,0,0,0,0,0,0,0,0,0,0
120890,1,1,1990,0,0,0,0,0,0,0,0,0,0
120891,0,1,1990,0,0,0,0,0,0,0,0,0,0
120891,1,1,1990,0,0,0,19,0,0,0,0,0,0
120892,1,1,1990,19,19,19,19,19,19,19,19,19,19
120892,2,1,1990,0,12,0,0,0,0,0,12,0,0
120893,1,1,1990,17,17,17,17,17,17,17,17,17,17
120894,1,1,1990,23,23,23,23,23,23,23,23,23,23
120894,2,1,1990,0,0,0,0,0,0,0,0,0,0
120895,1,1,1990,4,0,18,0,11,19,0,18,16,0
120896,1,1,1990,0,0,0,0,0,0,14,0,0,0
120896,2,1,1990,0,0,0,0,0,0,0,0,0,0
120896,3,1,1990,0,0,0,0,0,0,0,0,0,0
120897,1,1,1990,11,0,0,0,0,0,0,0,0,0
120897,2,1,1990,0,0,0,0,0,0,0,0,0,0
120898,1,1,1990,0,0,27,11,0,0,26,0,0,0
120898,2,1,1990,0,0,0,0,26,0,0,19,0,0
120899,0,1,1990,0,0,0,0,21,0,0,0,24,28
120899,1,1,1990,0,0,0,0,0,0,0,31,0,0
120900,0,1,1990,24,24,24,24,24,24,24,24,24,24
120900,1,1,1990,16,8,0,0,0,0,0,0,0,0
120901,0,1,1990,0,0,0,0,0,0,0,0,0,0
120901,1,1,1990,0,0,0,0,0,0,0,0,0,0
120903,1,1,1990,0,0,0,0,0,0,0,0,0,0
120903,2,1,1990,0,0,0,0,0,0,0,0,0,0
120905,1,1,1990,0,0,21,0,0,0,0,0,0,0
120905,2,1,1990,0,0,0,0,0,0,18,0,0,0
120906,0,1,1990,0,0,0,0,0,0,0,0,0,0
120906,1,1,1990,0,0,0,0,0,0,0,0,0,0
120907,0,1,1990,0,0,0,0,0,0,0,0,0,0
120907,1,1,1990,0,0,0,0,0,0,0,0,0,0
120908,0,1,1990,0,0,0,0,0,0,0,0,0,0
120908,1,1,1990,0,0,0,0,0,0,0,0,0,0
120909,1,1,1990,0,0,0,0,0,0,0,0,0,0
120910,1,1,1990,17,17,17,17,17,17,17,17,17,17
120911,1,1,1990,0,0,4,12,15,0,5,0,0,0
120912,1,1,1990,0,0,0,0,0,0,0,0,0,0
120912,2,1,1990,0,0,0,0,0,0,0,0,0,0
120913,1,1,1990,0,0,0,0,0,0,0,0,13,0
120913,2,1,1990,0,9,0,11,0,0,0,0,0,0
120914,1,1,1990,29,29,29,29,29,29,29,29,29,29
120916,1,1,1990,11,11,11,11,11,11,11,11,11,11
120919,1,1,1990,20,20,20,20,20,20,20,20,20,20
120921,0,1,1990,0,0,0,0,0,0,0,0,0,0
120921,1,1,1990,0,0,0,0,0,0,0,0,0,0
120922,1,1,1990,0,28,6,23,13,24,5,0,32,0
120923,0,1,1990,11,11,11,11,11,11,11,11,11,11
120923,1,1,1990,0,0,0,0,0,18,10,0,0,0
120924,1,1,1990,10,16,16,0,20,17,23,4,15,12
120925,1,1,1990,0,0,0,0,0,0,0,0,0,0
120925,2,1,1990,0,0,0,0,0,0,0,0,0,0
120926,1,1,1990,0,0,0,0,0,0,0,0,0,0
120926,2,1,1990,0,0,0,0,0,0,0,0,0,0
120927,1,1,1990,0,0,0,0,0,0,0,10,0,0
120927,2,1,1990,0,0,0,0,0,0,8,0,0,0
120928,1,1,1990,10,10,10,10,10,10,10,10,10,10
120929,0,1,1990,0,0,0,0,0,0,0,0,0,0
120929,1,1,1990,0,32,0,17,3,0,0,0,0,12
120930,1,1,1990,0,0,0,0,0,0,0,0,12,0
120930,2,1,1990,0,0,0,0,0,0,0,0,0,0
120930,3,1,1990,0,0,0,0,0,0,0,0,0,0
120931,1,1,1990,0,0,0,0,0,6,0,0,0,0
120931,2,1,1990,0,0,0,0,0,0,0,0,0,0
120934,1,1,1990,8,8,8,8,8,8,8,8,8,8
120935,1,1,1990,0,0,0,0,0,0,0,0,0,0
120935,2,1,1990,0,0,0,0,0,0,0,0,0,0
120936,1,1,1990,26,0,0,0,0,0,0,0,0,0
120936,2,1,1990,0,0,0,0,0,0,0,0,0,0
120938,1,1,1990,0,0,0,0,0,0,0,0,0,0
120938,2,1,1990,21,24,11,14,14,5,8,34,15,21
120939,1,1,1990,0,0,2,0,0,0,0,0,0,13
120939,2,1,1990,0,0,0,0,0,0,0,0,11,0
120940,1,1,1990,10,10,10,10,10,10,10,10,10,10
120941,1,1,1990,19,19,19,19,19,19,19,19,19,19
120941,2,1,1990,0,0,15,0,0,22,0,0,16,31
120941,3,1,1990,0,0,0,24,0,0,0,0,0,0
120943,1,1,1990,0,0,0,0,0,0,0,0,0,0
120943,2,1,1990,0,0,0,0,0,0,0,0,0,0
120944,0,1,1990,0,0,0,0,0,0,0,0,0,0
120944,1,1,1990,0,0,0,0,0,0,0,0,0,0
120945,1,1,1990,0,0,0,0,0,0,0,0,0,0
120946,1,1,1990,12,12,12,12,12,12,12,12,12,12
120946,2,1,1990,0,0,0,0,0,0,0,0,0,0
120947,1,1,1990,13,13,13,13,13,13,13,13,13,13
120947,2,1,1990,7,0,0,0,0,0,0,5,0,0
120948,1,1,1990,0,0,0,0,0,0,0,0,0,0
120948,2,1,1990,0,0,0,0,0,0,0,0,0,0
120949,0,1,1990,26,26,26,26,26,26,26,26,26,26
120949,1,1,1990,15,15,15,15,15,15,15,15,15,15
120950,1,1,1990,38,38,38,38,38,38,38,38,38,38
120951,1,1,1990,14,14,14,14,14,14,14,14,14,14
120951,2,1,1990,0,0,0,0,0,0,0,0,0,0
120955,1,1,1990,0,0,0,0,0,0,0,0,0,0
120955,2,1,1990,0,0,0,0,0,0,0,14,0,0
120956,1,1,1990,0,0,0,0,0,0,0,0,0,0
120957,1,1,1990,0,0,0,0,0,0,0,0,0,0
120957,2,1,1990,0,0,0,0,0,0,0,0,0,0
120958,1,1,1990,0,0,7,0,0,0,0,0,0,0
120958,2,1,1990,0,0,0,0,0,0,12,0,0,0
120959,1,1,1990,2,2,2,2,2,2,2,2,2,2
120959,2,1,1990,0,0,0,0,0,0,0,0,0,0
120960,1,1,1990,29,29,29,29,29,29,29,29,29,29
120962,0,1,1990,13,0,0,33,14,33,0,21,0,0
120962,1,1,1990,0,0,18,0,0,0,4,0,0,0
120962,2,1,1990,12,12,12,12,12,12,12,12,12,12
120963,0,1,1990,0,21,0,20,37,30,19,27,27,24
120963,1,1,1990,16,16,16,16,16,16,16,16,16,16
120964,0,1,1990,0,0,0,0,0,0,0,0,0,0
120964,1,1,1990,0,0,0,9,0,0,0,0,0,18
120965,1,1,1990,0,0,0,14,0,0,0,19,0,0
120966,0,1,1990,13,13,13,13,13,13,13,13,13,13
120966,1,1,1990,0,0,0,0,22,0,0,0,0,0
120967,1,1,1990,0,0,0,0,0,0,0,0,0,0
120967,2,1,1990,0,0,0,0,0,0,0,0,0,0
120967,3,1,1990,10,0,0,0,0,0,0,7,19,0
120968,1,1,1990,10,10,10,10,10,10,10,10,10,10
120969,1,1,1990,17,17,17,17,17,17,17,17,17,17
120969,2,1,1990,0,0,0,0,0,0,0,0,0,0
120970,1,1,1990,0,0,0,0,0,0,0,0,0,0
120971,0,1,1990,11,11,11,11,11,11,11,11,11,11
120971,1,1,1990,0,0,0,0,0,0,0,0,0,6
120972,1,1,1990,0,0,19,0,0,0,21,0,0,11
120973,0,1,1990,0,0,0,0,0,0,0,0,0,0
120973,0,2,1990,28,24,0,0,0,0,0,0,0,0
120973,1,1,1990,0,0,0,23,0,12,20,17,6,21
120974,1,1,1990,6,6,6,6,6,6,6,6,6,6
120975,1,1,1990,0,0,0,0,0,0,0,0,0,0
120976,1,1,1990,0,0,0,0,0,0,0,0,0,0
120977,1,1,1990,0,0,0,0,0,4,0,0,0,0
120978,1,1,1990,19,19,19,19,19,19,19,19,19,19
120978,2,1,1990,17,17,17,17,17,17,17,17,17,17
120979,0,1,1990,0,0,0,0,0,0,0,0,0,0
120979,1,1,1990,0,0,0,0,0,0,0,0,0,0
120980,1,1,1990,10,10,10,10,10,10,10,10,10,10
120980,2,1,1990,0,0,0,0,0,0,0,0,0,0
120981,1,1,1990,14,14,14,14,14,14,14,14,14,14
120982,0,1,1990,0,0,0,0,0,0,0,0,0,0
120982,0,2,1990,0,0,0,0,0,0,0,0,0,0
120982,1,1,1990,0,0,0,0,0,0,0,15,0,0
120983,1,1,1990,6,6,6,6,6,6,6,6,6,6
120983,2,1,1990,19,19,19,19,19,19,19,19,19,19
120985,1,1,1990,0,0,0,0,0,0,0,0,0,0
120985,2,1,1990,0,0,0,0,0,0,0,0,0,0
120986,0,1,1990,0,0,20,11,13,0,0,25,0,0
120986,1,1,1990,13,0,26,0,0,17,22,16,14,14
120987,1,1,1990,0,0,0,0,0,0,0,0,0,0
120987,2,1,1990,0,0,0,0,0,0,0,0,0,0
120988,1,1,1990,0,0,0,0,0,13,0,0,0,0
120988,2,1,1990,0,13,10,23,13,0,5,0,23,0
120989,1,1,1990,2,0,0,0,0,0,0,0,0,0
120989,2,1,1990,0,0,0,0,0,0,0,0,0,0
120990,0,1,1990,14,14,14,14,14,14,14,14,14,14
120990,1,1,1990,0,0,12,0,0,6,9,7,0,0
120991,1,1,1990,24,0,12,0,0,0,0,14,12,0
120992,1,1,1990,0,0,0,0,0,12,0,0,0,0
120992,2,1,1990,16,18,0,0,0,0,11,19,0,0
120993,1,1,1990,0,0,0,0,0,0,0,0,0,0
120994,1,1,1990,10,0,0,0,0,0,0,0,0,0
120995,1,1,1990,30,30,30,30,30,30,30,30,30,30
120995,2,1,1990,6,0,0,0,0,0,0,0,0,0
120995,3,1,1990,0,0,0,0,0,0,0,0,0,0
120996,1,1,1990,8,0,0,0,0,0,0,2,0,0
120996,2,1,1990,0,0,0,0,0,0,0,10,0,0
120997,1,1,1990,0,0,0,0,0,0,0,0,0,0
120997,2,1,1990,11,11,11,11,11,11,11,11,11,11
120997,3,1,1990,0,0,0,0,0,0,0,0,0,0
120998,1,1,1990,1,1,1,1,1,1,1,1,1,1
120998,2,1,1990,0,0,0,0,0,0,0,0,0,0
120999,1,1,1990,19,19,19,19,19,19,19,19,19,19
120999,2,1,1990,0,0,0,0,0,0,0,0,0,0
121000,1,1,1990,10,10,10,10,10,10,10,10,10,10
121000,2,1,1990,3,3,3,3,3,3,3,3,3,3
121000,3,1,1990,22,0,0,9,0,0,0,0,0,0
121001,0,1,1990,11,18,14,20,17,45,0,37,27,0
121001,1,1,1990,23,7,0,12,8,12,14,17,0,0
121002,1,1,1990,16,16,16,16,16,16,16,16,16,16
121003,1,1,1990,17,17,17,17,17,17,17,17,17,17
121004,1,1,1990,0,0,0,0,0,0,0,0,0,0
121004,2,1,1990,0,0,0,0,0,0,0,0,0,0
121005,1,1,1990,12,12,12,12,12,12,12,12,12,12
121005,2,1,1990,0,10,10,0,24,0,0,0,0,0
121006,0,1,1990,15,15,15,15,15,15,15,15,15,15
121006,1,1,1990,0,0,10,0,0,0,0,0,0,0
121007,1,1,1990,0,0,0,0,0,0,0,0,0,0
121007,2,1,1990,0,0,0,0,0,0,0,0,0,0
121008,1,1,1990,25,25,25,25,25,25,25,25,25,25
121009,1,1,1990,0,0,0,0,0,0,0,0,0,0
121009,2,1,1990,0,0,0,0,0,0,0,0,0,0
121010,1,1,1990,0,0,0,0,0,0,0,0,0,0
121010,2,1,1990,0,0,0,0,0,0,0,0,0,0
121011,1,1,1990,21,21,21,21,21,21,21,21,21,21
121011,2,1,1990,0,0,0,0,0,0,0,0,0,0
121012,1,1,1990,0,10,0,0,0,0,0,0,0,0
121013,1,1,1990,0,0,0,0,0,0,0,0,0,0
121014,0,1,1990,0,0,0,0,0,0,0,0,0,0
121014,1,1,1990,0,6,0,18,0,0,0,0,0,20
121015,1,1,1990,0,0,0,0,0,0,0,0,0,0
121015,2,1,1990,0,0,0,0,0,0,0,0,9,0
121016,0,1,1990,14,14,14,14,14,14,14,14,14,14
121016,0,2,1990,0,0,20,0,0,12,0,0,0,19
121016,1,1,1990,0,0,0,0,0,0,0,0,0,0
121017,0,1,1990,0,0,0,0,0,0,0,0,0,0
121017,1,1,1990,0,0,0,0,0,0,0,0,0,0
121018,0,1,1990,0,25,0,0,27,15,0,18,32,0
121018,1,1,1990,15,21,7,25,9,28,24,18,28,8
121021,1,1,1990,0,0,0,0,0,0,0,0,0,0
121021,2,1,1990,0,0,0,0,0,0,0,0,0,0
121022,1,1,1990,23,23,23,23,23,23,23,23,23,23
121023,1,1,1990,0,0,0,0,0,0,0,0,0,0
121023,2,1,1990,0,0,0,0,0,0,0,0,0,0
121024,1,1,1990,0,0,0,0,0,0,0,0,0,0
121024,2,1,1990,0,0,0,0,0,0,0,0,0,0
121025,0,1,1990,0,0,0,0,0,0,0,0,0,0
121025,0,2,1990,21,21,21,21,21,21,21,21,21,21
121025,1,1,1990,14,16,0,0,15,0,2,25,11,6
121027,1,1,1990,0,0,0,0,0,0,0,0,0,0
121028,1,1,1990,0,0,0,0,0,0,0,0,0,0
121028,2,1,1990,0,0,0,0,0,0,0,0,0,0
121029,1,1,1990,0,0,0,0,0,0,0,0,0,0
121030,1,1,1990,9,9,9,9,9,9,9,9,9,9
121031,1,1,1990,0,0,0,0,0,0,0,0,0,0
121031,2,1,1990,0,0,0,0,0,0,15,0,0,0
121031,3,1,1990,9,0,24,20,11,5,7,16,15,14
121032,0,1,1990,30,30,30,30,30,30,30,30,30,30
121032,1,1,1990,0,0,0,0,0,0,0,0,0,0
121033,0,1,1990,0,0,0,0,0,0,0,0,0,0
121035,1,1,1990,22,22,22,22,22,22,22,22,22,22
121037,0,1,1990,0,32,0,15,0,0,34,22,0,0
121037,1,1,1990,8,8,8,8,8,8,8,8,8,8
121038,1,1,1990,15,15,15,15,15,15,15,15,15,15
121038,2,1,1990,0,0,0,0,0,0,0,0,0,0
121039,1,1,1990,18,18,18,18,18,18,18,18,18,18
121039,2,1,1990,0,0,0,0,0,0,0,0,0,0
121040,1,1,1990,11,11,11,11,11,11,11,11,11,11
121042,1,1,1990,12,12,12,12,12,12,12,12,12,12
121042,2,1,1990,0,0,0,0,0,0,0,0,11,0
121044,1,1,1990,0,0,0,0,0,0,0,0,0,0
121044,2,1,1990,0,0,0,0,0,0,0,0,0,0
121045,1,1,1990,0,0,0,0,0,0,0,0,0,0
121045,2,1,1990,0,0,0,0,0,0,0,0,0,0
121046,1,1,1990,0,0,0,0,0,0,0,0,0,0
121047,1,1,1990,0,0,0,0,0,0,0,0,0,0
121047,2,1,1990,0,0,0,0,0,0,0,0,0,0
121048,1,1,1990,0,0,0,0,0,0,0,0,0,0
121048,2,1,1990,0,0,0,0,0,0,0,0,0,0
121050,0,1,1990,0,0,0,0,0,0,0,0,0,0
121050,1,1,1990,0,0,0,0,0,0,0,0,0,0
121051,1,1,1990,0,0,0,0,0,0,0,0,0,0
121051,2,1,1990,18,18,18,18,18,18,18,18,18,18
121052,1,1,1990,0,0,0,0,0,29,0,0,0,0
121052,2,1,1990,0,0,0,0,9,0,0,8,0,0
121053,0,1,1990,0,0,0,37,0,0,0,0,0,0
121053,1,1,1990,0,0,0,0,0,0,4,0,0,0
121054,1,1,1990,0,0,0,0,0,0,0,0,0,0
121054,2,1,1990,0,0,0,0,0,0,0,0,0,0
121055,1,1,1990,0,0,0,0,0,0,0,0,0,0
121055,2,1,1990,0,0,0,0,0,10,0,0,0,5
121056,0,1,1990,0,0,0,0,0,0,0,0,0,0
121056,1,1,1990,0,0,0,0,0,0,0,14,0,0
121057,0,1,1990,0,0,0,0,0,0,0,0,0,0
121057,1,1,1990,24,0,8,11,19,12,13,0,17,18
121058,1,1,1990,0,0,0,0,0,0,0,0,0,0
121058,2,1,1990,0,0,0,0,0,0,0,0,0,0
121059,1,1,1990,12,0,0,13,0,0,6,0,0,0
121060,1,1,1990,11,11,11,11,11,11,11,11,11,11
121061,1,1,1990,34,34,34,34,34,34,34,34,34,34
121061,2,1,1990,0,0,0,0,0,0,0,0,0,0
121062,1,1,1990,26,26,26,26,26,26,26,26,26,26
121062,2,1,1990,0,0,0,0,0,0,0,0,0,0
121063,1,1,1990,0,0,0,0,0,0,0,0,0,0
121063,2,1,1990,0,0,0,0,0,0,0,0,0,0
121064,1,1,1990,11,11,11,11,11,11,11,11,11,11
121065,1,1,1990,0,0,0,0,0,0,0,0,0,0
121065,2,1,1990,0,0,0,0,0,0,0,0,0,0
121066,1,1,1990,0,0,0,0,0,0,0,0,0,0
121066,2,1,1990,0,0,0,0,0,0,0,0,0,0
121067,1,1,1990,17,17,17,17,17,17,17,17,17,17
121068,0,1,1990,0,0,0,0,0,0,0,0,0,0
121068,1,1,1990,17,13,18,25,0,37,5,0,10,18
121069,1,1,1990,0,0,0,0,0,9,0,0,0,0
121069,2,1,1990,4,4,4,4,4,4,4,4,4,4
121070,1,1,1990,17,17,17,17,17,17,17,17,17,17
121071,0,1,1990,0,0,0,0,0,0,0,0,0,0
121071,1,1,1990,0,0,0,0,0,0,0,0,0,0
121072,0,1,1990,0,0,0,0,0,0,0,0,0,0
121072,1,1,1990,6,6,6,6,6,6,6,6,6,6
121073,1,1,1990,6,6,6,6,6,6,6,6,6,6
121074,0,1,1990,0,0,0,0,0,0,0,0,0,0
121074,0,2,1990,0,0,0,0,0,0,0,0,0,0
121074,1,1,1990,25,0,0,0,0,0,0,0,0,0
121075,1,1,1990,21,0,31,0,9,0,0,0,0,0
121075,2,1,1990,0,0,0,0,0,0,0,0,0,0
121076,1,1,1990,23,23,23,23,23,23,23,23,23,23
121076,2,1,1990,0,0,0,0,4,0,0,0,3,0
121076,3,1,1990,0,0,0,0,0,0,0,0,0,0
121078,1,1,1990,0,0,0,0,0,0,0,0,0,0
121078,2,1,1990,0,0,0,0,0,0,0,0,0,0
121079,1,1,1990,0,0,0,0,0,0,0,0,0,0
121079,2,1,1990,41,0,0,0,0,0,0,0,0,0
121081,1,1,1990,16,16,16,16,16,16,16,16,16,16
121082,0,1,1990,0,0,0,0,0,0,0,0,0,0
121082,1,1,1990,0,0,0,0,0,0,0,0,0,0
121083,0,1,1990,12,12,12,12,12,12,12,12,12,12
121083,1,1,1990,0,6,0,0,0,13,17,0,0,19
121083,2,1,1990,0,17,0,0,0,0,0,0,0,0
121084,0,1,1990,0,0,0,0,0,0,0,0,0,0