ST_CASE,VEH_NO,PER_NO,YEAR,P1,P2,P3,P4,P5,P6,P7,P8,P9,P10
121084,1,1,1990,0,0,0,0,0,0,0,0,0,0
121085,0,1,1990,0,0,0,0,0,0,0,0,0,0
121085,1,1,1990,0,0,0,0,0,0,0,0,0,0
121086,1,1,1990,0,0,7,0,0,0,0,0,0,0
121086,2,1,1990,0,0,0,0,0,0,0,0,0,0
121087,0,1,1990,0,0,0,0,0,0,15,0,0,0
121087,1,1,1990,0,0,0,0,0,10,0,0,0,20
121088,1,1,1990,5,0,0,0,0,0,0,0,0,0
121089,0,1,1990,0,0,0,0,0,0,0,13,0,0
121089,1,1,1990,6,6,6,6,6,6,6,6,6,6
121090,1,1,1990,15,15,15,15,15,15,15,15,15,15
121091,1,1,1990,0,0,0,10,13,0,13,0,0,0
121091,2,1,1990,0,0,0,13,9,0,8,0,22,0
121092,1,1,1990,25,25,25,25,25,25,25,25,25,25
121093,0,1,1990,23,23,23,23,23,23,23,23,23,23
121093,1,1,1990,0,0,0,0,0,0,0,0,4,0
121094,0,1,1990,7,7,7,7,7,7,7,7,7,7
121094,1,1,1990,2,2,2,2,2,2,2,2,2,2
121095,1,1,1990,0,14,0,0,0,0,0,0,0,0
121096,1,1,1990,13,13,13,13,13,13,13,13,13,13
121097,1,1,1990,18,18,18,18,18,18,18,18,18,18
121097,2,1,1990,0,0,0,0,0,0,0,0,0,0
121098,1,1,1990,4,4,4,4,4,4,4,4,4,4
121099,1,1,1990,10,10,10,10,10,10,10,10,10,10
121099,2,1,1990,23,23,23,23,23,23,23,23,23,23
121100,1,1,1990,12,12,12,12,12,12,12,12,12,12
121100,2,1,1990,0,0,15,4,0,0,0,0,0,0
121101,1,1,1990,12,12,12,12,12,12,12,12,12,12
121101,2,1,1990,0,0,0,0,0,0,0,0,0,0
121101,3,1,1990,0,0,0,0,0,0,0,0,0,0
121102,0,1,1990,0,0,0,0,0,0,0,0,0,0
121102,1,1,1990,15,0,0,0,0,0,0,0,0,0
121103,1,1,1990,0,0,0,0,0,0,0,0,0,0
121103,2,1,1990,0,0,0,0,0,0,0,0,0,0
121104,1,1,1990,0,0,0,0,0,0,0,0,0,0
121104,2,1,1990,3,3,3,3,3,3,3,3,3,3
121105,1,1,1990,0,0,0,0,0,0,0,0,0,0
121106,1,1,1990,0,0,0,0,0,0,0,0,0,0
121106,2,1,1990,0,0,0,0,0,0,0,0,0,0
121107,0,1,1990,0,0,14,0,5,0,0,0,0,0
121107,1,1,1990,0,0,0,0,0,0,0,0,0,0
121108,1,1,1990,0,0,0,0,0,0,0,0,0,0
121109,1,1,1990,0,0,0,0,0,0,0,0,0,0
121109,2,1,1990,0,0,0,0,0,0,0,0,0,0
121110,1,1,1990,0,0,0,0,0,0,0,0,0,0
121111,0,1,1990,0,0,21,0,0,22,18,0,17,0
121111,1,1,1990,0,0,0,0,0,0,0,22,0,0
121112,0,1,1990,0,0,0,0,0,0,0,0,0,0
121112,1,1,1990,0,0,0,0,0,0,0,0,0,0
121113,1,1,1990,14,14,14,14,14,14,14,14,14,14
121114,1,1,1990,0,0,12,10,0,11,18,0,19,8
121114,2,1,1990,0,0,0,0,0,0,0,0,0,0
121115,1,1,1990,0,0,0,0,0,0,0,0,0,0
121115,2,1,1990,0,0,0,0,0,0,0,0,0,0
121116,1,1,1990,26,26,26,26,26,26,26,26,26,26
121117,1,1,1990,0,0,12,0,0,0,0,0,0,0
121117,2,1,1990,15,32,12,19,21,20,19,19,17,44
121118,1,1,1990,22,22,22,22,22,22,22,22,22,22
121118,2,1,1990,0,0,0,0,0,0,6,0,0,0
121119,0,1,1990,24,0,0,0,34,0,0,0,26,0
121119,0,2,1990,0,24,11,0,25,0,0,47,24,18
121119,1,1,1990,16,15,11,13,30,20,0,12,0,7
121120,0,1,1990,0,0,0,0,26,0,0,0,0,0
121120,0,2,1990,0,0,15,0,24,0,0,0,0,0
121120,1,1,1990,0,0,30,0,0,15,26,0,0,0
121121,1,1,1990,0,0,0,0,0,0,0,0,0,0
121121,2,1,1990,0,0,0,0,0,0,0,0,0,0
121122,1,1,1990,0,0,0,0,0,0,0,0,0,0
121123,1,1,1990,24,24,24,24,24,24,24,24,24,24
121124,1,1,1990,22,22,22,22,22,22,22,22,22,22
121125,1,1,1990,0,0,0,0,0,0,0,0,8,0
121125,2,1,1990,0,0,0,0,0,0,0,0,0,0
121126,0,1,1990,10,33,12,0,32,22,23,0,23,16
121126,1,1,1990,0,0,21,0,0,0,0,0,11,0
121127,1,1,1990,13,13,13,13,13,13,13,13,13,13
121127,2,1,1990,0,0,0,0,0,0,0,0,0,0
121128,1,1,1990,0,0,0,0,0,0,0,0,0,0
121128,2,1,1990,0,0,0,0,0,0,0,0,0,0
121129,1,1,1990,0,0,20,0,0,0,0,0,0,0
121129,2,1,1990,0,0,0,0,0,0,0,0,0,14
121130,0,1,1990,0,0,0,0,10,0,0,0,0,9
121130,1,1,1990,0,0,0,0,0,0,0,0,0,0
121131,1,1,1990,0,0,0,0,0,0,0,0,0,0
121131,2,1,1990,0,0,0,0,0,0,0,0,0,0
121132,1,1,1990,20,20,20,20,20,20,20,20,20,20
121133,1,1,1990,0,0,0,0,0,0,0,0,0,0
121134,1,1,1990,20,29,22,19,0,12,0,0,16,0
121135,1,1,1990,38,38,38,38,38,38,38,38,38,38
121135,2,1,1990,0,9,0,17,6,0,0,2,10,11
121135,3,1,1990,19,33,11,15,19,21,21,28,29,7
121136,1,1,1990,12,12,12,12,12,12,12,12,12,12
121137,1,1,1990,0,0,0,0,0,0,0,0,0,0
121138,1,1,1990,0,0,0,0,0,0,0,0,0,0
121139,1,1,1990,25,25,25,25,25,25,25,25,25,25
121140,1,1,1990,0,0,0,0,0,0,0,0,0,0
121140,2,1,1990,0,0,0,0,0,9,0,0,0,0
121141,1,1,1990,16,16,16,16,16,16,16,16,16,16
121142,1,1,1990,1,1,1,1,1,1,1,1,1,1
121142,2,1,1990,0,0,0,0,0,0,0,0,0,0
121143,1,1,1990,13,13,13,13,13,13,13,13,13,13
121144,0,1,1990,16,16,16,16,16,16,16,16,16,16
121144,1,1,1990,17,17,23,12,16,11,7,8,21,14
121145,1,1,1990,0,0,0,0,32,0,0,0,0,0
121145,2,1,1990,0,0,0,0,0,0,0,0,0,0
121146,1,1,1990,0,0,0,0,0,0,0,17,0,0
121146,2,1,1990,0,0,0,0,0,0,0,0,0,0
121148,1,1,1990,0,0,0,0,0,0,0,0,0,0
121148,2,1,1990,18,18,18,18,18,18,18,18,18,18
121149,1,1,1990,0,10,0,0,0,0,0,0,0,0
121149,2,1,1990,0,0,0,0,0,0,0,0,0,0
121150,1,1,1990,17,17,17,17,17,17,17,17,17,17
121150,2,1,1990,14,15,0,0,0,0,20,0,0,7
121152,0,1,1990,0,0,0,0,0,0,0,0,0,0
121152,1,1,1990,0,15,0,3,0,0,0,0,0,0
121153,0,1,1990,0,0,0,0,22,0,18,8,0,0
121153,1,1,1990,0,0,0,0,0,0,0,0,0,0
121154,1,1,1990,16,16,16,16,16,16,16,16,16,16
121154,2,1,1990,0,0,0,6,0,0,0,0,0,0
121155,0,1,1990,26,26,26,26,26,26,26,26,26,26
121155,1,1,1990,0,5,0,16,0,0,0,0,0,0
121156,0,1,1990,0,0,0,0,0,0,0,0,0,0
121156,1,1,1990,0,0,0,0,0,0,0,0,0,0
121157,1,1,1990,0,0,0,0,0,0,0,0,0,0
121157,2,1,1990,0,0,0,0,28,13,18,8,11,0
121158,1,1,1990,0,0,0,0,0,0,0,0,0,0
121159,0,1,1990,17,17,17,17,17,17,17,17,17,17
121159,1,1,1990,0,0,0,0,0,0,0,0,0,0
121160,0,1,1990,3,3,3,3,3,3,3,3,3,3
121160,1,1,1990,14,0,20,14,0,0,0,0,0,0
121161,0,1,1990,0,25,0,0,7,25,15,0,0,0
121161,0,2,1990,0,6,0,38,23,19,0,0,0,0
121161,1,1,1990,1,1,1,1,1,1,1,1,1,1
121162,0,1,1990,0,0,0,0,0,0,0,0,0,0
121162,1,1,1990,0,0,0,0,0,0,0,0,0,0
121163,1,1,1990,0,0,0,0,0,19,0,0,0,0
121164,1,1,1990,0,0,0,0,0,0,0,0,0,0
121164,2,1,1990,0,0,0,0,0,0,0,0,0,0
121165,0,1,1990,0,0,0,0,0,0,0,0,0,0
121165,1,1,1990,19,19,19,19,19,19,19,19,19,19
121166,1,1,1990,19,19,19,19,19,19,19,19,19,19
121167,0,1,1990,38,38,38,38,38,38,38,38,38,38
121167,1,1,1990,27,0,0,0,0,0,0,0,0,0
121168,1,1,1990,17,17,17,17,17,17,17,17,17,17
121169,1,1,1990,14,14,14,14,14,14,14,14,14,14
121171,1,1,1990,9,9,9,9,9,9,9,9,9,9
121172,1,1,1990,0,0,0,0,0,0,0,0,10,0
121172,2,1,1990,0,0,0,0,0,0,0,0,0,0
121173,1,1,1990,23,23,23,23,23,23,23,23,23,23
121173,2,1,1990,0,0,0,0,0,0,0,0,0,0
121174,1,1,1990,0,0,0,0,0,0,0,0,0,0
121175,1,1,1990,0,0,0,0,0,0,0,0,0,0
121175,2,1,1990,0,0,0,0,0,0,0,0,0,0
121176,1,1,1990,0,0,0,0,0,0,0,0,0,0
121176,2,1,1990,0,0,0,0,0,0,0,0,0,0
121177,1,1,1990,0,0,0,0,0,0,0,0,0,0
121178,1,1,1990,0,0,0,0,0,0,0,0,0,0
121179,1,1,1990,19,19,19,19,19,19,19,19,19,19
121179,2,1,1990,0,0,0,0,0,0,0,0,0,0
121180,1,1,1990,0,0,0,0,0,0,0,0,0,0
121180,2,1,1990,0,0,18,0,0,0,0,0,0,0
121182,1,1,1990,7,7,7,7,7,7,7,7,7,7
121182,2,1,1990,11,11,11,11,11,11,11,11,11,11
121183,1,1,1990,16,16,16,16,16,16,16,16,16,16
121184,1,1,1990,0,0,0,0,0,0,0,0,0,0
121185,0,1,1990,0,0,0,0,13,0,15,0,0,0
121185,1,1,1990,0,9,0,0,0,0,0,0,0,0
121186,1,1,1990,17,17,17,17,17,17,17,17,17,17
121186,2,1,1990,0,0,0,0,0,0,0,0,0,0
121187,0,1,1990,0,0,0,0,0,0,0,0,0,0
121187,1,1,1990,0,0,0,0,0,0,0,0,0,0
121188,1,1,1990,0,0,0,0,0,0,0,0,0,0
121188,2,1,1990,31,31,31,31,31,31,31,31,31,31
121189,1,1,1990,19,19,19,19,19,19,19,19,19,19
121190,1,1,1990,0,0,22,0,9,18,13,12,8,1
121190,2,1,1990,0,0,0,8,0,0,0,0,0,0
121191,1,1,1990,0,0,0,0,0,0,0,0,0,0
121191,2,1,1990,0,12,0,0,0,0,0,0,0,0
121191,3,1,1990,0,0,0,0,0,0,0,0,0,0
121192,1,1,1990,26,26,26,26,26,26,26,26,26,26
121193,1,1,1990,5,5,5,5,5,5,5,5,5,5
121194,1,1,1990,22,22,22,22,22,22,22,22,22,22
121195,1,1,1990,0,0,0,0,0,0,0,0,0,0
121195,2,1,1990,0,16,0,0,0,0,0,0,0,0
121196,0,1,1990,2,2,2,2,2,2,2,2,2,2
121196,1,1,1990,0,0,0,0,0,0,0,0,0,0
121197,1,1,1990,0,0,0,0,0,0,0,0,0,0
121198,0,1,1990,19,19,19,19,19,19,19,19,19,19
121198,1,1,1990,15,23,30,17,11,0,32,16,0,0
121199,1,1,1990,24,24,24,24,24,24,24,24,24,24
121200,1,1,1990,17,17,17,17,17,17,17,17,17,17
121200,2,1,1990,0,0,4,0,0,0,0,0,0,0
121201,0,1,1990,0,0,0,0,0,0,0,0,0,0
121201,1,1,1990,0,0,0,0,0,0,6,0,0,0
121202,1,1,1990,0,2,0,0,0,0,0,0,0,0
121202,2,1,1990,2,2,2,2,2,2,2,2,2,2
121203,1,1,1990,11,11,11,11,11,11,11,11,11,11
121204,0,1,1990,0,0,0,0,0,0,0,0,0,0
121204,1,1,1990,10,0,0,0,0,0,0,0,0,0
121205,1,1,1990,9,9,9,9,9,9,9,9,9,9
121207,1,1,1990,0,0,0,0,0,0,0,0,0,0
121207,2,1,1990,0,0,0,0,0,0,0,0,0,0
121208,1,1,1990,12,12,12,12,12,12,12,12,12,12
121209,0,1,1990,0,0,0,0,0,0,0,0,0,0
121209,1,1,1990,0,0,0,0,0,0,0,0,0,0
121210,1,1,1990,24,24,24,24,24,24,24,24,24,24
121210,2,1,1990,0,0,0,0,0,0,0,0,0,0
121211,0,1,1990,0,0,0,0,0,0,0,0,0,0
121211,1,1,1990,0,0,0,0,0,0,6,0,0,0
121212,1,1,1990,0,0,0,0,0,0,0,0,0,0
121212,2,1,1990,0,0,0,0,0,0,0,0,0,0
121212,3,1,1990,0,0,0,0,0,0,0,0,0,0
121213,1,1,1990,0,0,0,0,0,0,0,0,0,0
121213,2,1,1990,0,0,0,0,0,0,0,0,0,0
121214,1,1,1990,15,15,15,15,15,15,15,15,15,15
121214,2,1,1990,0,0,0,0,9,0,0,0,0,0
121215,1,1,1990,0,0,0,0,0,0,0,0,0,0
121215,2,1,1990,0,0,0,0,0,0,0,0,0,0
121216,1,1,1990,0,0,0,0,0,0,0,0,0,0
121216,2,1,1990,0,0,0,0,0,0,0,0,0,0
121217,1,1,1990,10,10,10,10,10,10,10,10,10,10
121218,1,1,1990,2,2,2,2,2,2,2,2,2,2
121218,2,1,1990,0,0,0,0,0,0,0,0,0,0
121219,1,1,1990,12,12,12,12,12,12,12,12,12,12
121219,2,1,1990,0,0,0,0,0,0,0,0,0,0
121220,1,1,1990,40,40,40,40,40,40,40,40,40,40
121221,1,1,1990,0,0,0,0,0,0,0,0,0,0
121222,1,1,1990,5,5,5,5,5,5,5,5,5,5
121222,2,1,1990,6,6,6,6,6,6,6,6,6,6
121224,0,1,1990,0,14,0,0,0,0,19,0,0,0
121224,1,1,1990,0,0,0,0,0,0,0,0,0,0
121225,1,1,1990,0,0,0,0,0,0,0,0,0,0
121225,2,1,1990,9,9,9,9,9,9,9,9,9,9
121226,0,1,1990,0,0,0,0,0,0,0,0,0,0
121226,1,1,1990,0,0,3,0,0,0,0,0,0,12
121227,1,1,1990,0,0,0,0,0,0,0,0,0,0
121227,2,1,1990,10,10,10,10,10,10,10,10,10,10
121227,3,1,1990,0,0,0,0,0,0,0,0,0,0
121227,4,1,1990,0,0,0,0,0,11,0,0,0,0
121228,1,1,1990,27,27,27,27,27,27,27,27,27,27
121229,1,1,1990,25,25,25,25,25,25,25,25,25,25
121229,2,1,1990,0,0,0,0,0,0,0,0,0,0
121230,1,1,1990,0,6,0,0,0,0,0,0,0,0
121230,2,1,1990,0,0,0,0,0,0,0,0,0,0
121231,1,1,1990,0,0,0,0,0,0,0,0,0,0
121231,2,1,1990,0,0,0,0,0,0,0,0,9,0
121232,1,1,1990,0,0,0,0,17,0,0,29,0,0
121233,1,1,1990,0,0,0,0,0,0,0,0,0,0
121233,2,1,1990,0,0,0,0,0,0,0,0,0,0
121234,1,1,1990,16,16,16,16,16,16,16,16,16,16
121235,1,1,1990,6,6,6,6,6,6,6,6,6,6
121235,2,1,1990,0,0,0,23,0,0,0,0,0,0
121235,3,1,1990,0,0,0,0,0,0,15,0,0,0
121237,1,1,1990,0,0,0,0,0,0,0,0,0,0
121237,2,1,1990,0,0,0,0,0,0,0,0,0,0
121238,1,1,1990,0,0,0,0,0,0,0,0,0,0
121238,2,1,1990,0,0,0,0,0,0,0,0,0,0
121239,1,1,1990,21,21,21,21,21,21,21,21,21,21
121239,2,1,1990,0,0,0,0,0,0,0,0,12,0
121240,1,1,1990,0,0,0,0,0,0,0,0,0,0
121240,2,1,1990,0,0,0,0,0,0,0,0,0,0
121241,1,1,1990,17,0,0,0,0,0,0,0,0,0
121241,2,1,1990,0,0,0,0,0,0,0,0,0,3
121242,0,1,1990,26,26,26,26,26,26,26,26,26,26
121242,1,1,1990,0,0,0,0,0,0,0,0,0,0
121244,0,1,1990,12,12,12,12,12,12,12,12,12,12
121244,1,1,1990,23,23,23,23,23,23,23,23,23,23
121245,1,1,1990,0,0,0,0,0,0,0,0,0,0
121246,1,1,1990,13,13,13,13,13,13,13,13,13,13
121247,1,1,1990,19,19,19,19,19,19,19,19,19,19
121248,1,1,1990,26,9,0,0,16,0,15,0,0,17
121248,2,1,1990,0,0,0,0,0,0,0,0,0,0
121248,3,1,1990,0,0,0,0,0,0,0,0,5,0
121249,0,1,1990,24,24,24,24,24,24,24,24,24,24
121249,1,1,1990,8,6,0,0,0,11,0,8,0,0
121250,1,1,1990,0,0,0,0,0,0,0,0,0,0
121251,1,1,1990,0,0,0,0,0,0,0,0,0,0
121251,2,1,1990,0,0,0,0,0,0,0,0,0,0
121252,1,1,1990,0,0,0,0,0,0,0,0,0,0
121252,2,1,1990,0,0,0,0,0,0,0,0,0,0
121253,1,1,1990,0,0,0,0,0,0,0,0,0,0
121254,1,1,1990,21,21,21,21,21,21,21,21,21,21
121254,2,1,1990,10,18,12,8,41,13,2,0,26,31
121255,1,1,1990,26,26,26,26,26,26,26,26,26,26
121256,1,1,1990,0,0,0,0,0,0,0,0,0,0
121256,2,1,1990,0,0,0,0,0,0,0,0,0,0
121257,1,1,1990,0,0,0,0,0,0,0,0,0,0
121257,2,1,1990,0,0,0,0,0,2,24,0,0,0
121258,1,1,1990,20,20,20,20,20,20,20,20,20,20
121258,2,1,1990,23,23,23,23,23,23,23,23,23,23
121259,1,1,1990,20,20,20,20,20,20,20,20,20,20
121259,2,1,1990,15,0,0,0,0,0,26,14,0,0
121260,0,1,1990,0,0,0,0,0,0,0,0,0,0
121260,1,1,1990,21,21,21,21,21,21,21,21,21,21
121261,1,1,1990,0,0,0,0,0,0,0,0,0,0
121261,2,1,1990,0,0,0,0,0,0,0,0,0,0
121262,1,1,1990,0,0,0,0,0,0,0,0,0,0
121263,0,1,1990,11,0,15,0,0,14,0,12,0,0
121263,0,2,1990,4,0,0,0,0,0,0,14,0,0
121263,1,2,1990,11,11,11,11,11,11,11,11,11,11
121264,1,1,1990,21,21,21,21,21,21,21,21,21,21
121265,1,1,1990,25,25,25,25,25,25,25,25,25,25
121265,2,1,1990,16,16,16,16,16,16,16,16,16,16
121266,1,1,1990,0,0,0,0,0,0,0,0,0,0
121266,2,1,1990,0,9,0,0,0,0,0,0,0,0
121266,3,1,1990,0,0,0,12,0,0,0,0,0,0
121267,1,1,1990,9,9,9,9,9,9,9,9,9,9
121269,1,1,1990,23,23,23,23,23,23,23,23,23,23
121270,1,1,1990,0,0,0,0,0,0,0,0,0,0
121270,2,1,1990,16,0,0,0,0,0,2,0,0,0
121271,1,1,1990,0,0,0,0,0,0,0,0,0,0
121274,1,1,1990,12,12,12,12,12,12,12,12,12,12
121275,1,1,1990,6,6,6,6,6,6,6,6,6,6
121276,1,1,1990,25,25,25,25,25,25,25,25,25,25
121277,1,1,1990,22,22,22,22,22,22,22,22,22,22
121278,1,1,1990,21,21,21,21,21,21,21,21,21,21
121278,2,1,1990,0,0,0,0,0,0,0,0,0,0
121279,1,1,1990,9,0,13,0,0,0,14,17,0,0
121280,1,1,1990,6,6,6,6,6,6,6,6,6,6
121281,1,1,1990,11,11,11,11,11,11,11,11,11,11
121281,2,1,1990,0,0,0,0,0,0,0,0,0,0
121281,3,1,1990,0,0,0,0,0,0,0,14,0,0
121282,1,1,1990,28,28,28,28,28,28,28,28,28,28
121282,2,1,1990,0,0,0,0,0,0,0,0,0,0
121283,1,1,1990,22,22,22,22,22,22,22,22,22,22
121284,0,1,1990,0,0,0,0,0,0,0,0,0,0
121284,1,1,1990,0,0,0,0,0,0,0,0,0,0
121285,1,1,1990,25,25,25,25,25,25,25,25,25,25
121286,1,1,1990,0,0,0,0,0,0,0,0,0,0
121287,1,1,1990,18,18,18,18,18,18,18,18,18,18
121287,2,1,1990,19,19,19,19,19,19,19,19,19,19
121288,1,1,1990,24,24,24,24,24,24,24,24,24,24
121288,2,1,1990,0,0,0,0,0,0,0,0,0,0
121289,1,1,1990,6,6,6,6,6,6,6,6,6,6
121290,1,1,1990,11,0,0,5,0,16,11,24,0,8
121291,1,1,1990,0,0,0,0,0,0,0,0,0,0
121291,2,1,1990,0,0,0,0,0,0,0,0,0,0
121292,1,1,1990,3,3,3,3,3,3,3,3,3,3
121293,1,1,1990,11,11,11,11,11,11,11,11,11,11
121293,2,1,1990,0,0,0,0,0,0,0,0,0,0
121294,0,1,1990,0,0,0,0,0,0,0,0,0,0
121294,1,1,1990,0,0,0,9,0,0,0,0,0,16
121295,1,1,1990,22,13,11,0,42,0,29,0,31,0
121296,1,1,1990,0,0,0,0,0,0,0,0,0,0
121296,2,1,1990,0,0,0,0,0,0,0,0,0,0
121297,1,1,1990,0,0,0,0,0,0,0,0,0,0
121297,2,1,1990,0,0,0,0,0,0,0,0,0,0
121298,0,1,1990,0,0,0,0,0,0,0,0,0,0
121298,1,1,1990,0,0,0,0,0,0,0,0,0,0
121299,1,1,1990,0,0,0,0,0,0,0,0,0,0
121299,2,1,1990,0,0,0,8,0,15,0,0,0,13
121300,0,1,1990,0,0,0,0,22,0,25,0,0,0
121300,1,1,1990,0,0,29,0,7,8,0,12,0,25
121301,1,1,1990,26,26,26,26,26,26,26,26,26,26
121301,2,1,1990,0,0,0,0,0,0,0,0,0,7
121302,1,1,1990,16,16,16,16,16,16,16,16,16,16
121303,1,1,1990,19,19,19,19,19,19,19,19,19,19
121303,2,1,1990,3,0,0,0,0,0,0,14,0,0
121304,1,1,1990,15,15,15,15,15,15,15,15,15,15
121306,1,1,1990,0,0,0,0,0,0,0,0,0,0
121307,1,1,1990,24,24,24,24,24,24,24,24,24,24
121308,1,1,1990,5,5,5,5,5,5,5,5,5,5
121309,1,1,1990,0,0,0,0,0,0,0,0,0,0
121309,2,1,1990,0,0,0,0,0,0,0,0,0,0
121309,3,1,1990,0,0,0,0,0,0,0,0,0,0
121310,1,1,1990,0,0,0,6,0,15,0,0,0,0
121311,1,1,1990,9,9,9,9,9,9,9,9,9,9
121311,2,1,1990,10,5,10,16,10,0,4,0,14,5
121312,1,1,1990,20,20,20,20,20,20,20,20,20,20
121312,2,1,1990,0,0,0,0,0,0,0,0,5,0
121313,0,1,1990,28,28,28,28,28,28,28,28,28,28
121313,1,1,1990,7,7,7,7,7,7,7,7,7,7
121314,1,1,1990,0,0,0,0,0,0,0,0,0,0
121314,2,1,1990,0,12,0,0,0,0,0,0,0,17
121315,1,1,1990,34,8,17,19,33,22,39,8,23,24
121316,1,1,1990,12,17,0,18,10,30,24,0,0,12
121317,1,1,1990,14,0,0,0,0,25,24,0,0,0
121317,2,1,1990,0,0,0,0,0,0,0,0,0,0
121318,1,1,1990,0,0,0,0,0,0,0,0,0,0
121318,2,1,1990,0,0,0,0,0,0,0,0,14,0
121318,3,1,1990,24,24,24,24,24,24,24,24,24,24
121319,0,1,1990,6,20,27,11,24,15,55,28,47,18
121319,1,1,1990,33,18,17,21,11,29,17,17,17,0
121320,1,1,1990,0,0,21,0,0,0,0,0,0,0
121320,2,1,1990,0,11,0,0,12,0,0,0,0,0
121320,3,1,1990,0,0,0,0,0,0,0,0,0,0
121321,1,1,1990,22,22,22,22,22,22,22,22,22,22
121322,1,1,1990,16,16,16,16,16,16,16,16,16,16
121323,1,1,1990,0,0,0,0,0,0,0,0,0,0
121324,0,1,1990,12,12,12,12,12,12,12,12,12,12
121324,1,1,1990,0,0,0,10,0,0,0,0,0,0
121326,1,1,1990,0,0,0,0,0,0,0,0,0,0
121326,2,1,1990,0,0,0,0,0,0,0,0,0,0
121327,1,1,1990,20,20,20,20,20,20,20,20,20,20
121328,1,1,1990,9,9,9,9,9,9,9,9,9,9
121328,2,1,1990,0,0,0,0,0,0,0,0,0,0
121328,3,1,1990,0,0,0,11,0,0,0,0,0,0
121329,0,1,1990,0,0,0,0,0,0,0,0,0,0
121329,0,2,1990,0,0,0,0,0,0,0,0,0,0
121329,1,1,1990,13,13,13,13,13,13,13,13,13,13
121330,1,1,1990,13,13,13,13,13,13,13,13,13,13
121330,2,1,1990,0,0,0,0,0,0,0,0,0,0
121331,0,1,1990,0,0,0,0,0,0,0,0,0,0
121331,1,1,1990,0,0,0,0,0,0,0,0,0,0
121332,1,1,1990,16,16,16,16,16,16,16,16,16,16
121333,1,1,1990,3,3,3,3,3,3,3,3,3,3
121333,2,1,1990,0,0,0,0,0,0,0,0,0,0
121334,1,1,1990,12,12,12,12,12,12,12,12,12,12
121334,2,1,1990,0,0,0,0,0,0,0,0,0,0
121335,1,1,1990,0,0,0,0,0,0,0,0,0,0
121335,2,1,1990,0,0,0,0,0,0,0,0,0,0
121336,1,1,1990,0,0,0,0,0,0,0,0,0,0
121336,2,1,1990,0,0,0,0,0,0,0,0,0,0
121337,1,1,1990,0,0,0,0,0,0,0,0,0,0
121337,2,1,1990,16,3,0,0,0,0,0,0,0,0
121338,1,1,1990,27,27,27,27,27,27,27,27,27,27
121339,1,1,1990,0,0,0,0,0,0,0,0,0,0
121339,2,1,1990,0,0,0,0,0,0,0,0,0,0
121340,1,1,1990,13,13,13,13,13,13,13,13,13,13
121340,2,1,1990,0,0,0,0,0,0,0,0,0,0
121341,1,1,1990,0,0,6,0,0,0,0,0,12,14
121341,2,1,1990,15,0,0,0,2,0,0,0,0,0
121342,1,1,1990,0,0,0,0,0,0,0,0,0,0
121342,2,1,1990,0,0,0,0,0,0,0,0,0,0
121343,0,1,1990,0,0,0,0,0,0,0,0,0,30
121343,1,1,1990,0,0,0,0,0,0,0,0,0,0
121344,1,1,1990,0,0,0,0,0,0,0,0,0,0
121344,2,1,1990,0,0,0,0,0,0,0,0,0,0
121345,1,1,1990,0,0,0,0,0,0,0,0,0,0
121345,2,1,1990,0,0,0,0,0,0,0,0,0,0
121346,0,1,1990,22,22,22,22,22,22,22,22,22,22
121346,1,1,1990,0,0,0,0,0,0,0,0,0,0
121347,0,1,1990,0,0,0,0,0,0,0,0,25,0
121347,1,1,1990,0,0,0,0,0,0,0,0,0,0
121348,1,1,1990,22,14,0,7,9,15,26,14,20,21
121349,0,1,1990,0,0,0,0,0,0,0,0,8,0
121349,2,1,1990,0,0,0,0,0,0,12,0,0,0
121350,0,1,1990,5,19,18,20,13,0,22,0,0,25
121350,1,1,1990,0,0,0,0,0,0,0,0,0,0
121351,0,1,1990,0,0,0,0,0,0,0,0,0,0
121351,1,1,1990,0,0,0,0,0,0,0,0,0,0
121352,1,1,1990,0,0,0,0,0,0,0,0,0,0
121352,2,1,1990,0,0,0,0,0,0,0,0,0,0
121352,3,1,1990,0,0,0,0,0,0,0,0,0,0
121353,1,1,1990,11,0,0,0,0,0,0,0,0,0
121353,2,1,1990,10,0,13,10,13,12,0,21,27,23
121354,0,1,1990,11,11,11,11,11,11,11,11,11,11
121354,1,1,1990,7,18,15,3,22,0,10,8,4,12
121355,0,1,1990,0,0,0,0,0,0,0,0,0,0
121355,1,1,1990,0,0,0,0,0,0,0,0,0,0
121356,0,1,1990,0,0,8,37,25,10,19,36,0,0
121356,1,1,1990,31,0,0,0,0,0,20,22,0,0
121357,1,1,1990,0,20,0,0,0,0,14,0,0,0
121357,2,1,1990,0,0,0,0,0,0,0,0,0,0
121358,0,1,1990,0,0,0,0,0,0,0,0,0,0
121358,1,1,1990,0,0,0,0,0,0,0,0,0,0
121359,1,1,1990,0,0,0,0,0,0,0,0,0,0