ST_CASE,VEH_NO,PER_NO,YEAR,P1,P2,P3,P4,P5,P6,P7,P8,P9,P10
121359,2,1,1990,0,0,0,0,0,0,0,0,0,0
121360,1,1,1990,20,20,20,20,20,20,20,20,20,20
121361,1,1,1990,12,11,14,18,11,11,21,25,21,0
121361,2,1,1990,0,0,0,0,0,0,0,0,0,0
121362,0,1,1990,0,0,0,0,0,0,0,0,0,0
121362,1,1,1990,0,0,0,0,0,0,0,12,15,0
121363,1,1,1990,29,29,29,29,29,29,29,29,29,29
121364,1,1,1990,11,11,11,11,11,11,11,11,11,11
121364,2,1,1990,0,0,0,0,0,0,0,0,0,0
121365,0,1,1990,0,0,0,0,0,0,0,0,0,0
121365,1,1,1990,0,0,0,0,0,0,0,0,0,0
121366,1,1,1990,0,0,0,0,0,0,0,0,0,0
121366,2,1,1990,0,0,0,0,0,0,0,0,0,0
121367,1,1,1990,0,0,0,0,0,0,0,0,0,0
121367,2,1,1990,0,0,0,0,0,0,0,0,0,0
121368,0,1,1990,0,0,0,0,0,0,0,0,0,0
121368,1,1,1990,0,0,0,0,0,0,0,0,0,0
121369,1,1,1990,0,0,0,0,0,0,0,0,0,0
121369,2,1,1990,0,0,0,0,0,0,0,0,0,0
121369,3,1,1990,0,0,0,0,0,0,0,0,0,0
121369,4,1,1990,0,0,0,0,0,0,0,0,0,0
121370,1,1,1990,0,0,0,0,0,0,0,0,0,0
121370,2,1,1990,0,0,0,9,0,11,0,0,13,0
121370,3,1,1990,0,0,0,0,0,0,0,4,0,0
121370,4,1,1990,0,0,0,0,0,0,0,3,0,4
121371,1,1,1990,20,20,20,20,20,20,20,20,20,20
121372,1,1,1990,18,18,18,18,18,18,18,18,18,18
121373,1,1,1990,37,26,30,30,18,20,26,29,22,17
121373,2,1,1990,0,0,0,0,0,0,0,0,0,0
121374,1,1,1990,13,13,13,13,13,13,13,13,13,13
121375,0,1,1990,0,11,0,0,34,0,21,0,0,0
121375,1,1,1990,0,0,0,0,0,0,0,0,0,6
121376,0,1,1990,25,25,25,25,25,25,25,25,25,25
121376,1,1,1990,0,0,0,0,0,0,6,0,0,0
121377,1,1,1990,13,13,13,13,13,13,13,13,13,13
121377,2,1,1990,0,0,0,0,0,0,0,0,0,0
121377,3,1,1990,0,0,0,0,0,0,0,14,13,0
121378,1,1,1990,30,30,30,30,30,30,30,30,30,30
121378,2,1,1990,0,0,0,0,0,0,0,0,0,0
121379,1,1,1990,23,7,16,19,31,13,15,19,0,5
121380,0,1,1990,0,7,0,0,0,0,0,0,0,0
121380,1,1,1990,0,21,0,0,0,0,0,0,0,0
121381,0,1,1990,0,0,0,0,0,0,0,0,0,0
121381,0,2,1990,0,0,0,0,0,0,0,0,0,0
121381,1,1,1990,0,0,0,0,0,24,20,27,0,0
121382,0,1,1990,0,0,0,0,0,0,0,0,0,0
121382,1,1,1990,0,0,0,0,0,0,0,0,0,0
121382,2,1,1990,0,0,0,12,11,0,11,0,17,0
121383,1,1,1990,0,0,0,0,15,0,0,0,0,0
121383,2,1,1990,0,0,0,0,0,8,0,15,0,0
121383,3,1,1990,0,0,0,0,0,0,0,0,10,0
121384,1,1,1990,0,0,0,0,0,0,0,0,0,0
121387,1,1,1990,0,0,0,0,0,0,0,0,0,0
121388,1,1,1990,18,18,18,18,18,18,18,18,18,18
121389,1,1,1990,0,0,0,0,0,0,0,0,0,0
121389,2,1,1990,0,0,0,0,0,0,0,0,0,0
121390,1,1,1990,28,28,28,28,28,28,28,28,28,28
121391,1,1,1990,0,0,0,0,0,0,0,0,0,0
121391,2,1,1990,0,0,0,0,0,0,0,0,0,0
121392,1,1,1990,0,0,0,0,0,0,0,0,0,0
121392,2,1,1990,0,0,0,0,0,0,0,0,0,0
121393,1,1,1990,20,20,20,20,20,20,20,20,20,20
121394,1,1,1990,4,4,4,4,4,4,4,4,4,4
121395,1,1,1990,0,0,0,0,0,0,0,0,0,0
121395,2,1,1990,0,0,0,0,0,0,0,0,0,0
121396,1,1,1990,44,44,44,44,44,44,44,44,44,44
121397,1,1,1990,6,6,6,6,6,6,6,6,6,6
121397,2,1,1990,12,12,12,12,12,12,12,12,12,12
121399,0,1,1990,30,32,23,13,20,13,11,14,0,16
121399,1,1,1990,0,13,0,0,0,0,0,0,0,0
121400,1,1,1990,0,0,0,0,0,0,0,0,0,0
121400,2,1,1990,0,0,0,0,0,0,0,0,0,0
121400,3,1,1990,0,0,0,0,0,0,0,0,0,0
121401,1,1,1990,0,0,0,0,0,0,0,0,0,0
121401,2,1,1990,18,18,18,18,18,18,18,18,18,18
121402,1,1,1990,0,0,0,0,0,0,0,0,0,0
121402,2,1,1990,0,0,3,0,11,19,12,0,0,0
121403,1,1,1990,18,18,18,18,18,18,18,18,18,18
121403,2,1,1990,0,0,0,0,0,0,0,0,0,0
121404,1,1,1990,15,15,15,15,15,15,15,15,15,15
121404,2,1,1990,0,0,0,0,0,0,0,0,0,0
121405,1,1,1990,17,17,17,17,17,17,17,17,17,17
121405,2,1,1990,2,25,0,0,0,0,0,0,0,0
121405,3,1,1990,0,0,0,0,0,0,0,0,0,0
121406,1,1,1990,0,0,0,0,0,0,0,0,0,0
121407,0,1,1990,21,21,21,21,21,21,21,21,21,21
121407,1,1,1990,11,11,11,11,11,11,11,11,11,11
121408,1,1,1990,16,16,16,16,16,16,16,16,16,16
121409,0,1,1990,0,0,0,0,0,0,0,0,0,0
121409,1,1,1990,17,17,17,17,17,17,17,17,17,17
121410,0,1,1990,0,0,0,0,0,0,0,0,0,0
121410,0,2,1990,41,0,0,24,26,0,0,0,32,22
121410,1,1,1990,0,0,10,0,0,0,0,17,0,0
121412,1,1,1990,22,22,22,22,22,22,22,22,22,22
121412,2,1,1990,15,0,0,0,0,0,0,0,0,0
121413,1,1,1990,0,0,0,0,0,0,0,0,0,0
121413,2,1,1990,2,2,2,2,2,2,2,2,2,2
121414,1,1,1990,0,0,0,0,0,0,0,0,0,0
121414,2,1,1990,0,0,0,0,4,0,0,0,0,0
121415,0,1,1990,0,0,0,0,0,0,0,0,0,0
121415,1,1,1990,0,0,0,0,0,0,0,0,0,0
121415,2,1,1990,11,0,26,0,0,11,0,0,0,18
121416,0,1,1990,18,18,18,18,18,18,18,18,18,18
121416,1,1,1990,8,10,3,7,7,15,17,22,8,6
121417,0,1,1990,17,17,17,17,17,17,17,17,17,17
121417,1,1,1990,0,0,0,0,0,0,0,0,0,0
121418,1,1,1990,0,0,0,0,0,0,0,0,0,0
121419,1,1,1990,9,0,0,0,0,0,0,21,0,0
121419,2,1,1990,0,0,0,0,0,0,0,0,0,0
121419,3,1,1990,0,0,0,0,0,0,0,0,0,0
121419,4,1,1990,0,0,0,0,0,0,0,0,0,0
121419,5,1,1990,0,16,0,0,0,0,0,0,0,0
121420,0,1,1990,0,0,0,0,0,0,0,0,0,0
121420,1,1,1990,0,0,0,0,0,0,0,0,0,0
121421,1,1,1990,0,12,21,0,0,0,0,0,0,0
121421,2,1,1990,11,9,12,13,18,29,16,11,12,11
121424,0,1,1990,10,10,10,10,10,10,10,10,10,10
121424,1,1,1990,0,23,0,0,0,0,4,0,4,0
121425,1,1,1990,25,25,25,25,25,25,25,25,25,25
121425,2,1,1990,0,0,0,0,0,0,0,0,0,0
121426,1,1,1990,0,0,0,0,0,0,0,0,0,0
121426,2,1,1990,0,0,0,0,0,0,0,0,0,0
121427,1,1,1990,24,31,0,0,21,0,0,15,0,0
121428,1,1,1990,32,32,32,32,32,32,32,32,32,32
121429,0,1,1990,26,26,26,26,26,26,26,26,26,26
121429,1,1,1990,0,0,0,0,0,0,0,0,0,0
121430,0,1,1990,0,4,24,34,40,34,0,32,0,0
121430,0,2,1990,0,0,42,0,0,16,7,9,0,0
121430,1,1,1990,24,24,24,24,24,24,24,24,24,24
121431,0,1,1990,0,21,18,0,32,0,12,22,0,0
121431,1,1,1990,0,0,0,0,0,0,0,0,8,0
121432,1,1,1990,24,24,24,24,24,24,24,24,24,24
121433,1,1,1990,0,0,0,0,0,0,0,0,0,0
121433,2,1,1990,0,0,0,0,0,0,0,0,0,0
121433,3,1,1990,0,0,0,0,0,0,0,0,0,0
121434,1,1,1990,14,14,14,14,14,14,14,14,14,14
121435,1,1,1990,12,12,12,12,12,12,12,12,12,12
121436,0,1,1990,0,0,0,0,0,0,0,0,0,0
121436,1,1,1990,0,0,0,0,0,0,0,0,0,0
121437,1,1,1990,0,0,0,0,0,0,0,0,0,0
121437,2,1,1990,0,22,0,0,0,0,0,0,0,0
121437,3,1,1990,0,0,0,0,0,0,0,0,0,0
121438,0,1,1990,30,45,23,28,10,29,37,14,34,27
121438,1,1,1990,8,18,14,15,17,27,23,10,10,0
121440,1,1,1990,0,0,0,0,0,0,0,0,0,0
121440,2,1,1990,0,0,0,0,0,23,0,0,0,0
121441,1,1,1990,26,26,26,26,26,26,26,26,26,26
121442,1,1,1990,0,0,0,0,0,0,0,0,0,0
121442,2,1,1990,0,0,0,0,0,0,0,0,0,0
121443,1,1,1990,0,0,0,0,12,0,0,0,0,0
121443,2,1,1990,0,0,0,0,0,0,0,0,0,0
121444,0,1,1990,0,0,0,0,0,0,0,0,0,0
121444,1,1,1990,0,0,0,0,0,0,0,0,0,0
121445,0,1,1990,0,0,0,0,0,0,0,0,0,0
121445,1,1,1990,0,0,0,0,0,0,0,0,0,0
121446,1,1,1990,18,18,18,18,18,18,18,18,18,18
121447,1,1,1990,0,0,0,0,0,0,0,0,0,0
121447,2,1,1990,0,0,0,0,0,0,0,0,0,0
121448,1,1,1990,2,2,2,2,2,2,2,2,2,2
121449,1,1,1990,0,0,0,0,0,0,0,0,0,0
121449,2,1,1990,0,0,0,0,0,0,0,0,0,0
121450,0,1,1990,9,9,9,9,9,9,9,9,9,9
121450,1,1,1990,13,13,13,13,13,13,13,13,13,13
121452,1,1,1990,22,22,22,22,22,22,22,22,22,22
121452,2,1,1990,0,0,0,0,0,0,0,0,0,0
121453,1,1,1990,0,0,0,0,0,0,0,0,0,0
121453,2,1,1990,0,0,0,0,0,0,0,0,0,0
121455,1,1,1990,0,0,0,5,0,0,0,0,0,0
121455,2,1,1990,0,0,0,0,0,0,0,0,0,0
121456,1,1,1990,0,0,0,0,0,0,0,0,0,0
121456,2,1,1990,0,0,0,0,0,0,0,0,0,0
121457,1,1,1990,16,16,16,16,16,16,16,16,16,16
121458,1,1,1990,3,3,3,3,3,3,3,3,3,3
121459,1,1,1990,0,0,0,3,0,0,0,0,0,0
121459,2,1,1990,0,0,0,0,0,0,0,0,0,0
121460,0,1,1990,0,0,0,0,0,0,0,0,0,0
121460,1,1,1990,0,0,0,0,0,0,0,0,0,0
121461,1,1,1990,20,20,20,20,20,20,20,20,20,20
121462,1,1,1990,13,13,13,13,13,13,13,13,13,13
121462,2,1,1990,10,12,26,22,0,0,13,11,14,0
121463,1,1,1990,21,21,21,21,21,21,21,21,21,21
121463,2,1,1990,0,0,9,0,18,0,0,12,0,0
121463,3,1,1990,0,0,0,0,0,0,17,0,0,0
121464,1,1,1990,0,0,0,0,0,0,0,0,0,0
121465,0,1,1990,0,0,0,0,0,4,0,25,0,0
121465,1,1,1990,0,0,0,12,0,12,0,0,0,0
121466,1,1,1990,30,30,30,30,30,30,30,30,30,30
121466,2,1,1990,0,0,0,0,0,0,0,0,0,0
121467,0,1,1990,0,0,0,0,0,0,0,0,0,0
121467,1,1,1990,0,0,0,0,0,0,0,0,0,0
121468,1,1,1990,17,0,0,13,4,7,8,22,25,0
121468,2,1,1990,4,0,0,16,0,0,9,0,3,0
121469,1,1,1990,25,25,25,25,25,25,25,25,25,25
121469,2,1,1990,0,0,0,9,0,0,0,0,0,0
121471,1,1,1990,0,0,0,0,0,0,0,0,0,0
121472,1,1,1990,0,0,0,0,0,0,0,0,0,0
121473,0,1,1990,0,0,0,0,0,0,0,0,0,0
121473,1,1,1990,0,0,0,0,0,0,0,0,0,0
121474,0,1,1990,0,0,0,0,0,0,0,0,0,0
121474,0,2,1990,0,0,14,0,0,0,0,0,0,0
121474,1,1,1990,0,0,0,0,0,0,0,0,0,0
121475,1,1,1990,7,7,7,7,7,7,7,7,7,7
121475,2,1,1990,9,9,9,9,9,9,9,9,9,9
121475,3,1,1990,4,14,12,21,24,23,18,13,14,14
121476,1,1,1990,16,16,16,16,16,16,16,16,16,16
121477,1,1,1990,0,0,0,0,0,0,0,0,0,0
121477,2,1,1990,5,10,8,26,7,14,11,26,12,0
121478,1,1,1990,12,0,0,0,0,12,20,0,7,8
121479,1,1,1990,24,24,24,24,24,24,24,24,24,24
121479,2,1,1990,0,0,0,0,0,0,0,5,0,0
121480,1,1,1990,0,0,0,0,0,0,0,0,0,0
121481,1,1,1990,0,0,0,0,0,0,0,0,0,0
121481,2,1,1990,0,7,0,0,0,0,0,0,0,0
121482,0,1,1990,14,14,14,14,14,14,14,14,14,14
121482,1,1,1990,0,0,0,0,0,0,0,0,0,0
121482,2,1,1990,0,0,5,0,0,0,0,0,0,0
121483,1,1,1990,13,13,13,13,13,13,13,13,13,13
121484,1,1,1990,0,0,0,0,0,0,0,0,0,0
121484,2,1,1990,0,0,0,0,0,0,0,0,0,15
121484,3,1,1990,0,0,0,0,0,9,0,0,0,0
121485,1,1,1990,0,0,0,0,0,0,0,0,0,0
121485,2,1,1990,12,12,12,12,12,12,12,12,12,12
121486,1,1,1990,18,20,10,17,17,26,19,20,15,8
121486,2,1,1990,0,0,0,0,0,0,0,0,0,0
121487,1,1,1990,19,19,19,19,19,19,19,19,19,19
121488,1,1,1990,0,0,0,0,0,0,0,0,0,0
121488,2,1,1990,0,0,0,0,0,0,0,0,0,0
121489,1,1,1990,13,13,13,13,13,13,13,13,13,13
121490,1,1,1990,0,0,0,0,0,0,0,0,0,0
121490,2,1,1990,0,0,0,0,0,0,0,0,0,0
121491,1,1,1990,9,9,9,9,9,9,9,9,9,9
121492,1,1,1990,26,0,32,0,24,22,0,35,27,0
121493,1,1,1990,2,2,2,2,2,2,2,2,2,2
121493,2,1,1990,0,0,0,0,0,0,0,0,0,0
121493,3,1,1990,0,0,0,0,0,0,0,0,0,0
121494,1,1,1990,0,0,0,0,0,0,4,0,0,0
121494,2,1,1990,0,0,0,0,0,0,0,0,0,0
121494,3,1,1990,0,0,0,0,0,0,0,0,0,0
121495,1,1,1990,0,0,0,0,0,16,0,0,0,0
121495,2,1,1990,17,17,17,17,17,17,17,17,17,17
121496,1,1,1990,15,15,15,15,15,15,15,15,15,15
121496,2,1,1990,16,15,25,7,6,16,11,14,14,0
121497,1,1,1990,0,0,0,0,0,5,0,0,0,0
121498,1,1,1990,10,0,0,15,0,0,0,0,0,12
121499,0,1,1990,0,0,0,0,0,0,0,0,0,0
121499,1,1,1990,0,0,0,0,0,0,0,0,0,0
121500,1,1,1990,0,0,0,0,0,0,0,0,0,0
121500,2,1,1990,0,0,0,0,0,0,0,0,0,0
121501,0,1,1990,0,0,0,0,0,0,0,0,0,0
121501,1,1,1990,0,0,0,0,26,0,0,0,0,0
121502,0,1,1990,0,0,0,0,0,0,0,0,0,0
121502,1,1,1990,0,0,0,0,0,0,0,0,0,0
121503,1,1,1990,14,14,14,14,14,14,14,14,14,14
121504,1,1,1990,10,10,10,10,10,10,10,10,10,10
121504,2,1,1990,17,0,10,11,0,0,0,0,0,0
121505,1,1,1990,32,32,32,32,32,32,32,32,32,32
121506,0,1,1990,12,0,0,0,0,0,0,0,0,15
121506,1,1,1990,0,0,17,0,7,0,0,0,0,0
121507,1,1,1990,12,25,11,22,14,20,20,11,6,15
121507,2,1,1990,7,17,28,32,13,30,0,31,12,21
121508,1,1,1990,13,22,22,21,27,19,0,0,24,24
121509,0,1,1990,11,11,11,11,11,11,11,11,11,11
121509,1,1,1990,0,23,7,6,0,0,0,0,0,0
121510,1,1,1990,0,0,0,0,0,0,12,0,0,0
121510,2,1,1990,12,0,0,0,0,0,0,25,0,0
121511,0,1,1990,0,25,0,24,7,0,0,14,0,0
121511,1,1,1990,0,0,0,0,0,0,0,0,0,0
121513,1,1,1990,0,0,0,0,0,0,0,0,0,0
121514,1,1,1990,0,0,0,0,0,0,0,0,0,0
121515,0,1,1990,0,0,0,0,0,0,0,0,0,0
121515,2,1,1990,0,0,0,0,0,0,0,0,0,0
121515,3,1,1990,0,0,0,0,0,0,0,0,0,0
121516,1,1,1990,0,16,0,0,5,0,0,0,0,0
121517,1,1,1990,23,23,23,23,23,23,23,23,23,23
121519,1,1,1990,0,0,0,0,0,0,0,0,0,0
121519,2,1,1990,0,0,0,0,0,0,0,0,0,0
121520,1,1,1990,22,22,22,22,22,22,22,22,22,22
121521,1,1,1990,5,7,12,13,19,15,24,3,15,21
121522,1,1,1990,1,1,1,1,1,1,1,1,1,1
121523,1,1,1990,3,3,3,3,3,3,3,3,3,3
121523,2,1,1990,18,18,18,18,18,18,18,18,18,18
121524,1,1,1990,0,0,0,0,0,0,0,0,0,0
121524,2,1,1990,0,4,0,0,0,0,0,0,0,0
121525,1,1,1990,5,5,5,5,5,5,5,5,5,5
121526,1,1,1990,23,23,23,23,23,23,23,23,23,23
121527,1,1,1990,0,0,0,0,0,0,0,0,0,0
121527,2,1,1990,0,0,0,0,0,0,0,0,0,0
121528,0,1,1990,0,0,0,30,16,0,0,0,0,0
121528,1,1,1990,0,0,0,0,0,0,0,0,0,0
121529,0,1,1990,0,0,0,0,0,0,0,26,0,0
121529,1,1,1990,0,0,0,0,0,0,0,0,0,0
121530,1,1,1990,0,0,0,0,0,0,0,0,0,0
121530,2,1,1990,9,9,9,9,9,9,9,9,9,9
121531,0,1,1990,0,0,0,0,0,0,0,0,0,0
121531,1,1,1990,0,0,0,0,0,0,0,0,0,0
121532,1,1,1990,0,0,0,0,0,0,0,0,0,6
121532,2,1,1990,0,0,0,0,0,0,0,0,0,4
121532,3,1,1990,0,0,0,0,0,8,0,0,0,0
121533,1,1,1990,13,0,0,9,16,0,26,0,0,13
121534,1,1,1990,13,13,13,13,13,13,13,13,13,13
121535,1,1,1990,4,4,4,4,4,4,4,4,4,4
121536,1,1,1990,0,0,0,0,0,0,0,0,0,0
121537,0,1,1990,11,11,11,11,11,11,11,11,11,11
121537,1,1,1990,0,0,0,0,0,0,0,0,0,0
121539,1,1,1990,0,0,0,0,0,0,0,0,0,0
121539,2,1,1990,0,0,0,0,0,0,0,0,0,0
121542,1,1,1990,0,0,0,0,0,0,4,4,0,0
121543,0,1,1990,0,0,0,0,27,0,0,0,0,0
121543,1,1,1990,0,0,0,0,0,0,0,16,0,0
121544,0,1,1990,0,0,0,0,0,0,0,0,0,0
121544,1,1,1990,8,27,0,0,0,0,0,16,8,0
121545,0,1,1990,0,0,0,0,0,0,0,0,0,0
121545,1,1,1990,0,0,0,0,0,0,0,0,0,0
121546,0,1,1990,29,29,29,29,29,29,29,29,29,29
121546,1,1,1990,29,29,29,29,29,29,29,29,29,29
121547,1,1,1990,0,0,0,0,0,0,0,0,0,0
121547,2,1,1990,0,0,0,0,0,0,0,7,0,0
121548,1,1,1990,0,0,0,0,0,0,0,0,0,0
121548,2,1,1990,0,0,0,0,0,0,0,0,0,0
121548,3,1,1990,0,0,0,17,0,0,15,0,0,0
121548,4,1,1990,0,0,0,0,0,0,0,0,0,0
121549,1,1,1990,0,0,0,0,0,0,0,0,0,0
121549,2,1,1990,22,22,22,22,22,22,22,22,22,22
121550,1,1,1990,0,0,0,0,0,0,0,0,0,0
121550,2,1,1990,0,0,0,0,0,0,0,6,0,0
121551,1,1,1990,0,0,0,0,0,0,0,0,0,0
121552,1,1,1990,0,0,0,0,0,0,0,0,0,0
121552,2,1,1990,22,16,18,8,15,18,22,8,15,7
121553,1,1,1990,0,0,0,0,0,7,0,0,0,0
121553,2,1,1990,0,0,0,0,0,0,0,0,0,20
121554,1,1,1990,0,0,0,0,0,0,0,0,0,0
121554,2,1,1990,0,0,0,0,0,0,0,0,0,0
121555,0,1,1990,0,0,0,18,0,0,0,17,0,0
121555,1,1,1990,0,0,0,0,0,0,19,0,0,0
121556,1,1,1990,21,21,21,21,21,21,21,21,21,21
121557,1,1,1990,0,0,0,0,0,0,0,0,0,0
121558,1,1,1990,22,0,24,0,0,0,0,18,0,0
121559,1,1,1990,0,0,0,0,0,0,0,0,0,0
121560,0,1,1990,0,0,0,0,0,0,0,0,0,0
121560,1,1,1990,0,0,0,0,19,0,0,0,0,0
121561,1,1,1990,0,0,0,0,13,0,0,0,0,0
121562,0,1,1990,24,24,24,24,24,24,24,24,24,24
121562,1,1,1990,0,0,0,0,10,0,17,0,0,0
121563,1,1,1990,13,13,13,13,13,13,13,13,13,13
121563,2,1,1990,0,0,0,5,0,0,0,0,0,0
121564,1,1,1990,14,14,14,14,14,14,14,14,14,14
121564,2,1,1990,0,0,0,0,0,0,0,0,0,0
121565,1,1,1990,0,0,40,0,0,0,0,20,0,17
121566,0,1,1990,20,0,0,24,0,0,0,16,20,0
121566,1,1,1990,5,18,25,13,16,16,7,16,6,16
121567,0,1,1990,25,25,25,25,25,25,25,25,25,25
121567,1,1,1990,0,0,0,0,0,0,0,7,0,0
121568,1,1,1990,29,0,27,16,18,18,39,14,26,21
121569,1,1,1990,10,10,10,10,10,10,10,10,10,10
121570,1,1,1990,0,0,0,0,0,0,0,0,0,0
121570,2,1,1990,0,0,0,0,0,0,0,0,0,0
121571,1,1,1990,0,0,2,0,0,0,0,0,0,0
121571,2,1,1990,0,0,0,0,0,0,0,0,0,0
121572,1,1,1990,0,0,19,0,7,0,0,0,26,0
121573,1,1,1990,0,0,0,0,0,0,0,0,0,0
121573,2,1,1990,17,17,17,17,17,17,17,17,17,17
121574,1,1,1990,0,20,0,0,23,22,30,0,0,0
121574,2,1,1990,0,10,0,0,0,5,0,0,0,0
121575,1,1,1990,18,18,18,18,18,18,18,18,18,18
121576,1,1,1990,0,0,0,0,0,0,0,0,0,0
121576,2,1,1990,0,0,0,0,0,0,0,0,0,0
121577,0,3,1990,0,0,0,0,0,0,0,0,0,0
121577,1,1,1990,0,0,0,0,0,0,0,0,9,0
121578,0,1,1990,0,0,0,0,0,0,0,0,0,0
121578,1,1,1990,0,0,0,0,0,0,0,0,0,0
121579,1,1,1990,0,0,0,0,23,0,0,0,8,0
121579,2,1,1990,0,0,0,0,0,0,0,0,0,0
121579,3,1,1990,10,10,10,10,10,10,10,10,10,10
121580,1,1,1990,6,6,6,6,6,6,6,6,6,6
121581,1,1,1990,30,30,30,30,30,30,30,30,30,30
121582,1,1,1990,0,0,0,0,0,0,0,0,0,0
121582,2,1,1990,0,0,0,0,0,0,0,0,0,0
121582,3,1,1990,0,0,0,0,0,0,0,0,0,0
121583,1,1,1990,0,0,0,0,0,0,0,0,0,0
121583,2,1,1990,5,5,5,5,5,5,5,5,5,5
121584,1,1,1990,28,28,28,28,28,28,28,28,28,28
121584,2,1,1990,8,8,8,8,8,8,8,8,8,8
121585,1,1,1990,0,0,0,0,0,0,0,0,0,0
121585,2,1,1990,0,0,0,0,0,0,0,0,0,0
121586,1,1,1990,32,32,32,32,32,32,32,32,32,32
121586,2,1,1990,0,0,0,0,0,0,0,0,0,0
121587,1,1,1990,0,0,0,0,0,0,0,0,0,0
121587,2,1,1990,0,0,0,0,0,0,0,0,4,0
121588,1,1,1990,0,0,0,0,0,0,0,0,0,0
121588,2,1,1990,0,0,0,0,0,0,0,0,0,0
121589,1,1,1990,20,20,20,20,20,20,20,20,20,20
121589,2,1,1990,0,0,0,0,0,0,0,0,0,0
121590,1,1,1990,0,0,0,0,0,0,0,0,0,0
121590,2,1,1990,0,0,0,0,0,0,0,0,0,0
121591,1,1,1990,15,15,15,15,15,15,15,15,15,15
121591,2,1,1990,0,0,0,0,0,0,0,0,14,0
121592,1,1,1990,22,22,22,22,22,22,22,22,22,22
121592,2,1,1990,18,0,0,0,0,0,0,0,0,0
121592,3,1,1990,0,0,0,0,0,0,0,0,0,7
121594,1,1,1990,0,0,0,0,0,0,0,0,0,0
121597,1,1,1990,0,0,0,0,0,0,0,0,0,0
121598,1,1,1990,14,14,14,14,14,14,14,14,14,14
121599,1,1,1990,25,25,25,25,25,25,25,25,25,25
121599,2,1,1990,11,4,0,0,21,23,24,19,13,13
121600,1,1,1990,0,0,0,0,0,0,0,0,16,0
121600,2,1,1990,0,0,0,0,0,0,0,0,0,0
121600,3,1,1990,0,0,0,0,0,0,0,0,0,0
121601,1,1,1990,3,3,3,3,3,3,3,3,3,3
121602,1,1,1990,0,0,0,0,0,34,0,0,0,0
121602,2,1,1990,9,9,9,9,9,9,9,9,9,9
121603,0,1,1990,0,0,24,35,0,0,0,0,10,0
121603,1,1,1990,0,0,0,0,0,0,0,0,0,0
121604,1,1,1990,23,23,23,23,23,23,23,23,23,23
121605,1,1,1990,0,0,0,0,0,0,0,0,0,0
121605,2,1,1990,11,10,21,8,26,29,11,9,19,13
121606,1,1,1990,0,0,0,0,0,0,0,0,0,0
121607,1,1,1990,0,0,0,0,0,0,0,0,0,0
121608,1,1,1990,5,5,5,5,5,5,5,5,5,5
121609,1,1,1990,38,38,38,38,38,38,38,38,38,38
121609,2,1,1990,0,0,0,0,0,0,0,0,0,0
121610,1,1,1990,0,0,0,0,0,0,0,0,0,0
121610,2,1,1990,0,0,0,0,0,0,0,0,0,0
121611,1,1,1990,14,14,14,14,14,14,14,14,14,14
121612,1,1,1990,19,0,0,0,0,0,0,0,0,0
121612,2,1,1990,0,0,0,0,0,0,0,0,0,0
121612,3,1,1990,0,0,0,0,0,0,0,0,0,0
121613,1,1,1990,0,0,0,0,0,0,0,0,0,0
121614,1,1,1990,0,0,0,0,0,0,0,0,0,0
121614,2,1,1990,0,0,0,0,0,0,0,0,0,0
121615,1,1,1990,21,21,21,21,21,21,21,21,21,21
121616,1,1,1990,27,27,27,27,27,27,27,27,27,27
121617,1,1,1990,0,0,0,0,0,0,0,0,22,0
121617,2,1,1990,0,0,0,0,0,0,0,0,0,0
121617,3,1,1990,0,0,0,0,0,0,0,0,0,0
121618,1,1,1990,15,15,15,15,15,15,15,15,15,15
121618,2,1,1990,0,0,0,0,0,0,0,0,0,0
121619,1,1,1990,0,0,0,0,0,0,0,0,0,0
121619,2,1,1990,0,0,0,0,0,0,0,0,0,0
121620,1,1,1990,0,0,0,0,0,0,0,0,10,0
121620,2,1,1990,0,0,0,0,0,0,0,0,0,0
121621,1,1,1990,2,2,2,2,2,2,2,2,2,2
121622,1,1,1990,23,23,23,23,23,23,23,23,23,23
121623,0,1,1990,21,21,21,21,21,21,21,21,21,21
121623,1,1,1990,0,0,0,0,0,0,0,0,0,0
121624,1,1,1990,22,22,22,22,22,22,22,22,22,22
121625,1,1,1990,9,9,9,9,9,9,9,9,9,9
121625,2,1,1990,0,0,0,0,0,0,0,0,0,0
121626,1,1,1990,19,19,19,19,19,19,19,19,19,19
121626,2,1,1990,19,19,19,19,19,19,19,19,19,19
121627,0,1,1990,16,16,16,16,16,16,16,16,16,16
121627,1,1,1990,13,13,13,13,13,13,13,13,13,13
121628,1,1,1990,21,21,21,21,21,21,21,21,21,21
121629,1,1,1990,11,0,0,0,0,0,0,0,0,0
121630,1,1,1990,34,34,34,34,34,34,34,34,34,34
121631,1,1,1990,21,21,21,21,21,21,21,21,21,21
121631,2,1,1990,0,0,0,0,0,10,0,28,0,0
121632,0,1,1990,0,0,0,0,0,0,0,0,0,0