ST_CASE,VEH_NO,PER_NO,YEAR,P1,P2,P3,P4,P5,P6,P7,P8,P9,P10
121632,1,1,1990,0,0,0,0,0,0,0,0,0,0
121633,0,1,1990,15,18,33,38,23,29,17,37,18,0
121633,1,1,1990,28,28,28,28,28,28,28,28,28,28
121634,1,1,1990,25,25,25,25,25,25,25,25,25,25
121635,1,1,1990,0,0,0,0,0,0,0,0,0,0
121635,2,1,1990,0,0,0,0,0,0,0,0,0,0
121636,0,1,1990,0,0,0,0,0,0,0,0,0,0
121636,1,1,1990,0,0,0,42,0,0,0,0,0,0
121637,1,1,1990,11,17,8,9,6,14,22,0,9,18
121637,2,1,1990,0,0,0,0,0,0,0,0,0,0
121638,1,1,1990,24,24,24,24,24,24,24,24,24,24
121639,1,1,1990,17,17,17,17,17,17,17,17,17,17
121640,1,1,1990,0,0,0,0,0,0,0,0,0,0
121641,1,1,1990,0,0,0,0,0,0,0,0,0,0
121641,2,1,1990,0,0,0,0,0,0,0,0,0,0
121642,1,1,1990,0,0,0,0,0,0,0,0,0,0
121642,2,1,1990,0,0,0,0,0,0,0,0,0,0
121643,1,1,1990,13,13,13,13,13,13,13,13,13,13
121643,2,1,1990,0,0,0,0,0,0,0,0,0,0
121644,1,1,1990,0,0,0,0,0,0,0,0,0,0
121644,2,1,1990,0,11,0,0,0,0,0,0,0,0
121645,1,1,1990,0,26,0,0,0,26,0,6,0,0
121646,0,1,1990,0,0,0,0,0,0,0,0,0,0
121646,1,1,1990,0,0,0,0,0,0,0,0,0,0
121647,1,1,1990,8,8,8,8,8,8,8,8,8,8
121647,2,1,1990,0,0,0,0,0,0,0,0,0,0
121648,1,1,1990,0,0,15,0,0,0,0,0,0,0
121649,1,1,1990,18,18,18,18,18,18,18,18,18,18
121649,2,1,1990,16,16,16,16,16,16,16,16,16,16
121650,0,1,1990,29,0,0,0,0,0,37,0,0,11
121650,1,1,1990,0,0,0,13,0,0,0,0,0,7
121651,0,1,1990,19,10,11,23,30,27,34,19,15,12
121651,1,1,1990,0,0,0,0,0,0,0,0,0,0
121652,0,1,1990,40,19,25,21,30,34,26,25,25,45
121652,1,1,1990,13,9,10,16,7,15,31,21,7,17
121653,0,1,1990,0,0,0,0,0,0,0,0,0,0
121653,1,1,1990,0,0,0,0,0,0,0,0,0,0
121654,0,1,1990,0,0,18,0,29,19,32,17,0,0
121654,1,1,1990,22,13,14,13,10,12,26,0,17,19
121655,1,1,1990,15,0,12,0,0,0,0,0,8,0
121656,0,1,1990,0,0,0,0,0,0,0,0,0,0
121656,1,1,1990,0,0,0,0,0,0,0,0,0,0
121657,1,1,1990,0,0,0,0,12,0,0,0,0,9
121658,1,1,1990,25,25,25,25,25,25,25,25,25,25
121659,1,1,1990,0,0,0,0,0,0,0,0,0,0
121659,2,1,1990,0,0,0,0,0,0,0,0,0,0
121660,1,1,1990,0,0,0,0,0,0,0,0,0,0
121661,0,1,1990,19,19,19,19,19,19,19,19,19,19
121661,1,1,1990,0,0,0,0,11,17,6,6,0,0
121663,0,1,1990,0,0,0,0,0,0,0,0,0,0
121663,1,1,1990,28,0,0,0,0,0,14,0,11,0
121664,0,1,1990,37,14,0,12,18,14,0,14,8,8
121664,1,1,1990,0,0,0,0,0,0,0,0,0,0
121665,0,1,1990,0,0,0,31,32,0,0,0,9,0
121665,1,1,1990,0,22,14,0,0,0,0,0,0,0
121666,1,1,1990,17,19,16,6,13,4,22,16,18,24
121667,1,1,1990,0,0,0,0,0,0,0,0,0,0
121668,1,1,1990,0,0,0,0,0,0,0,0,0,0
121668,2,1,1990,0,0,0,0,0,0,0,0,0,0
121670,1,1,1990,21,21,21,21,21,21,21,21,21,21
121671,0,1,1990,23,23,23,23,23,23,23,23,23,23
121671,1,1,1990,15,15,15,15,15,15,15,15,15,15
121672,1,1,1990,0,0,0,0,0,0,0,0,0,0
121672,2,1,1990,0,0,0,0,0,0,0,0,0,0
121673,1,1,1990,9,9,9,9,9,9,9,9,9,9
121673,2,1,1990,0,0,0,0,0,0,0,0,0,0
121674,1,1,1990,0,0,0,0,0,0,0,0,0,0
121674,2,1,1990,0,0,0,0,0,0,0,0,15,0
121675,1,1,1990,0,0,0,0,0,0,20,0,0,0
121676,1,1,1990,0,0,0,0,0,0,0,12,21,0
121677,0,1,1990,25,25,25,25,25,25,25,25,25,25
121677,1,1,1990,18,0,0,0,0,0,0,0,0,0
121678,1,1,1990,25,25,25,25,25,25,25,25,25,25
121679,1,1,1990,0,0,0,0,0,0,0,0,0,0
121680,1,1,1990,0,14,0,22,22,5,12,3,0,0
121681,1,1,1990,0,0,0,0,0,14,0,0,0,0
121682,1,1,1990,19,0,0,0,0,0,0,0,0,0
121682,2,1,1990,0,0,0,0,0,0,0,0,0,0
121683,1,1,1990,0,0,0,19,10,0,0,0,29,5
121683,2,1,1990,0,0,0,0,0,0,0,0,0,0
121684,0,1,1990,0,0,0,0,0,0,0,0,0,0
121684,1,1,1990,0,0,0,0,0,0,0,0,0,0
121685,1,1,1990,11,22,12,16,21,14,19,0,14,15
121686,1,1,1990,21,0,18,19,23,38,12,8,15,19
121687,1,1,1990,15,15,15,15,15,15,15,15,15,15
121687,2,1,1990,0,0,0,0,0,0,0,0,0,0
121687,3,1,1990,0,10,0,0,0,0,0,0,0,0
121688,1,1,1990,0,0,0,0,0,0,0,0,0,0
121689,1,1,1990,8,8,8,8,8,8,8,8,8,8
121690,1,1,1990,0,0,0,0,0,0,0,0,0,0
121690,2,1,1990,0,0,0,0,0,0,0,0,0,0
121691,1,1,1990,16,16,16,16,16,16,16,16,16,16
121692,1,1,1990,18,18,18,18,18,18,18,18,18,18
121693,1,1,1990,4,4,4,4,4,4,4,4,4,4
121693,2,1,1990,20,20,20,20,20,20,20,20,20,20
121694,1,1,1990,13,0,0,0,0,0,0,0,0,0
121695,0,1,1990,0,0,0,0,0,0,0,0,0,0
121695,0,2,1990,0,0,0,0,0,0,0,0,0,0
121695,1,1,1990,0,0,0,0,0,0,0,0,0,0
121696,1,1,1990,0,0,0,0,0,0,0,0,0,0
121696,2,1,1990,25,25,25,25,25,25,25,25,25,25
121697,1,1,1990,12,9,15,25,9,20,18,40,25,28
121698,1,1,1990,12,12,12,12,12,12,12,12,12,12
121698,2,1,1990,0,0,11,0,0,0,0,0,0,6
121699,1,1,1990,0,9,0,0,0,0,0,0,0,0
121699,2,1,1990,0,0,0,0,0,0,0,0,0,0
121700,1,1,1990,0,0,0,0,0,0,0,0,0,0
121700,2,1,1990,0,0,0,0,0,0,0,0,0,0
121701,0,1,1990,23,23,23,23,23,23,23,23,23,23
121701,1,1,1990,23,23,23,23,23,23,23,23,23,23
121702,1,1,1990,0,0,0,0,0,0,0,0,0,0
121703,1,1,1990,0,0,0,0,0,0,0,0,0,0
121703,2,1,1990,10,10,10,10,10,10,10,10,10,10
121704,1,1,1990,27,27,27,27,27,27,27,27,27,27
121704,2,1,1990,0,0,0,0,0,0,0,0,0,0
121705,1,1,1990,15,15,15,15,15,15,15,15,15,15
121706,1,1,1990,1,1,1,1,1,1,1,1,1,1
121707,1,1,1990,0,0,0,0,0,0,0,0,0,0
121707,2,1,1990,0,0,0,0,6,0,0,5,0,0
121708,0,1,1990,16,13,19,10,22,36,23,27,23,31
121708,1,1,1990,0,21,8,0,0,6,0,10,0,19
121709,0,1,1990,0,0,0,14,0,0,0,17,18,0
121709,1,1,1990,7,31,7,16,11,0,18,9,11,11
121710,0,1,1990,0,0,0,0,0,0,0,0,0,0
121710,1,1,1990,0,0,0,0,0,0,0,0,0,0
121711,0,1,1990,20,20,20,20,20,20,20,20,20,20
121711,1,1,1990,0,0,0,0,0,0,0,0,0,0
121711,2,1,1990,0,0,0,0,0,0,0,0,0,5
121712,1,1,1990,14,0,0,13,0,0,0,0,0,0
121713,1,1,1990,23,23,23,23,23,23,23,23,23,23
121714,0,1,1990,37,28,17,23,27,19,0,0,18,7
121714,1,1,1990,0,0,0,0,0,0,0,0,0,0
121715,1,1,1990,0,0,0,0,0,0,0,0,0,0
121715,2,1,1990,12,12,12,12,12,12,12,12,12,12
121716,1,1,1990,17,19,32,25,26,0,8,14,6,24
121716,2,1,1990,0,0,13,0,0,0,15,0,0,0
121717,1,1,1990,20,20,20,20,20,20,20,20,20,20
121717,2,1,1990,0,0,0,0,0,0,0,0,0,0
121717,3,1,1990,0,0,0,0,0,0,0,0,0,0
121718,1,1,1990,20,20,20,20,20,20,20,20,20,20
121718,2,1,1990,0,0,0,0,0,0,0,0,0,0
121719,1,1,1990,0,0,0,0,0,0,0,0,0,0
121720,1,1,1990,0,0,0,0,0,0,0,0,0,0
121720,2,1,1990,8,0,0,0,0,0,0,0,0,0
121720,3,1,1990,5,0,0,0,0,0,0,0,0,0
121721,0,1,1990,18,18,18,18,18,18,18,18,18,18
121721,1,1,1990,0,7,2,0,0,0,7,0,0,0
121722,0,1,1990,0,0,0,0,0,0,0,0,0,0
121722,1,1,1990,0,0,7,0,0,0,0,0,0,0
121723,1,1,1990,0,0,0,0,0,0,0,0,0,0
121724,1,1,1990,23,23,23,23,23,23,23,23,23,23
121724,2,1,1990,0,0,0,0,0,0,0,0,0,0
121725,0,1,1990,0,0,0,0,0,0,0,0,21,0
121725,1,1,1990,14,0,0,0,0,0,0,0,0,0
121726,0,1,1990,0,0,0,0,0,0,0,0,0,0
121726,1,1,1990,0,0,0,0,0,0,0,0,0,0
121727,0,1,1990,2,2,2,2,2,2,2,2,2,2
121727,1,1,1990,0,0,0,21,0,0,0,0,0,0
121728,0,1,1990,0,0,0,0,0,0,0,0,0,0
121728,1,1,1990,0,0,0,0,0,0,0,0,0,0
121729,1,1,1990,0,0,0,0,14,0,0,0,0,0
121729,2,1,1990,0,0,0,0,0,0,0,0,0,0
121730,1,1,1990,0,0,0,0,0,0,0,0,0,0
121730,2,1,1990,0,0,0,0,0,0,0,0,0,0
121731,1,1,1990,0,0,0,0,0,0,0,0,0,0
121731,2,1,1990,0,0,0,0,0,0,9,0,0,0
121731,3,1,1990,0,0,0,0,0,0,0,0,0,0
121733,1,1,1990,0,0,0,0,0,0,0,0,0,0
121733,2,1,1990,0,0,11,0,0,0,0,0,0,0
121734,1,1,1990,8,8,8,8,8,8,8,8,8,8
121735,1,1,1990,17,17,17,17,17,17,17,17,17,17
121736,0,1,1990,29,29,29,29,29,29,29,29,29,29
121736,1,1,1990,22,22,22,22,22,22,22,22,22,22
121737,1,1,1990,14,14,14,14,14,14,14,14,14,14
121738,1,1,1990,8,0,0,0,0,0,0,0,0,0
121738,2,1,1990,0,0,0,0,0,0,0,0,0,0
121739,0,1,1990,0,0,0,0,0,0,0,0,0,0
121739,1,1,1990,15,15,15,15,15,15,15,15,15,15
121740,1,1,1990,12,12,12,12,12,12,12,12,12,12
121740,2,1,1990,0,0,0,0,0,0,25,0,0,11
121741,1,1,1990,0,0,0,0,0,0,0,0,0,0
121741,2,1,1990,0,0,0,0,0,0,0,0,0,0
121743,1,1,1990,21,21,21,21,21,21,21,21,21,21
121743,2,1,1990,0,0,0,0,0,0,0,0,0,0
121744,1,1,1990,0,0,0,0,0,0,0,0,0,0
121745,0,1,1990,0,0,0,0,0,0,0,0,0,0
121745,1,1,1990,0,0,0,0,0,0,0,0,0,0
121746,1,1,1990,0,0,0,0,0,0,0,0,0,0
121747,0,1,1990,19,19,19,19,19,19,19,19,19,19
121747,1,1,1990,0,0,0,0,0,0,0,0,0,0
121748,1,1,1990,24,24,24,24,24,24,24,24,24,24
121750,1,1,1990,0,0,0,0,0,0,0,0,0,0
121750,2,1,1990,31,31,31,31,31,31,31,31,31,31
121752,0,1,1990,0,0,0,0,0,0,0,0,0,0
121752,1,1,1990,0,0,0,0,0,0,0,0,0,0
121753,1,1,1990,0,0,0,0,0,0,0,0,0,0
121753,2,1,1990,0,0,0,0,0,0,0,0,0,0
121754,1,1,1990,1,1,1,1,1,1,1,1,1,1
121755,0,1,1990,35,35,35,35,35,35,35,35,35,35
121755,1,1,1990,5,3,0,0,5,0,7,0,9,17
121756,0,1,1990,15,15,15,15,15,15,15,15,15,15
121756,1,1,1990,0,0,0,0,6,0,0,11,0,0
121756,2,1,1990,25,0,24,0,0,0,10,11,0,0
121757,0,1,1990,0,0,0,0,0,0,0,0,0,0
121757,1,1,1990,7,7,7,7,7,7,7,7,7,7
121758,1,1,1990,27,27,27,27,27,27,27,27,27,27
121758,2,1,1990,0,0,0,0,0,0,0,0,0,0
121759,1,1,1990,12,12,12,12,12,12,12,12,12,12
121759,2,1,1990,0,0,0,0,0,0,0,0,0,0
121760,0,1,1990,29,29,29,29,29,29,29,29,29,29
121760,1,1,1990,9,9,9,9,9,9,9,9,9,9
121761,1,1,1990,0,0,0,0,0,0,0,0,0,0
121762,0,1,1990,17,17,17,17,17,17,17,17,17,17
121762,1,1,1990,19,19,19,19,19,19,19,19,19,19
121763,0,1,1990,27,0,0,0,0,0,15,9,0,13
121763,1,1,1990,0,22,0,11,0,0,13,0,16,0
121764,1,1,1990,0,0,0,0,0,0,0,0,0,0
121764,2,1,1990,0,0,14,0,0,0,0,0,0,0
121765,1,1,1990,0,0,18,0,0,0,0,29,0,0
121765,2,1,1990,0,0,0,0,0,0,0,0,0,0
121766,1,1,1990,0,0,0,0,0,0,0,0,0,0
121767,0,1,1990,0,0,0,0,0,0,0,0,0,14
121767,1,1,1990,0,0,0,0,0,0,0,0,12,0
121768,1,1,1990,0,0,30,31,24,0,12,32,0,19
121769,1,1,1990,18,18,18,18,18,18,18,18,18,18
121770,1,1,1990,21,21,21,21,21,21,21,21,21,21
121771,1,1,1990,0,0,0,13,0,0,0,0,0,0
121772,1,1,1990,34,34,34,34,34,34,34,34,34,34
121773,0,1,1990,0,0,6,18,0,20,14,0,0,0
121773,1,1,1990,0,0,11,9,21,0,0,0,0,0
121775,0,1,1990,11,16,0,22,23,0,0,0,0,0
121775,1,1,1990,11,0,0,0,0,0,0,7,0,0
121776,1,1,1990,0,0,0,0,0,0,0,0,0,0
121777,1,1,1990,0,0,0,0,0,0,0,0,0,0
121777,2,1,1990,0,0,0,0,0,8,0,0,0,0
121778,1,1,1990,25,25,25,25,25,25,25,25,25,25
121778,2,1,1990,0,0,0,0,0,0,0,0,0,0
121780,1,1,1990,0,0,0,0,0,0,0,0,0,0
121780,2,1,1990,0,0,0,0,0,0,0,0,0,0
121781,0,1,1990,0,0,0,0,0,0,0,0,0,0
121781,1,1,1990,0,0,0,0,0,0,0,0,0,0
121782,1,1,1990,12,12,12,12,12,12,12,12,12,12
121783,0,1,1990,2,16,20,0,0,13,42,26,19,29
121783,1,1,1990,0,19,0,14,0,0,27,12,0,11
121784,0,1,1990,0,0,0,0,0,0,0,0,0,0
121784,1,1,1990,0,0,0,0,20,0,0,0,0,0
121785,1,1,1990,0,0,7,0,0,0,0,0,7,0
121785,2,1,1990,0,0,0,0,0,0,0,0,0,0
121786,0,1,1990,0,0,0,0,0,0,0,0,0,0
121786,1,1,1990,27,27,27,27,27,27,27,27,27,27
121787,1,1,1990,20,20,20,20,20,20,20,20,20,20
121788,0,1,1990,31,31,31,31,31,31,31,31,31,31
121788,1,1,1990,16,0,14,12,22,12,16,13,9,8
121789,0,1,1990,0,0,20,26,31,0,8,0,21,0
121789,1,1,1990,0,0,0,0,0,0,0,0,0,0
121790,0,1,1990,0,0,0,0,0,0,0,0,9,0
121790,1,1,1990,0,0,0,0,0,0,0,0,0,0
121791,1,1,1990,21,19,19,9,17,0,0,4,20,0
121791,2,1,1990,0,0,0,0,0,0,0,0,0,0
121792,1,1,1990,0,17,0,0,0,6,0,0,0,0
121792,2,1,1990,0,0,0,0,0,0,0,15,0,0
121793,1,1,1990,0,0,0,0,0,0,0,0,0,0
121793,2,1,1990,0,0,0,0,0,0,0,0,0,0
121793,3,1,1990,0,0,0,0,0,0,0,0,0,0
121794,1,1,1990,7,7,7,7,7,7,7,7,7,7
121794,2,1,1990,2,2,2,2,2,2,2,2,2,2
121795,1,1,1990,16,16,16,16,16,16,16,16,16,16
121796,1,1,1990,16,16,16,16,16,16,16,16,16,16
121797,1,1,1990,0,0,0,0,0,0,0,0,0,0
121798,1,1,1990,0,0,0,0,0,0,0,0,0,0
121798,2,1,1990,0,0,0,0,0,0,0,0,0,0
121799,0,1,1990,0,0,0,0,0,0,0,0,0,0
121799,1,1,1990,0,0,0,0,0,0,0,0,0,0
121800,1,1,1990,15,15,15,15,15,15,15,15,15,15
121801,1,1,1990,0,0,0,0,0,0,0,0,0,0
121801,2,1,1990,0,0,0,0,0,0,0,0,0,0
121803,1,1,1990,12,12,12,12,12,12,12,12,12,12
121804,0,1,1990,14,14,14,14,14,14,14,14,14,14
121804,1,1,1990,8,0,0,0,21,0,0,37,0,0
121805,1,1,1990,8,19,16,7,22,16,12,22,16,30
121805,2,1,1990,0,0,0,0,0,0,0,0,0,0
121806,0,1,1990,29,15,42,14,25,22,19,0,26,30
121806,1,1,1990,0,0,0,0,0,17,0,0,0,0
121807,1,1,1990,15,15,15,15,15,15,15,15,15,15
121809,0,1,1990,10,10,10,10,10,10,10,10,10,10
121809,1,1,1990,16,16,16,16,16,16,16,16,16,16
121810,1,1,1990,2,2,2,2,2,2,2,2,2,2
121810,2,1,1990,0,0,0,0,0,0,0,0,0,0
121811,1,1,1990,0,0,0,0,0,0,0,0,0,0
121811,2,1,1990,0,0,0,0,0,5,0,0,0,0
121812,1,1,1990,13,13,13,13,13,13,13,13,13,13
121813,1,1,1990,0,0,0,0,0,0,0,0,0,0
121813,2,1,1990,2,2,2,2,2,2,2,2,2,2
121814,1,1,1990,20,9,21,9,13,24,28,18,26,20
121814,2,1,1990,0,0,0,0,14,0,0,0,0,0
121815,0,1,1990,22,22,22,22,22,22,22,22,22,22
121815,1,1,1990,0,0,0,0,0,0,0,5,0,0
121816,1,1,1990,0,0,0,0,0,0,0,0,0,0
121816,2,1,1990,0,0,0,0,0,0,0,0,0,0
121816,3,1,1990,0,0,0,0,0,0,0,0,0,0
121819,1,1,1990,0,0,0,0,0,0,0,0,0,0
121819,2,1,1990,0,0,0,0,12,0,0,0,0,0
121820,1,1,1990,23,23,23,23,23,23,23,23,23,23
121821,1,1,1990,0,0,0,0,9,0,0,0,0,0
121821,2,1,1990,0,0,0,0,0,0,0,0,0,0
121822,1,1,1990,2,2,2,2,2,2,2,2,2,2
121822,2,1,1990,1,1,1,1,1,1,1,1,1,1
121823,1,1,1990,18,14,0,18,31,11,11,15,23,12
121824,1,1,1990,0,0,0,0,0,0,0,0,0,0
121824,2,1,1990,0,0,0,0,0,0,0,0,10,0
121825,1,1,1990,0,0,0,0,0,0,0,0,0,0
121826,1,1,1990,0,0,0,0,0,0,0,0,0,0
121826,2,1,1990,0,0,10,0,0,0,0,22,0,0
121827,0,1,1990,23,23,23,23,23,23,23,23,23,23
121827,1,1,1990,0,0,0,0,0,0,0,0,0,0
121828,0,1,1990,0,0,0,0,0,0,0,0,0,0
121828,1,1,1990,16,16,16,16,16,16,16,16,16,16
121829,0,1,1990,0,0,0,0,0,0,0,0,0,0
121829,1,1,1990,9,0,0,0,16,0,0,0,0,0
121830,0,1,1990,27,27,27,27,27,27,27,27,27,27
121830,1,1,1990,3,3,3,3,3,3,3,3,3,3
121831,1,1,1990,30,30,30,30,30,30,30,30,30,30
121832,1,1,1990,25,25,25,25,25,25,25,25,25,25
121833,1,1,1990,29,29,29,29,29,29,29,29,29,29
121834,0,1,1990,0,0,0,0,0,0,0,0,0,0
121834,0,2,1990,19,34,0,5,18,0,0,0,33,0
121834,1,1,1990,0,0,0,0,0,0,0,0,0,0
121835,1,1,1990,0,0,0,0,0,0,0,0,0,0
121836,1,1,1990,10,10,10,10,10,10,10,10,10,10
121837,0,1,1990,0,0,0,0,0,0,0,0,0,0
121837,1,1,1990,0,0,0,0,0,0,0,0,0,0
121838,1,1,1990,3,0,0,0,0,0,0,0,0,0
121838,2,1,1990,0,0,0,0,0,0,0,0,0,0
121839,0,1,1990,0,0,0,0,0,0,0,0,0,0
121839,1,1,1990,0,0,0,0,0,0,0,0,0,0
121841,0,1,1990,0,0,0,0,0,0,0,0,0,0
121841,1,1,1990,0,0,0,0,0,0,0,0,0,0
121842,1,1,1990,0,0,0,0,0,0,0,0,0,0
121842,2,1,1990,0,0,0,0,0,14,0,6,0,9
121843,1,1,1990,22,22,22,22,22,22,22,22,22,22
121843,2,1,1990,7,7,7,7,7,7,7,7,7,7
121844,1,1,1990,14,14,14,14,14,14,14,14,14,14
121845,1,1,1990,25,25,25,25,25,25,25,25,25,25
121845,2,1,1990,0,0,0,0,0,0,0,0,0,0
121846,1,1,1990,0,0,0,0,0,0,0,0,0,0
121847,0,1,1990,27,22,7,19,18,30,33,12,22,16
121847,1,1,1990,0,0,0,0,0,0,0,0,0,0
121848,1,1,1990,23,23,23,23,23,23,23,23,23,23
121848,2,1,1990,0,0,0,0,0,0,0,0,0,0
121849,1,1,1990,21,21,21,21,21,21,21,21,21,21
121849,2,1,1990,13,13,13,13,13,13,13,13,13,13
121850,1,1,1990,17,17,17,17,17,17,17,17,17,17
121851,1,1,1990,0,0,0,0,0,0,0,0,0,0
121852,1,1,1990,14,20,12,6,14,21,0,18,13,12
121852,2,1,1990,22,7,10,12,0,20,7,5,5,19
121853,1,1,1990,9,13,14,16,18,8,10,19,10,36
121853,2,1,1990,0,0,0,0,0,12,0,0,22,0
121854,0,1,1990,0,0,0,0,0,0,0,0,0,0
121854,1,1,1990,0,0,0,0,12,0,0,0,0,0
121855,0,1,1990,0,0,0,0,0,0,0,0,0,0
121855,1,1,1990,0,0,0,0,0,0,0,0,0,0
121856,1,1,1990,0,0,0,0,0,0,0,0,0,0
121856,2,1,1990,0,0,0,0,0,0,0,0,0,0
121857,1,1,1990,0,0,0,0,0,0,0,0,0,0
121857,2,1,1990,0,0,0,0,0,0,0,0,0,0
121858,1,1,1990,7,0,0,0,0,8,0,0,0,12
121858,2,1,1990,36,36,36,36,36,36,36,36,36,36
121859,1,1,1990,19,19,19,19,19,19,19,19,19,19
121860,0,1,1990,0,0,0,0,0,0,0,0,0,0
121860,1,1,1990,20,20,20,20,20,20,20,20,20,20
121861,1,1,1990,0,0,0,0,0,0,0,0,0,0
121861,2,1,1990,0,0,0,0,0,0,0,0,0,0
121862,1,1,1990,0,0,0,0,0,0,0,0,0,0
121862,2,1,1990,0,0,0,0,0,0,0,0,0,0
121862,3,1,1990,0,0,0,0,0,0,0,0,0,0
121863,1,1,1990,27,27,27,27,27,27,27,27,27,27
121864,1,1,1990,0,0,0,0,0,0,0,0,0,0
121864,2,1,1990,0,0,0,0,0,0,0,0,0,0
121864,3,1,1990,0,0,0,0,0,0,0,0,0,9
121865,1,1,1990,0,0,0,0,0,0,0,0,0,0
121865,2,1,1990,0,0,26,10,0,0,0,0,8,0
121866,1,1,1990,0,0,0,0,0,0,0,0,0,0
121867,0,1,1990,0,0,0,0,0,0,0,0,0,0
121867,1,1,1990,0,0,9,0,0,0,0,0,0,0
121868,0,1,1990,0,0,0,0,0,0,0,0,0,0
121868,1,1,1990,0,0,0,15,0,0,11,0,0,0
121869,1,1,1990,13,13,13,13,13,13,13,13,13,13
121869,2,1,1990,0,0,0,0,0,0,0,0,0,0
121870,0,1,1990,0,13,14,0,0,0,0,0,0,0
121870,1,1,1990,0,0,0,0,0,0,0,0,0,0
121871,1,1,1990,11,16,17,22,16,25,11,19,20,10
121871,2,1,1990,14,25,9,7,8,25,31,26,18,14
121872,0,1,1990,0,0,0,0,0,0,0,0,0,0
121872,1,1,1990,0,0,0,0,0,0,0,0,12,0
121872,2,1,1990,0,0,0,0,0,0,0,0,0,0
121873,1,1,1990,20,20,20,20,20,20,20,20,20,20
121874,1,1,1990,17,17,17,17,17,17,17,17,17,17
121874,2,1,1990,0,0,0,0,0,0,0,0,0,0
121875,0,1,1990,0,0,0,0,0,0,0,0,0,0
121875,0,2,1990,10,0,9,0,34,0,0,0,0,24
121875,1,1,1990,19,9,13,16,21,6,18,24,9,17
121877,1,1,1990,15,15,15,15,15,15,15,15,15,15
121878,1,1,1990,0,11,0,0,0,0,0,0,0,2
121878,2,1,1990,0,0,0,0,0,0,21,0,0,0
121879,1,1,1990,0,0,0,0,0,0,0,0,0,0
121879,2,1,1990,0,0,0,0,0,0,0,0,0,0
121879,3,1,1990,0,0,0,0,0,0,0,11,0,0
121880,1,1,1990,22,22,22,22,22,22,22,22,22,22
121880,2,1,1990,0,0,0,0,0,0,0,0,0,0
121881,0,1,1990,0,0,0,0,0,0,0,0,0,0
121881,1,1,1990,22,24,0,0,0,0,13,0,9,0
121882,0,1,1990,20,20,20,20,20,20,20,20,20,20
121882,1,1,1990,0,0,0,0,0,0,15,0,0,22
121883,1,1,1990,0,0,0,0,0,0,0,0,0,0
121883,2,1,1990,0,0,0,0,0,0,0,0,0,0
121884,1,1,1990,0,0,0,0,0,0,0,0,0,0
121885,0,1,1990,0,0,0,0,0,0,0,0,0,0
121885,1,1,1990,0,0,0,0,0,0,0,0,0,0
121886,0,1,1990,28,28,28,28,28,28,28,28,28,28
121886,1,1,1990,0,0,0,0,0,0,0,0,0,0
121887,1,1,1990,0,0,0,0,0,0,0,0,0,0
121887,2,1,1990,0,0,0,0,0,17,0,0,0,0
121887,3,1,1990,0,0,0,0,0,0,0,0,0,0
121887,4,1,1990,0,0,0,0,0,0,0,0,0,0
121888,1,1,1990,23,23,23,23,23,23,23,23,23,23
121889,0,1,1990,0,0,13,0,0,0,0,0,0,0
121889,1,1,1990,0,0,9,0,0,0,0,0,0,0
121890,0,1,1990,25,0,36,0,0,0,11,0,50,0
121890,1,1,1990,23,5,0,11,0,0,0,8,0,18
121891,1,1,1990,0,0,0,0,0,0,0,0,0,7
121891,2,1,1990,0,0,0,0,0,0,0,0,0,0
121892,1,1,1990,0,0,0,0,0,0,0,0,0,0
121892,2,1,1990,0,0,0,0,0,0,0,0,0,0
121893,1,2,1990,15,15,15,15,15,15,15,15,15,15
121894,1,1,1990,0,0,0,0,0,0,0,0,0,0
121894,2,1,1990,0,0,0,0,0,0,0,0,0,0
121895,0,1,1990,0,0,0,0,0,0,0,0,0,0
121895,1,1,1990,4,4,4,4,4,4,4,4,4,4
121895,2,1,1990,0,0,0,0,0,0,0,0,0,0
121896,1,1,1990,0,0,0,0,0,0,0,0,0,0
121896,2,1,1990,0,0,0,0,0,0,0,0,0,0
121897,1,1,1990,18,7,0,24,22,20,20,23,16,16
121898,0,1,1990,41,41,41,41,41,41,41,41,41,41
121898,1,1,1990,0,20,0,0,0,0,0,0,0,0
121899,0,1,1990,20,20,20,20,20,20,20,20,20,20
121899,1,1,1990,0,0,0,0,0,0,0,0,12,0
121900,0,1,1990,0,0,0,0,0,0,0,0,0,0
121900,1,1,1990,0,0,0,0,0,0,15,0,0,0
121901,0,1,1990,0,0,0,0,0,0,0,0,0,0
121901,1,1,1990,0,0,0,0,0,0,0,0,0,0
121902,0,1,1990,0,0,0,0,0,0,0,0,0,0
121902,1,1,1990,22,7,0,4,0,0,13,14,17,24
121903,1,1,1990,0,0,0,0,0,0,0,0,0,0
121904,0,1,1990,27,27,27,27,27,27,27,27,27,27
121904,1,1,1990,0,0,0,0,0,0,0,0,0,0