ST_CASE,VEH_NO,PER_NO,YEAR,P1,P2,P3,P4,P5,P6,P7,P8,P9,P10
122167,1,1,1990,0,0,0,0,0,0,0,0,0,0
122168,1,1,1990,0,0,0,0,0,0,0,0,0,0
122168,2,1,1990,0,0,0,0,0,0,0,0,0,0
122169,1,1,1990,26,26,26,26,26,26,26,26,26,26
122169,2,1,1990,0,0,0,0,0,0,0,0,0,0
122170,1,1,1990,13,13,13,13,13,13,13,13,13,13
122170,2,1,1990,0,0,0,0,0,0,0,0,0,0
122172,1,1,1990,0,0,0,0,0,0,0,0,0,0
122172,2,1,1990,0,0,0,0,0,0,0,0,0,0
122173,1,1,1990,0,0,0,0,0,0,0,0,0,0
122173,2,1,1990,0,0,0,0,0,0,0,0,0,0
122173,3,1,1990,0,0,0,0,0,0,0,0,0,0
122174,1,1,1990,0,15,0,0,0,0,0,11,6,0
122175,0,1,1990,0,0,0,0,0,0,0,0,0,0
122175,1,1,1990,0,0,38,13,0,0,18,36,0,0
122176,1,1,1990,24,24,24,24,24,24,24,24,24,24
122177,1,1,1990,23,23,23,23,23,23,23,23,23,23
122177,2,1,1990,17,0,0,0,20,0,0,11,0,0
122178,0,1,1990,18,18,18,18,18,18,18,18,18,18
122178,1,1,1990,0,0,0,0,0,0,0,0,0,0
122179,1,1,1990,0,0,15,0,0,0,0,0,9,0
122179,2,1,1990,0,0,0,0,0,0,0,0,0,0
122180,1,1,1990,21,21,21,21,21,21,21,21,21,21
122181,0,1,1990,0,0,0,0,0,0,0,0,0,0
122181,1,1,1990,20,0,21,9,11,0,0,0,8,12
122182,1,1,1990,15,15,15,15,15,15,15,15,15,15
122182,2,1,1990,0,0,0,0,0,0,0,0,0,0
122183,1,1,1990,23,23,23,23,23,23,23,23,23,23
122183,2,1,1990,19,19,19,19,19,19,19,19,19,19
122185,1,1,1990,0,0,0,0,0,0,0,0,0,0
122185,2,1,1990,7,0,0,0,0,0,0,0,6,0
122186,1,1,1990,12,12,12,12,12,12,12,12,12,12
122186,2,1,1990,0,0,0,0,0,0,0,0,0,0
122187,1,1,1990,17,17,17,17,17,17,17,17,17,17
122189,0,1,1990,25,36,29,48,23,15,20,26,0,0
122189,1,1,1990,19,7,0,0,0,0,0,0,4,0
122190,1,1,1990,10,0,12,0,0,10,0,17,0,9
122191,1,1,1990,25,25,25,25,25,25,25,25,25,25
122191,2,1,1990,0,0,0,0,0,0,0,0,0,0
122192,1,1,1990,0,0,0,0,0,0,0,0,0,0
122192,2,1,1990,27,27,27,27,27,27,27,27,27,27
122193,1,1,1990,14,0,0,0,0,0,0,0,0,0
122193,2,1,1990,0,0,8,0,0,0,0,15,0,0
122194,1,1,1990,0,0,13,0,22,11,0,14,0,0
122194,2,1,1990,0,0,0,0,0,0,0,0,0,0
122195,1,1,1990,0,0,0,0,8,0,0,0,0,0
122195,2,1,1990,26,26,26,26,26,26,26,26,26,26
122196,1,1,1990,17,17,17,17,17,17,17,17,17,17
122197,0,1,1990,0,0,0,0,0,0,0,0,0,0
122197,1,1,1990,0,0,0,0,0,0,0,0,0,0
122198,1,1,1990,0,0,0,0,0,0,0,0,0,0
122198,2,1,1990,0,0,0,0,0,0,0,0,0,0
122198,3,1,1990,0,0,0,0,0,0,0,0,0,0
122199,1,1,1990,4,19,6,21,22,27,23,10,19,17
122199,2,1,1990,16,13,13,14,18,20,21,11,5,7
122200,1,1,1990,23,23,23,23,23,23,23,23,23,23
122201,0,1,1990,0,0,0,0,0,0,0,0,0,0
122201,1,1,1990,0,0,0,0,0,0,0,0,0,0
122202,1,1,1990,0,0,0,0,0,0,0,11,0,0
122203,1,1,1990,0,0,0,0,0,0,0,0,0,0
122204,0,1,1990,0,0,0,0,0,0,0,0,0,0
122204,1,1,1990,0,0,0,0,0,0,0,0,0,19
122205,0,1,1990,0,0,0,0,0,0,0,0,0,0
122205,1,1,1990,0,0,0,0,0,0,0,0,0,0
122206,0,1,1990,0,0,0,0,0,0,0,0,0,0
122206,1,1,1990,0,0,0,0,0,0,0,0,0,0
122207,0,1,1990,9,9,9,9,9,9,9,9,9,9
122207,1,1,1990,0,15,0,0,0,0,0,0,0,0
122208,1,1,1990,26,26,26,26,26,26,26,26,26,26
122208,2,1,1990,0,0,0,0,0,0,0,0,0,0
122209,1,1,1990,27,27,27,27,27,27,27,27,27,27
122210,1,1,1990,18,18,18,18,18,18,18,18,18,18
122210,2,1,1990,3,3,3,3,3,3,3,3,3,3
122211,1,1,1990,0,0,0,0,0,0,0,8,0,0
122211,2,1,1990,31,9,11,19,17,16,14,15,9,25
122212,0,1,1990,0,0,0,0,0,0,19,0,30,0
122212,1,1,1990,0,0,0,0,0,0,0,0,0,0
122214,1,1,1990,18,18,18,18,18,18,18,18,18,18
122215,1,1,1990,26,26,26,26,26,26,26,26,26,26
122215,2,1,1990,16,16,16,16,16,16,16,16,16,16
122216,0,1,1990,0,0,0,0,0,0,0,0,0,0
122216,1,1,1990,0,0,0,0,0,0,0,0,0,0
122216,2,1,1990,0,0,0,0,0,0,0,0,0,0
122218,1,1,1990,0,24,0,20,0,0,0,13,0,15
122218,2,1,1990,0,0,0,0,0,0,0,0,0,0
122219,0,1,1990,0,0,0,0,0,0,0,0,0,0
122219,1,1,1990,0,0,0,0,0,0,0,0,0,0
122219,2,1,1990,0,0,0,0,0,0,0,0,0,0
122219,3,1,1990,0,0,0,0,0,0,0,0,0,0
122220,1,1,1990,16,16,16,16,16,16,16,16,16,16
122221,0,1,1990,0,0,0,0,0,0,0,0,0,0
122221,1,1,1990,0,0,0,0,0,0,0,0,0,0
122222,1,1,1990,0,0,0,0,0,0,0,0,0,0
122222,2,1,1990,0,0,0,0,0,0,0,0,0,0
122223,0,1,1990,0,0,0,0,0,0,0,0,0,0
122223,1,1,1990,0,0,0,0,0,0,0,0,15,0
122224,1,1,1990,19,19,19,19,19,19,19,19,19,19
122225,1,1,1990,0,0,0,0,0,0,0,0,0,0
122226,0,1,1990,18,18,18,18,18,18,18,18,18,18
122226,1,1,1990,0,0,7,19,0,0,0,0,0,0
122227,0,1,1990,0,0,0,0,0,0,0,0,0,0
122227,1,1,1990,0,0,0,2,0,0,0,0,0,0
122228,1,1,1990,13,13,13,13,13,13,13,13,13,13
122229,1,1,1990,0,0,0,11,0,0,0,0,0,0
122229,2,1,1990,0,0,0,0,0,0,0,0,0,0
122230,0,1,1990,6,6,6,6,6,6,6,6,6,6
122230,1,1,1990,0,0,0,0,0,0,9,0,25,0
122231,1,1,1990,0,0,0,0,0,0,0,0,0,0
122231,2,1,1990,0,0,0,0,0,0,0,0,0,0
122232,1,1,1990,0,0,0,0,0,0,0,0,0,0
122233,1,1,1990,0,0,0,0,0,0,0,0,0,0
122233,2,1,1990,26,5,0,0,7,0,0,0,0,0
122234,0,1,1990,5,5,5,5,5,5,5,5,5,5
122234,1,1,1990,18,0,0,28,13,14,12,11,0,18
122235,0,1,1990,0,0,0,0,0,0,0,0,0,0
122235,1,1,1990,11,11,11,11,11,11,11,11,11,11
122236,1,1,1990,0,16,21,5,19,20,15,6,8,14
122236,2,1,1990,0,0,0,27,0,0,0,0,0,0
122237,1,1,1990,0,0,0,0,0,0,15,0,0,0
122237,2,1,1990,0,0,0,0,0,0,0,0,4,0
122238,0,1,1990,0,0,0,0,0,0,0,0,0,0
122238,1,1,1990,0,29,0,9,0,11,0,0,0,0
122239,0,1,1990,0,0,0,0,0,0,0,0,0,0
122239,1,1,1990,0,0,0,0,0,0,0,0,0,0
122240,0,1,1990,0,0,0,0,22,0,12,0,0,0
122240,1,1,1990,0,0,0,0,0,0,0,0,0,0
122241,1,1,1990,21,0,0,15,32,12,0,0,16,0
122242,0,1,1990,0,0,0,0,0,0,0,0,0,0
122242,1,1,1990,0,0,0,0,0,0,0,0,0,0
122243,1,1,1990,0,0,0,0,0,0,0,0,0,5
122243,2,1,1990,0,0,0,0,0,0,0,0,0,0
122243,3,1,1990,0,0,0,0,0,0,0,0,0,0
122244,0,1,1990,20,20,20,20,20,20,20,20,20,20
122244,1,1,1990,0,0,0,0,0,0,0,0,0,0
122245,1,1,1990,0,0,0,0,0,0,0,0,0,0
122245,2,1,1990,0,0,15,0,0,0,0,0,0,0
122246,1,1,1990,0,0,13,0,0,0,0,0,0,0
122247,1,1,1990,18,18,18,18,18,18,18,18,18,18
122248,0,1,1990,0,0,0,0,0,0,0,0,0,0
122248,1,1,1990,0,0,0,0,0,0,0,9,0,0
122249,1,1,1990,6,6,6,6,6,6,6,6,6,6
122249,2,1,1990,0,0,0,0,0,0,0,20,0,0
122250,0,1,1990,0,0,0,0,0,0,0,0,0,0
122250,1,1,1990,0,0,0,0,0,0,0,0,0,0
122251,0,1,1990,0,0,0,0,0,0,0,0,0,0
122251,1,1,1990,0,11,0,0,0,0,0,0,0,0
122252,1,1,1990,0,0,0,0,0,0,0,0,0,0
122253,1,1,1990,0,0,0,0,0,0,0,0,0,0
122253,2,1,1990,0,0,16,0,0,0,0,0,0,0
122253,3,1,1990,31,31,31,31,31,31,31,31,31,31
122254,1,1,1990,0,0,0,0,0,0,0,0,0,0
122254,2,1,1990,14,0,0,0,0,22,0,0,0,0
122255,0,1,1990,0,0,0,0,0,0,0,0,0,0
122255,1,1,1990,0,0,0,0,0,0,0,0,0,0
122256,1,1,1990,0,0,0,0,0,0,0,0,0,0
122256,2,1,1990,0,0,0,0,0,0,0,0,0,0
122257,0,1,1990,0,0,0,0,0,0,0,0,0,0
122257,1,1,1990,10,0,0,0,0,0,0,0,0,0
122258,1,1,1990,19,0,0,0,0,0,0,10,0,0
122259,1,1,1990,0,0,0,0,0,0,0,0,0,0
122259,2,1,1990,0,0,0,0,0,0,0,0,0,0
122260,1,1,1990,0,0,0,0,14,0,0,0,0,0
122260,2,1,1990,0,0,0,0,0,0,0,0,0,0
122261,1,1,1990,0,0,0,0,0,0,0,0,0,0
122261,2,1,1990,0,0,0,0,0,0,0,0,0,0
122262,1,1,1990,28,28,28,28,28,28,28,28,28,28
122262,2,1,1990,0,0,0,0,0,3,0,0,0,0
122262,3,1,1990,0,0,0,0,0,0,0,0,0,0
122262,4,1,1990,0,0,0,0,0,0,0,0,0,0
122264,1,1,1990,0,0,0,0,0,0,0,0,0,0
122264,2,1,1990,4,4,4,4,4,4,4,4,4,4
122265,1,1,1990,6,6,6,6,6,6,6,6,6,6
122265,2,1,1990,0,0,0,0,0,0,0,0,0,0
122267,1,1,1990,12,12,12,12,12,12,12,12,12,12
122268,1,1,1990,5,0,0,0,0,0,0,0,0,18
122268,2,1,1990,0,0,0,0,0,0,0,0,0,0
122268,3,1,1990,0,13,7,0,0,0,0,0,0,0
122268,4,1,1990,0,4,0,6,11,22,6,11,6,0
122268,5,1,1990,0,0,0,0,0,0,0,0,0,0
122269,1,1,1990,0,0,0,0,0,0,0,0,0,0
122269,2,1,1990,8,8,8,8,8,8,8,8,8,8
122270,1,1,1990,19,19,19,19,19,19,19,19,19,19
122270,2,1,1990,23,23,23,23,23,23,23,23,23,23
122271,1,1,1990,16,16,16,16,16,16,16,16,16,16
122272,1,1,1990,27,27,27,27,27,27,27,27,27,27
122273,1,1,1990,22,22,22,22,22,22,22,22,22,22
122273,2,1,1990,0,0,0,0,0,0,0,0,5,0
122274,0,1,1990,0,0,0,0,0,0,0,0,0,0
122274,1,1,1990,0,0,0,0,0,0,0,0,0,0
122275,0,1,1990,21,21,21,21,21,21,21,21,21,21
122275,1,1,1990,0,0,0,0,0,0,0,0,0,0
122276,1,1,1990,0,0,0,0,0,0,0,0,0,0
122277,1,1,1990,0,0,0,0,0,0,0,0,0,0
122277,2,1,1990,0,0,0,0,0,0,0,0,0,0
122278,1,1,1990,18,18,18,18,18,18,18,18,18,18
122279,1,1,1990,0,0,0,0,0,0,0,0,0,0
122279,2,1,1990,0,0,0,0,0,0,0,0,0,0
122280,1,1,1990,33,33,33,33,33,33,33,33,33,33
122281,1,1,1990,10,10,10,10,10,10,10,10,10,10
122282,1,1,1990,25,25,25,25,25,25,25,25,25,25
122283,1,1,1990,0,0,0,0,0,0,0,0,0,0
122283,2,1,1990,0,0,0,0,0,0,0,0,0,0
122284,1,1,1990,0,0,0,12,0,0,0,0,0,0
122284,2,1,1990,0,0,0,0,0,0,0,0,0,0
122285,1,1,1990,0,0,0,0,0,0,0,14,0,9
122286,1,1,1990,0,0,0,0,0,0,0,0,0,0
122286,2,1,1990,0,0,0,0,0,0,0,0,0,0
122287,0,1,1990,0,0,0,0,0,0,0,0,0,0
122287,1,1,1990,0,0,0,0,0,0,0,0,0,0
122288,0,1,1990,14,14,14,14,14,14,14,14,14,14
122288,1,1,1990,26,26,26,26,26,26,26,26,26,26
122289,1,1,1990,12,12,12,12,12,12,12,12,12,12
122289,2,1,1990,0,0,0,0,28,16,0,0,0,0
122290,1,1,1990,0,0,0,0,0,0,0,0,0,0
122291,1,1,1990,23,23,23,23,23,23,23,23,23,23
122291,2,1,1990,12,12,12,12,12,12,12,12,12,12
122292,1,1,1990,0,0,0,0,0,0,0,0,0,0
122293,1,1,1990,15,15,15,15,15,15,15,15,15,15
122293,2,1,1990,3,3,3,3,3,3,3,3,3,3
122294,1,1,1990,6,13,0,0,12,2,6,12,24,7
122294,2,1,1990,0,0,0,0,0,0,0,0,0,0
122295,1,1,1990,0,0,0,0,0,0,0,0,0,0
122295,2,1,1990,0,0,0,0,0,0,0,0,0,0
122296,1,1,1990,0,0,0,0,0,0,0,0,0,0
122297,1,1,1990,0,0,0,0,0,0,0,0,0,0
122298,1,1,1990,0,0,0,0,0,0,0,0,0,0
122298,2,1,1990,0,0,0,0,0,0,0,6,0,0
122299,1,1,1990,0,0,21,0,0,0,0,0,0,0
122299,2,1,1990,0,0,7,0,0,0,0,0,0,11
122300,1,1,1990,0,0,0,0,0,0,0,0,0,0
122300,2,1,1990,0,0,0,0,0,0,0,0,0,0
122301,1,1,1990,0,6,0,0,0,0,0,0,0,0
122302,1,1,1990,0,0,0,21,0,0,0,0,0,0
122302,2,1,1990,0,0,0,0,0,0,0,0,0,0
122303,1,1,1990,0,0,15,0,2,0,0,0,0,9
122304,1,1,1990,18,18,18,18,18,18,18,18,18,18
122304,2,1,1990,8,8,8,8,8,8,8,8,8,8
122304,3,1,1990,0,0,0,0,0,0,0,0,0,0
122304,4,1,1990,0,0,0,0,0,0,0,0,0,0
122305,0,1,1990,0,0,0,0,0,0,0,0,0,0
122305,1,1,1990,0,0,0,0,0,0,0,0,0,0
122307,0,1,1990,0,0,0,0,0,0,0,0,0,0
122307,1,1,1990,27,27,27,27,27,27,27,27,27,27
122308,1,1,1990,0,0,0,0,0,0,0,0,0,0
122308,2,1,1990,0,0,0,0,0,0,0,0,0,0
122309,0,1,1990,0,0,0,0,0,0,0,0,0,0
122309,1,1,1990,0,0,0,0,0,0,0,0,0,0
122310,1,1,1990,9,9,9,9,9,9,9,9,9,9
122311,1,1,1990,20,20,20,20,20,20,20,20,20,20
122311,2,1,1990,23,23,23,23,23,23,23,23,23,23
122312,0,1,1990,24,24,24,24,24,24,24,24,24,24
122312,0,2,1990,18,23,22,0,25,33,21,16,23,4
122312,1,1,1990,0,0,21,0,12,4,0,0,0,10
122313,1,1,1990,26,26,26,26,26,26,26,26,26,26
122314,1,1,1990,20,20,20,20,20,20,20,20,20,20
122315,1,1,1990,0,0,0,0,0,0,0,0,0,0
122315,2,1,1990,0,0,0,0,0,0,0,0,0,0
122316,1,1,1990,6,6,6,6,6,6,6,6,6,6
122317,1,1,1990,10,10,10,10,10,10,10,10,10,10
122318,1,1,1990,2,2,2,2,2,2,2,2,2,2
122318,2,1,1990,0,0,0,0,0,0,0,0,0,0
122318,3,1,1990,16,0,15,0,0,0,0,0,11,9
122318,4,1,1990,0,0,0,0,0,0,0,0,11,0
122318,5,1,1990,0,0,0,0,0,0,0,0,0,0
122319,0,1,1990,0,0,0,0,0,0,0,0,0,0
122319,1,1,1990,0,0,0,0,15,0,0,0,0,0
122320,1,1,1990,8,8,8,8,8,8,8,8,8,8
122320,2,1,1990,0,0,0,20,0,0,0,0,9,0
122321,0,1,1990,0,12,0,8,0,40,0,0,0,0
122321,1,1,1990,0,23,13,17,0,11,17,11,0,11
122322,1,1,1990,0,0,0,0,0,0,0,0,0,0
122322,2,1,1990,0,0,0,0,0,0,0,0,0,0
122322,3,1,1990,0,0,0,0,0,0,0,0,0,0
122323,0,1,1990,20,20,20,20,20,20,20,20,20,20
122323,1,1,1990,0,0,0,0,0,0,0,0,14,28
122324,1,1,1990,25,25,25,25,25,25,25,25,25,25
122325,0,1,1990,0,0,0,0,0,0,14,0,0,0
122325,1,1,1990,0,0,0,0,0,0,0,0,0,0
122326,0,1,1990,0,0,0,0,0,0,0,0,0,0
122326,1,1,1990,0,0,0,0,0,0,0,0,0,0
122327,1,1,1990,0,0,0,0,0,0,0,0,0,0
122328,0,1,1990,14,14,14,14,14,14,14,14,14,14
122328,1,1,1990,0,0,0,0,0,0,0,0,0,0
122329,1,1,1990,13,13,13,13,13,13,13,13,13,13
122329,2,1,1990,0,0,0,0,0,0,0,0,0,0
122330,1,1,1990,15,15,15,15,15,15,15,15,15,15
122331,1,1,1990,0,0,0,0,0,0,0,0,0,0
122331,2,1,1990,0,0,0,0,0,0,0,0,0,0
122332,0,1,1990,39,39,39,39,39,39,39,39,39,39
122332,1,1,1990,12,12,12,12,12,12,12,12,12,12
122334,1,1,1990,0,0,0,0,0,0,0,0,0,0
122334,2,1,1990,0,0,0,0,0,0,0,0,0,0
122335,1,1,1990,0,0,0,0,0,0,0,0,0,0
122335,2,1,1990,0,0,0,0,0,0,0,0,0,0
122336,1,1,1990,18,18,18,18,18,18,18,18,18,18
122336,2,1,1990,0,0,0,0,0,0,0,0,0,0
122337,0,1,1990,0,0,0,0,30,0,0,0,0,0
122337,1,1,1990,0,0,0,0,0,0,0,0,0,28
122338,1,1,1990,0,19,16,0,0,0,0,0,0,16
122340,0,1,1990,26,14,0,16,21,0,20,0,0,26
122340,1,1,1990,0,25,0,6,14,0,0,21,0,14
122341,0,1,1990,0,0,0,0,0,0,0,0,0,0
122341,1,1,1990,18,22,7,25,20,16,17,8,20,9
122342,0,1,1990,0,0,0,0,0,22,22,0,0,0
122342,1,1,1990,6,0,0,0,0,0,0,0,0,0
122343,0,1,1990,0,0,0,0,0,0,0,0,0,0
122343,1,1,1990,0,0,0,0,0,0,0,0,0,0
122344,0,1,1990,0,0,0,0,0,0,0,0,0,0
122345,1,1,1990,5,5,5,5,5,5,5,5,5,5
122345,2,1,1990,0,0,0,28,0,12,0,0,0,0
122346,0,1,1990,11,11,11,11,11,11,11,11,11,11
122346,1,1,1990,12,12,12,12,12,12,12,12,12,12
122347,0,1,1990,32,16,13,2,10,4,22,28,10,26
122347,1,1,1990,0,0,0,0,0,0,0,0,0,0
122348,0,1,1990,0,0,0,0,0,0,0,0,0,0
122348,1,1,1990,0,0,0,0,0,0,0,0,0,8
122350,1,1,1990,0,0,0,0,0,0,0,0,0,0
122350,2,1,1990,0,0,0,0,0,0,0,0,0,0
122350,3,1,1990,0,0,0,0,0,0,0,0,0,0
122351,0,1,1990,0,0,0,0,0,0,0,0,0,0
122351,1,1,1990,0,0,0,0,0,0,0,0,0,0
122352,0,1,1990,0,0,12,0,0,0,0,0,24,17
122352,1,1,1990,0,0,0,0,0,0,0,0,17,0
122353,1,1,1990,14,14,14,14,14,14,14,14,14,14
122355,0,1,1990,0,0,0,0,0,0,0,0,0,0
122355,1,1,1990,0,0,0,0,0,0,0,0,0,0
122356,1,1,1990,0,4,19,0,15,11,5,14,0,7
122356,2,1,1990,0,0,0,0,0,0,0,13,0,0
122356,3,1,1990,0,0,0,0,0,0,0,0,0,0
122357,1,1,1990,0,0,0,0,0,0,0,0,0,0
122358,0,1,1990,0,0,0,0,0,0,0,0,0,0
122358,1,1,1990,0,0,0,0,0,0,0,0,0,0
122359,1,1,1990,0,0,0,0,0,0,0,0,0,0
122359,2,1,1990,0,0,0,0,0,0,0,0,0,0
122360,0,1,1990,44,44,44,44,44,44,44,44,44,44
122360,1,1,1990,0,12,5,0,0,0,0,0,0,0
122361,1,1,1990,0,0,0,0,0,2,0,0,0,0
122361,2,1,1990,0,0,0,0,0,0,0,0,0,13
122362,0,1,1990,0,0,0,0,0,0,0,0,0,0
122362,1,1,1990,0,0,0,0,0,0,0,0,0,0
122363,1,1,1990,0,0,0,0,0,0,0,0,0,0
122363,2,1,1990,0,0,0,0,0,0,0,0,0,0
122364,1,1,1990,0,7,0,0,0,14,16,0,0,0
122365,1,1,1990,0,0,0,0,0,0,0,0,0,0
122366,1,1,1990,0,0,0,0,0,0,0,0,0,0
122366,2,1,1990,0,0,0,0,0,0,0,0,0,0
122366,3,1,1990,0,0,0,0,0,0,0,0,0,0
122366,4,1,1990,0,0,0,0,0,0,0,0,0,0
122367,1,1,1990,0,0,0,0,0,0,0,0,0,0
122369,1,1,1990,20,20,20,20,20,20,20,20,20,20
122369,2,2,1990,0,5,8,0,0,0,0,0,0,0
122369,3,1,1990,11,0,0,0,0,0,0,0,0,0
122370,1,1,1990,24,24,24,24,24,24,24,24,24,24
122370,2,1,1990,0,15,0,0,0,0,0,4,0,0
122371,0,1,1990,1,1,1,1,1,1,1,1,1,1
122371,1,1,1990,0,0,0,0,8,0,0,0,0,0
122372,1,1,1990,0,0,0,8,0,0,0,0,0,0
122372,2,1,1990,0,0,0,0,0,0,0,0,0,0
122373,0,1,1990,28,28,28,28,28,28,28,28,28,28
122373,1,1,1990,9,9,9,9,9,9,9,9,9,9
122374,0,1,1990,19,0,7,0,0,0,0,32,23,0
122374,1,1,1990,0,0,0,0,0,0,0,0,0,0
122375,1,1,1990,24,24,24,24,24,24,24,24,24,24
122375,2,1,1990,0,0,0,36,15,0,0,0,0,0
122376,1,1,1990,29,29,29,29,29,29,29,29,29,29
122377,1,1,1990,30,30,30,30,30,30,30,30,30,30
122378,1,1,1990,0,0,0,0,0,0,0,0,0,0
122378,2,1,1990,0,0,0,0,0,0,0,0,0,0
122379,1,1,1990,0,0,0,0,0,0,0,0,0,0
122380,1,1,1990,0,0,0,0,0,25,0,0,0,0
122381,1,1,1990,0,0,0,0,0,0,0,0,0,0
122382,1,1,1990,24,24,24,24,24,24,24,24,24,24
122382,2,1,1990,19,19,19,19,19,19,19,19,19,19
122383,1,1,1990,0,0,0,0,0,0,0,0,0,0
122384,1,1,1990,0,0,0,0,0,0,0,0,0,0
122384,2,1,1990,0,0,0,0,0,0,0,0,0,0
122385,1,1,1990,0,0,0,0,0,0,0,0,0,0
122385,2,1,1990,12,0,0,0,0,0,0,12,0,0
122386,1,1,1990,0,0,0,0,0,0,0,0,0,0
122387,0,1,1990,0,0,0,0,0,0,0,0,0,0
122387,1,1,1990,0,0,0,0,0,0,0,0,0,0
122387,2,1,1990,0,14,15,0,0,0,19,14,22,24
122388,1,1,1990,0,11,16,22,23,16,16,24,4,19
122388,2,1,1990,0,0,0,0,0,0,0,0,0,0
122388,3,1,1990,0,0,0,0,0,0,0,0,0,0
122389,0,1,1990,0,0,0,0,0,0,0,0,0,0
122389,0,2,1990,0,0,0,0,0,0,0,0,0,0
122389,2,1,1990,14,0,0,0,11,0,0,0,0,0
122390,0,1,1990,0,0,0,0,0,0,0,0,0,0
122390,1,1,1990,0,0,0,0,0,0,0,0,0,0
122391,1,1,1990,0,0,0,0,0,0,0,0,0,0
122391,2,1,1990,0,0,0,0,0,0,0,0,0,0
122392,0,1,1990,0,0,0,0,0,0,0,0,0,0
122392,1,1,1990,0,0,0,0,0,0,0,0,0,0
122393,0,1,1990,0,0,0,0,0,0,0,0,0,0
122393,1,1,1990,0,0,18,0,0,0,0,0,0,0
122394,1,1,1990,7,7,7,7,7,7,7,7,7,7
122395,1,1,1990,17,0,0,0,17,46,18,19,10,0
122396,1,1,1990,0,0,0,11,0,0,0,0,35,0
122397,0,1,1990,33,33,33,33,33,33,33,33,33,33
122397,1,1,1990,0,0,0,0,0,0,0,0,0,0
122398,1,1,1990,27,27,27,27,27,27,27,27,27,27
122398,2,1,1990,0,0,0,0,0,0,0,0,0,0
122399,1,1,1990,0,0,0,0,0,0,0,0,0,0
122399,2,1,1990,0,0,0,0,0,0,0,0,0,0
122399,3,1,1990,1,1,1,1,1,1,1,1,1,1
122400,1,1,1990,0,0,0,0,0,0,14,0,0,0
122400,2,1,1990,0,0,0,0,0,0,0,0,0,0
122401,1,1,1990,0,0,0,0,0,0,0,0,0,0
122401,2,1,1990,0,0,0,0,0,0,0,0,0,0
122401,3,1,1990,0,0,0,0,0,0,0,14,0,0
122402,1,1,1990,0,0,0,0,0,0,0,0,0,0
122403,1,1,1990,12,12,12,12,12,12,12,12,12,12
122403,2,1,1990,0,0,0,0,0,0,0,0,0,0
122404,1,1,1990,0,0,0,0,0,0,0,0,0,0
122405,0,1,1990,39,39,39,39,39,39,39,39,39,39
122405,1,1,1990,0,0,0,0,0,0,0,0,0,0
122406,1,1,1990,0,0,0,0,0,0,0,0,0,0
122406,2,1,1990,0,0,0,0,0,0,0,0,0,0
122407,1,1,1990,0,0,0,0,0,0,0,0,0,15
122407,2,1,1990,0,0,0,0,0,0,0,0,0,0
122409,1,1,1990,0,0,0,0,0,0,0,0,0,0
122410,1,1,1990,17,17,17,17,17,17,17,17,17,17
122410,2,1,1990,0,0,0,0,0,0,0,0,0,0
122410,3,1,1990,0,17,0,0,0,0,0,0,0,0
122411,1,1,1990,31,31,31,31,31,31,31,31,31,31
122412,1,1,1990,0,0,0,0,0,0,0,0,0,0
122412,2,1,1990,14,0,0,0,0,0,0,0,0,0
122412,3,1,1990,0,0,0,0,0,0,0,0,0,0
122413,1,1,1990,0,0,0,0,0,0,0,0,0,0
122413,2,1,1990,0,0,0,6,0,0,0,0,0,0
122414,1,1,1990,0,0,12,0,0,0,0,0,0,0
122414,2,1,1990,0,0,0,0,0,0,0,0,0,0
122415,1,1,1990,21,21,21,21,21,21,21,21,21,21
122416,1,1,1990,25,25,25,25,25,25,25,25,25,25
122416,2,1,1990,0,0,0,0,0,0,0,0,0,0
122417,1,1,1990,0,0,0,0,0,0,0,0,0,0
122417,2,1,1990,0,0,0,0,0,0,0,0,0,0
122418,1,1,1990,20,20,20,20,20,20,20,20,20,20
122419,0,1,1990,0,0,0,0,0,0,0,0,0,0
122419,1,1,1990,0,0,0,0,0,0,0,0,0,0
122420,1,1,1990,31,31,31,31,31,31,31,31,31,31
122421,0,1,1990,0,0,0,0,0,0,0,0,0,0
122421,1,1,1990,0,0,0,0,0,0,0,0,12,0
122422,1,1,1990,21,10,9,20,15,0,17,0,21,25
122422,2,1,1990,0,0,0,0,0,0,0,0,0,0
122422,3,1,1990,8,14,0,12,0,0,0,14,6,0
122423,1,1,1990,20,0,0,0,0,0,0,0,0,0
122423,2,1,1990,0,0,0,0,0,0,0,0,0,0
122423,3,1,1990,0,5,0,0,0,0,0,0,0,0
122424,1,1,1990,0,0,0,0,0,0,0,0,0,0
122425,0,1,1990,0,0,13,18,0,0,0,0,30,0
122425,1,1,1990,0,0,0,0,0,0,0,0,0,0
122426,1,1,1990,0,0,0,0,0,0,0,0,0,0
122427,1,1,1990,39,39,39,39,39,39,39,39,39,39
122428,1,1,1990,0,0,0,0,0,0,0,0,0,0
122428,2,1,1990,0,0,0,0,0,0,0,0,0,0
122429,1,1,1990,0,0,0,0,0,0,0,0,0,23
122429,2,1,1990,0,0,0,0,0,14,0,25,0,0
122430,0,1,1990,0,0,0,0,0,0,0,0,0,0
122430,1,1,1990,0,0,0,0,0,0,0,0,0,0
122431,1,1,1990,2,2,2,2,2,2,2,2,2,2