ST_CASE,VEH_NO,PER_NO,YEAR,P1,P2,P3,P4,P5,P6,P7,P8,P9,P10
122431,2,1,1990,0,0,0,0,0,0,0,0,0,0
122432,0,1,1990,0,0,0,0,0,0,0,0,0,0
122432,1,1,1990,0,0,0,0,0,0,0,0,0,0
122433,1,1,1990,0,4,0,0,0,0,0,0,0,0
122433,2,1,1990,0,0,0,0,0,0,0,0,0,0
122434,0,1,1990,27,27,27,27,27,27,27,27,27,27
122434,1,1,1990,0,0,0,0,0,0,0,0,0,0
122435,1,1,1990,24,24,24,24,24,24,24,24,24,24
122436,1,1,1990,0,0,0,0,0,0,0,0,0,0
122436,2,1,1990,0,0,0,0,0,0,0,0,0,0
122437,0,1,1990,0,0,0,0,0,0,0,0,0,0
122437,1,1,1990,0,0,0,0,0,0,0,0,0,0
122438,1,1,1990,24,24,24,24,24,24,24,24,24,24
122439,1,1,1990,0,0,0,0,0,0,0,8,0,0
122439,2,1,1990,0,0,0,0,0,0,0,0,0,0
122440,1,1,1990,0,0,0,0,0,0,0,0,0,0
122440,2,1,1990,0,0,0,0,0,0,0,0,0,0
122441,1,1,1990,19,19,19,19,19,19,19,19,19,19
122442,0,1,1990,0,0,0,0,0,0,0,0,0,0
122442,1,1,1990,0,0,0,0,0,0,0,0,0,0
122443,0,1,1990,0,0,0,0,0,0,0,0,0,0
122443,1,1,1990,0,0,0,0,0,0,0,0,0,0
122444,1,1,1990,11,11,11,11,11,11,11,11,11,11
122445,0,1,1990,26,26,26,26,26,26,26,26,26,26
122445,1,1,1990,0,0,0,0,0,0,0,0,0,0
122446,0,1,1990,0,0,0,0,0,0,0,0,0,0
122446,1,1,1990,0,0,0,0,0,0,0,0,0,0
122447,0,1,1990,11,11,11,11,11,11,11,11,11,11
122447,1,1,1990,0,9,0,0,0,0,0,0,0,12
122448,1,1,1990,0,0,0,0,0,0,0,0,0,0
122448,2,1,1990,0,0,0,0,0,0,0,0,0,8
122450,1,1,1990,0,0,0,0,0,0,0,0,0,0
122450,2,1,1990,0,0,0,0,0,0,0,0,0,0
122450,3,1,1990,0,0,0,0,0,0,0,0,0,0
122451,0,1,1990,35,22,11,18,24,17,10,11,41,37
122451,1,1,1990,0,0,0,0,0,7,0,0,0,0
122452,1,1,1990,11,14,15,18,7,3,9,13,7,4
122453,1,1,1990,0,0,0,0,0,0,0,0,0,0
122453,2,1,1990,0,0,0,0,0,0,0,0,0,0
122454,1,1,1990,18,9,19,12,3,13,8,0,0,18
122454,2,1,1990,0,0,0,0,0,0,0,0,0,0
122455,0,1,1990,0,0,0,0,0,0,22,0,0,0
122455,1,1,1990,0,0,0,0,0,0,0,0,0,0
122456,1,1,1990,21,21,21,21,21,21,21,21,21,21
122456,2,1,1990,0,0,6,8,0,0,0,0,0,0
122457,0,1,1990,17,17,17,17,17,17,17,17,17,17
122457,1,1,1990,0,0,0,0,0,0,0,0,0,0
122458,1,1,1990,14,14,14,14,14,14,14,14,14,14
122459,1,1,1990,0,0,0,0,0,0,0,0,0,17
122459,2,1,1990,0,0,0,0,19,0,0,0,0,0
122460,2,1,1990,0,0,0,0,0,0,0,0,0,0
122460,3,1,1990,0,0,0,0,0,0,0,0,0,0
122461,0,1,1990,23,17,0,25,23,0,25,22,0,17
122461,1,1,1990,17,10,0,24,27,0,0,0,0,22
122462,1,1,1990,0,0,0,0,0,0,0,0,0,0
122462,2,1,1990,0,0,0,0,0,0,0,0,0,0
122463,1,1,1990,0,0,13,0,0,0,0,17,0,0
122463,2,1,1990,18,18,18,18,18,18,18,18,18,18
122464,1,1,1990,0,0,0,0,0,0,0,0,0,0
122464,2,1,1990,0,0,0,0,0,0,0,0,0,0
122465,1,1,1990,27,27,27,27,27,27,27,27,27,27
122465,2,1,1990,0,0,0,0,0,0,0,0,0,0
122466,1,1,1990,18,18,18,18,18,18,18,18,18,18
122467,1,1,1990,0,0,0,0,0,0,0,0,0,0
122469,1,1,1990,19,0,0,0,0,0,0,9,0,0
122469,2,1,1990,0,0,0,0,0,0,0,0,0,0
122469,3,1,1990,0,0,0,0,0,0,0,0,0,0
122470,1,1,1990,0,0,0,0,0,0,32,0,0,16
122470,2,1,1990,21,0,0,0,0,0,0,0,0,0
122470,3,1,1990,0,0,0,0,0,0,0,0,0,0
122470,4,1,1990,0,0,0,0,0,0,0,0,0,0
122471,0,1,1990,0,25,0,0,20,0,0,0,11,0
122471,1,1,1990,0,7,0,5,0,0,0,0,0,0
122472,1,1,1990,0,0,0,0,0,0,0,0,0,0
122472,2,1,1990,0,0,0,0,0,0,0,0,0,0
122473,1,1,1990,0,0,0,0,0,7,0,0,17,0
122474,1,1,1990,17,17,17,17,17,17,17,17,17,17
122474,2,1,1990,0,0,0,0,0,0,0,0,0,0
122475,1,1,1990,7,7,7,7,7,7,7,7,7,7
122475,2,1,1990,0,0,0,0,0,0,0,0,0,0
122475,3,1,1990,0,0,0,0,0,0,0,0,0,0
122476,1,1,1990,4,4,4,4,4,4,4,4,4,4
122477,1,1,1990,0,0,0,0,0,0,0,0,0,0
122477,2,1,1990,14,14,14,14,14,14,14,14,14,14
122478,1,1,1990,21,21,21,21,21,21,21,21,21,21
122479,1,1,1990,0,0,0,0,0,0,0,0,0,0
122479,2,1,1990,0,0,0,0,0,0,0,0,0,0
122480,0,1,1990,0,0,0,0,0,0,0,0,0,0
122480,1,1,1990,0,0,0,22,0,0,0,0,0,0
122482,0,1,1990,23,23,23,23,23,23,23,23,23,23
122482,1,1,1990,0,0,12,0,0,0,0,8,0,0
122483,1,1,1990,0,0,0,0,0,0,0,7,0,0
122483,2,1,1990,0,0,0,0,0,0,0,0,0,0
122483,3,1,1990,0,0,0,0,0,0,0,0,0,0
122484,1,1,1990,33,33,33,33,33,33,33,33,33,33
122485,0,1,1990,13,13,13,13,13,13,13,13,13,13
122485,1,1,1990,0,0,0,0,0,0,0,0,0,0
122486,1,1,1990,0,0,0,8,7,0,0,0,0,0
122487,1,1,1990,22,22,22,22,22,22,22,22,22,22
122489,0,1,1990,22,22,22,22,22,22,22,22,22,22
122489,1,1,1990,36,0,0,17,0,12,0,0,0,17
122490,1,1,1990,0,0,0,0,0,0,0,0,0,0
122490,2,1,1990,0,0,0,0,0,0,0,0,0,0
122490,3,1,1990,0,0,0,0,0,0,0,0,0,0
122491,0,1,1990,0,0,0,0,0,0,0,0,0,0
122491,0,2,1990,3,0,16,0,12,10,0,0,34,0
122491,1,1,1990,7,7,7,7,7,7,7,7,7,7
122492,1,1,1990,0,0,0,0,0,0,0,0,0,0
122492,2,1,1990,0,0,0,0,0,0,0,0,0,0
122493,1,1,1990,0,0,0,0,0,0,0,0,0,0
122493,2,1,1990,0,0,0,0,0,0,0,0,0,0
122494,0,1,1990,0,0,0,0,0,0,0,0,0,0
122494,1,1,1990,0,0,0,0,0,0,0,0,0,0
122495,1,1,1990,0,0,0,0,0,0,0,0,0,0
122495,2,1,1990,0,0,0,0,0,0,0,0,0,0
122495,3,1,1990,0,0,15,5,0,0,0,0,0,13
122496,1,1,1990,9,9,9,9,9,9,9,9,9,9
122497,0,1,1990,14,14,14,14,14,14,14,14,14,14
122497,1,1,1990,0,0,0,0,0,0,0,0,0,0
122498,1,1,1990,0,18,0,0,0,0,0,0,0,0
122498,2,1,1990,0,0,0,0,0,0,0,0,0,0
122499,1,1,1990,21,21,21,21,21,21,21,21,21,21
122500,1,1,1990,23,23,23,23,23,23,23,23,23,23
122500,2,1,1990,0,0,0,0,0,0,0,0,0,0
122502,0,1,1990,0,0,0,0,0,0,0,0,0,0
122502,1,1,1990,0,0,0,0,0,0,0,0,0,0
122503,1,1,1990,25,25,25,25,25,25,25,25,25,25
122504,0,1,1990,0,0,0,0,0,0,0,0,0,0
122504,0,2,1990,5,0,0,0,0,0,0,0,0,0
122504,1,1,1990,0,0,0,0,14,0,0,0,0,0
122505,1,1,1990,0,0,0,0,6,0,0,0,0,0
122505,2,1,1990,0,23,0,0,0,0,0,0,0,0
122506,1,1,1990,10,10,10,10,10,10,10,10,10,10
122506,2,1,1990,7,7,7,7,7,7,7,7,7,7
122507,1,1,1990,0,11,0,0,0,29,0,0,9,0
122508,1,1,1990,0,0,0,0,0,0,0,0,0,0
122508,2,1,1990,0,13,0,0,0,0,0,0,21,0
122509,0,1,1990,0,0,0,0,0,0,0,0,0,0
122509,1,1,1990,7,0,0,0,0,0,0,0,0,0
122510,1,1,1990,23,23,23,23,23,23,23,23,23,23
122511,1,1,1990,1,1,1,1,1,1,1,1,1,1
122511,2,1,1990,0,0,0,0,0,0,0,0,0,0
122513,1,1,1990,0,0,6,0,0,0,0,0,0,0
122513,2,1,1990,0,0,0,0,0,0,0,0,0,0
122513,3,1,1990,0,0,0,0,0,0,0,0,0,0
122514,0,1,1990,21,21,21,21,21,21,21,21,21,21
122514,1,1,1990,0,0,0,0,0,0,0,0,0,0
122515,1,1,1990,0,0,0,0,0,0,10,0,0,0
122515,2,1,1990,0,0,0,0,0,0,0,0,0,0
122516,1,1,1990,20,20,20,20,20,20,20,20,20,20
122517,1,1,1990,0,15,26,0,0,21,19,0,0,12
122518,1,1,1990,0,0,0,0,0,0,0,0,0,0
122518,2,1,1990,0,0,0,0,0,0,0,0,0,0
122518,3,1,1990,0,0,0,0,0,0,0,0,0,0
122519,1,1,1990,0,0,8,0,0,0,0,0,0,0
122519,2,1,1990,0,0,0,8,0,0,0,0,0,0
122520,1,1,1990,20,20,20,20,20,20,20,20,20,20
122521,0,1,1990,13,13,13,13,13,13,13,13,13,13
122521,1,1,1990,0,0,0,0,0,0,0,0,0,0
122522,1,1,1990,0,0,0,0,0,0,0,0,0,15
122522,2,1,1990,12,0,0,0,0,0,0,0,0,0
122523,0,1,1990,0,0,0,0,0,0,0,0,0,0
122523,1,1,1990,0,0,0,0,0,0,0,0,0,9
122525,1,1,1990,0,0,0,0,0,0,0,0,0,0
122525,2,1,1990,0,0,0,0,0,0,0,0,0,0
122526,0,1,1990,0,0,0,0,0,0,0,0,0,0
122526,1,1,1990,0,0,0,0,0,0,0,0,0,0
122527,1,1,1990,0,0,0,0,14,11,14,0,0,0
122527,2,1,1990,0,0,0,0,0,0,0,0,0,0
122528,0,1,1990,12,21,10,31,22,0,21,22,13,7
122528,1,1,1990,0,20,23,12,18,0,5,22,0,0
122529,1,1,1990,10,10,10,10,10,10,10,10,10,10
122529,2,1,1990,18,18,18,18,18,18,18,18,18,18
122530,0,1,1990,21,21,21,21,21,21,21,21,21,21
122530,1,1,1990,0,10,0,0,0,0,0,0,0,0
122532,1,1,1990,0,0,0,0,0,0,0,0,0,0
122533,1,1,1990,0,0,0,0,0,0,0,0,0,0
122533,2,1,1990,0,0,0,0,0,0,0,0,0,0
122534,1,1,1990,0,0,0,14,0,11,0,5,0,0
122534,2,1,1990,0,0,0,0,0,0,0,0,0,7
122535,1,1,1990,11,11,11,11,11,11,11,11,11,11
122536,1,1,1990,0,0,0,0,0,0,0,0,0,0
122537,1,1,1990,0,0,0,0,0,0,0,0,0,0
122537,2,1,1990,0,17,0,0,0,0,0,0,0,0
122538,1,1,1990,0,0,0,0,0,0,0,0,0,0
122538,2,1,1990,0,0,0,0,0,0,0,0,0,0
122539,1,1,1990,0,0,0,0,0,0,0,0,0,0
122539,2,1,1990,1,1,1,1,1,1,1,1,1,1
122540,1,1,1990,15,15,15,15,15,15,15,15,15,15
122541,0,1,1990,0,0,0,0,0,0,0,0,0,0
122541,1,1,1990,0,0,0,0,0,0,0,0,0,0
122542,1,1,1990,0,0,0,0,0,0,0,0,0,0
122542,2,1,1990,0,0,0,4,0,0,0,0,0,0
122543,0,1,1990,0,0,0,0,0,0,0,0,0,0
122543,0,2,1990,0,0,39,0,0,0,0,0,0,0
122543,1,1,1990,0,0,0,0,0,0,0,0,0,0
122543,2,1,1990,0,0,0,18,0,0,0,0,0,0
122544,1,1,1990,0,0,0,0,0,0,0,0,0,0
122545,1,1,1990,0,0,0,0,0,0,0,0,0,0
122546,1,1,1990,0,0,0,0,0,0,20,0,0,0
122547,1,1,1990,0,0,0,0,0,0,0,0,0,0
122547,2,1,1990,0,0,0,0,0,0,0,0,0,0
122548,1,1,1990,0,0,0,0,0,0,0,0,0,0
122548,2,1,1990,0,0,0,14,0,0,0,0,0,0
122549,0,1,1990,25,25,25,25,25,25,25,25,25,25
122549,1,1,1990,0,0,0,16,0,0,0,0,0,0
122550,0,1,1990,0,0,0,0,0,0,0,0,0,0
122550,1,1,1990,0,0,0,0,0,0,0,0,0,0
122550,2,1,1990,0,20,0,0,0,17,0,0,0,0
122551,1,1,1990,0,0,0,0,0,0,0,0,0,0
122552,0,1,1990,0,0,0,0,0,0,0,0,0,0
122552,1,1,1990,0,0,0,0,0,0,0,0,0,0
122553,1,1,1990,31,31,31,31,31,31,31,31,31,31
122554,1,1,1990,0,0,0,0,0,0,0,0,0,0
122555,1,1,1990,13,13,13,13,13,13,13,13,13,13
122556,1,1,1990,28,28,28,28,28,28,28,28,28,28
122556,2,1,1990,0,0,0,0,0,0,0,0,0,0
122557,0,1,1990,28,28,28,28,28,28,28,28,28,28
122557,1,1,1990,0,0,0,0,0,0,0,0,0,0
122558,1,1,1990,0,0,0,0,0,0,0,0,0,0
122559,1,1,1990,0,0,0,3,0,0,0,0,0,0
122559,2,1,1990,0,0,0,0,0,0,0,0,0,0
122560,1,1,1990,0,0,0,0,0,0,0,0,0,0
122560,2,1,1990,0,0,0,0,0,0,0,0,0,0
122561,1,1,1990,3,3,3,3,3,3,3,3,3,3
122561,2,1,1990,0,10,0,0,0,0,0,0,0,17
122562,1,1,1990,0,0,0,0,0,0,0,0,0,0
122562,2,1,1990,0,0,0,0,0,0,0,0,0,0
122563,0,1,1990,0,0,0,0,0,0,0,0,0,0
122563,1,1,1990,0,0,0,0,0,12,0,0,0,0
122564,1,1,1990,3,3,3,3,3,3,3,3,3,3
122564,2,1,1990,0,0,0,0,0,0,0,0,0,0
122565,0,1,1990,0,0,0,0,0,0,0,0,0,0
122565,1,1,1990,0,0,0,0,0,0,0,0,0,0
122566,1,1,1990,14,14,14,14,14,14,14,14,14,14
122567,1,2,1990,0,15,0,0,0,27,4,16,29,28
122568,1,1,1990,0,0,20,0,6,0,0,0,0,0
122569,1,1,1990,21,21,21,21,21,21,21,21,21,21
122569,2,1,1990,21,21,21,21,21,21,21,21,21,21
122570,0,1,1990,0,0,0,0,0,0,0,0,0,0
122570,1,1,1990,0,0,0,0,0,0,0,0,0,0
122571,1,1,1990,10,10,10,10,10,10,10,10,10,10
122572,1,1,1990,0,0,0,0,0,0,0,0,0,0
122572,2,1,1990,0,0,0,0,0,0,0,0,0,0
122572,3,1,1990,0,0,0,0,0,0,0,0,0,0
122573,1,1,1990,14,14,14,14,14,14,14,14,14,14
122573,2,1,1990,9,17,24,9,9,7,0,12,0,10
122573,3,1,1990,0,16,0,5,0,0,0,0,0,0
122574,1,1,1990,0,0,0,0,0,0,0,0,0,0
122574,2,1,1990,6,0,23,0,15,0,0,0,0,23
122574,3,1,1990,0,0,0,0,0,20,0,15,0,0
122575,0,1,1990,0,0,0,0,0,0,0,0,0,0
122575,1,1,1990,0,0,0,0,0,0,0,0,0,0
122577,1,1,1990,17,17,17,17,17,17,17,17,17,17
122577,2,1,1990,0,0,0,0,0,0,0,0,0,0
122577,3,1,1990,10,24,1,0,0,0,0,18,14,0
122578,1,1,1990,16,16,16,16,16,16,16,16,16,16
122578,2,1,1990,0,0,0,0,0,0,0,0,0,0
122579,1,1,1990,0,0,0,0,0,0,0,0,0,0
122579,2,1,1990,0,0,0,0,0,0,0,0,0,0
122580,1,1,1990,9,9,9,9,9,9,9,9,9,9
122580,2,1,1990,0,0,0,0,0,0,0,0,0,0
122581,1,1,1990,15,15,15,15,15,15,15,15,15,15
122583,1,1,1990,14,14,14,14,14,14,14,14,14,14
122584,1,1,1990,25,25,25,25,25,25,25,25,25,25
122585,1,1,1990,0,0,0,0,0,0,0,0,0,0
122585,2,1,1990,0,0,0,0,0,0,0,0,0,0
122586,0,1,1990,0,0,0,0,0,0,0,0,0,0
122586,1,1,1990,0,0,0,0,0,0,0,0,0,0
122587,1,1,1990,0,0,0,0,0,0,0,0,0,0
122587,2,1,1990,0,0,0,0,0,0,0,0,0,0
122588,1,1,1990,21,0,0,0,0,0,0,0,0,0
122588,2,1,1990,0,0,0,0,0,0,0,0,0,0
122588,3,1,1990,0,0,0,0,0,0,0,0,0,0
122589,1,1,1990,0,0,0,0,0,0,0,0,0,0
122590,0,1,1990,26,26,26,26,26,26,26,26,26,26
122590,1,1,1990,26,0,0,0,0,0,0,0,21,0
122592,0,1,1990,0,0,0,0,0,0,0,0,0,0
122592,1,1,1990,30,0,0,24,15,23,0,11,22,14
122593,0,1,1990,27,27,27,27,27,27,27,27,27,27
122593,1,1,1990,0,0,0,0,0,0,0,0,0,0
122593,2,1,1990,0,0,0,0,0,0,0,0,0,0
122594,1,1,1990,0,0,0,0,0,0,0,0,0,0
122595,0,1,1990,0,0,0,0,7,0,34,5,0,0
122595,1,1,1990,16,0,19,0,8,0,14,0,0,0
122596,0,1,1990,0,0,0,0,0,0,0,0,0,0
122596,1,1,1990,0,0,0,0,0,0,0,0,0,0
122597,0,1,1990,0,0,0,0,0,0,0,0,0,0
122597,1,1,1990,16,17,0,23,0,0,39,25,0,0
122598,1,1,1990,14,14,14,14,14,14,14,14,14,14
122599,1,1,1990,28,28,28,28,28,28,28,28,28,28
122599,2,1,1990,0,0,0,9,0,18,0,0,0,0
122600,0,1,1990,38,38,38,38,38,38,38,38,38,38
122600,1,1,1990,0,0,0,0,0,0,0,0,0,0
122600,2,1,1990,0,0,0,0,0,0,0,0,0,0
122601,1,1,1990,0,0,0,0,0,0,0,0,0,0
122602,0,1,1990,0,6,0,0,0,0,0,0,0,0
122602,1,1,1990,0,0,0,0,0,0,0,0,0,0
122603,1,1,1990,0,0,9,0,13,0,0,7,5,0
122604,1,1,1990,0,0,0,0,0,0,0,12,0,0
122604,2,1,1990,0,0,0,0,0,0,0,0,0,0
122605,0,1,1990,0,0,0,0,0,0,0,11,0,0
122605,0,2,1990,0,0,11,11,0,0,0,0,0,0
122605,1,1,1990,0,0,0,0,0,0,0,0,0,0
122606,1,1,1990,0,0,0,0,0,0,0,0,0,0
122606,2,1,1990,0,0,0,0,0,0,0,0,21,0
122607,0,1,1990,17,17,17,17,17,17,17,17,17,17
122607,1,1,1990,0,28,0,0,0,15,17,10,0,22
122608,0,1,1990,0,0,0,0,0,0,0,0,0,0
122608,1,1,1990,5,5,5,5,5,5,5,5,5,5
122609,1,2,1990,0,0,0,0,0,0,0,0,0,0
122610,1,1,1990,0,0,0,0,0,0,0,0,0,0
122610,2,1,1990,0,0,0,0,0,0,0,0,0,0
122611,1,1,1990,8,8,8,8,8,8,8,8,8,8
122611,2,1,1990,0,0,0,0,12,0,0,0,0,0
122612,1,1,1990,29,29,29,29,29,29,29,29,29,29
122614,1,1,1990,0,0,0,0,0,0,0,0,0,0
122615,1,1,1990,0,0,0,0,0,0,0,0,0,0
122615,2,1,1990,0,0,0,0,0,0,0,0,0,0
122616,1,1,1990,0,0,6,0,0,0,0,0,0,0
122616,2,1,1990,0,0,0,17,5,0,0,0,18,28
122618,0,1,1990,0,0,0,0,0,0,28,0,0,0
122618,1,1,1990,0,0,0,0,0,0,0,0,0,0
122618,2,1,1990,0,0,21,0,0,0,0,0,0,0
122619,1,1,1990,0,0,0,0,0,0,0,21,0,0
122619,2,1,1990,0,0,0,0,0,0,0,17,0,0
122620,1,1,1990,0,0,0,17,0,0,0,0,0,11
122620,2,1,1990,0,0,0,0,0,0,0,0,0,0
122621,0,1,1990,0,0,0,0,0,0,0,51,0,23
122621,1,1,1990,0,0,0,0,0,0,0,0,0,0
122622,0,1,1990,0,25,0,22,7,0,0,0,0,28
122622,1,1,1990,21,0,0,0,0,0,10,0,5,0
122623,1,1,1990,20,20,20,20,20,20,20,20,20,20
122625,1,1,1990,0,0,0,0,0,0,0,0,0,0
122626,0,1,1990,0,0,0,0,11,26,0,0,0,0
122626,1,1,1990,0,0,0,0,0,0,0,0,0,0
122627,1,1,1990,18,18,18,18,18,18,18,18,18,18
122627,2,1,1990,0,0,15,0,21,0,0,0,0,0
122628,0,1,1990,0,0,0,0,0,0,0,0,0,0
122628,1,1,1990,0,0,0,0,0,0,0,0,0,12
122629,1,1,1990,6,6,6,6,6,6,6,6,6,6
122629,2,1,1990,1,1,1,1,1,1,1,1,1,1
122630,1,1,1990,0,0,0,0,0,0,0,0,0,0
122631,1,1,1990,0,0,0,0,0,0,0,0,0,0
122632,0,1,1990,33,33,33,33,33,33,33,33,33,33
122632,1,1,1990,0,0,0,0,0,0,0,0,2,0
122633,1,1,1990,0,0,0,0,0,0,0,0,0,0
122633,2,1,1990,0,0,0,0,0,0,0,0,0,0
122634,0,1,1990,0,0,0,0,0,0,0,0,0,0
122634,0,2,1990,0,0,0,0,0,0,0,0,0,0
122634,1,1,1990,0,0,0,0,0,0,0,0,0,0
122635,1,1,1990,0,0,0,0,0,0,0,0,0,0
122635,2,1,1990,0,0,0,0,0,0,0,0,0,0
122635,3,1,1990,0,0,0,0,0,0,0,0,0,0
122636,1,1,1990,1,1,1,1,1,1,1,1,1,1
122636,2,1,1990,0,0,0,0,0,0,0,0,9,0
122637,0,1,1990,0,0,0,0,0,0,0,0,0,0
122637,1,1,1990,3,12,14,4,0,0,18,0,0,0
122638,1,1,1990,0,0,0,0,0,0,0,0,0,0
122638,2,1,1990,0,0,0,0,0,0,0,0,0,0
122639,0,1,1990,12,8,49,28,16,25,21,25,14,4
122639,1,1,1990,24,16,16,13,20,7,24,16,18,14
122640,1,1,1990,0,0,0,0,0,0,19,0,0,0
122640,2,1,1990,0,0,6,0,0,0,10,0,0,0
122641,1,1,1990,13,13,13,13,13,13,13,13,13,13
122641,2,1,1990,18,18,18,18,18,18,18,18,18,18
122642,1,1,1990,0,0,0,0,0,0,0,0,0,0
122642,2,1,1990,0,0,0,0,0,0,0,0,0,0
122643,0,1,1990,0,0,0,0,0,0,0,0,0,0
122644,0,1,1990,0,0,0,0,0,0,0,0,0,0
122644,1,1,1990,0,0,16,0,0,0,0,0,0,0
122644,2,1,1990,0,0,0,0,0,0,0,0,0,0
122645,1,1,1990,19,19,19,19,19,19,19,19,19,19
122645,2,1,1990,16,16,16,16,16,16,16,16,16,16
122646,1,1,1990,0,0,0,0,0,0,0,0,0,0
122646,2,1,1990,0,0,0,0,0,0,0,0,0,0
122646,3,1,1990,0,0,0,13,0,0,0,0,0,0
122647,1,1,1990,30,0,0,23,14,13,9,6,0,28
122648,1,1,1990,0,0,0,0,0,0,0,0,0,0
122648,2,1,1990,21,21,21,21,21,21,21,21,21,21
122649,1,1,1990,0,0,0,0,0,5,0,0,0,0
122649,2,1,1990,0,0,0,0,0,0,0,0,0,0
122650,1,1,1990,0,13,0,0,0,0,0,0,0,0
122651,1,1,1990,21,21,21,21,21,21,21,21,21,21
122652,1,1,1990,32,32,32,32,32,32,32,32,32,32
122652,2,1,1990,0,0,0,0,0,0,0,0,0,0
122653,0,1,1990,0,0,0,0,0,0,29,0,0,0
122653,1,1,1990,0,8,0,0,0,2,0,0,0,0
122654,0,1,1990,0,0,0,0,0,0,0,0,0,0
122654,1,1,1990,0,0,0,0,0,0,0,0,0,0
122655,0,1,1990,0,0,0,0,0,0,0,0,0,0
122655,0,2,1990,0,0,0,0,0,0,0,0,0,0
122655,1,1,1990,0,0,0,0,0,0,0,0,0,0
122656,1,1,1990,11,11,11,11,11,11,11,11,11,11
122656,2,1,1990,0,0,0,0,0,0,0,0,0,0
122657,1,1,1990,0,0,0,0,0,0,0,0,0,0
122657,2,1,1990,39,39,39,39,39,39,39,39,39,39
122658,1,1,1990,0,0,0,0,0,0,0,0,0,0
122658,2,1,1990,0,0,0,0,0,0,0,0,0,0
122659,1,1,1990,0,0,0,0,0,0,0,0,0,0
122659,2,1,1990,0,0,0,0,0,0,0,0,0,0
122660,1,1,1990,26,26,26,26,26,26,26,26,26,26
122661,1,1,1990,0,0,0,0,0,0,0,0,0,0
122662,1,1,1990,25,10,11,17,13,22,10,13,0,7
122663,1,1,1990,0,0,0,0,0,0,0,0,0,0
122663,2,1,1990,0,20,0,0,0,0,0,0,17,0
122664,1,1,1990,0,0,0,0,0,0,0,0,0,0
122664,2,1,1990,0,0,0,0,0,0,0,0,0,0
122665,1,1,1990,25,25,25,25,25,25,25,25,25,25
122666,0,1,1990,27,27,27,27,27,27,27,27,27,27
122666,1,1,1990,0,0,0,0,0,0,0,0,0,0
122667,0,1,1990,0,24,33,0,16,0,0,0,12,18
122667,1,1,1990,14,0,0,0,0,0,0,0,0,0
122668,1,1,1990,0,0,0,0,0,14,0,0,0,0
122669,1,1,1990,0,14,5,0,17,0,0,22,17,0
122670,0,1,1990,27,27,27,27,27,27,27,27,27,27
122670,1,1,1990,0,0,0,0,0,0,0,0,0,0
122671,1,1,1990,0,0,0,0,0,0,0,0,12,0
122671,2,1,1990,18,0,0,0,0,0,0,0,0,0
122672,1,1,1990,0,0,0,0,0,0,0,0,0,0
122672,2,1,1990,0,0,0,0,0,0,0,0,0,0
122674,1,1,1990,0,0,0,0,0,0,0,0,0,0
122674,2,1,1990,0,0,0,0,0,0,0,0,0,0
122675,0,1,1990,0,0,0,0,0,0,0,0,0,0
122675,1,1,1990,0,0,0,0,0,24,0,0,0,0
122676,0,1,1990,18,18,18,18,18,18,18,18,18,18
122676,1,1,1990,0,0,0,0,0,0,0,0,0,0
122677,1,1,1990,0,0,0,0,0,0,0,0,0,0
122677,2,1,1990,0,0,0,9,0,0,0,0,0,0
122678,0,1,1990,0,0,0,0,0,0,0,0,0,0
122679,0,1,1990,30,30,30,30,30,30,30,30,30,30
122679,1,1,1990,0,0,0,0,0,0,0,0,0,7
122680,1,1,1990,0,0,0,0,0,14,0,25,0,0
122681,0,1,1990,35,0,0,0,0,0,40,0,0,29
122681,1,1,1990,0,0,0,0,0,0,0,0,0,0
122682,0,1,1990,0,0,0,0,0,0,0,0,0,0
122682,1,1,1990,0,0,0,0,0,0,0,0,0,0
122683,1,1,1990,0,0,0,0,0,0,0,0,0,0
122683,2,1,1990,0,0,0,0,0,0,0,0,0,0
122685,0,1,1990,0,0,0,0,0,0,0,0,0,0
122685,1,1,1990,0,0,0,0,0,0,0,0,15,0
122686,1,1,1990,27,27,27,27,27,27,27,27,27,27
122687,1,1,1990,0,0,0,0,0,0,0,0,0,0
122687,2,1,1990,0,0,0,0,0,0,0,0,0,0
122687,3,1,1990,6,6,6,6,6,6,6,6,6,6
122688,0,1,1990,0,0,39,0,0,17,0,0,21,0
122688,1,1,1990,0,0,0,0,0,10,0,16,0,0
122689,1,1,1990,0,0,0,0,0,0,0,0,0,0
122690,1,1,1990,0,0,0,0,8,0,0,0,0,0
122691,0,1,1990,0,0,0,0,0,0,0,0,0,0
122691,1,1,1990,0,0,0,0,0,0,0,0,0,0
122692,0,1,1990,0,0,0,0,0,0,0,0,0,0
122692,1,1,1990,23,13,0,13,0,11,18,7,18,0
122693,0,1,1990,25,25,25,25,25,25,25,25,25,25
122693,1,1,1990,0,15,0,0,0,0,0,0,0,5
122694,1,1,1990,0,0,0,0,0,0,0,0,0,0
122695,1,1,1990,0,0,0,0,0,0,0,0,0,0
122695,2,1,1990,0,0,0,0,0,0,0,0,0,0
122696,1,1,1990,0,0,0,0,0,0,0,0,0,0
122696,2,1,1990,0,0,0,0,0,0,0,0,0,0
122697,0,1,1990,0,0,0,0,0,0,0,0,0,0
122697,1,1,1990,0,0,0,0,0,0,0,0,0,0
122698,0,1,1990,0,15,0,0,18,35,0,15,43,0
122698,1,1,1990,0,0,0,0,0,18,0,0,0,0