ST_CASE,VEH_NO,PER_NO,YEAR,P1,P2,P3,P4,P5,P6,P7,P8,P9,P10
122699,1,1,1990,0,0,0,0,0,0,0,0,0,0
122699,2,1,1990,0,0,0,0,0,0,0,0,0,0
122699,3,1,1990,0,0,0,0,0,0,0,0,0,0
122699,4,1,1990,0,0,0,0,0,0,0,0,0,0
122700,1,1,1990,0,0,0,0,0,0,0,0,0,0
122700,2,1,1990,0,0,0,0,0,0,0,0,0,0
122701,0,1,1990,0,0,0,0,0,0,0,0,24,4
122701,1,1,1990,0,0,0,0,0,0,0,0,0,0
122702,1,1,1990,0,0,0,0,0,0,0,0,0,0
122702,2,1,1990,0,0,0,0,0,0,0,0,0,0
122703,0,1,1990,14,0,0,0,0,0,0,0,0,0
122703,1,1,1990,0,0,0,0,0,0,0,0,0,0
122704,0,1,1990,0,0,0,0,0,0,0,0,0,0
122704,1,1,1990,0,0,0,0,0,0,0,0,0,0
122705,0,1,1990,0,0,0,0,0,0,0,0,0,0
122705,1,1,1990,0,0,0,0,0,0,0,0,0,0
122706,0,1,1990,0,0,0,0,0,0,0,0,0,0
122706,1,1,1990,0,0,0,0,0,0,0,9,0,0
122707,0,1,1990,26,26,26,26,26,26,26,26,26,26
122707,1,1,1990,0,0,0,0,0,0,0,0,0,0
122708,0,1,1990,6,6,6,6,6,6,6,6,6,6
122708,1,1,1990,16,16,16,16,16,16,16,16,16,16
122709,0,1,1990,0,0,0,0,0,0,0,0,0,0
122709,1,1,1990,6,6,6,6,6,6,6,6,6,6
122710,0,1,1990,24,24,24,24,24,24,24,24,24,24
122710,1,1,1990,0,0,0,0,0,0,0,0,0,0
122711,1,1,1990,9,9,9,9,9,9,9,9,9,9
122711,2,1,1990,0,0,0,0,0,0,0,0,0,0
122712,1,1,1990,0,0,0,0,0,0,10,0,0,0
122712,2,1,1990,0,0,0,0,0,0,0,0,0,0
122712,3,1,1990,0,0,0,0,0,0,0,0,0,0
122713,1,1,1990,0,0,0,0,0,0,0,0,0,0
122713,2,1,1990,0,0,0,0,0,0,0,0,0,0
122714,1,1,1990,0,0,0,0,0,0,0,0,20,0
122714,2,1,1990,0,0,0,0,0,0,0,0,0,0
122715,1,1,1990,0,0,0,0,0,0,0,0,0,0
122716,1,1,1990,33,33,33,33,33,33,33,33,33,33
122717,1,1,1990,26,26,26,26,26,26,26,26,26,26
122718,0,1,1990,0,0,0,0,0,0,0,0,0,0
122718,1,1,1990,0,0,0,0,0,0,0,0,0,0
122719,1,1,1990,11,11,11,11,11,11,11,11,11,11
122719,2,1,1990,0,0,0,0,0,0,0,0,0,0
122720,1,1,1990,25,25,25,25,25,25,25,25,25,25
122721,1,1,1990,20,20,20,20,20,20,20,20,20,20
122722,0,1,1990,15,15,15,15,15,15,15,15,15,15
122722,1,1,1990,31,0,15,0,5,29,8,0,13,12
122724,0,1,1990,22,10,0,0,0,0,25,25,30,0
122724,1,1,1990,0,0,22,0,24,0,0,11,13,36
122726,1,1,1990,0,0,0,0,0,0,0,0,0,0
122726,2,1,1990,0,0,0,0,0,0,0,0,0,0
122727,1,1,1990,0,0,0,0,0,0,0,0,0,0
122727,2,1,1990,7,0,0,0,0,0,0,0,0,0
122728,1,1,1990,14,13,23,0,0,0,0,0,5,0
122728,2,1,1990,0,7,0,0,0,17,0,31,18,30
130001,1,1,1990,18,18,18,18,18,18,18,18,18,18
130001,2,1,1990,0,0,0,0,0,0,0,0,0,0
130002,1,1,1990,15,15,15,15,15,15,15,15,15,15
130002,2,1,1990,0,0,0,0,0,3,0,0,0,0
130002,3,1,1990,0,0,0,0,7,0,0,0,0,29
130003,0,1,1990,16,6,36,0,23,19,0,12,16,0
130003,1,1,1990,0,0,0,0,0,0,0,0,0,0
130004,1,1,1990,19,21,17,18,15,18,26,18,22,15
130005,1,1,1990,15,15,15,15,15,15,15,15,15,15
130006,1,1,1990,0,0,0,0,0,0,0,0,0,0
130006,2,1,1990,0,0,0,0,0,0,0,0,0,0
130007,1,1,1990,21,21,21,21,21,21,21,21,21,21
130008,1,1,1990,0,0,0,0,0,0,0,0,0,0
130008,2,1,1990,0,0,0,0,0,0,0,0,0,0
130009,0,1,1990,23,23,23,23,23,23,23,23,23,23
130009,1,1,1990,0,0,0,0,0,0,0,0,0,0
130010,1,1,1990,2,2,2,2,2,2,2,2,2,2
130010,2,1,1990,0,0,0,0,0,0,0,0,0,0
130011,1,1,1990,0,0,0,0,0,0,0,0,0,0
130012,1,1,1990,0,0,0,0,0,0,0,0,0,0
130012,2,1,1990,0,0,0,0,0,0,0,0,0,0
130013,1,1,1990,12,12,12,12,12,12,12,12,12,12
130014,1,1,1990,0,0,0,0,0,0,0,0,0,0
130015,1,1,1990,29,29,29,29,29,29,29,29,29,29
130016,1,1,1990,0,0,0,0,0,0,0,0,0,0
130017,1,1,1990,0,0,0,0,0,0,0,0,0,0
130018,1,1,1990,19,0,0,0,0,0,0,0,0,0
130018,2,1,1990,0,0,0,0,0,0,0,0,0,0
130019,1,1,1990,0,0,0,0,0,0,0,0,0,0
130020,1,1,1990,0,0,0,0,0,0,0,0,0,0
130021,1,1,1990,20,20,20,20,20,20,20,20,20,20
130022,0,1,1990,0,0,0,0,0,0,0,0,0,0
130022,1,1,1990,0,0,0,0,0,0,0,0,0,0
130023,1,1,1990,0,0,0,0,0,0,0,0,0,0
130023,2,1,1990,13,0,0,0,0,0,0,0,0,0
130024,1,1,1990,0,0,0,11,0,0,0,0,0,0
130025,0,1,1990,34,34,34,34,34,34,34,34,34,34
130025,1,1,1990,0,0,0,0,0,0,21,0,0,0
130026,1,1,1990,24,24,24,24,24,24,24,24,24,24
130026,2,1,1990,0,0,0,0,0,0,0,0,0,0
130027,1,1,1990,0,0,0,0,0,0,0,0,0,0
130027,2,1,1990,0,0,0,0,0,0,0,0,0,0
130028,1,1,1990,16,16,16,16,16,16,16,16,16,16
130029,1,1,1990,26,26,26,26,26,26,26,26,26,26
130030,1,1,1990,17,17,17,17,17,17,17,17,17,17
130031,1,1,1990,24,24,24,24,24,24,24,24,24,24
130031,2,1,1990,0,0,11,27,0,0,0,0,0,0
130032,1,1,1990,23,23,23,23,23,23,23,23,23,23
130033,1,1,1990,16,16,16,16,16,16,16,16,16,16
130033,2,1,1990,0,0,0,0,0,0,0,0,10,11
130034,1,1,1990,0,0,0,0,0,0,0,0,0,0
130035,1,1,1990,0,0,0,0,0,0,0,0,0,0
130035,2,1,1990,0,0,0,0,0,0,0,0,0,0
130036,1,1,1990,0,0,0,0,0,0,0,0,0,0
130037,1,1,1990,10,10,10,10,10,10,10,10,10,10
130039,1,1,1990,0,0,0,0,0,0,0,0,0,0
130039,2,1,1990,0,0,0,0,0,0,0,0,0,0
130040,0,2,1990,0,0,0,0,0,0,0,0,0,0
130040,1,1,1990,25,25,25,25,25,25,25,25,25,25
130041,1,1,1990,0,0,0,0,0,0,0,0,0,0
130041,2,1,1990,0,0,0,0,0,0,0,0,0,0
130041,3,1,1990,0,0,0,0,0,0,0,0,0,0
130042,1,1,1990,0,0,0,0,0,0,0,0,0,0
130043,1,1,1990,0,0,0,0,0,0,0,0,0,0
130043,2,1,1990,0,0,0,0,0,0,0,0,0,0
130044,0,1,1990,0,8,27,12,31,17,4,27,0,18
130044,1,1,1990,0,0,0,0,0,0,0,0,0,0
130045,1,1,1990,0,0,0,0,0,0,0,0,0,0
130045,2,1,1990,0,0,0,0,0,0,0,0,0,0
130045,3,1,1990,0,0,0,0,0,0,0,0,0,0
130046,1,1,1990,15,15,15,15,15,15,15,15,15,15
130048,1,1,1990,0,0,0,0,0,0,0,0,0,0
130048,2,1,1990,0,0,0,0,0,0,0,0,0,0
130049,1,1,1990,0,0,0,0,0,0,0,0,0,0
130049,2,1,1990,0,0,0,0,0,0,0,0,0,0
130050,1,1,1990,0,0,0,0,0,0,0,0,0,0
130051,1,1,1990,26,26,26,26,26,26,26,26,26,26
130051,2,1,1990,0,0,0,0,7,0,0,0,0,0
130052,1,1,1990,3,3,3,3,3,3,3,3,3,3
130053,1,1,1990,19,19,19,19,19,19,19,19,19,19
130054,1,1,1990,18,18,18,18,18,18,18,18,18,18
130055,1,1,1990,11,11,11,11,11,11,11,11,11,11
130055,2,1,1990,0,0,22,0,0,0,0,0,0,0
130056,1,1,1990,17,17,17,17,17,17,17,17,17,17
130057,1,1,1990,3,3,3,3,3,3,3,3,3,3
130057,2,1,1990,0,0,0,0,0,0,10,0,0,0
130058,1,1,1990,0,0,17,0,0,0,0,0,0,0
130058,2,1,1990,3,9,10,17,23,16,20,0,0,28
130059,1,1,1990,0,0,0,0,0,0,0,0,0,22
130059,2,1,1990,7,9,0,0,13,0,21,0,31,17
130061,1,1,1990,15,15,15,15,15,15,15,15,15,15
130061,2,1,1990,0,0,0,0,0,0,0,0,0,0
130062,1,1,1990,8,8,8,8,8,8,8,8,8,8
130063,1,1,1990,0,0,0,0,0,0,0,0,0,0
130063,2,1,1990,0,0,4,0,0,0,0,0,0,0
130064,0,1,1990,0,0,0,0,0,0,0,0,0,0
130064,0,2,1990,0,0,0,0,0,0,0,0,0,0
130064,0,3,1990,33,0,0,0,0,0,0,0,0,0
130064,1,1,1990,0,0,0,0,0,0,0,0,0,0
130065,1,1,1990,0,0,0,0,0,0,0,0,0,0
130066,1,1,1990,20,20,20,20,20,20,20,20,20,20
130067,1,1,1990,0,0,0,0,0,0,0,0,0,0
130068,1,1,1990,0,0,0,0,0,0,0,0,0,0
130069,1,1,1990,20,20,20,20,20,20,20,20,20,20
130070,1,1,1990,0,0,0,0,0,0,0,0,0,0
130070,2,1,1990,0,0,0,0,0,0,0,0,0,0
130071,1,1,1990,0,0,0,0,0,0,0,0,0,0
130071,2,1,1990,34,34,34,34,34,34,34,34,34,34
130072,1,1,1990,27,27,27,27,27,27,27,27,27,27
130072,2,1,1990,0,0,0,0,0,0,0,0,0,3
130073,1,1,1990,0,0,0,0,0,0,0,0,0,0
130073,2,1,1990,0,0,0,0,0,0,0,0,0,0
130074,1,1,1990,3,3,3,3,3,3,3,3,3,3
130075,0,1,1990,0,0,0,0,0,0,0,0,0,0
130075,1,1,1990,0,0,0,0,0,0,0,0,0,0
130077,1,1,1990,0,0,0,0,0,0,8,0,0,0
130077,2,1,1990,0,0,0,0,0,0,0,0,0,0
130078,1,1,1990,0,0,0,0,0,0,0,0,0,0
130078,2,1,1990,0,0,0,0,0,0,0,0,0,0
130079,1,1,1990,0,0,0,0,0,0,0,0,0,0
130079,2,1,1990,0,0,0,0,0,0,0,0,0,0
130079,3,1,1990,0,0,0,0,0,0,0,0,0,0
130080,1,1,1990,0,0,0,3,14,0,0,0,0,0
130080,2,1,1990,0,0,0,0,0,0,0,0,0,0
130080,3,1,1990,0,0,0,0,0,0,0,12,0,0
130081,1,1,1990,0,0,0,0,0,0,5,0,0,0
130081,2,1,1990,0,0,0,0,0,12,0,0,0,0
130081,3,1,1990,0,0,0,0,0,0,0,0,0,0
130082,1,1,1990,0,0,0,0,0,0,0,0,0,0
130083,1,1,1990,4,0,0,8,0,14,0,0,0,0
130083,2,1,1990,0,0,0,0,0,0,0,0,0,0
130084,0,1,1990,0,0,0,0,0,0,0,0,0,0
130084,1,1,1990,0,0,0,0,0,0,0,0,0,0
130085,1,1,1990,0,0,0,0,0,0,0,0,0,0
130086,1,1,1990,0,0,0,0,0,0,0,0,0,0
130087,1,1,1990,0,0,0,0,0,0,0,0,0,0
130087,2,1,1990,0,0,0,0,0,0,0,0,0,0
130088,0,1,1990,0,0,0,0,0,0,0,0,0,0
130088,1,1,1990,0,0,0,0,0,0,0,0,0,0
130089,1,1,1990,11,11,11,11,11,11,11,11,11,11
130089,2,1,1990,0,0,0,0,0,0,0,0,0,0
130089,3,1,1990,0,0,0,0,0,0,0,0,0,0
130090,1,1,1990,10,10,10,10,10,10,10,10,10,10
130091,1,1,1990,40,40,40,40,40,40,40,40,40,40
130092,1,1,1990,0,0,0,0,0,0,7,0,0,0
130093,1,1,1990,0,0,0,0,0,0,0,0,0,0
130093,2,1,1990,0,0,0,0,0,0,0,0,0,0
130094,0,1,1990,33,33,33,33,33,33,33,33,33,33
130094,1,1,1990,0,0,0,0,0,0,0,16,0,0
130095,0,1,1990,0,0,0,0,0,0,29,0,0,0
130095,1,1,1990,0,0,0,0,0,0,0,0,0,0
130096,1,1,1990,19,19,19,19,19,19,19,19,19,19
130097,1,1,1990,0,0,0,0,0,0,0,0,0,0
130097,2,1,1990,0,0,0,0,0,0,0,0,0,0
130098,1,1,1990,27,27,27,27,27,27,27,27,27,27
130099,1,1,1990,5,0,0,0,0,0,0,0,0,18
130100,1,1,1990,40,40,40,40,40,40,40,40,40,40
130101,1,1,1990,9,9,9,9,9,9,9,9,9,9
130101,2,1,1990,22,22,22,22,22,22,22,22,22,22
130102,1,1,1990,0,0,0,0,0,0,0,0,0,0
130102,2,1,1990,1,1,1,1,1,1,1,1,1,1
130103,1,1,1990,0,0,0,0,0,0,0,0,0,0
130103,2,1,1990,0,0,0,0,0,0,0,0,0,0
130104,1,1,1990,0,0,0,0,0,0,0,0,0,0
130104,2,1,1990,0,0,0,0,0,0,0,0,0,0
130105,1,1,1990,0,0,0,0,0,0,0,0,0,0
130106,1,1,1990,8,8,8,8,8,8,8,8,8,8
130106,2,1,1990,0,0,0,0,0,0,0,0,0,0
130107,1,1,1990,8,8,8,8,8,8,8,8,8,8
130108,1,1,1990,10,10,10,10,10,10,10,10,10,10
130108,2,1,1990,0,0,0,0,0,0,0,0,0,0
130109,1,1,1990,22,22,22,22,22,22,22,22,22,22
130110,1,1,1990,13,13,13,13,13,13,13,13,13,13
130110,2,1,1990,0,0,0,0,0,0,0,0,0,0
130111,0,1,1990,0,0,0,0,0,0,0,0,0,0
130111,0,2,1990,0,0,0,0,0,0,0,0,0,0
130111,1,1,1990,0,0,6,0,0,0,0,16,3,0
130112,1,1,1990,17,17,17,17,17,17,17,17,17,17
130113,1,1,1990,0,0,0,0,0,0,0,0,0,0
130113,2,1,1990,0,0,0,0,0,0,0,0,0,0
130114,1,1,1990,0,0,0,0,0,0,0,0,0,0
130115,1,1,1990,0,0,0,0,0,0,0,0,0,0
130115,2,1,1990,0,0,18,0,0,0,0,0,0,22
130116,1,1,1990,0,0,0,0,0,0,0,0,0,0
130116,2,1,1990,0,0,0,0,0,0,0,0,0,0
130117,1,1,1990,0,33,22,21,7,0,0,26,12,20
130117,2,1,1990,0,0,0,0,0,0,0,0,0,0
130118,1,1,1990,0,0,0,0,0,0,0,0,0,0
130118,2,1,1990,0,0,0,0,0,0,0,0,0,0
130119,1,1,1990,39,39,39,39,39,39,39,39,39,39
130120,1,1,1990,0,0,0,0,0,0,0,0,0,0
130120,2,1,1990,0,0,0,0,0,0,0,0,0,0
130121,0,1,1990,11,11,11,11,11,11,11,11,11,11
130121,1,1,1990,0,0,0,0,0,0,0,0,0,0
130122,1,1,1990,0,0,0,0,0,0,0,0,0,0
130122,2,1,1990,0,0,0,0,0,0,0,0,0,0
130123,1,1,1990,13,0,0,0,0,0,0,0,0,0
130123,2,1,1990,0,0,0,0,0,0,0,0,0,0
130123,3,1,1990,0,0,0,0,0,0,0,22,0,0
130124,0,1,1990,31,31,31,31,31,31,31,31,31,31
130124,1,1,1990,0,0,0,0,0,0,0,0,0,0
130125,1,1,1990,15,15,15,15,15,15,15,15,15,15
130126,1,1,1990,0,0,0,0,0,0,0,0,0,0
130126,2,1,1990,0,0,0,0,0,0,0,0,0,0
130127,1,1,1990,0,0,0,0,0,0,0,0,0,0
130127,2,1,1990,0,0,0,0,0,0,0,0,0,0
130128,1,1,1990,11,11,11,11,11,11,11,11,11,11
130129,1,1,1990,21,21,21,21,21,21,21,21,21,21
130130,1,1,1990,0,0,0,0,0,0,0,0,0,0
130130,2,1,1990,0,0,0,0,0,0,0,0,0,0
130131,1,1,1990,10,10,10,10,10,10,10,10,10,10
130132,1,1,1990,0,0,0,0,0,0,0,0,0,0
130133,1,1,1990,0,0,0,0,0,0,0,0,0,0
130134,1,1,1990,3,0,0,0,0,0,0,0,0,0
130134,2,1,1990,0,0,0,0,14,0,0,0,0,0
130134,3,1,1990,0,0,0,0,0,0,0,0,9,0
130135,1,1,1990,14,14,14,14,14,14,14,14,14,14
130135,2,1,1990,0,0,0,0,0,0,0,0,0,0
130136,1,1,1990,0,0,0,0,0,0,0,0,0,0
130137,1,1,1990,0,0,0,15,0,31,23,0,0,0
130138,1,1,1990,0,0,0,0,0,0,0,0,0,0
130139,0,1,1990,0,0,0,0,0,0,0,0,0,0
130139,1,1,1990,0,0,0,0,31,0,0,0,20,22
130140,0,1,1990,0,0,0,0,0,27,14,0,37,37
130140,1,1,1990,0,0,0,0,0,0,0,0,0,0
130141,1,1,1990,0,0,0,0,0,0,0,0,0,0
130141,2,1,1990,0,9,0,0,0,0,0,0,0,0
130142,1,1,1990,25,25,25,25,25,25,25,25,25,25
130143,1,1,1990,14,14,14,14,14,14,14,14,14,14
130143,2,1,1990,12,0,10,13,0,0,0,0,0,0
130144,1,1,1990,8,8,8,8,8,8,8,8,8,8
130145,1,1,1990,0,0,20,0,0,0,0,0,0,0
130145,2,1,1990,0,7,0,0,0,0,0,7,0,0
130146,1,1,1990,16,16,16,16,16,16,16,16,16,16
130146,2,1,1990,0,0,0,0,0,0,0,0,0,0
130147,0,1,1990,13,13,13,13,13,13,13,13,13,13
130147,1,1,1990,0,0,0,0,10,16,0,0,0,0
130148,1,1,1990,24,24,24,24,24,24,24,24,24,24
130149,0,1,1990,23,23,23,23,23,23,23,23,23,23
130149,1,1,1990,0,0,0,0,0,0,0,0,0,0
130150,0,1,1990,30,30,30,30,30,30,30,30,30,30
130150,1,1,1990,0,0,0,0,0,0,0,0,0,0
130151,1,1,1990,0,0,0,0,0,0,0,0,0,0
130151,2,1,1990,0,0,0,0,0,0,0,0,0,0
130152,0,1,1990,25,25,25,25,25,25,25,25,25,25
130152,1,1,1990,0,0,0,0,0,0,0,0,0,0
130153,1,1,1990,0,0,0,0,0,0,0,0,0,0
130153,2,1,1990,0,0,0,0,0,0,0,0,0,0
130154,1,1,1990,23,23,23,23,23,23,23,23,23,23
130154,2,1,1990,0,0,0,0,0,0,0,0,0,0
130155,1,1,1990,20,20,20,20,20,20,20,20,20,20
130156,1,1,1990,0,0,0,0,0,0,0,0,0,0
130156,2,1,1990,22,22,22,22,22,22,22,22,22,22
130157,1,1,1990,0,0,0,0,0,0,0,0,0,0
130157,2,1,1990,0,0,0,0,0,0,0,0,0,0
130158,1,1,1990,0,0,0,0,0,0,0,0,0,0
130158,2,1,1990,0,0,0,0,0,0,0,0,0,0
130159,0,1,1990,35,35,35,35,35,35,35,35,35,35
130159,1,1,1990,0,0,0,0,0,0,0,0,0,0
130160,1,1,1990,17,17,17,17,17,17,17,17,17,17
130160,2,1,1990,0,0,0,0,0,0,0,0,0,0
130161,1,1,1990,21,21,21,21,21,21,21,21,21,21
130162,1,1,1990,0,0,0,0,0,0,0,0,0,0
130163,1,1,1990,0,0,0,0,0,0,0,0,0,0
130163,2,1,1990,31,31,31,31,31,31,31,31,31,31
130164,1,1,1990,0,0,0,0,0,23,0,0,0,0
130164,2,1,1990,0,0,0,0,0,0,0,0,0,0
130165,1,1,1990,0,0,0,0,0,0,0,0,0,0
130165,2,1,1990,0,0,0,0,0,0,0,0,0,26
130167,1,1,1990,13,13,13,13,13,13,13,13,13,13
130168,0,1,1990,0,0,0,0,0,0,0,0,0,0
130168,1,1,1990,0,0,0,0,0,0,0,0,0,0
130169,1,1,1990,0,0,0,0,0,0,0,0,0,0
130169,2,1,1990,12,12,12,12,12,12,12,12,12,12
130169,3,1,1990,12,0,0,0,16,0,0,0,19,6
130170,1,1,1990,0,0,0,0,0,0,0,0,0,0
130170,2,1,1990,0,0,0,0,0,0,0,0,0,0
130171,1,1,1990,0,0,0,0,0,0,0,0,0,0
130171,2,1,1990,0,0,0,0,0,0,0,0,0,0
130171,3,1,1990,0,0,0,0,0,0,0,0,0,0
130172,1,1,1990,13,13,13,13,13,13,13,13,13,13
130173,0,1,1990,9,0,0,0,0,6,27,0,0,0
130173,1,1,1990,0,0,8,0,0,0,0,0,0,0
130174,0,1,1990,38,38,38,38,38,38,38,38,38,38
130174,1,1,1990,1,1,1,1,1,1,1,1,1,1
130175,1,1,1990,5,5,5,5,5,5,5,5,5,5
130176,1,1,1990,21,21,21,21,21,21,21,21,21,21
130176,2,1,1990,0,0,0,0,0,0,0,12,6,0
130177,0,1,1990,10,10,10,10,10,10,10,10,10,10
130177,1,1,1990,0,0,0,0,0,0,0,0,0,0
130178,1,1,1990,0,0,0,0,0,0,0,0,0,0
130178,2,1,1990,0,0,0,0,0,0,0,10,0,0
130179,1,1,1990,0,0,0,0,0,0,15,0,0,0
130179,2,1,1990,0,0,0,9,0,0,16,8,0,0
130180,0,1,1990,0,0,0,0,0,0,0,0,0,0
130180,0,2,1990,0,0,0,0,0,0,0,0,0,0
130180,1,1,1990,23,26,27,18,14,15,17,24,11,14
130181,1,1,1990,32,32,32,32,32,32,32,32,32,32
130181,2,1,1990,13,13,13,13,13,13,13,13,13,13
130181,3,1,1990,0,0,0,0,22,14,0,0,0,13
130182,1,1,1990,0,0,0,0,0,0,0,0,0,0
130182,2,1,1990,0,0,0,16,0,0,0,0,0,0
130183,1,1,1990,11,11,11,11,11,11,11,11,11,11
130183,2,1,1990,0,0,0,0,0,0,0,0,0,0
130184,1,1,1990,15,15,15,15,15,15,15,15,15,15
130185,1,1,1990,26,26,26,26,26,26,26,26,26,26
130185,2,1,1990,0,0,0,0,0,0,0,0,0,0
130186,1,1,1990,0,0,0,0,0,0,0,0,0,0
130186,2,1,1990,0,0,0,0,0,0,0,0,0,0
130187,1,1,1990,0,20,4,0,19,0,13,10,0,0
130187,2,1,1990,0,0,0,0,0,0,0,0,0,0
130188,1,1,1990,16,16,16,16,16,16,16,16,16,16
130189,1,1,1990,18,18,18,18,18,18,18,18,18,18
130190,2,1,1990,0,0,0,0,0,0,0,0,0,0
130191,1,1,1990,44,44,44,44,44,44,44,44,44,44
130192,1,1,1990,0,0,0,0,0,0,0,0,0,0
130192,2,1,1990,0,0,0,0,0,0,0,0,0,0
130193,0,1,1990,0,0,0,0,0,0,0,0,0,0
130193,1,1,1990,0,0,0,0,0,0,0,0,0,0
130194,0,1,1990,14,14,14,14,14,14,14,14,14,14
130194,1,1,1990,0,0,0,0,0,0,0,0,0,0
130195,1,1,1990,0,0,0,0,0,0,0,0,0,0
130196,1,1,1990,0,0,0,0,0,0,0,0,0,0
130196,2,1,1990,5,5,5,5,5,5,5,5,5,5
130197,1,1,1990,0,0,0,0,0,0,0,0,0,0
130198,1,1,1990,0,0,0,0,0,0,0,0,0,0
130198,2,1,1990,0,0,0,0,0,0,0,0,0,0
130199,1,1,1990,0,0,0,0,0,0,0,0,0,0
130199,2,1,1990,30,30,30,30,30,30,30,30,30,30
130200,1,1,1990,21,21,21,21,21,21,21,21,21,21
130201,1,1,1990,22,22,22,22,22,22,22,22,22,22
130201,2,1,1990,0,0,0,0,0,0,0,0,0,0
130202,1,1,1990,10,10,10,10,10,10,10,10,10,10
130203,1,1,1990,0,0,0,0,0,0,0,0,0,0
130203,2,1,1990,0,0,0,0,0,0,0,0,0,0
130205,1,1,1990,0,0,0,0,0,0,0,0,0,0
130205,2,1,1990,0,0,0,0,0,0,0,0,0,0
130206,1,1,1990,0,0,0,0,0,0,0,0,0,0
130207,1,1,1990,0,0,0,0,0,0,0,0,0,0
130207,2,1,1990,0,0,0,0,0,0,0,0,0,0
130208,1,1,1990,10,10,10,10,10,10,10,10,10,10
130208,2,1,1990,0,0,0,0,0,0,0,0,0,0
130209,1,1,1990,0,0,0,0,0,0,0,0,0,0
130210,1,1,1990,11,27,0,0,0,0,0,0,0,0
130211,1,1,1990,0,0,0,0,0,0,0,0,0,0
130211,2,1,1990,23,23,23,23,23,23,23,23,23,23
130212,1,1,1990,20,20,20,20,20,20,20,20,20,20
130213,1,1,1990,13,0,10,0,0,13,24,13,19,10
130214,1,1,1990,0,0,0,0,0,0,0,0,0,0
130214,2,1,1990,7,7,7,7,7,7,7,7,7,7
130214,3,1,1990,0,0,12,22,0,0,0,0,0,0
130215,1,1,1990,17,17,17,17,17,17,17,17,17,17
130216,1,1,1990,0,0,0,0,0,0,0,0,0,0
130217,1,1,1990,31,31,31,31,31,31,31,31,31,31
130218,1,1,1990,0,19,0,0,0,0,0,0,0,0
130218,2,1,1990,0,0,0,0,0,0,0,0,0,0
130219,1,1,1990,25,25,25,25,25,25,25,25,25,25
130219,2,1,1990,0,0,0,0,0,0,0,0,0,0
130220,1,1,1990,0,0,0,0,0,0,0,0,0,0
130220,2,1,1990,0,0,0,0,0,0,0,0,0,0
130221,1,1,1990,17,17,17,17,17,17,17,17,17,17
130222,1,1,1990,0,0,0,0,0,0,0,0,0,0
130222,2,1,1990,0,0,0,0,0,0,0,0,0,0
130223,0,1,1990,0,0,0,0,0,0,0,0,0,0
130223,1,1,1990,0,0,0,0,0,0,0,0,0,0
130224,1,1,1990,0,0,0,0,0,0,0,0,0,0
130225,1,1,1990,0,0,0,0,0,0,0,0,0,0
130225,2,1,1990,0,0,0,0,0,0,0,0,0,0
130226,1,1,1990,18,18,18,18,18,18,18,18,18,18
130227,1,1,1990,0,0,0,0,0,0,0,0,0,0
130228,1,1,1990,0,0,0,0,0,0,0,0,0,0
130228,2,1,1990,0,0,0,0,0,0,0,0,0,0
130231,0,1,1990,0,0,0,0,0,0,0,0,0,12
130231,1,1,1990,12,4,20,16,23,17,10,23,21,0
130232,1,1,1990,0,0,0,0,0,0,0,0,0,0
130233,1,1,1990,0,0,0,0,0,0,0,0,0,0
130233,2,1,1990,0,0,0,0,0,0,0,0,0,0
130234,1,1,1990,29,29,29,29,29,29,29,29,29,29
130235,1,1,1990,10,10,10,10,10,10,10,10,10,10
130235,2,1,1990,0,0,0,0,0,0,0,0,0,0
130236,1,1,1990,0,0,0,0,0,0,0,0,0,0
130236,2,1,1990,0,12,0,0,0,0,0,18,0,0
130237,0,1,1990,22,0,0,23,0,25,0,21,8,0
130237,1,1,1990,0,0,11,12,0,0,0,0,0,0
130238,0,1,1990,34,0,0,28,10,19,0,0,0,0
130238,1,1,1990,0,0,0,0,0,0,0,0,0,0
130239,1,1,1990,0,0,9,0,18,0,0,0,17,0
130239,2,1,1990,0,0,0,14,0,17,0,3,0,0
130240,1,1,1990,0,0,0,0,0,0,0,0,0,0
130240,2,1,1990,0,0,0,0,0,0,0,0,0,0
130241,1,1,1990,17,17,17,17,17,17,17,17,17,17
130242,1,1,1990,0,0,0,0,0,0,0,0,0,0
130242,2,1,1990,2,2,2,2,2,2,2,2,2,2
130243,1,1,1990,0,0,0,0,0,0,0,0,0,0
130243,2,1,1990,0,0,0,0,0,0,0,0,0,0
130244,1,1,1990,0,0,0,0,0,0,0,0,0,0
130245,1,1,1990,24,24,24,24,24,24,24,24,24,24
130246,1,1,1990,0,0,0,0,0,0,0,0,0,0
130246,2,1,1990,0,0,0,0,0,0,0,0,20,0
130247,1,1,1990,0,0,0,0,0,0,0,0,0,0
130248,1,1,1990,7,7,7,7,7,7,7,7,7,7
130248,2,1,1990,0,0,0,0,0,0,0,0,0,0
130249,1,1,1990,0,0,0,0,0,0,0,0,0,0
130250,1,1,1990,0,0,0,39,0,10,0,10,0,0
130250,2,1,1990,0,0,0,0,0,0,0,0,0,19
130250,3,1,1990,0,0,0,0,0,0,0,0,0,0