ST_CASE,VEH_NO,PER_NO,YEAR,P1,P2,P3,P4,P5,P6,P7,P8,P9,P10
130542,1,1,1990,0,0,0,0,0,0,0,0,0,0
130542,2,1,1990,31,31,31,31,31,31,31,31,31,31
130543,0,1,1990,15,15,15,15,15,15,15,15,15,15
130543,1,1,1990,0,0,0,0,0,0,0,0,0,0
130544,1,1,1990,10,10,10,10,10,10,10,10,10,10
130545,1,1,1990,13,13,13,13,13,13,13,13,13,13
130545,2,1,1990,0,0,0,0,16,0,0,0,0,0
130546,1,1,1990,17,17,17,17,17,17,17,17,17,17
130546,2,1,1990,0,0,0,0,0,0,0,0,0,0
130547,1,1,1990,0,0,0,0,0,0,0,0,0,0
130548,1,1,1990,3,3,3,3,3,3,3,3,3,3
130548,2,1,1990,0,0,0,0,0,0,0,0,0,0
130549,1,1,1990,0,0,0,0,0,0,0,0,0,0
130549,2,1,1990,0,0,0,0,0,0,0,0,0,0
130550,1,1,1990,5,5,5,5,5,5,5,5,5,5
130551,1,1,1990,0,0,0,0,0,0,0,0,0,0
130552,1,1,1990,3,3,3,3,3,3,3,3,3,3
130553,1,1,1990,5,5,5,5,5,5,5,5,5,5
130554,1,1,1990,0,0,0,0,0,0,0,0,0,0
130555,1,1,1990,0,0,0,0,0,0,0,0,0,0
130555,2,1,1990,0,0,0,0,0,0,0,0,0,0
130556,1,1,1990,0,9,0,0,0,0,0,0,0,0
130556,2,1,1990,0,0,0,0,0,0,0,0,0,0
130557,1,1,1990,13,13,13,13,13,13,13,13,13,13
130558,1,1,1990,26,26,26,26,26,26,26,26,26,26
130559,1,1,1990,13,11,0,0,8,0,0,20,0,0
130560,1,1,1990,0,0,0,0,0,0,0,0,0,0
130560,2,1,1990,0,0,0,0,0,0,0,0,0,0
130561,1,1,1990,11,15,18,0,0,0,0,0,19,17
130561,2,1,1990,0,0,0,0,0,0,0,0,0,0
130562,0,1,1990,0,0,0,0,0,0,0,0,0,0
130562,1,1,1990,0,0,0,0,0,0,0,0,0,0
130563,0,1,1990,30,30,30,30,30,30,30,30,30,30
130563,1,1,1990,0,0,0,0,0,0,0,0,0,0
130564,1,1,1990,6,0,0,0,0,0,0,11,0,0
130565,1,1,1990,0,0,0,0,0,0,0,0,0,0
130565,2,1,1990,0,0,0,0,0,0,0,0,0,0
130566,1,1,1990,0,0,0,0,0,0,0,0,0,0
130566,2,1,1990,0,0,0,0,0,0,0,0,0,0
130566,3,1,1990,0,0,0,0,0,0,0,0,0,0
130567,1,1,1990,25,25,25,25,25,25,25,25,25,25
130567,2,1,1990,0,0,0,0,0,0,0,0,0,0
130568,1,1,1990,0,0,0,0,0,0,0,0,0,0
130568,2,1,1990,0,0,0,0,0,0,0,0,0,0
130569,1,1,1990,0,0,25,0,0,0,0,0,0,0
130570,1,1,1990,0,9,27,15,0,0,0,11,0,0
130571,1,1,1990,0,0,0,0,0,0,0,0,0,0
130571,2,1,1990,0,12,24,0,0,24,0,0,0,0
130572,1,1,1990,8,8,8,8,8,8,8,8,8,8
130572,2,1,1990,2,2,2,2,2,2,2,2,2,2
130572,3,1,1990,0,0,0,0,0,0,0,0,0,0
130573,1,1,1990,0,0,0,0,0,0,0,0,0,0
130574,1,1,1990,0,0,23,0,0,0,0,11,0,0
130574,2,1,1990,0,0,0,0,0,0,11,0,0,0
130574,3,1,1990,0,0,0,0,0,0,0,0,0,0
130575,1,1,1990,0,0,0,0,0,0,0,0,0,0
130576,1,1,1990,0,0,0,0,0,0,0,0,0,0
130577,1,1,1990,12,12,12,12,12,12,12,12,12,12
130577,2,1,1990,0,0,0,0,0,0,0,0,0,0
130578,1,1,1990,6,6,6,6,6,6,6,6,6,6
130579,1,1,1990,0,0,0,0,0,0,0,0,0,0
130579,2,1,1990,0,0,0,0,0,0,0,0,0,0
130580,1,1,1990,0,0,0,0,0,0,0,0,0,0
130580,2,1,1990,0,0,0,0,0,0,0,0,0,0
130581,1,1,1990,10,10,10,10,10,10,10,10,10,10
130582,0,1,1990,37,0,22,0,22,14,0,0,0,0
130582,1,1,1990,0,0,0,0,0,0,0,0,0,0
130583,1,1,1990,17,17,17,17,17,17,17,17,17,17
130584,1,1,1990,0,0,0,0,0,0,0,0,0,0
130585,1,1,1990,0,0,0,0,0,0,0,0,0,0
130586,0,1,1990,0,0,0,0,0,0,0,0,0,0
130586,1,1,1990,0,0,0,0,0,12,0,0,0,0
130587,1,1,1990,0,0,0,0,0,0,0,0,0,0
130588,1,1,1990,0,0,0,0,0,0,0,0,0,0
130588,2,1,1990,0,0,0,0,0,0,0,0,0,0
130588,3,1,1990,0,0,0,0,0,0,0,0,0,0
130588,4,1,1990,0,0,2,0,0,0,0,0,12,0
130589,1,1,1990,0,0,0,0,0,0,0,0,0,0
130589,2,1,1990,0,0,0,0,0,0,0,0,0,0
130590,0,1,1990,0,0,0,0,0,0,0,0,0,0
130590,1,1,1990,19,0,0,0,0,0,0,0,0,0
130591,1,1,1990,0,0,0,0,0,0,0,0,0,0
130592,1,1,1990,0,0,0,0,0,0,0,0,0,0
130592,2,1,1990,0,0,8,0,0,0,0,0,0,0
130593,1,1,1990,0,0,0,0,0,0,0,0,0,0
130593,2,1,1990,0,0,0,0,0,0,0,0,0,0
130594,1,1,1990,22,22,22,22,22,22,22,22,22,22
130595,1,1,1990,0,0,0,0,0,0,0,0,0,0
130595,2,1,1990,0,0,0,0,0,0,0,0,0,0
130596,1,1,1990,0,0,0,0,0,0,0,0,0,0
130596,2,1,1990,0,0,0,0,0,0,0,0,0,0
130597,1,1,1990,0,0,0,0,0,0,0,0,0,0
130598,1,1,1990,6,6,6,6,6,6,6,6,6,6
130598,2,1,1990,0,0,0,0,0,0,0,0,0,0
130599,0,1,1990,17,17,17,17,17,17,17,17,17,17
130599,1,1,1990,0,0,0,22,0,0,0,0,0,0
130600,1,1,1990,14,14,14,14,14,14,14,14,14,14
130601,1,1,1990,18,18,18,18,18,18,18,18,18,18
130602,1,1,1990,1,1,1,1,1,1,1,1,1,1
130602,2,1,1990,0,0,0,0,0,0,0,0,0,0
130603,0,1,1990,31,31,31,31,31,31,31,31,31,31
130603,1,1,1990,7,21,0,0,0,0,13,10,10,29
130604,1,1,1990,37,37,37,37,37,37,37,37,37,37
130605,1,1,1990,0,0,0,0,0,0,0,0,0,0
130606,1,1,1990,0,0,0,0,0,0,0,0,0,0
130606,2,1,1990,0,0,0,0,0,0,0,0,0,0
130607,1,1,1990,0,0,0,0,0,0,0,0,0,0
130607,2,1,1990,0,0,0,0,0,0,0,0,0,0
130608,1,1,1990,0,0,0,0,0,0,0,0,0,0
130608,2,1,1990,0,0,0,0,0,0,0,0,0,0
130609,1,1,1990,15,15,15,15,15,15,15,15,15,15
130610,1,1,1990,0,0,0,0,0,0,0,0,0,0
130611,1,1,1990,11,11,11,11,11,11,11,11,11,11
130612,1,1,1990,0,0,0,0,0,0,0,0,0,0
130612,2,1,1990,0,0,0,0,0,0,0,0,0,0
130612,3,1,1990,0,0,0,0,0,0,0,0,0,0
130613,1,1,1990,24,24,24,24,24,24,24,24,24,24
130614,1,1,1990,0,0,0,0,0,0,0,0,0,0
130614,2,1,1990,0,0,0,0,0,0,0,0,0,0
130614,3,1,1990,0,0,0,0,0,0,0,0,0,0
130614,4,1,1990,0,0,0,0,0,0,0,0,0,0
130615,0,1,1990,0,0,0,0,0,0,0,0,0,0
130615,1,1,1990,0,0,11,0,0,0,0,0,0,0
130616,1,1,1990,0,0,0,0,4,0,0,0,0,0
130616,2,1,1990,0,0,27,0,0,0,0,17,7,0
130617,1,1,1990,0,0,0,0,0,0,0,0,0,0
130617,2,1,1990,0,0,0,0,0,0,0,0,0,0
130618,1,1,1990,0,0,0,0,0,0,0,0,0,0
130618,2,1,1990,0,0,0,0,0,0,0,0,0,0
130619,1,1,1990,28,28,28,28,28,28,28,28,28,28
130620,1,1,1990,0,0,0,0,0,0,0,0,0,0
130620,2,1,1990,0,0,0,0,0,0,0,0,0,0
130621,1,1,1990,0,0,0,0,0,0,0,0,0,0
130621,2,1,1990,0,0,0,0,0,0,0,0,0,0
130622,1,1,1990,0,0,0,0,0,0,0,0,0,0
130622,2,1,1990,0,0,0,0,0,0,0,0,0,0
130622,3,1,1990,0,0,0,0,0,0,0,0,0,0
130623,1,1,1990,0,0,0,0,0,0,0,0,0,0
130623,2,1,1990,0,0,0,0,0,0,0,0,0,0
130623,3,1,1990,0,0,0,0,0,0,0,12,0,12
130624,1,1,1990,7,7,7,7,7,7,7,7,7,7
130624,2,1,1990,0,0,0,0,0,0,0,0,0,0
130624,3,1,1990,14,0,0,0,0,0,8,16,0,0
130624,4,1,1990,0,0,0,0,0,0,0,0,0,0
130625,1,1,1990,0,0,0,0,0,0,0,0,0,0
130625,2,1,1990,0,0,0,0,0,0,0,0,0,0
130626,1,1,1990,0,0,0,0,0,0,0,0,0,0
130626,2,1,1990,0,0,0,0,0,0,0,0,0,0
130627,1,1,1990,0,14,3,20,3,0,10,0,0,11
130627,2,1,1990,9,21,16,14,0,20,21,0,15,14
130628,1,1,1990,0,0,0,0,0,0,0,0,0,0
130629,1,1,1990,18,18,18,18,18,18,18,18,18,18
130630,1,1,1990,15,15,15,15,15,15,15,15,15,15
130631,1,1,1990,9,9,9,9,9,9,9,9,9,9
130632,1,1,1990,2,2,2,2,2,2,2,2,2,2
130632,2,1,1990,0,0,0,0,0,0,0,0,0,0
130633,1,1,1990,0,0,0,0,0,0,0,0,0,0
130633,2,1,1990,0,0,0,0,0,0,0,0,0,0
130634,1,1,1990,0,0,0,0,0,0,0,0,0,0
130635,0,1,1990,0,0,0,0,0,0,0,0,0,0
130635,1,1,1990,0,0,0,0,0,22,0,0,0,0
130636,1,1,1990,0,0,0,0,6,0,0,12,0,0
130636,2,1,1990,0,0,0,0,0,0,0,0,0,0
130637,1,1,1990,0,0,0,0,0,0,0,0,0,0
130637,2,1,1990,0,0,0,0,0,0,0,0,0,0
130638,1,1,1990,0,0,0,0,0,0,0,0,0,0
130638,2,1,1990,0,0,0,0,0,0,0,0,0,0
130639,1,1,1990,15,15,15,15,15,15,15,15,15,15
130640,1,1,1990,0,0,0,0,0,0,0,0,0,0
130640,2,1,1990,0,0,0,0,0,0,0,0,0,0
130641,1,1,1990,0,0,0,0,0,0,0,0,0,0
130641,2,1,1990,0,0,0,0,0,0,0,0,0,0
130642,1,1,1990,20,0,0,0,0,0,0,0,0,0
130643,1,1,1990,0,0,0,0,0,0,0,0,0,0
130643,2,1,1990,0,0,0,0,0,0,0,0,0,0
130644,1,1,1990,21,21,21,21,21,21,21,21,21,21
130645,1,1,1990,0,0,0,0,0,0,0,0,0,0
130645,2,1,1990,0,0,0,0,10,0,0,0,0,0
130646,1,1,1990,0,0,0,0,0,0,0,0,0,0
130646,2,1,1990,0,0,0,0,0,0,0,0,0,0
130647,1,1,1990,0,0,0,0,0,0,0,0,0,0
130648,1,1,1990,17,17,17,17,17,17,17,17,17,17
130649,1,1,1990,0,0,0,0,0,0,0,0,0,0
130649,2,1,1990,0,0,0,0,0,0,0,0,0,0
130650,1,1,1990,11,11,11,11,11,11,11,11,11,11
130651,1,1,1990,31,31,31,31,31,31,31,31,31,31
130652,1,1,1990,0,0,0,0,0,0,0,0,0,0
130653,0,1,1990,13,13,13,13,13,13,13,13,13,13
130653,1,1,1990,0,0,0,0,0,0,0,0,14,0
130654,0,1,1990,0,0,0,0,0,0,0,0,0,0
130654,1,1,1990,9,0,0,0,0,0,0,0,0,0
130655,1,1,1990,13,13,13,13,13,13,13,13,13,13
130655,2,1,1990,0,0,16,0,0,0,21,0,0,0
130655,3,1,1990,0,0,0,0,0,0,0,9,0,0
130656,1,1,1990,3,3,3,3,3,3,3,3,3,3
130657,1,1,1990,25,25,25,25,25,25,25,25,25,25
130657,2,1,1990,0,0,0,0,0,0,0,0,0,0
130658,1,1,1990,0,0,0,0,0,0,0,0,0,0
130659,1,1,1990,0,0,0,0,0,0,0,0,0,0
130659,2,1,1990,0,0,0,0,0,0,0,0,0,0
130660,1,1,1990,22,22,22,22,22,22,22,22,22,22
130661,1,1,1990,35,35,35,35,35,35,35,35,35,35
130662,1,1,1990,18,18,18,18,18,18,18,18,18,18
130663,1,1,1990,0,0,0,0,0,0,0,0,0,0
130664,1,1,1990,13,13,13,13,13,13,13,13,13,13
130665,1,1,1990,0,0,0,0,0,0,0,0,0,0
130666,1,1,1990,39,39,39,39,39,39,39,39,39,39
130666,2,1,1990,17,17,17,17,17,17,17,17,17,17
130667,1,1,1990,0,0,0,0,0,0,0,0,0,0
130668,1,1,1990,0,0,0,0,0,0,0,0,0,0
130668,2,1,1990,0,0,0,0,5,0,0,0,0,0
130669,1,1,1990,0,0,0,0,0,0,0,0,0,0
130669,2,1,1990,0,0,0,0,0,0,0,0,0,0
130670,1,1,1990,5,5,5,5,5,5,5,5,5,5
130671,1,1,1990,17,17,17,17,17,17,17,17,17,17
130671,2,1,1990,6,0,0,0,0,0,0,0,0,0
130672,1,1,1990,15,15,15,15,15,15,15,15,15,15
130673,1,1,1990,0,0,0,0,0,0,0,0,0,0
130673,2,1,1990,0,0,0,0,0,0,0,0,0,0
130674,1,1,1990,0,0,0,0,0,0,0,0,0,0
130675,1,1,1990,26,26,26,26,26,26,26,26,26,26
130675,2,1,1990,0,0,0,0,0,0,0,0,0,0
130676,1,1,1990,25,25,25,25,25,25,25,25,25,25
130677,1,1,1990,0,0,0,0,0,0,0,0,0,0
130677,2,1,1990,0,0,0,0,0,0,0,0,0,0
130678,1,1,1990,0,0,12,26,0,14,22,0,29,16
130678,2,1,1990,0,0,0,0,0,0,0,0,0,0
130679,1,1,1990,0,0,0,0,0,0,0,10,0,0
130679,2,1,1990,0,0,0,0,0,0,0,0,0,0
130680,1,1,1990,0,0,0,0,0,9,0,0,0,0
130680,2,1,1990,0,0,0,0,0,0,0,0,0,0
130681,1,1,1990,0,0,0,0,0,0,0,0,0,0
130681,2,1,1990,0,0,0,0,0,0,0,0,0,0
130681,3,1,1990,0,0,0,0,0,0,0,0,0,0
130682,1,1,1990,0,0,0,0,0,0,0,0,0,0
130682,2,1,1990,0,11,0,0,0,0,0,0,0,0
130683,1,1,1990,10,21,21,14,0,18,6,0,0,6
130684,1,1,1990,0,0,0,0,0,0,0,0,0,0
130684,2,1,1990,19,0,0,0,0,0,0,3,0,0
130685,1,1,1990,0,0,0,0,0,0,0,0,0,0
130686,1,1,1990,11,11,11,11,11,11,11,11,11,11
130687,1,1,1990,19,19,19,19,19,19,19,19,19,19
130687,2,1,1990,20,20,20,20,20,20,20,20,20,20
130688,1,1,1990,0,0,0,0,0,0,0,0,0,0
130688,2,1,1990,0,0,0,0,0,0,7,0,0,0
130690,1,1,1990,13,13,13,13,13,13,13,13,13,13
130690,2,1,1990,0,0,0,0,0,0,0,0,0,0
130690,3,1,1990,0,0,0,0,0,0,0,0,0,0
130691,1,1,1990,0,0,0,0,0,0,0,0,0,0
130692,1,1,1990,32,12,12,43,24,0,20,19,26,19
130693,0,1,1990,36,36,36,36,36,36,36,36,36,36
130693,1,1,1990,0,12,0,13,0,0,11,19,0,0
130694,1,1,1990,16,16,16,16,16,16,16,16,16,16
130694,2,1,1990,0,0,0,0,14,0,0,0,0,0
130695,1,1,1990,0,8,0,8,0,0,0,21,0,0
130696,1,1,1990,21,21,21,21,21,21,21,21,21,21
130696,2,1,1990,0,0,0,0,0,0,0,0,0,0
130697,1,1,1990,10,10,10,10,10,10,10,10,10,10
130698,1,1,1990,28,28,28,28,28,28,28,28,28,28
130698,2,1,1990,0,0,0,0,0,0,0,0,0,0
130699,1,1,1990,0,0,0,0,0,0,0,0,0,0
130699,2,1,1990,0,0,0,0,0,0,0,0,0,0
130700,1,1,1990,0,0,0,0,0,0,0,0,0,0
130701,1,1,1990,27,32,46,27,22,16,22,30,17,22
130702,1,1,1990,24,23,20,40,19,19,0,0,16,23
130703,1,1,1990,0,0,0,0,0,0,0,0,0,0
130703,2,1,1990,0,0,0,0,0,0,0,0,0,0
130704,1,1,1990,0,0,0,0,0,0,0,0,0,0
130704,2,1,1990,0,0,0,0,0,0,0,0,0,0
130705,1,1,1990,0,0,0,0,0,0,0,0,0,0
130705,2,1,1990,0,0,0,0,0,0,0,0,0,0
130706,1,1,1990,14,14,14,14,14,14,14,14,14,14
130707,0,1,1990,0,0,0,0,0,0,0,0,0,0
130707,1,1,1990,0,0,0,0,0,0,0,0,0,0
130708,1,1,1990,0,0,0,0,0,0,0,0,0,0
130709,1,1,1990,21,21,21,21,21,21,21,21,21,21
130710,1,1,1990,4,4,4,4,4,4,4,4,4,4
130711,1,1,1990,0,0,0,0,0,0,0,0,0,0
130711,2,1,1990,21,21,21,21,21,21,21,21,21,21
130712,1,1,1990,30,30,30,30,30,30,30,30,30,30
130713,1,1,1990,29,29,29,29,29,29,29,29,29,29
130713,2,1,1990,0,0,0,0,0,0,0,0,0,0
130714,1,1,1990,8,8,8,8,8,8,8,8,8,8
130715,1,1,1990,0,0,0,0,0,0,0,0,0,0
130717,1,1,1990,0,0,0,0,0,0,0,0,0,0
130717,2,1,1990,0,0,0,0,0,0,0,0,0,0
130718,1,1,1990,0,0,0,0,0,0,0,0,0,0
130719,1,1,1990,9,15,0,0,27,9,8,13,10,27
130719,2,1,1990,0,0,0,0,0,0,0,0,0,0
130720,1,1,1990,1,1,1,1,1,1,1,1,1,1
130720,2,1,1990,0,0,0,0,0,0,0,0,0,0
130721,1,1,1990,0,0,0,0,0,0,0,12,0,0
130722,1,1,1990,0,0,0,0,0,0,0,0,0,0
130722,2,1,1990,0,0,0,8,11,9,8,0,0,0
130723,1,1,1990,19,19,19,19,19,19,19,19,19,19
130723,2,1,1990,0,0,0,0,0,0,0,0,0,0
130724,1,1,1990,0,0,0,0,0,0,0,0,0,0
130725,1,1,1990,0,0,0,0,0,0,0,0,0,0
130726,1,1,1990,0,0,0,0,0,0,0,12,0,0
130727,1,1,1990,24,24,24,24,24,24,24,24,24,24
130727,2,1,1990,0,0,0,0,0,0,0,0,0,0
130728,1,1,1990,0,0,0,0,0,0,0,0,0,0
130728,2,1,1990,0,0,0,0,0,0,0,0,0,0
130729,1,1,1990,0,0,0,0,0,0,0,0,0,0
130729,2,1,1990,0,0,0,0,0,0,0,0,0,0
130730,1,1,1990,28,28,28,28,28,28,28,28,28,28
130731,1,1,1990,25,25,25,25,25,25,25,25,25,25
130732,1,1,1990,0,0,0,0,0,0,0,0,0,0
130732,2,1,1990,0,0,18,0,0,11,0,0,0,0
130733,1,1,1990,0,0,0,0,0,0,0,0,0,0
130734,1,1,1990,10,10,10,10,10,10,10,10,10,10
130735,1,1,1990,0,0,0,0,0,0,0,0,0,0
130736,1,1,1990,0,0,0,0,0,0,14,0,0,0
130737,1,1,1990,9,9,9,9,9,9,9,9,9,9
130738,0,1,1990,0,0,0,0,0,0,0,0,0,0
130738,1,1,1990,0,0,0,0,0,0,0,0,0,0
130739,1,1,1990,0,0,0,0,0,0,0,0,0,0
130739,2,1,1990,0,0,0,0,0,0,0,0,0,0
130740,1,1,1990,2,2,2,2,2,2,2,2,2,2
130741,1,1,1990,0,0,0,0,0,0,0,0,0,0
130742,1,1,1990,0,0,0,0,0,0,0,0,0,0
130742,2,1,1990,0,0,0,0,0,0,0,0,0,0
130743,1,1,1990,0,0,0,0,0,0,0,0,0,0
130744,1,1,1990,0,0,0,0,0,0,0,0,0,0
130745,1,1,1990,0,0,0,0,0,0,0,0,0,0
130745,2,1,1990,0,0,0,0,0,0,0,0,0,0
130746,1,1,1990,0,0,0,0,0,0,0,0,0,0
130746,2,1,1990,0,0,0,0,0,0,0,0,0,0
130746,3,1,1990,0,0,0,0,0,0,0,0,0,0
130747,1,1,1990,2,2,2,2,2,2,2,2,2,2
130747,2,1,1990,0,0,0,0,0,0,0,0,0,0
130748,1,1,1990,0,0,0,0,0,0,0,0,0,0
130748,2,1,1990,0,0,0,0,0,0,0,0,0,0
130749,1,1,1990,0,13,0,20,0,0,0,0,0,0
130749,2,1,1990,0,0,16,0,0,19,10,0,12,0
130750,1,1,1990,0,0,0,0,0,0,0,0,0,2
130750,2,1,1990,0,0,0,0,0,0,0,0,0,0
130751,1,1,1990,0,0,0,0,0,0,0,0,0,0
130751,2,1,1990,0,0,0,0,0,0,0,0,0,0
130752,1,1,1990,0,0,0,0,0,0,0,0,0,0
130752,2,1,1990,0,0,0,0,0,0,0,0,0,0
130753,1,1,1990,0,0,0,0,0,0,0,0,0,0
130754,1,1,1990,9,9,9,9,9,9,9,9,9,9
130754,2,1,1990,0,0,0,0,0,0,0,0,0,0
130755,1,1,1990,0,0,0,0,0,0,0,0,0,0
130756,1,1,1990,0,0,0,0,0,0,0,0,0,0
130756,2,1,1990,0,0,0,0,0,0,0,0,0,0
130756,3,1,1990,0,0,0,0,0,0,0,0,0,0
130757,1,1,1990,18,11,19,10,11,14,15,21,22,8
130758,0,1,1990,17,17,17,17,17,17,17,17,17,17
130758,1,1,1990,0,0,0,0,0,0,0,0,0,0
130759,0,1,1990,15,15,15,15,15,15,15,15,15,15
130759,1,1,1990,0,0,0,0,0,0,25,14,0,0
130760,1,1,1990,14,14,14,14,14,14,14,14,14,14
130760,2,1,1990,0,0,0,0,0,0,0,0,0,0
130761,1,1,1990,0,27,0,0,0,0,0,14,0,0
130761,2,1,1990,0,0,0,0,0,0,0,0,0,0
130762,0,1,1990,0,0,0,0,0,0,0,0,0,0
130762,1,1,1990,0,0,0,0,0,0,0,0,0,0
130763,1,1,1990,4,4,4,4,4,4,4,4,4,4
130764,0,1,1990,0,22,0,0,28,0,27,0,0,13
130764,1,1,1990,0,0,0,0,0,0,0,0,0,0
130765,1,1,1990,16,16,16,16,16,16,16,16,16,16
130766,1,1,1990,0,0,0,0,0,0,0,0,0,0
130766,2,1,1990,0,0,0,0,0,0,0,0,0,0
130767,1,1,1990,31,31,31,31,31,31,31,31,31,31
130767,2,1,1990,0,0,0,0,0,0,0,0,0,0
130768,0,1,1990,0,19,0,0,14,0,0,0,0,0
130768,1,1,1990,0,0,0,0,0,0,0,0,0,0
130769,1,1,1990,10,10,10,10,10,10,10,10,10,10
130770,1,1,1990,0,0,0,0,0,0,0,0,0,0
130770,2,1,1990,0,0,0,0,0,0,0,0,0,0
130771,1,1,1990,0,0,0,0,0,0,0,0,0,0
130772,1,1,1990,0,0,0,0,0,0,0,0,0,0
130772,2,1,1990,0,0,0,0,0,0,0,0,0,0
130773,0,1,1990,0,0,0,0,0,0,0,0,0,0
130773,1,1,1990,0,0,14,0,0,0,0,0,0,0
130774,1,1,1990,0,0,0,0,0,0,0,0,0,0
130775,0,1,1990,20,20,20,20,20,20,20,20,20,20
130775,1,1,1990,0,0,0,0,0,0,0,0,0,0
130775,2,1,1990,0,0,0,0,0,0,0,0,0,0
130776,1,1,1990,0,19,0,0,25,6,27,0,0,0
130777,1,1,1990,12,12,12,12,12,12,12,12,12,12
130778,1,1,1990,0,0,0,0,0,0,0,0,0,0
130778,2,1,1990,14,14,14,14,14,14,14,14,14,14
130779,1,1,1990,0,0,0,0,0,0,0,0,0,0
130779,2,1,1990,0,0,0,0,0,0,0,0,0,0
130780,1,1,1990,0,0,0,0,0,0,0,0,0,0
130780,2,1,1990,0,0,0,0,0,0,0,0,0,0
130781,1,1,1990,0,0,0,0,17,0,0,0,18,0
130781,2,1,1990,0,0,0,0,0,0,0,0,0,0
130782,1,1,1990,0,0,0,0,0,0,0,0,0,0
130782,2,1,1990,0,0,0,0,0,0,0,0,0,0
130782,3,1,1990,0,0,0,0,0,0,0,0,0,0
130783,1,1,1990,19,19,19,19,19,19,19,19,19,19
130784,1,1,1990,0,4,11,0,0,0,0,0,0,0
130785,1,1,1990,25,25,25,25,25,25,25,25,25,25
130786,1,1,1990,24,24,24,24,24,24,24,24,24,24
130787,1,1,1990,32,32,32,32,32,32,32,32,32,32
130788,1,1,1990,5,8,20,28,27,13,17,20,18,9
130789,1,1,1990,0,0,0,0,0,0,0,0,0,0
130789,2,1,1990,0,0,0,0,0,0,0,0,0,0
130790,1,1,1990,0,0,0,0,0,0,0,0,0,0
130790,2,1,1990,0,0,0,0,0,0,0,0,0,0
130791,1,1,1990,0,0,0,0,0,0,0,0,0,0
130791,2,1,1990,0,0,0,0,0,0,0,0,0,0
130792,1,1,1990,0,0,0,0,0,0,0,0,0,0
130793,0,1,1990,0,0,0,0,0,0,0,0,0,0
130793,1,1,1990,0,0,0,0,0,0,0,0,0,0
130794,1,1,1990,0,0,0,0,0,0,0,0,0,0
130795,0,1,1990,9,9,9,9,9,9,9,9,9,9
130795,1,1,1990,0,0,0,10,0,0,0,27,0,0
130796,1,1,1990,20,0,0,0,0,0,0,0,0,0
130796,2,1,1990,0,0,0,0,0,0,0,0,0,0
130797,1,1,1990,23,23,23,23,23,23,23,23,23,23
130798,1,1,1990,24,24,24,24,24,24,24,24,24,24
130799,1,1,1990,19,19,19,19,19,19,19,19,19,19
130800,0,1,1990,36,36,36,36,36,36,36,36,36,36
130800,1,1,1990,0,0,0,0,0,0,0,0,0,0
130801,1,1,1990,0,0,0,0,0,0,0,0,0,0
130802,1,1,1990,14,14,14,14,14,14,14,14,14,14
130803,1,1,1990,27,27,27,27,27,27,27,27,27,27
130803,2,1,1990,0,0,0,0,0,0,0,0,0,0
130804,1,1,1990,12,12,12,12,12,12,12,12,12,12
130805,1,1,1990,14,0,0,0,0,0,0,0,0,0
130806,1,1,1990,0,0,0,0,0,0,0,0,0,0
130806,2,1,1990,0,0,0,0,0,0,0,0,0,0
130806,3,1,1990,0,0,0,0,0,0,0,0,0,0
130807,1,1,1990,0,0,0,0,0,0,0,0,17,0
130807,2,1,1990,0,0,0,0,0,0,0,0,0,17
130808,1,1,1990,18,18,18,18,18,18,18,18,18,18
130809,1,1,1990,0,0,0,0,0,0,0,0,0,0
130810,1,1,1990,0,0,0,0,0,0,0,0,0,0
130811,1,1,1990,3,3,3,3,3,3,3,3,3,3
130811,2,1,1990,1,1,1,1,1,1,1,1,1,1
130811,3,1,1990,0,0,0,0,0,17,0,0,0,0
130812,1,1,1990,0,0,0,0,0,0,0,0,0,0
130812,2,1,1990,0,0,0,0,0,0,0,0,0,0
130813,1,1,1990,8,8,8,8,8,8,8,8,8,8
130813,2,1,1990,0,0,0,0,0,0,0,0,0,0
130814,0,1,1990,0,29,15,20,22,13,14,0,17,0
130814,1,1,1990,0,0,0,0,0,0,0,0,0,0
130815,1,1,1990,0,0,0,0,0,0,0,0,0,0
130815,2,1,1990,0,0,0,0,0,0,0,0,0,0
130816,1,1,1990,0,0,0,0,0,0,0,0,0,0
130817,1,1,1990,0,0,0,0,0,0,0,0,0,0
130817,2,1,1990,0,0,0,0,0,0,0,0,0,0
130818,1,1,1990,0,0,0,0,0,0,0,0,0,0
130819,1,1,1990,0,0,0,0,0,0,0,0,0,0
130820,1,1,1990,6,6,6,6,6,6,6,6,6,6
130821,1,1,1990,0,0,0,0,0,0,0,0,0,0
130821,2,1,1990,0,0,0,0,0,0,0,0,0,0
130822,1,1,1990,7,7,7,7,7,7,7,7,7,7
130822,2,1,1990,0,0,0,0,0,0,0,0,0,0
130823,0,1,1990,0,0,0,0,0,0,0,0,0,0
130823,0,2,1990,11,0,29,19,26,19,0,0,24,0
130823,1,1,1990,0,0,0,0,0,0,0,0,0,0
130824,1,1,1990,0,0,0,0,0,0,0,0,0,0
130824,2,1,1990,0,0,0,0,0,0,0,0,0,0
130825,1,1,1990,0,0,0,0,0,0,0,0,0,0
130825,2,1,1990,0,0,0,0,0,0,0,0,0,0
130826,1,1,1990,21,21,21,21,21,21,21,21,21,21
130827,1,1,1990,0,0,0,0,0,0,0,0,0,0
130827,2,1,1990,6,0,12,0,0,27,0,0,0,0
130828,1,1,1990,11,0,0,0,0,0,0,0,0,0
130828,2,1,1990,0,0,0,0,0,0,0,0,0,0