ST_CASE,VEH_NO,PER_NO,YEAR,P1,P2,P3,P4,P5,P6,P7,P8,P9,P10
130829,1,1,1990,0,0,0,0,0,0,0,0,0,0
130829,2,1,1990,0,14,0,0,0,0,0,0,0,0
130830,1,1,1990,20,10,10,12,11,15,9,11,24,15
130830,2,1,1990,0,0,0,0,0,0,0,0,0,0
130830,3,1,1990,4,4,4,4,4,4,4,4,4,4
130831,1,1,1990,0,0,0,0,0,0,0,0,0,0
130831,2,1,1990,0,15,0,0,0,0,0,0,0,0
130832,0,1,1990,0,29,0,0,0,0,0,0,0,0
130832,2,1,1990,0,0,0,0,0,0,0,0,0,0
130833,1,1,1990,27,27,27,27,27,27,27,27,27,27
130834,1,1,1990,11,11,11,11,11,11,11,11,11,11
130835,1,1,1990,0,0,0,0,8,11,0,0,0,0
130835,2,1,1990,0,0,0,0,0,0,0,0,35,0
130836,0,1,1990,0,0,0,0,0,0,0,0,0,0
130836,1,1,1990,0,0,0,0,0,16,0,0,0,0
130837,1,1,1990,28,28,28,28,28,28,28,28,28,28
130838,1,1,1990,16,16,16,16,16,16,16,16,16,16
130838,2,1,1990,0,0,0,0,0,0,0,0,0,0
130839,1,1,1990,1,1,1,1,1,1,1,1,1,1
130840,1,1,1990,0,0,0,0,0,0,0,0,0,0
130840,2,1,1990,0,0,0,0,0,0,0,0,0,0
130841,0,1,1990,0,0,0,0,0,0,0,0,0,0
130841,1,1,1990,0,0,0,0,0,0,0,0,0,0
130842,1,1,1990,0,0,0,0,0,0,0,0,0,0
130843,1,1,1990,0,0,0,0,0,0,0,0,23,0
130843,2,1,1990,7,7,7,7,7,7,7,7,7,7
130844,1,1,1990,0,0,0,0,0,0,0,0,0,0
130844,2,1,1990,0,0,0,0,0,0,0,0,0,0
130844,3,1,1990,0,0,0,0,0,0,0,0,0,0
130845,1,1,1990,11,11,11,11,11,11,11,11,11,11
130846,1,1,1990,0,0,0,0,0,0,0,0,0,0
130846,2,1,1990,0,0,0,0,0,0,0,0,0,0
130847,1,1,1990,0,0,0,0,0,0,0,0,0,0
130847,2,1,1990,7,7,7,7,7,7,7,7,7,7
130848,1,1,1990,0,0,0,0,0,0,0,0,0,0
130848,2,1,1990,0,0,0,0,0,0,0,0,0,0
130849,1,1,1990,0,0,0,0,0,0,0,0,0,0
130849,2,1,1990,0,0,0,0,0,0,0,0,0,0
130850,1,1,1990,0,0,0,0,0,0,0,0,0,0
130850,2,1,1990,0,0,0,0,0,0,0,0,0,0
130851,1,1,1990,0,16,0,0,0,0,8,0,0,0
130852,1,1,1990,0,0,0,0,0,0,0,0,0,0
130853,1,1,1990,44,44,44,44,44,44,44,44,44,44
130853,2,1,1990,12,0,11,4,13,16,0,11,8,13
130854,1,1,1990,30,30,30,30,30,30,30,30,30,30
130855,1,1,1990,12,12,12,12,12,12,12,12,12,12
130856,0,1,1990,0,0,0,0,0,0,0,0,0,0
130856,1,1,1990,4,4,4,4,4,4,4,4,4,4
130857,1,1,1990,0,0,0,0,0,0,0,0,0,0
130857,2,1,1990,0,0,0,0,0,0,0,0,0,0
130858,1,1,1990,0,0,0,0,0,0,0,0,0,0
130858,2,1,1990,0,0,0,0,0,0,0,0,0,0
130859,1,1,1990,21,21,21,21,21,21,21,21,21,21
130859,2,1,1990,0,0,0,0,0,0,0,2,0,0
130860,1,1,1990,10,10,10,10,10,10,10,10,10,10
130861,1,1,1990,13,13,13,13,13,13,13,13,13,13
130861,2,1,1990,0,0,0,0,0,0,8,0,0,12
130862,1,1,1990,24,24,24,24,24,24,24,24,24,24
130863,0,1,1990,0,0,0,0,0,0,0,0,0,0
130863,1,1,1990,0,0,0,0,0,0,0,0,0,0
130864,1,1,1990,0,0,0,0,0,0,0,0,0,0
130864,2,1,1990,0,0,0,0,0,0,0,0,0,0
130865,1,1,1990,0,0,0,0,0,0,0,0,0,0
130865,2,1,1990,0,0,0,0,0,0,0,0,0,0
130866,1,1,1990,0,0,0,0,0,0,0,0,0,0
130867,1,1,1990,0,0,0,0,0,0,0,0,0,0
130867,2,1,1990,0,0,0,0,10,0,0,0,0,0
130868,1,1,1990,0,0,0,0,0,0,0,0,0,0
130868,2,1,1990,0,0,0,0,0,0,0,0,0,0
130869,1,1,1990,0,0,0,0,0,0,0,0,0,0
130869,2,1,1990,0,0,0,0,0,0,0,0,0,0
130869,3,1,1990,0,0,0,0,0,0,0,0,0,0
130869,4,1,1990,0,0,0,0,0,0,0,0,0,0
130870,1,1,1990,15,15,15,15,15,15,15,15,15,15
130871,1,1,1990,8,8,8,8,8,8,8,8,8,8
130871,2,1,1990,13,13,13,13,13,13,13,13,13,13
130872,1,1,1990,0,0,0,0,0,0,0,0,0,0
130873,1,1,1990,0,0,0,0,0,0,0,0,0,0
130873,2,1,1990,0,0,0,0,0,0,0,0,0,0
130874,0,1,1990,31,31,31,31,31,31,31,31,31,31
130874,1,1,1990,0,0,0,0,0,0,0,0,0,0
130875,1,1,1990,0,20,0,30,0,23,0,24,0,15
130875,2,1,1990,9,9,9,9,9,9,9,9,9,9
130876,1,1,1990,19,19,19,19,19,19,19,19,19,19
130877,1,1,1990,7,7,7,7,7,7,7,7,7,7
130878,1,1,1990,5,5,5,5,5,5,5,5,5,5
130878,2,1,1990,5,5,5,5,5,5,5,5,5,5
130879,1,1,1990,22,22,22,22,22,22,22,22,22,22
130880,1,1,1990,13,13,13,13,13,13,13,13,13,13
130881,1,1,1990,17,8,3,0,0,22,0,0,13,21
130882,1,1,1990,0,0,0,0,0,0,0,0,0,0
130883,1,1,1990,8,8,8,8,8,8,8,8,8,8
130884,1,1,1990,24,24,24,24,24,24,24,24,24,24
130885,0,1,1990,0,0,0,0,0,0,0,0,0,0
130885,0,2,1990,0,0,0,0,0,0,0,0,0,0
130885,1,1,1990,0,0,0,0,0,0,0,0,0,0
130886,1,1,1990,0,0,0,0,0,0,0,0,0,0
130887,1,1,1990,0,0,0,0,0,0,0,0,0,0
130888,1,1,1990,25,25,25,25,25,25,25,25,25,25
130888,2,1,1990,0,0,0,0,0,0,0,0,0,0
130888,3,1,1990,0,0,0,0,0,0,0,0,0,0
130889,1,1,1990,0,0,0,0,0,0,0,0,0,0
130890,1,1,1990,18,18,18,18,18,18,18,18,18,18
130891,1,1,1990,0,0,0,0,0,0,0,0,0,0
130891,2,1,1990,0,0,0,0,0,0,0,0,0,0
130892,1,1,1990,0,0,0,0,0,0,0,0,0,0
130892,2,1,1990,9,0,0,0,0,0,0,0,0,0
130892,3,1,1990,3,3,3,3,3,3,3,3,3,3
130893,1,1,1990,0,18,22,16,14,21,13,14,21,14
130894,1,1,1990,3,3,3,3,3,3,3,3,3,3
130894,2,1,1990,0,0,0,0,0,0,2,0,0,0
130895,1,1,1990,0,0,0,0,0,0,0,0,0,0
130895,2,1,1990,0,0,0,0,0,0,0,0,0,0
130896,1,1,1990,15,15,15,15,15,15,15,15,15,15
130897,1,1,1990,16,16,16,16,16,16,16,16,16,16
130898,1,1,1990,12,12,12,12,12,12,12,12,12,12
130898,2,1,1990,1,1,1,1,1,1,1,1,1,1
130899,1,1,1990,6,6,6,6,6,6,6,6,6,6
130899,2,1,1990,0,0,0,0,0,0,0,0,0,0
130900,1,1,1990,0,0,0,0,0,0,0,0,0,0
130900,2,1,1990,0,0,0,0,0,0,0,0,0,0
130901,1,1,1990,2,2,2,2,2,2,2,2,2,2
130901,2,1,1990,0,0,0,0,0,0,0,0,0,0
130902,1,1,1990,0,0,0,0,0,0,0,0,0,0
130903,1,1,1990,0,0,0,0,0,0,0,0,0,0
130903,2,1,1990,0,0,0,0,0,0,0,0,0,0
130904,1,1,1990,0,0,0,0,0,0,0,0,0,0
130904,2,1,1990,0,0,0,0,0,0,0,0,0,0
130905,1,1,1990,0,0,0,0,0,0,0,0,0,0
130906,0,1,1990,0,0,0,0,0,0,0,0,16,0
130906,1,1,1990,0,0,0,0,0,16,0,0,0,0
130907,1,1,1990,0,0,0,0,0,0,0,0,0,0
130908,1,1,1990,31,31,31,31,31,31,31,31,31,31
130908,2,1,1990,1,1,1,1,1,1,1,1,1,1
130909,1,1,1990,0,0,0,0,0,0,0,0,0,0
130910,1,1,1990,0,0,0,0,0,0,0,0,0,0
130911,0,1,1990,0,0,0,0,0,0,0,0,0,0
130911,1,1,1990,0,0,0,0,0,0,0,0,0,0
130912,1,1,1990,0,0,0,0,0,0,0,0,0,0
130912,2,1,1990,0,0,0,0,0,0,0,0,0,0
130913,1,1,1990,25,25,25,25,25,25,25,25,25,25
130913,2,1,1990,0,0,0,0,0,0,0,0,0,0
130914,1,1,1990,0,0,0,0,0,0,0,0,0,0
130914,2,1,1990,0,0,0,0,0,0,0,5,18,0
130915,1,1,1990,0,0,0,0,0,0,0,0,0,0
130916,1,1,1990,0,0,0,0,0,0,0,0,0,0
130916,2,1,1990,0,0,0,0,0,0,0,0,0,0
130917,0,1,1990,0,0,0,0,0,0,0,0,0,0
130917,1,1,1990,20,20,20,20,20,20,20,20,20,20
130918,1,1,1990,0,0,0,0,0,6,0,0,11,0
130919,1,1,1990,0,0,0,0,0,0,0,0,0,0
130919,2,1,1990,9,9,9,9,9,9,9,9,9,9
130920,0,1,1990,0,0,0,0,0,0,0,0,0,0
130920,1,1,1990,0,0,0,0,0,0,0,0,0,0
130921,1,1,1990,8,16,13,14,12,11,27,15,18,28
130922,1,1,1990,0,0,0,0,0,0,0,0,0,0
130923,1,1,1990,12,12,12,12,12,12,12,12,12,12
130924,1,1,1990,14,0,0,0,26,0,21,0,12,0
130925,1,1,1990,17,17,17,17,17,17,17,17,17,17
130926,0,1,1990,38,38,38,38,38,38,38,38,38,38
130926,1,1,1990,0,0,0,0,0,0,0,0,0,0
130927,1,1,1990,0,0,0,0,0,0,0,0,0,0
130928,1,1,1990,16,16,16,16,16,16,16,16,16,16
130929,1,1,1990,11,11,11,11,11,11,11,11,11,11
130930,1,1,1990,0,0,0,0,0,0,0,0,0,0
130931,1,1,1990,22,22,22,22,22,22,22,22,22,22
130932,1,1,1990,0,0,0,0,0,0,0,0,0,0
130932,2,1,1990,0,0,0,0,0,0,0,0,0,0
130933,0,1,1990,31,31,31,31,31,31,31,31,31,31
130933,1,1,1990,0,0,0,0,0,0,0,0,0,0
130934,1,1,1990,18,18,18,18,18,18,18,18,18,18
130934,2,1,1990,0,0,0,0,0,0,0,0,0,0
130935,1,1,1990,0,0,0,0,0,0,0,0,0,0
130936,1,1,1990,0,0,0,0,12,0,0,0,0,0
130936,2,1,1990,0,0,0,0,0,0,0,0,0,0
130937,1,1,1990,9,35,17,22,26,0,28,30,16,13
130938,1,1,1990,0,0,0,0,0,0,0,0,0,0
130938,2,1,1990,0,0,0,0,0,0,0,0,0,0
130939,0,1,1990,18,18,18,18,18,18,18,18,18,18
130939,1,1,1990,0,0,0,0,0,0,0,0,0,0
130940,0,1,1990,0,0,0,0,0,0,0,0,0,0
130940,1,1,1990,0,0,0,0,0,0,0,0,0,0
130941,0,1,1990,0,25,12,20,29,22,16,0,15,0
130941,1,1,1990,0,0,0,0,0,0,0,16,0,0
130942,1,1,1990,22,22,22,22,22,22,22,22,22,22
130942,2,1,1990,7,7,7,7,7,7,7,7,7,7
130943,1,1,1990,0,0,0,0,0,0,0,0,0,0
130944,1,1,1990,9,9,9,9,9,9,9,9,9,9
130945,1,1,1990,20,20,20,20,20,20,20,20,20,20
130945,2,1,1990,0,0,0,0,0,0,0,0,0,0
130946,1,1,1990,0,0,0,0,0,0,0,0,0,0
130947,1,1,1990,0,0,0,0,0,0,0,0,0,0
130947,2,1,1990,0,0,0,0,0,0,0,0,0,0
130947,3,1,1990,0,0,0,0,0,0,0,0,0,0
130948,1,1,1990,27,0,21,6,15,11,32,13,17,14
130949,0,1,1990,0,0,0,0,14,0,0,0,0,0
130949,1,1,1990,0,0,0,0,12,0,0,0,0,0
130950,1,1,1990,0,0,0,0,0,0,0,0,0,0
130951,1,1,1990,12,12,12,12,12,12,12,12,12,12
130951,2,1,1990,0,0,0,19,0,0,0,0,0,5
130952,1,1,1990,0,0,0,0,0,0,0,0,0,0
130952,2,1,1990,0,0,0,0,0,0,0,0,0,0
130953,1,1,1990,0,0,0,0,0,0,0,0,0,0
130954,1,1,1990,0,0,0,0,0,0,0,0,0,0
130955,1,1,1990,7,7,7,7,7,7,7,7,7,7
130955,2,1,1990,0,0,0,0,0,0,0,0,0,0
130956,1,1,1990,24,24,24,24,24,24,24,24,24,24
130957,1,1,1990,0,0,2,0,0,0,0,0,0,0
130957,2,1,1990,0,0,0,0,0,0,0,0,0,0
130958,1,1,1990,5,5,5,5,5,5,5,5,5,5
130958,2,1,1990,0,0,0,0,0,0,0,17,0,0
130959,1,1,1990,17,15,20,7,23,0,24,15,0,20
130960,1,1,1990,0,0,0,0,0,0,0,0,0,0
130960,2,1,1990,0,0,0,0,0,0,0,0,0,0
130961,1,1,1990,0,0,0,0,0,0,0,0,0,0
130961,2,1,1990,0,0,0,0,0,0,0,0,0,0
130962,1,1,1990,0,0,0,0,0,0,0,0,0,0
130962,2,1,1990,0,0,0,0,0,0,0,0,0,0
130963,1,1,1990,0,0,0,0,0,0,0,0,0,0
130963,2,1,1990,0,0,0,0,0,0,0,0,0,0
130964,1,1,1990,56,56,56,56,56,56,56,56,56,56
130965,0,1,1990,11,11,11,11,11,11,11,11,11,11
130965,1,1,1990,15,15,15,15,15,15,15,15,15,15
130966,1,1,1990,27,27,27,27,27,27,27,27,27,27
130967,1,1,1990,0,0,0,0,0,0,0,0,0,0
130967,2,1,1990,0,0,0,0,0,0,0,0,0,0
130968,1,1,1990,21,21,21,21,21,21,21,21,21,21
130969,1,1,1990,0,0,0,0,0,0,0,0,0,0
130969,2,1,1990,0,0,0,0,0,0,0,0,0,0
130969,3,1,1990,0,0,0,0,0,0,0,0,0,0
130969,4,1,1990,0,0,0,0,0,0,0,0,0,0
130970,1,1,1990,13,7,9,24,17,0,22,7,5,14
130971,1,1,1990,30,30,30,30,30,30,30,30,30,30
130972,1,1,1990,24,24,24,24,24,24,24,24,24,24
130972,2,1,1990,0,0,0,0,0,0,0,0,0,0
130973,1,1,1990,0,0,0,0,0,0,0,0,0,0
130973,2,1,1990,0,0,0,0,0,0,0,0,0,0
130973,3,1,1990,0,0,0,0,0,0,0,0,0,0
130973,4,1,1990,0,0,2,13,0,0,0,0,0,0
130974,1,1,1990,0,0,0,0,0,0,0,0,0,0
130974,2,1,1990,0,31,22,0,0,0,0,0,11,0
130975,1,1,1990,22,22,22,22,22,22,22,22,22,22
130976,1,1,1990,0,0,0,0,0,0,0,0,0,0
130976,2,1,1990,0,0,0,0,0,0,0,12,0,0
130977,1,1,1990,0,0,0,0,0,0,0,0,0,0
130978,1,1,1990,0,0,0,0,0,0,0,0,0,0
130979,0,1,1990,34,34,34,34,34,34,34,34,34,34
130979,1,1,1990,0,0,0,0,0,0,0,0,0,0
130980,1,1,1990,0,0,0,0,0,0,0,0,0,0
130980,2,1,1990,0,0,0,0,0,0,0,0,0,0
130981,0,1,1990,0,0,0,0,0,0,0,0,0,0
130981,1,1,1990,0,0,0,0,0,0,0,0,0,0
130982,1,1,1990,21,21,21,21,21,21,21,21,21,21
130982,2,1,1990,0,0,0,0,0,0,0,0,0,0
130982,3,1,1990,0,0,0,0,0,0,0,0,0,0
130983,0,1,1990,8,8,8,8,8,8,8,8,8,8
130983,1,1,1990,4,4,4,4,4,4,4,4,4,4
130984,1,1,1990,0,0,0,17,0,0,17,0,27,0
130984,2,1,1990,23,0,26,27,0,0,8,15,0,11
130985,0,1,1990,28,28,28,28,28,28,28,28,28,28
130985,1,1,1990,15,13,0,0,0,0,20,13,0,16
130986,1,1,1990,15,15,15,15,15,15,15,15,15,15
130987,1,1,1990,0,0,0,0,0,0,0,0,0,0
130987,2,1,1990,0,0,0,0,0,0,0,0,0,0
130988,1,1,1990,0,0,0,0,0,0,0,0,0,0
130989,1,1,1990,20,20,20,20,20,20,20,20,20,20
130990,1,1,1990,4,4,4,4,4,4,4,4,4,4
130990,2,1,1990,0,0,0,0,0,0,0,0,18,0
130991,1,1,1990,0,0,0,0,0,0,0,0,0,0
130992,1,1,1990,0,0,0,0,0,0,0,0,0,0
130992,2,1,1990,0,0,0,0,0,0,0,0,0,0
130993,1,1,1990,0,0,0,0,0,0,0,0,0,0
130993,2,1,1990,0,0,0,0,0,0,0,0,0,0
130993,3,1,1990,0,0,0,0,0,0,0,0,0,0
130994,1,1,1990,10,16,28,21,17,16,31,20,0,6
130995,0,1,1990,24,24,24,24,24,24,24,24,24,24
130995,1,1,1990,0,0,11,0,0,26,16,0,0,0
130996,1,1,1990,18,18,18,18,18,18,18,18,18,18
130997,1,1,1990,28,28,28,28,28,28,28,28,28,28
130998,1,1,1990,0,0,0,0,0,0,0,0,0,0
130998,2,1,1990,0,0,0,0,0,0,0,0,0,0
130999,1,1,1990,0,0,0,0,0,0,0,0,0,0
130999,2,1,1990,0,0,0,0,0,0,0,0,0,0
131000,1,1,1990,14,14,14,14,14,14,14,14,14,14
131000,2,1,1990,0,0,0,0,0,0,0,0,0,0
131001,1,1,1990,0,0,0,0,0,0,0,0,0,0
131001,2,1,1990,6,6,6,6,6,6,6,6,6,6
131002,0,1,1990,0,0,0,0,0,0,0,0,0,0
131002,1,1,1990,3,3,3,3,3,3,3,3,3,3
131003,1,1,1990,0,0,0,0,0,0,0,0,0,0
131004,0,1,1990,0,0,0,0,0,0,0,0,0,0
131004,1,1,1990,0,0,0,0,0,0,0,0,0,0
131005,0,1,1990,0,0,0,0,0,0,0,0,0,0
131005,1,1,1990,10,10,10,10,10,10,10,10,10,10
131006,1,1,1990,0,0,0,0,0,0,0,0,0,0
131007,1,1,1990,12,12,12,12,12,12,12,12,12,12
131008,1,1,1990,13,13,13,13,13,13,13,13,13,13
131009,1,1,1990,0,0,0,0,0,0,0,0,0,0
131009,2,1,1990,0,0,0,0,0,0,0,0,0,0
131010,0,1,1990,0,0,0,0,0,0,0,0,0,0
131010,1,1,1990,0,0,0,0,0,0,0,0,0,0
131011,1,1,1990,18,18,18,18,18,18,18,18,18,18
131012,1,1,1990,0,0,0,0,0,0,0,0,0,0
131013,0,1,1990,0,0,0,0,0,0,0,0,0,0
131013,1,1,1990,0,0,0,0,0,0,0,0,0,0
131014,1,1,1990,26,26,26,26,26,26,26,26,26,26
131015,0,1,1990,40,40,40,40,40,40,40,40,40,40
131015,1,1,1990,40,10,20,8,0,0,0,7,13,22
131016,1,1,1990,0,0,0,0,0,0,0,0,0,0
131016,2,1,1990,0,0,0,0,0,0,0,0,0,0
131017,1,1,1990,28,28,28,28,28,28,28,28,28,28
131017,2,1,1990,0,0,0,0,0,0,0,0,0,0
131018,1,1,1990,15,15,15,15,15,15,15,15,15,15
131019,1,1,1990,0,0,0,0,0,0,0,0,0,0
131019,2,1,1990,0,0,0,0,0,0,0,0,0,0
131020,1,1,1990,0,0,0,0,0,0,0,0,0,0
131020,2,1,1990,0,0,0,0,0,0,0,29,0,0
131021,1,1,1990,0,0,0,0,0,0,0,0,0,0
131021,2,1,1990,0,0,0,0,0,0,0,0,0,0
131022,1,1,1990,14,14,14,14,14,14,14,14,14,14
131023,1,1,1990,27,27,27,27,27,27,27,27,27,27
131024,1,1,1990,0,0,0,0,14,0,0,0,0,0
131025,1,1,1990,0,0,0,0,0,0,0,0,0,0
131026,1,1,1990,0,0,0,0,0,0,0,0,0,0
131026,2,1,1990,0,0,0,0,0,0,0,0,0,0
131027,1,1,1990,0,0,0,0,0,0,0,0,0,0
131027,2,1,1990,0,0,0,0,0,0,0,0,0,0
131028,1,1,1990,17,17,17,17,17,17,17,17,17,17
131029,1,1,1990,15,15,15,15,15,15,15,15,15,15
131030,1,1,1990,0,0,0,0,0,0,0,0,0,0
131031,1,1,1990,7,7,7,7,7,7,7,7,7,7
131032,1,1,1990,4,4,4,4,4,4,4,4,4,4
131032,2,1,1990,0,0,0,0,0,0,0,0,0,0
131033,1,1,1990,0,0,0,0,0,0,0,0,0,0
131033,2,1,1990,0,0,0,0,0,0,0,0,0,0
131034,1,1,1990,0,0,0,0,0,0,0,0,0,0
131034,2,1,1990,0,0,12,0,0,0,0,0,12,0
131035,1,1,1990,9,9,9,9,9,9,9,9,9,9
131036,1,1,1990,0,0,0,0,0,0,0,0,0,0
131036,2,1,1990,0,0,0,0,0,0,0,0,0,0
131037,1,1,1990,16,16,16,16,16,16,16,16,16,16
131038,1,1,1990,0,0,0,0,0,0,0,0,0,0
131038,2,1,1990,0,0,0,0,0,0,0,0,0,0
131039,1,1,1990,0,0,0,0,0,0,0,0,0,0
131040,1,1,1990,0,0,0,0,0,0,0,0,0,0
131041,1,1,1990,0,0,0,0,0,0,0,0,0,0
131042,1,1,1990,0,0,0,0,0,0,0,0,0,0
131043,1,1,1990,0,0,0,0,0,0,0,0,0,0
131044,1,1,1990,13,13,13,13,13,13,13,13,13,13
131045,1,1,1990,0,0,0,0,0,0,0,0,0,0
131045,2,1,1990,0,0,0,0,0,0,0,0,0,0
131046,0,1,1990,12,12,12,12,12,12,12,12,12,12
131046,1,1,1990,3,3,3,3,3,3,3,3,3,3
131047,1,1,1990,16,16,16,16,16,16,16,16,16,16
131048,1,1,1990,5,5,5,5,5,5,5,5,5,5
131049,0,1,1990,0,0,0,0,0,0,0,0,0,0
131049,1,1,1990,0,0,0,0,0,0,0,0,0,0
131050,1,1,1990,0,0,0,0,0,0,0,0,0,0
131051,0,1,1990,0,0,0,0,0,0,0,0,0,0
131051,1,1,1990,0,0,0,0,0,0,0,0,0,0
131053,1,1,1990,0,0,0,0,0,0,0,0,0,0
131053,2,1,1990,0,0,0,0,0,0,0,0,0,0
131054,1,1,1990,19,0,4,0,0,0,10,12,12,16
131055,1,1,1990,13,12,14,14,23,16,4,12,19,27
131056,1,1,1990,23,23,23,23,23,23,23,23,23,23
131057,0,1,1990,9,12,19,17,20,18,0,15,11,0
131057,1,1,1990,0,0,0,0,0,0,0,0,0,0
131058,1,1,1990,22,0,0,12,19,0,0,0,9,26
131059,0,1,1990,0,0,0,0,0,0,0,0,0,0
131059,1,1,1990,9,9,9,9,9,9,9,9,9,9
131060,1,1,1990,5,5,5,5,5,5,5,5,5,5
131061,1,1,1990,0,0,0,0,0,0,0,0,0,0
131062,1,1,1990,0,0,0,0,0,0,0,0,0,0
131062,2,1,1990,0,0,0,0,0,0,0,0,0,0
131063,1,1,1990,8,8,8,8,8,8,8,8,8,8
131064,1,1,1990,15,0,0,21,21,14,8,13,26,28
131065,1,1,1990,0,0,0,0,0,0,0,0,0,0
131065,2,1,1990,0,0,0,0,0,0,0,0,0,0
131066,1,1,1990,0,0,0,0,0,0,0,0,0,0
131066,2,1,1990,11,11,11,11,11,11,11,11,11,11
131066,3,1,1990,0,0,0,0,16,8,0,0,7,0
131067,1,1,1990,0,0,0,0,0,0,0,0,0,0
131067,2,1,1990,0,0,0,0,0,0,0,0,0,0
131068,1,1,1990,0,0,0,0,0,0,0,0,0,0
131068,2,1,1990,0,0,0,0,0,0,0,0,0,0
131069,1,1,1990,0,0,0,0,0,0,0,0,0,0
131069,2,1,1990,0,0,0,0,0,0,0,0,0,0
131070,1,1,1990,5,5,5,5,5,5,5,5,5,5
131070,2,1,1990,0,0,0,0,0,0,0,0,0,0
131071,1,1,1990,0,0,0,0,0,0,0,0,0,0
131071,2,1,1990,1,1,1,1,1,1,1,1,1,1
131072,0,1,1990,19,19,19,19,19,19,19,19,19,19
131072,1,1,1990,0,0,0,0,0,0,0,0,0,0
131073,1,1,1990,0,0,0,0,0,0,0,0,0,0
131073,2,1,1990,0,0,0,0,0,0,0,0,0,0
131074,1,1,1990,0,0,0,0,0,0,0,0,0,0
131075,1,1,1990,11,11,11,11,11,11,11,11,11,11
131076,1,1,1990,0,0,0,0,0,0,0,0,0,0
131076,2,1,1990,0,0,0,0,0,0,0,0,0,0
131077,1,1,1990,21,21,21,21,21,21,21,21,21,21
131078,1,1,1990,21,21,21,21,21,21,21,21,21,21
131079,1,1,1990,1,1,1,1,1,1,1,1,1,1
131080,1,1,1990,0,0,0,0,0,0,0,0,0,0
131080,2,1,1990,0,0,0,0,0,0,0,0,0,0
131081,0,1,1990,0,0,0,0,0,0,0,0,0,0
131081,1,1,1990,0,0,0,0,0,0,0,0,0,0
131082,1,1,1990,0,0,0,0,0,0,0,0,0,0
131082,2,1,1990,0,0,0,0,0,0,0,0,0,0
131082,3,1,1990,0,0,0,0,0,0,0,0,0,0
131083,1,1,1990,0,0,0,0,0,0,0,0,0,0
131083,2,1,1990,0,0,0,0,0,0,0,0,0,0
131084,0,1,1990,0,0,0,0,0,0,0,0,0,0
131084,1,1,1990,0,0,0,0,0,0,0,0,0,0
131085,1,1,1990,24,24,24,24,24,24,24,24,24,24
131086,1,1,1990,0,0,0,0,0,0,0,0,0,0
131086,2,1,1990,0,0,0,0,0,0,0,0,0,0
131086,3,1,1990,0,0,0,0,0,18,0,0,0,0
131086,4,1,1990,0,0,0,0,0,0,0,0,0,0
131087,1,1,1990,12,12,12,12,12,12,12,12,12,12
131088,0,1,1990,2,2,2,2,2,2,2,2,2,2
131088,1,1,1990,0,0,0,0,0,0,0,0,0,0
131089,1,1,1990,0,0,0,0,0,0,0,0,0,0
131089,2,1,1990,0,0,0,0,0,0,0,0,0,0
131090,1,1,1990,0,0,0,0,0,0,0,0,0,0
131091,1,1,1990,8,8,8,8,8,8,8,8,8,8
131091,2,1,1990,0,0,0,0,0,0,0,0,0,0
131092,1,1,1990,0,0,0,0,0,0,0,0,0,0
131092,2,1,1990,0,0,0,0,0,0,0,0,0,0
131093,1,1,1990,0,0,0,0,0,0,0,0,0,0
131093,2,1,1990,0,0,0,0,0,0,0,0,0,0
131093,3,1,1990,0,0,0,0,0,0,0,0,0,0
131094,1,1,1990,0,0,0,0,0,0,0,0,0,0
131095,1,1,1990,0,0,0,0,0,0,0,0,0,0
131096,1,1,1990,0,10,0,0,0,0,0,0,0,0
131097,1,1,1990,11,0,3,25,28,12,23,14,0,14
131097,2,1,1990,0,0,0,0,0,0,0,0,0,0
131098,1,1,1990,0,0,0,0,0,0,0,0,0,0
131098,2,1,1990,31,31,31,31,31,31,31,31,31,31
131099,0,1,1990,0,0,0,0,0,0,0,0,0,0
131099,1,1,1990,0,0,0,0,0,0,0,0,0,0
131100,1,1,1990,11,11,11,11,11,11,11,11,11,11
131100,2,1,1990,0,0,0,0,0,0,0,0,0,0
131101,1,1,1990,0,0,0,0,0,0,0,0,0,0
131101,2,1,1990,0,0,0,0,12,0,0,18,0,0
131102,1,1,1990,13,0,16,10,14,0,0,0,28,0
131102,2,1,1990,0,0,0,0,0,0,0,0,18,0
131103,1,1,1990,0,0,0,0,0,0,0,0,0,0
131104,0,1,1990,0,0,0,0,0,0,0,0,0,0
131104,1,1,1990,30,30,30,30,30,30,30,30,30,30
131105,1,1,1990,0,0,25,10,0,3,14,0,26,0
131106,1,1,1990,15,15,15,15,15,15,15,15,15,15
131107,1,1,1990,27,15,0,17,14,0,0,19,10,24
131108,0,1,1990,7,7,7,7,7,7,7,7,7,7
131108,1,1,1990,0,0,0,26,0,0,0,25,15,33
131109,1,1,1990,20,20,20,20,20,20,20,20,20,20
131109,2,1,1990,0,0,0,0,0,0,0,0,0,0
131110,1,1,1990,19,19,19,19,19,19,19,19,19,19
131111,0,1,1990,25,25,25,25,25,25,25,25,25,25
131111,1,1,1990,18,18,18,18,18,18,18,18,18,18
131112,0,1,1990,19,19,19,19,19,19,19,19,19,19
131112,1,1,1990,0,0,0,0,0,0,0,0,0,0
131113,1,1,1990,0,0,0,0,0,0,0,0,0,0