ST_CASE,VEH_NO,PER_NO,YEAR,P1,P2,P3,P4,P5,P6,P7,P8,P9,P10
160106,3,1,1990,0,0,0,0,0,6,0,0,8,11
160106,4,1,1990,0,0,0,0,0,17,0,0,30,0
160106,5,1,1990,0,0,0,0,0,0,0,0,0,0
160107,1,1,1990,14,14,14,14,14,14,14,14,14,14
160108,1,1,1990,0,0,0,0,0,15,0,0,0,27
160109,1,1,1990,0,0,0,0,0,0,0,0,0,0
160109,2,1,1990,0,0,0,0,0,0,0,0,0,0
160110,1,1,1990,0,0,0,0,0,0,0,0,0,0
160111,0,1,1990,24,24,24,24,24,24,24,24,24,24
160111,1,1,1990,0,0,0,8,20,19,0,12,0,9
160112,1,1,1990,26,8,12,12,14,9,0,24,27,8
160112,2,1,1990,0,0,0,0,0,0,0,0,0,0
160114,0,1,1990,0,0,0,0,0,0,0,0,0,0
160114,1,1,1990,0,0,0,0,0,0,0,0,0,0
160115,1,1,1990,24,24,24,24,24,24,24,24,24,24
160116,1,1,1990,0,0,0,0,0,0,0,0,0,0
160117,1,1,1990,0,0,7,0,0,0,0,0,0,0
160117,2,1,1990,20,20,20,20,20,20,20,20,20,20
160118,1,1,1990,0,0,0,0,0,0,0,0,0,0
160119,1,1,1990,24,24,24,24,24,24,24,24,24,24
160120,1,1,1990,0,0,12,0,0,4,30,0,11,0
160120,2,1,1990,10,0,0,0,0,0,0,0,0,0
160121,0,1,1990,0,0,0,16,0,0,0,0,0,0
160121,1,1,1990,0,0,0,0,18,0,0,15,0,18
160122,1,1,1990,0,14,0,0,0,0,20,0,0,0
160122,2,1,1990,0,0,0,0,0,0,0,0,0,0
160123,1,1,1990,0,0,0,0,0,0,0,0,0,0
160123,2,1,1990,0,0,0,0,0,0,0,0,0,0
160124,1,1,1990,0,0,0,0,0,0,0,0,0,0
160124,2,1,1990,0,0,0,0,0,0,0,0,0,0
160125,1,1,1990,18,18,18,18,18,18,18,18,18,18
160126,1,1,1990,23,23,23,23,23,23,23,23,23,23
160127,1,1,1990,12,0,0,7,6,0,0,0,31,0
160127,2,1,1990,0,0,0,0,0,0,0,0,0,0
160128,1,1,1990,25,9,29,0,0,0,0,21,0,0
160129,1,1,1990,0,0,0,0,0,0,0,0,0,0
160129,2,1,1990,0,0,18,0,0,0,12,0,0,0
160130,1,1,1990,0,0,0,0,0,0,0,0,0,0
160130,2,1,1990,0,0,0,0,0,0,0,0,0,0
160131,1,1,1990,10,0,7,0,0,0,17,8,0,20
160131,2,1,1990,11,10,12,31,4,0,23,18,14,36
160132,0,1,1990,0,0,0,0,0,0,0,0,0,0
160132,1,1,1990,11,0,0,0,0,0,0,0,0,7
160134,1,1,1990,0,12,0,0,0,0,0,0,0,18
160135,1,1,1990,20,20,20,20,20,20,20,20,20,20
160136,1,1,1990,0,0,0,0,0,0,0,0,0,0
160136,2,1,1990,4,4,4,4,4,4,4,4,4,4
160137,1,1,1990,0,0,0,0,0,0,0,0,0,0
160138,1,1,1990,10,13,18,32,15,17,23,28,26,15
160138,2,1,1990,12,0,15,0,0,25,43,0,0,0
160139,1,1,1990,12,12,12,12,12,12,12,12,12,12
160140,0,1,1990,14,0,0,0,0,0,0,0,0,0
160140,1,1,1990,0,0,0,0,0,0,0,0,0,0
160141,1,1,1990,0,0,0,0,13,0,0,7,0,0
160142,1,1,1990,25,25,25,25,25,25,25,25,25,25
160143,1,1,1990,0,0,0,0,0,0,0,0,0,0
160143,2,1,1990,10,0,0,13,11,20,6,10,22,9
160144,1,1,1990,28,28,28,28,28,28,28,28,28,28
160145,1,1,1990,0,0,0,0,0,0,0,0,0,0
160145,2,1,1990,0,0,0,0,0,0,0,0,25,0
160146,1,1,1990,22,22,22,22,22,22,22,22,22,22
160146,2,1,1990,14,0,0,0,0,0,0,0,0,14
160147,0,1,1990,0,0,0,0,0,0,0,0,0,0
160147,1,1,1990,15,0,0,10,0,0,0,0,0,0
160148,1,1,1990,3,8,0,0,0,0,0,4,0,0
160148,2,1,1990,0,0,0,0,0,0,0,0,0,0
160149,1,1,1990,15,15,15,15,15,15,15,15,15,15
160150,1,1,1990,0,0,0,0,0,0,0,0,0,0
160150,2,1,1990,0,0,0,0,0,0,0,0,0,0
160151,1,1,1990,0,0,0,15,0,0,0,0,0,0
160151,2,1,1990,0,12,0,0,0,0,0,0,0,0
160152,1,1,1990,0,0,0,13,9,0,0,0,0,0
160152,2,1,1990,0,0,0,0,0,0,0,0,0,0
160153,0,1,1990,0,0,0,0,0,0,0,0,0,0
160153,1,1,1990,0,0,0,0,0,0,0,0,4,0
160154,1,1,1990,0,0,0,0,0,0,0,0,0,0
160154,2,1,1990,0,9,14,0,0,0,0,0,16,18
160156,1,1,1990,11,11,11,11,11,11,11,11,11,11
160156,2,1,1990,0,0,0,0,0,0,0,0,0,0
160157,1,1,1990,21,0,19,19,0,0,13,0,0,0
160157,2,1,1990,12,12,12,12,12,12,12,12,12,12
160158,1,1,1990,0,0,0,0,0,0,0,0,0,0
160159,1,1,1990,22,22,22,22,22,22,22,22,22,22
160160,1,1,1990,17,1,0,8,7,0,0,0,0,0
160160,2,1,1990,4,0,8,23,0,0,16,0,24,21
160161,1,1,1990,7,24,10,13,4,0,18,16,12,13
160162,1,1,1990,30,14,32,9,26,8,26,5,21,21
160163,1,1,1990,0,0,0,0,0,0,0,0,0,0
160163,2,1,1990,0,0,0,0,0,0,0,0,20,0
160164,1,1,1990,20,20,20,20,20,20,20,20,20,20
160165,1,1,1990,17,20,37,28,15,8,0,0,0,19
160165,2,1,1990,0,9,0,3,20,12,0,0,15,4
160166,1,1,1990,0,0,0,15,0,0,0,0,0,0
160167,1,1,1990,22,22,22,22,22,22,22,22,22,22
160167,2,1,1990,0,0,0,0,0,0,0,0,0,0
160168,1,1,1990,12,0,22,0,0,0,18,0,0,12
160169,1,1,1990,0,9,10,0,0,15,0,15,18,18
160170,1,1,1990,0,0,0,0,0,0,0,0,0,0
160171,1,1,1990,0,0,11,18,0,0,0,0,33,5
160172,1,1,1990,0,0,15,0,0,11,19,0,18,10
160173,1,1,1990,10,18,20,12,0,25,31,9,22,6
160174,1,1,1990,20,25,25,10,29,25,21,45,19,43
160175,1,1,1990,26,26,26,26,26,26,26,26,26,26
160176,1,1,1990,13,13,13,13,13,13,13,13,13,13
160177,1,1,1990,0,0,0,0,0,0,0,0,0,0
160177,2,1,1990,0,0,0,0,0,0,0,0,0,0
160178,1,1,1990,15,15,15,15,15,15,15,15,15,15
160179,1,1,1990,0,15,6,0,0,11,0,0,0,0
160180,0,1,1990,0,0,0,0,0,0,0,0,0,0
160180,1,1,1990,0,0,0,0,0,0,0,0,0,0
160181,1,1,1990,11,19,0,16,8,8,9,17,25,6
160182,1,1,1990,0,0,0,0,0,0,0,0,0,0
160182,2,1,1990,0,0,0,0,0,0,0,0,0,0
160183,1,1,1990,0,0,0,0,0,0,0,0,0,0
160183,2,1,1990,0,0,0,0,0,0,0,29,0,0
160184,1,1,1990,15,8,17,0,8,19,26,30,0,0
160185,1,1,1990,0,0,48,0,22,16,0,0,32,31
160186,0,1,1990,0,0,0,0,0,0,0,0,0,0
160186,1,1,1990,0,0,0,0,0,0,0,0,0,0
160188,0,1,1990,0,0,0,0,5,0,0,0,0,0
160188,1,1,1990,0,0,0,0,0,0,0,0,0,0
160189,1,1,1990,0,0,0,0,0,0,0,0,0,0
160190,1,1,1990,0,0,0,0,0,7,0,11,0,0
160190,2,1,1990,0,0,0,0,0,0,0,0,0,0
160191,0,1,1990,0,0,0,0,0,0,0,0,0,0
160191,1,1,1990,0,8,0,0,0,0,6,0,0,0
160192,1,1,1990,17,17,17,17,17,17,17,17,17,17
160193,1,1,1990,10,10,10,10,10,10,10,10,10,10
160194,0,1,1990,0,0,0,0,0,0,0,0,0,0
160194,1,1,1990,0,0,31,0,0,0,0,0,0,0
160195,0,1,1990,3,0,0,7,0,0,0,0,0,0
160195,1,1,1990,0,0,0,6,0,0,13,29,0,0
160196,1,1,1990,16,11,20,0,10,9,0,0,14,27
160196,2,1,1990,0,0,13,2,0,0,12,0,0,0
160197,1,1,1990,17,9,7,10,16,7,10,13,9,9
160198,1,1,1990,0,0,0,0,0,0,9,0,0,23
160198,2,1,1990,25,11,25,0,0,13,0,0,0,0
160199,1,1,1990,28,28,28,28,28,28,28,28,28,28
160200,1,1,1990,66,66,66,66,66,66,66,66,66,66
160201,1,1,1990,14,0,19,0,0,0,0,0,7,0
160201,2,1,1990,12,12,12,12,12,12,12,12,12,12
160202,1,1,1990,0,0,0,0,0,0,0,0,0,0
160203,1,1,1990,0,0,0,0,0,0,0,0,0,0
160204,1,1,1990,9,9,9,9,9,9,9,9,9,9
160205,1,1,1990,24,24,24,24,24,24,24,24,24,24
160206,1,1,1990,0,0,0,0,0,0,0,4,0,0
160206,2,1,1990,0,0,0,0,0,0,0,0,0,0
160207,0,1,1990,0,0,0,0,0,0,0,0,0,0
160207,0,2,1990,0,0,0,0,0,0,0,0,0,0
160207,1,1,1990,0,0,0,0,0,0,0,0,0,0
160208,1,1,1990,8,0,0,0,19,0,3,0,0,0
160209,0,1,1990,0,18,0,16,0,45,24,18,31,25
160209,1,1,1990,0,25,16,10,0,22,20,0,23,24
160210,0,1,1990,0,11,0,0,24,15,0,0,0,18
160210,1,1,1990,0,10,0,0,0,0,0,0,0,0
160211,1,1,1990,0,0,0,0,0,0,0,0,0,0
160211,2,1,1990,0,0,0,0,0,0,0,0,0,0
160212,1,1,1990,0,0,19,6,0,0,0,0,0,0
160213,1,1,1990,0,0,0,0,0,0,0,0,0,0
160213,2,1,1990,0,0,15,0,0,0,0,0,0,0
160214,1,1,1990,0,31,0,0,0,0,0,20,33,8
160215,1,1,1990,24,24,24,24,24,24,24,24,24,24
160215,2,1,1990,0,0,0,0,0,0,0,0,0,0
160216,1,1,1990,0,0,0,0,10,0,21,10,8,0
160217,1,1,1990,0,0,0,0,0,0,0,0,0,0
160218,1,1,1990,22,22,22,22,22,22,22,22,22,22
160220,1,1,1990,0,32,9,16,10,0,0,0,0,0
160220,2,1,1990,0,9,0,7,0,18,0,0,0,20
160221,1,1,1990,23,23,23,23,23,23,23,23,23,23
160221,2,1,1990,0,18,0,0,0,0,0,0,0,0
160222,0,1,1990,0,0,26,40,33,0,0,0,21,0
160222,1,1,1990,0,14,0,0,0,10,13,0,0,0
160223,1,1,1990,0,0,0,0,0,0,0,0,0,0
160223,2,1,1990,0,0,11,0,15,28,0,9,0,0
160224,1,1,1990,0,0,0,0,0,0,0,0,0,0
160224,2,1,1990,0,0,0,0,0,0,0,0,0,0
160225,1,1,1990,15,0,0,19,0,0,17,0,0,0
160226,0,1,1990,0,0,0,0,0,0,0,0,0,0
160226,1,1,1990,10,10,0,0,0,0,0,8,0,0
160227,0,1,1990,0,0,0,0,0,0,6,0,0,0
160227,1,1,1990,0,0,0,0,0,0,0,0,0,0
160228,1,1,1990,6,10,7,9,0,11,9,8,0,7
160229,0,1,1990,4,4,4,4,4,4,4,4,4,4
160229,1,1,1990,7,7,7,7,7,7,7,7,7,7
160229,2,1,1990,2,2,2,2,2,2,2,2,2,2
170001,0,1,1990,0,0,0,0,0,0,0,0,0,0
170001,1,1,1990,0,0,0,0,0,0,0,0,0,0
170002,1,1,1990,23,23,23,23,23,23,23,23,23,23
170003,1,1,1990,0,12,0,13,0,14,24,6,0,26
170003,2,1,1990,0,0,0,0,0,18,7,0,0,13
170004,1,1,1990,3,3,3,3,3,3,3,3,3,3
170005,1,1,1990,12,0,0,0,0,0,27,34,16,25
170006,0,1,1990,0,0,0,0,0,0,0,0,0,0
170006,1,1,1990,0,0,0,0,0,0,0,0,0,0
170007,1,1,1990,0,0,0,0,0,0,0,0,0,0
170007,2,1,1990,0,0,0,0,0,0,0,0,0,0
170008,0,1,1990,0,0,0,0,0,0,0,0,0,0
170008,1,1,1990,0,0,0,0,0,0,0,0,0,0
170010,1,1,1990,3,3,3,3,3,3,3,3,3,3
170010,2,1,1990,0,0,0,0,0,0,0,0,0,0
170010,3,1,1990,0,0,0,0,0,0,0,0,0,0
170011,0,1,1990,0,0,0,0,0,0,0,0,0,0
170011,1,1,1990,0,0,0,0,0,0,0,0,0,0
170012,0,1,1990,16,0,20,0,31,0,0,0,0,0
170012,1,1,1990,0,0,0,0,0,0,0,16,0,0
170013,1,1,1990,0,0,0,0,0,0,0,0,0,0
170013,2,1,1990,12,0,0,0,0,0,0,0,0,0
170014,1,1,1990,3,3,3,3,3,3,3,3,3,3
170014,2,1,1990,0,0,0,0,0,0,0,0,0,0
170014,3,1,1990,0,0,0,0,0,0,0,0,0,0
170014,4,1,1990,0,0,0,0,0,0,0,0,0,0
170014,5,1,1990,0,0,0,0,0,0,0,0,0,0
170015,1,1,1990,0,0,0,0,0,0,0,0,0,0
170016,1,1,1990,0,0,0,0,0,0,0,0,0,0
170016,2,1,1990,0,0,0,0,0,0,0,0,0,0
170017,1,1,1990,12,12,12,12,12,12,12,12,12,12
170017,2,1,1990,0,0,0,0,0,0,0,0,0,0
170018,1,1,1990,0,0,0,0,0,0,0,0,0,0
170019,1,1,1990,0,0,0,0,0,0,0,0,0,0
170020,0,1,1990,0,0,0,0,0,0,0,0,0,0
170020,0,2,1990,0,0,0,0,0,0,0,0,0,0
170020,1,1,1990,18,15,0,0,0,0,21,14,0,0
170021,1,1,1990,19,19,19,19,19,19,19,19,19,19
170022,1,1,1990,25,25,25,25,25,25,25,25,25,25
170023,1,1,1990,36,36,36,36,36,36,36,36,36,36
170024,0,1,1990,0,0,0,0,0,0,15,25,0,28
170024,1,1,1990,4,0,0,0,0,0,0,0,0,0
170025,0,1,1990,0,0,0,0,0,0,0,0,0,0
170025,1,1,1990,0,0,0,0,0,0,0,0,0,0
170026,1,1,1990,0,0,0,0,0,0,0,0,0,0
170026,2,1,1990,0,0,0,0,0,0,0,0,0,0
170026,3,1,1990,0,0,0,0,0,0,0,0,0,0
170027,0,1,1990,28,28,28,28,28,28,28,28,28,28
170027,1,1,1990,0,0,0,0,0,0,0,0,0,0
170028,1,1,1990,0,0,0,0,0,20,0,0,0,0
170029,1,1,1990,21,21,21,21,21,21,21,21,21,21
170029,2,1,1990,0,0,0,0,0,0,0,0,0,0
170030,1,1,1990,0,21,0,0,0,0,0,0,0,0
170030,2,1,1990,0,0,0,0,0,0,0,0,0,0
170031,0,1,1990,0,0,0,0,0,0,0,0,0,0
170031,1,1,1990,0,0,0,0,0,0,0,0,0,0
170032,0,1,1990,0,0,0,0,0,0,27,0,0,0
170032,1,1,1990,0,0,0,0,0,0,0,0,0,0
170033,0,1,1990,0,0,0,0,0,0,0,0,0,0
170033,0,2,1990,18,0,6,17,17,26,22,0,0,25
170033,1,1,1990,0,0,0,0,0,0,0,0,0,0
170034,1,1,1990,21,21,21,21,21,21,21,21,21,21
170036,1,1,1990,23,23,23,23,23,23,23,23,23,23
170037,1,1,1990,12,12,12,12,12,12,12,12,12,12
170037,2,1,1990,2,2,2,2,2,2,2,2,2,2
170038,1,1,1990,26,26,26,26,26,26,26,26,26,26
170039,1,1,1990,24,24,24,24,24,24,24,24,24,24
170040,0,1,1990,29,29,29,29,29,29,29,29,29,29
170040,1,1,1990,14,14,14,14,14,14,14,14,14,14
170041,1,1,1990,0,0,0,0,0,0,0,0,0,0
170041,2,1,1990,0,0,0,0,0,0,0,0,17,0
170042,1,1,1990,0,0,0,0,4,0,14,0,0,0
170042,2,1,1990,0,0,0,0,0,0,0,0,0,0
170043,0,1,1990,35,35,35,35,35,35,35,35,35,35
170043,1,1,1990,0,0,0,0,0,0,0,0,0,0
170044,0,1,1990,0,0,0,0,0,0,0,0,0,0
170044,1,1,1990,0,0,0,0,0,4,0,0,0,0
170045,0,1,1990,0,0,0,0,0,0,0,0,0,0
170045,1,1,1990,0,0,0,0,0,0,0,0,0,0
170045,2,1,1990,0,0,0,0,0,0,0,0,0,0
170046,1,1,1990,0,0,0,0,0,0,0,0,0,0
170047,1,1,1990,0,0,0,0,0,0,0,0,0,0
170048,1,1,1990,0,0,0,0,0,0,0,0,0,0
170048,2,1,1990,0,0,0,0,0,0,0,0,0,0
170049,0,1,1990,0,0,0,0,0,0,0,0,0,0
170049,1,1,1990,0,21,13,14,13,23,14,14,16,15
170050,1,1,1990,3,3,3,3,3,3,3,3,3,3
170051,1,1,1990,0,0,0,0,0,0,0,0,0,0
170051,2,1,1990,0,0,0,0,0,0,0,0,0,0
170051,3,1,1990,0,0,0,0,0,0,0,0,0,0
170052,1,1,1990,0,0,0,0,0,0,0,0,0,0
170053,1,1,1990,0,0,0,0,0,0,0,0,0,0
170053,2,1,1990,0,11,0,0,0,0,0,0,0,0
170054,1,1,1990,0,0,0,0,0,0,0,0,0,0
170054,2,1,1990,0,0,0,0,0,0,0,0,0,0
170055,1,1,1990,0,19,16,23,0,25,5,8,11,20
170057,1,1,1990,23,36,24,20,0,15,15,29,27,0
170058,0,1,1990,29,29,29,29,29,29,29,29,29,29
170058,1,1,1990,9,14,12,21,22,17,23,12,0,19
170059,0,1,1990,0,0,0,0,0,15,0,0,0,0
170059,1,1,1990,0,0,0,0,0,22,0,0,0,15
170060,1,1,1990,0,0,0,0,0,0,0,0,0,0
170060,2,1,1990,0,0,0,0,0,0,0,0,0,21
170061,1,1,1990,13,13,13,13,13,13,13,13,13,13
170062,0,1,1990,0,0,0,0,0,0,0,0,0,0
170062,1,1,1990,0,0,0,0,0,0,0,0,0,10
170063,1,1,1990,0,0,0,0,0,0,0,0,0,0
170064,0,1,1990,0,0,0,0,0,0,0,0,0,0
170064,0,2,1990,0,19,0,0,0,25,0,0,0,0
170064,1,1,1990,0,0,0,0,0,0,0,0,0,0
170065,1,1,1990,12,12,12,12,12,12,12,12,12,12
170065,2,1,1990,0,0,0,0,0,0,0,0,0,0
170066,1,1,1990,24,24,24,24,24,24,24,24,24,24
170066,2,1,1990,0,0,13,0,0,18,16,0,15,14
170067,1,1,1990,0,0,0,0,0,0,0,0,0,17
170067,2,1,1990,0,0,0,0,0,0,0,0,0,0
170068,0,1,1990,0,0,0,0,0,0,0,0,0,0
170068,1,1,1990,0,0,0,0,0,0,0,0,0,0
170069,0,1,1990,22,37,0,0,0,0,22,21,0,0
170069,1,1,1990,0,0,0,26,0,0,0,0,0,0
170070,1,1,1990,0,0,0,0,0,0,0,0,0,0
170070,2,1,1990,1,1,1,1,1,1,1,1,1,1
170071,1,1,1990,28,28,28,28,28,28,28,28,28,28
170071,2,1,1990,0,0,0,7,4,0,0,2,0,0
170071,3,1,1990,0,0,0,0,0,0,0,0,0,0
170072,1,1,1990,0,0,0,0,0,0,19,0,0,0
170072,2,1,1990,0,0,0,0,0,0,0,0,0,0
170073,0,1,1990,26,26,26,26,26,26,26,26,26,26
170073,1,1,1990,0,0,0,0,0,0,0,0,0,0
170074,1,2,1990,4,13,0,11,7,0,14,0,12,7
170075,1,1,1990,0,0,0,0,0,13,0,0,15,0
170075,2,1,1990,0,0,0,0,0,0,0,0,0,0
170076,1,1,1990,16,16,16,16,16,16,16,16,16,16
170076,2,1,1990,0,0,0,0,0,0,0,0,9,0
170077,1,1,1990,0,0,0,0,0,0,12,0,0,0
170077,2,1,1990,0,0,0,0,0,0,0,0,0,0
170078,1,1,1990,12,12,12,12,12,12,12,12,12,12
170078,2,1,1990,0,0,0,0,0,0,0,0,0,0
170078,3,1,1990,0,0,0,0,0,0,0,0,0,0
170078,4,1,1990,0,0,0,0,0,0,0,0,0,0
170078,5,1,1990,0,0,0,0,0,0,0,0,0,0
170079,1,1,1990,12,24,0,0,0,17,0,21,0,0
170079,2,1,1990,12,12,12,12,12,12,12,12,12,12
170080,1,1,1990,11,11,11,11,11,11,11,11,11,11
170081,1,1,1990,0,0,0,0,0,0,0,0,0,0
170082,0,1,1990,0,0,0,0,0,0,0,0,0,0
170082,1,1,1990,6,0,12,0,0,0,0,0,15,9
170083,1,1,1990,5,24,14,3,13,27,14,25,8,13
170084,0,1,1990,21,21,21,21,21,21,21,21,21,21
170084,1,1,1990,0,0,0,0,0,0,0,0,0,0
170085,0,1,1990,0,0,14,36,29,0,0,16,0,4
170085,1,1,1990,0,0,0,0,0,4,0,0,0,0
170086,0,1,1990,2,2,2,2,2,2,2,2,2,2
170086,1,1,1990,0,0,0,0,0,0,19,0,0,0
170086,2,1,1990,0,0,0,0,0,0,0,0,0,7
170087,1,1,1990,0,0,0,12,0,0,0,0,0,0
170087,2,1,1990,0,0,0,0,0,0,0,0,0,19
170087,3,1,1990,0,0,0,0,0,0,0,0,0,0
170088,0,1,1990,0,0,0,0,0,0,0,0,0,0
170088,1,1,1990,0,0,0,0,0,0,0,0,0,15
170088,2,1,1990,0,0,0,0,0,0,0,0,0,6
170089,1,1,1990,0,0,14,25,0,0,0,16,0,0
170090,1,1,1990,0,0,5,0,0,0,0,16,0,0
170090,2,1,1990,0,0,0,0,0,0,25,0,0,0
170091,1,1,1990,20,20,20,20,20,20,20,20,20,20
170092,1,1,1990,0,0,0,0,0,0,0,0,0,0
170092,2,1,1990,0,0,0,0,0,0,0,0,0,0
170094,1,1,1990,9,9,9,9,9,9,9,9,9,9
170095,1,1,1990,0,0,0,0,0,0,0,0,0,0
170096,0,1,1990,0,0,0,0,0,0,0,0,0,0
170096,1,1,1990,0,0,0,0,0,0,0,0,0,0
170097,1,1,1990,17,17,17,17,17,17,17,17,17,17
170097,2,1,1990,15,6,17,0,4,9,0,16,0,0
170097,3,1,1990,0,0,0,0,0,0,0,0,0,0
170098,0,1,1990,9,0,0,0,0,0,0,0,0,0
170098,1,1,1990,0,0,0,0,0,0,0,0,0,0
170099,0,1,1990,0,0,0,0,0,0,0,0,0,0
170099,1,1,1990,0,0,0,0,0,0,0,0,0,0
170100,1,1,1990,0,0,0,0,0,0,0,0,0,0
170100,2,1,1990,0,0,0,0,0,0,0,0,0,0
170101,1,1,1990,8,15,25,8,14,0,8,12,6,0
170102,1,1,1990,17,17,17,17,17,17,17,17,17,17
170103,1,1,1990,22,22,22,22,22,22,22,22,22,22
170104,1,1,1990,13,13,13,13,13,13,13,13,13,13
170105,1,1,1990,15,0,0,0,12,0,21,9,15,24
170106,1,1,1990,0,24,14,12,23,18,24,37,20,22
170107,1,1,1990,0,0,0,0,0,0,0,0,0,0
170107,2,1,1990,0,0,0,0,0,0,0,0,0,0
170108,1,1,1990,26,35,21,16,15,10,13,12,26,15
170109,1,1,1990,35,35,35,35,35,35,35,35,35,35
170109,2,1,1990,0,0,0,2,0,0,0,0,0,0
170110,1,1,1990,0,20,0,0,0,20,29,13,15,0
170111,1,1,1990,0,0,0,0,0,0,0,0,0,0
170112,1,1,1990,0,0,0,0,0,0,0,0,0,0
170112,2,1,1990,0,0,0,0,0,0,0,0,0,0
170113,0,1,1990,0,0,0,0,0,0,0,0,0,0
170113,1,1,1990,0,0,0,0,34,0,0,0,0,0
170114,1,1,1990,0,0,0,0,0,0,0,0,0,0
170114,2,1,1990,0,0,0,0,0,0,0,0,0,0
170115,1,1,1990,13,13,13,13,13,13,13,13,13,13
170115,2,1,1990,0,0,0,0,0,0,0,0,0,0
170116,0,1,1990,13,13,13,13,13,13,13,13,13,13
170116,1,1,1990,0,25,0,0,0,0,14,0,0,0
170117,1,1,1990,18,18,18,18,18,18,18,18,18,18
170119,0,1,1990,0,0,0,0,16,0,12,40,0,0
170119,1,1,1990,0,0,0,0,0,0,0,0,0,0
170119,2,1,1990,27,27,27,27,27,27,27,27,27,27
170121,0,1,1990,10,10,10,10,10,10,10,10,10,10
170121,1,1,1990,0,0,0,0,22,14,14,7,18,0
170121,2,1,1990,22,10,22,8,15,31,13,21,26,13
170122,1,1,1990,17,12,0,0,18,9,0,10,0,0
170123,1,1,1990,25,25,25,25,25,25,25,25,25,25
170123,2,1,1990,0,0,0,0,0,0,0,0,0,0
170124,1,1,1990,5,15,11,22,5,10,24,19,10,25
170125,1,1,1990,0,0,16,0,17,0,0,18,0,0
170125,2,1,1990,0,0,0,0,0,0,0,0,0,0
170126,1,1,1990,0,0,34,0,0,0,0,0,0,0
170127,1,1,1990,17,17,17,17,17,17,17,17,17,17
170128,0,1,1990,8,8,8,8,8,8,8,8,8,8
170128,1,1,1990,0,0,0,0,0,0,35,0,0,0
170129,1,1,1990,0,0,0,0,0,0,0,0,0,0
170130,1,1,1990,19,19,19,19,19,19,19,19,19,19
170131,1,1,1990,15,0,0,0,36,0,0,0,18,0
170132,1,1,1990,0,0,0,0,0,0,0,0,0,0
170133,1,1,1990,0,0,0,0,0,0,0,0,0,0
170133,2,1,1990,0,0,0,0,0,0,0,0,0,0
170134,1,1,1990,0,0,0,0,0,0,0,0,0,15
170134,2,1,1990,0,0,0,0,0,0,0,0,0,0
170135,1,1,1990,10,10,10,10,10,10,10,10,10,10
170135,2,1,1990,0,0,0,0,0,0,0,0,0,0
170135,3,1,1990,0,0,0,0,0,0,0,0,0,0
170135,4,1,1990,0,0,0,0,0,0,0,0,33,16
170136,0,1,1990,3,3,3,3,3,3,3,3,3,3
170136,1,1,1990,0,0,0,0,0,0,0,0,0,0
170137,1,1,1990,10,10,10,10,10,10,10,10,10,10
170137,2,1,1990,16,11,9,20,20,32,31,15,13,9
170138,1,1,1990,0,0,14,9,0,9,0,0,0,0
170139,0,1,1990,0,0,0,0,0,0,0,0,0,0
170139,1,1,1990,0,8,0,0,0,0,0,0,0,0
170140,0,1,1990,0,0,0,0,0,0,0,0,0,0
170140,1,1,1990,0,0,0,0,0,0,0,0,0,0
170141,1,1,1990,0,0,0,0,0,0,0,0,0,0
170141,2,1,1990,0,0,0,0,0,0,0,0,0,0
170141,3,1,1990,0,0,0,0,0,0,0,0,0,0
170142,1,1,1990,21,21,21,21,21,21,21,21,21,21
170143,1,1,1990,22,22,22,22,22,22,22,22,22,22
170143,2,1,1990,25,25,25,25,25,25,25,25,25,25
170144,1,1,1990,13,16,12,13,9,23,31,23,20,13
170145,0,1,1990,0,0,0,0,0,0,0,0,0,0
170145,1,1,1990,0,0,0,0,0,4,0,0,0,0
170146,1,1,1990,0,0,0,0,0,0,0,0,0,0
170146,2,1,1990,0,0,0,0,0,0,0,0,0,10
170146,3,1,1990,0,0,0,0,0,0,0,0,0,0
170147,1,1,1990,0,0,0,0,0,0,0,0,0,0
170148,1,1,1990,11,11,11,11,11,11,11,11,11,11
170149,1,1,1990,0,0,0,0,0,0,0,0,0,0
170149,2,1,1990,0,0,0,0,0,0,0,5,0,0
170149,3,1,1990,0,0,0,0,0,0,3,0,0,0
170150,0,1,1990,0,0,4,0,0,0,0,0,0,10
170150,1,1,1990,0,0,0,0,0,9,0,0,0,0
170151,1,1,1990,0,0,0,0,0,0,0,0,0,0
170151,2,1,1990,0,0,0,0,0,0,0,0,0,0
170152,1,1,1990,15,15,15,15,15,15,15,15,15,15
170152,2,1,1990,0,0,0,0,0,0,0,0,0,0
170153,1,1,1990,7,12,14,7,7,22,0,10,13,12
170153,2,1,1990,23,23,23,23,23,23,23,23,23,23
170154,1,1,1990,0,0,0,0,0,0,0,0,0,0
170154,2,1,1990,0,0,0,0,0,0,0,0,0,0
170154,3,1,1990,0,0,0,0,0,0,0,0,0,0
170155,1,1,1990,0,8,17,18,16,35,0,23,29,18
170156,1,1,1990,0,0,0,0,0,0,0,0,0,0
170156,2,1,1990,0,0,0,0,0,0,0,0,0,0
170157,1,1,1990,24,24,24,24,24,24,24,24,24,24