ST_CASE,VEH_NO,PER_NO,YEAR,P1,P2,P3,P4,P5,P6,P7,P8,P9,P10
170158,0,1,1990,17,0,16,9,0,0,34,9,18,21
170158,1,1,1990,2,18,5,0,0,22,0,0,10,0
170159,0,1,1990,0,0,0,0,0,0,0,0,0,0
170159,0,2,1990,0,0,0,0,0,0,0,0,0,0
170159,1,1,1990,0,0,0,0,0,0,0,0,0,0
170160,0,1,1990,4,4,4,4,4,4,4,4,4,4
170160,0,2,1990,0,0,0,0,0,0,0,0,0,0
170160,1,1,1990,0,0,0,0,0,0,0,0,0,0
170161,0,1,1990,0,0,0,0,0,0,0,0,0,0
170161,1,1,1990,0,0,0,0,0,0,0,0,0,0
170162,1,1,1990,9,9,9,9,9,9,9,9,9,9
170162,2,1,1990,0,0,0,0,0,0,0,0,0,0
170163,1,1,1990,0,0,0,0,0,0,0,0,0,0
170163,2,1,1990,0,0,0,0,0,0,0,0,0,0
170163,3,1,1990,0,0,0,0,0,0,0,0,0,0
170164,0,1,1990,0,0,0,0,0,0,0,0,0,0
170164,1,1,1990,0,0,0,0,0,0,0,0,0,0
170165,0,1,1990,0,0,0,0,0,0,0,0,0,0
170165,1,1,1990,0,0,0,0,0,0,0,0,11,0
170166,0,1,1990,25,25,25,25,25,25,25,25,25,25
170166,1,1,1990,0,12,17,15,0,18,0,37,21,14
170167,1,1,1990,16,16,16,16,16,16,16,16,16,16
170168,1,1,1990,0,0,0,0,0,0,0,0,0,0
170168,2,1,1990,0,0,0,0,0,0,0,0,0,0
170168,3,1,1990,7,0,0,0,0,0,0,0,0,0
170168,4,1,1990,0,0,0,0,0,0,10,0,0,0
170169,0,1,1990,36,8,0,0,14,29,16,8,0,0
170169,1,1,1990,0,0,8,7,0,19,0,8,0,16
170170,1,1,1990,0,0,0,0,0,0,0,0,0,0
170170,2,1,1990,0,0,0,0,0,0,0,0,0,0
170171,1,1,1990,7,0,0,0,0,0,0,0,0,0
170171,2,1,1990,0,0,0,0,0,0,2,0,0,0
170172,1,1,1990,25,25,25,25,25,25,25,25,25,25
170173,0,1,1990,19,19,19,19,19,19,19,19,19,19
170173,1,1,1990,0,0,0,0,0,0,0,0,0,0
170174,1,1,1990,0,0,0,0,0,0,0,0,0,0
170175,0,1,1990,1,1,1,1,1,1,1,1,1,1
170175,1,1,1990,0,0,0,7,0,0,0,0,0,0
170175,2,1,1990,0,0,0,0,0,0,0,0,15,0
170175,3,1,1990,0,0,0,0,0,0,0,0,0,0
170175,4,1,1990,0,0,0,0,0,0,0,0,0,0
170175,5,1,1990,0,0,0,0,0,0,0,0,0,0
170175,6,1,1990,27,27,27,27,27,27,27,27,27,27
170175,8,1,1990,0,0,0,0,0,0,0,0,0,0
170175,9,1,1990,1,1,1,1,1,1,1,1,1,1
170175,10,1,1990,0,0,0,0,0,0,0,0,0,0
170175,11,1,1990,0,0,0,0,0,0,0,0,0,0
170175,12,1,1990,0,0,0,0,8,0,0,18,0,0
170175,13,1,1990,0,0,0,0,0,0,0,0,0,0
170175,14,1,1990,0,0,0,0,0,0,16,0,0,0
170176,1,1,1990,0,0,0,0,0,0,0,0,0,0
170176,2,1,1990,0,0,0,0,0,0,0,0,0,0
170177,1,1,1990,13,12,6,9,14,19,25,24,11,21
170178,1,1,1990,11,11,11,11,11,11,11,11,11,11
170179,1,1,1990,0,0,0,0,0,0,0,0,0,0
170180,1,1,1990,33,33,33,33,33,33,33,33,33,33
170181,1,1,1990,0,0,0,0,0,0,0,0,0,0
170182,1,1,1990,0,0,0,0,0,0,0,0,0,0
170183,1,1,1990,0,0,0,0,0,0,0,0,0,0
170183,2,1,1990,0,0,0,0,0,0,0,0,0,0
170184,1,1,1990,10,10,10,10,10,10,10,10,10,10
170184,2,1,1990,0,0,0,0,0,0,0,0,0,0
170185,1,1,1990,0,0,0,0,0,0,19,0,0,0
170185,2,1,1990,0,0,0,0,0,0,23,0,0,0
170186,1,1,1990,0,0,0,0,0,0,0,0,0,0
170187,1,1,1990,0,0,0,0,0,0,0,0,0,0
170188,1,1,1990,0,0,0,0,0,0,14,0,0,0
170188,2,1,1990,2,2,2,2,2,2,2,2,2,2
170188,3,1,1990,0,0,0,0,0,0,0,0,0,0
170188,4,1,1990,0,0,0,0,0,0,0,0,0,0
170189,1,1,1990,0,0,0,0,0,0,0,0,0,0
170190,1,1,1990,0,0,0,0,0,0,0,0,0,0
170190,2,1,1990,0,0,0,0,0,0,0,0,0,0
170191,0,1,1990,0,0,0,0,0,0,0,0,0,0
170191,1,1,1990,0,0,0,0,0,0,0,15,0,0
170192,0,1,1990,27,27,27,27,27,27,27,27,27,27
170192,1,1,1990,23,0,20,20,0,22,8,20,0,16
170193,1,1,1990,0,0,15,0,0,15,0,0,0,0
170194,0,1,1990,0,0,0,0,0,0,0,0,0,0
170194,1,1,1990,0,0,0,0,0,0,0,0,0,0
170195,1,1,1990,16,16,16,16,16,16,16,16,16,16
170196,1,1,1990,0,0,0,0,0,0,0,0,0,0
170196,2,1,1990,0,0,0,0,0,0,0,0,0,0
170197,1,1,1990,18,18,18,18,18,18,18,18,18,18
170197,2,1,1990,0,0,0,0,0,0,0,0,0,0
170198,0,1,1990,0,0,0,0,0,0,0,0,0,0
170198,1,1,1990,0,0,0,0,0,0,0,0,0,0
170199,1,1,1990,22,22,22,22,22,22,22,22,22,22
170200,0,1,1990,0,0,0,0,0,0,0,0,0,0
170200,1,1,1990,14,25,25,0,0,22,26,12,20,0
170201,1,1,1990,12,12,12,12,12,12,12,12,12,12
170201,2,1,1990,3,3,3,3,3,3,3,3,3,3
170201,3,1,1990,0,0,12,0,0,0,0,0,0,24
170202,1,1,1990,14,11,0,12,0,19,0,21,14,0
170203,1,1,1990,21,21,21,21,21,21,21,21,21,21
170203,2,1,1990,0,0,0,0,0,0,0,5,0,0
170204,1,1,1990,15,15,15,15,15,15,15,15,15,15
170204,2,1,1990,0,0,0,0,0,0,0,0,0,0
170205,1,1,1990,0,0,0,9,0,0,17,10,0,0
170205,2,1,1990,0,0,0,0,0,7,0,0,0,26
170206,1,1,1990,19,19,19,19,19,19,19,19,19,19
170207,1,1,1990,0,0,0,0,0,0,0,0,0,0
170208,1,1,1990,0,0,0,0,0,0,0,0,0,0
170208,2,1,1990,0,0,0,0,0,0,0,0,0,0
170209,1,1,1990,0,0,0,0,0,0,0,0,0,0
170210,1,1,1990,7,15,14,0,5,0,14,0,8,0
170210,2,1,1990,0,0,0,0,0,0,0,0,0,0
170211,1,1,1990,18,18,18,18,18,18,18,18,18,18
170212,1,1,1990,14,14,14,14,14,14,14,14,14,14
170212,2,1,1990,0,0,0,0,0,0,0,0,0,0
170213,1,1,1990,23,23,23,23,23,23,23,23,23,23
170214,1,1,1990,0,0,0,0,0,0,0,0,0,0
170214,2,1,1990,0,0,0,0,0,0,15,0,0,0
170215,0,1,1990,0,0,0,0,0,0,0,0,0,0
170215,1,1,1990,0,0,0,0,0,0,0,11,8,0
170216,1,1,1990,0,0,0,0,0,0,8,0,0,0
170216,2,1,1990,0,0,0,0,0,0,0,0,0,0
170217,0,1,1990,0,0,0,0,0,0,0,0,0,0
170217,1,1,1990,0,0,0,0,0,0,0,0,0,0
170218,1,1,1990,0,0,0,0,21,0,13,0,0,0
170219,1,1,1990,27,27,27,27,27,27,27,27,27,27
170219,2,1,1990,0,0,0,0,0,0,0,0,0,7
170220,0,1,1990,13,13,13,13,13,13,13,13,13,13
170220,1,1,1990,0,0,0,0,0,7,0,0,20,12
170221,1,1,1990,14,14,14,14,14,14,14,14,14,14
170222,1,1,1990,17,17,17,17,17,17,17,17,17,17
170223,1,1,1990,21,21,21,21,21,21,21,21,21,21
170223,2,1,1990,14,0,4,0,0,15,0,0,0,0
170224,1,1,1990,0,0,0,0,0,0,0,0,0,0
170224,2,1,1990,0,0,0,0,0,0,0,0,0,0
170225,1,1,1990,21,21,21,21,21,21,21,21,21,21
170226,1,1,1990,23,23,23,23,23,23,23,23,23,23
170226,2,1,1990,10,15,0,8,0,21,11,5,10,0
170227,1,1,1990,0,0,0,0,0,0,0,0,0,0
170228,1,1,1990,0,0,0,0,0,0,0,0,0,0
170228,2,1,1990,24,24,28,12,4,0,12,10,16,21
170229,1,1,1990,17,17,17,17,17,17,17,17,17,17
170230,1,1,1990,27,27,27,27,27,27,27,27,27,27
170231,0,1,1990,0,0,0,0,0,0,0,0,0,0
170231,1,1,1990,3,3,3,3,3,3,3,3,3,3
170231,2,1,1990,0,0,0,2,8,0,0,0,21,0
170232,1,1,1990,0,0,0,0,0,0,0,0,0,0
170232,2,1,1990,0,0,0,0,0,0,0,0,0,0
170233,0,1,1990,13,13,13,13,13,13,13,13,13,13
170233,1,1,1990,14,22,0,18,0,0,21,41,5,0
170235,0,1,1990,0,0,0,0,0,0,0,0,0,0
170235,1,1,1990,12,12,12,12,12,12,12,12,12,12
170236,1,1,1990,1,1,1,1,1,1,1,1,1,1
170236,2,1,1990,0,0,0,0,0,0,0,0,0,0
170237,1,1,1990,19,19,19,19,19,19,19,19,19,19
170238,1,1,1990,30,30,30,30,30,30,30,30,30,30
170239,1,1,1990,0,0,0,0,16,0,6,11,0,14
170239,2,1,1990,0,0,0,0,0,0,0,0,0,0
170240,1,1,1990,0,0,0,0,0,0,0,0,0,0
170241,0,1,1990,0,0,0,0,0,0,0,0,0,0
170241,1,1,1990,0,0,0,0,0,0,0,0,0,0
170242,1,1,1990,6,0,0,0,0,0,0,43,0,0
170242,2,1,1990,0,0,0,0,0,0,0,0,0,0
170243,1,1,1990,0,0,0,0,0,0,0,0,0,0
170243,2,1,1990,0,0,0,0,0,0,0,0,0,0
170244,1,1,1990,0,0,0,0,0,0,0,0,0,0
170245,0,1,1990,0,0,0,0,0,0,0,0,0,0
170245,1,1,1990,0,0,0,0,0,0,0,0,0,0
170246,1,1,1990,17,17,17,17,17,17,17,17,17,17
170246,2,1,1990,0,0,0,0,0,0,0,0,0,0
170247,1,1,1990,0,0,0,0,0,0,0,0,0,0
170247,2,1,1990,0,0,0,0,0,0,0,0,0,0
170247,3,1,1990,0,0,0,0,0,0,0,0,0,0
170248,0,1,1990,0,0,0,0,0,0,0,0,0,0
170248,1,1,1990,0,0,0,0,0,0,0,0,0,0
170249,1,1,1990,0,0,0,22,0,0,0,0,0,0
170249,2,1,1990,0,11,0,0,0,0,0,0,0,16
170249,3,1,1990,0,0,0,0,0,0,0,0,0,0
170250,0,1,1990,18,0,0,0,0,6,0,0,0,0
170250,1,1,1990,0,0,0,0,0,0,0,0,0,0
170251,1,1,1990,0,0,0,0,0,0,0,0,0,0
170251,2,1,1990,0,0,0,0,0,0,0,0,0,0
170251,3,1,1990,0,0,0,0,0,0,0,9,0,0
170252,1,1,1990,0,0,0,0,1,0,0,0,0,18
170252,2,1,1990,0,0,0,0,0,0,0,0,0,0
170253,1,1,1990,0,0,0,0,0,0,0,0,0,0
170254,1,1,1990,28,28,28,28,28,28,28,28,28,28
170255,1,1,1990,0,0,0,0,0,0,0,0,0,0
170255,2,1,1990,0,0,0,0,5,0,0,0,0,0
170256,1,1,1990,9,9,9,9,9,9,9,9,9,9
170257,1,1,1990,4,0,35,13,7,0,0,11,9,0
170257,2,1,1990,0,0,9,0,0,0,0,0,0,0
170258,1,1,1990,8,8,8,8,8,8,8,8,8,8
170260,1,1,1990,11,21,22,14,15,39,18,35,27,11
170261,0,1,1990,0,0,0,0,0,0,0,0,0,0
170261,1,1,1990,0,0,0,0,0,0,0,0,0,0
170262,0,1,1990,0,0,0,0,0,0,0,0,0,0
170262,1,1,1990,0,0,0,0,0,0,0,0,0,0
170263,1,1,1990,0,0,0,0,0,0,0,0,3,0
170263,2,1,1990,0,0,0,0,0,0,0,0,0,0
170264,1,1,1990,0,0,16,18,17,6,38,15,0,0
170265,1,1,1990,0,0,0,0,0,21,0,6,0,0
170265,2,1,1990,0,0,0,0,0,0,0,0,0,0
170266,1,1,1990,12,12,12,12,12,12,12,12,12,12
170267,1,1,1990,0,0,0,0,0,0,0,0,0,0
170268,1,1,1990,28,28,28,28,28,28,28,28,28,28
170268,2,1,1990,2,2,2,2,2,2,2,2,2,2
170269,0,1,1990,3,0,0,0,0,0,0,0,0,0
170269,1,1,1990,0,0,0,0,0,0,0,0,0,0
170270,1,1,1990,0,0,0,0,0,0,0,0,0,0
170271,1,1,1990,0,0,0,0,0,19,0,0,0,0
170271,2,1,1990,18,0,0,0,0,0,0,0,0,0
170272,1,1,1990,0,0,0,0,0,0,0,0,0,0
170272,2,1,1990,0,0,0,0,0,21,0,0,0,0
170272,3,1,1990,0,0,0,0,0,0,0,0,0,0
170273,1,1,1990,27,27,27,27,27,27,27,27,27,27
170274,1,1,1990,10,10,10,10,10,10,10,10,10,10
170275,1,1,1990,0,0,0,0,0,0,0,0,0,0
170275,2,1,1990,0,0,0,0,0,0,0,9,0,0
170275,3,1,1990,0,24,0,0,0,0,0,3,0,0
170275,4,1,1990,5,0,25,0,0,0,0,0,0,0
170275,5,1,1990,0,0,0,16,0,0,15,0,7,0
170275,6,1,1990,0,0,14,0,0,0,0,0,0,0
170276,1,1,1990,17,17,17,17,17,17,17,17,17,17
170276,2,1,1990,0,0,0,0,0,0,0,0,0,0
170277,1,1,1990,0,0,0,0,7,0,0,0,0,0
170278,1,1,1990,10,10,10,10,10,10,10,10,10,10
170278,2,1,1990,25,25,25,25,25,25,25,25,25,25
170279,1,1,1990,33,33,33,33,33,33,33,33,33,33
170279,2,1,1990,0,0,0,0,0,0,0,0,0,0
170280,1,1,1990,21,21,21,21,21,21,21,21,21,21
170280,2,1,1990,0,0,0,0,0,0,10,13,14,8
170281,1,1,1990,12,29,32,44,20,0,24,19,16,14
170282,1,1,1990,0,0,0,0,0,0,0,0,0,0
170282,2,1,1990,0,0,0,0,0,0,0,0,0,0
170282,3,1,1990,0,0,0,0,0,0,0,0,0,0
170283,1,1,1990,0,16,0,14,15,9,22,0,0,16
170283,2,1,1990,0,0,0,0,0,0,0,0,0,0
170284,0,1,1990,0,0,0,0,0,0,0,0,0,0
170284,1,1,1990,0,0,0,0,0,0,0,0,0,0
170285,1,1,1990,28,28,28,28,28,28,28,28,28,28
170286,1,1,1990,23,23,23,23,23,23,23,23,23,23
170287,1,1,1990,19,19,19,19,19,19,19,19,19,19
170288,0,1,1990,0,0,0,0,0,0,0,0,0,0
170288,1,1,1990,0,0,0,0,18,0,0,0,0,0
170289,0,1,1990,16,16,16,16,16,16,16,16,16,16
170289,1,1,1990,0,0,0,0,0,0,0,0,0,0
170290,1,1,1990,0,0,0,0,0,0,0,0,0,0
170290,2,1,1990,0,0,0,0,0,0,0,0,0,0
170290,3,1,1990,0,0,0,0,0,0,0,0,0,0
170290,4,1,1990,0,0,0,0,0,0,0,0,0,0
170291,0,1,1990,20,20,20,20,20,20,20,20,20,20
170291,1,1,1990,0,0,0,0,0,0,21,0,0,0
170292,1,1,1990,0,0,12,0,0,0,11,12,0,0
170292,2,1,1990,0,0,0,0,0,0,0,0,0,0
170293,1,1,1990,15,15,15,15,15,15,15,15,15,15
170293,2,1,1990,8,8,8,8,8,8,8,8,8,8
170294,1,1,1990,0,0,0,0,0,0,0,0,0,0
170294,2,1,1990,0,0,0,0,0,0,0,0,0,0
170295,1,1,1990,15,6,10,0,4,30,34,19,11,12
170295,2,1,1990,0,0,0,11,0,0,0,0,0,0
170295,3,1,1990,0,0,0,0,0,0,0,0,0,0
170296,1,1,1990,0,0,0,0,0,0,0,0,0,0
170296,2,1,1990,16,16,16,16,16,16,16,16,16,16
170297,1,1,1990,21,21,21,21,21,21,21,21,21,21
170298,1,1,1990,12,29,19,6,0,0,0,14,12,14
170299,1,1,1990,0,0,0,0,2,0,7,0,0,0
170300,1,1,1990,20,42,29,11,20,11,27,17,12,18
170301,1,1,1990,17,17,17,17,17,17,17,17,17,17
170302,0,1,1990,23,23,23,23,23,23,23,23,23,23
170302,1,1,1990,0,0,0,0,0,0,5,0,24,0
170303,1,1,1990,0,0,0,0,0,0,0,0,0,0
170303,2,1,1990,0,0,0,0,0,0,0,0,0,0
170303,3,1,1990,0,0,0,0,0,0,0,0,0,19
170304,1,1,1990,0,0,0,0,0,0,0,0,0,0
170304,2,1,1990,0,0,0,0,0,0,0,0,0,0
170305,1,1,1990,19,19,19,19,19,19,19,19,19,19
170305,2,1,1990,0,10,12,0,0,0,0,0,0,0
170306,1,1,1990,0,0,0,0,0,0,0,0,0,0
170307,1,1,1990,1,1,1,1,1,1,1,1,1,1
170308,1,1,1990,0,0,0,0,0,0,0,0,0,0
170308,2,1,1990,0,0,0,0,0,0,0,0,0,0
170308,3,1,1990,0,0,0,5,0,0,0,0,0,0
170309,0,1,1990,0,0,0,0,0,0,0,0,0,0
170309,1,1,1990,0,0,0,0,0,0,0,0,0,0
170310,1,1,1990,0,0,0,0,0,0,0,0,0,0
170310,2,1,1990,0,0,0,0,0,0,0,0,0,0
170310,3,1,1990,0,15,0,0,0,0,0,20,0,0
170311,1,1,1990,0,0,0,0,0,5,9,0,0,0
170312,0,1,1990,0,0,0,0,0,0,0,0,0,0
170312,1,1,1990,0,0,0,0,0,0,0,0,0,0
170313,0,1,1990,25,25,25,25,25,25,25,25,25,25
170313,0,2,1990,12,12,12,12,12,12,12,12,12,12
170313,1,1,1990,0,0,0,0,0,0,0,0,0,0
170314,0,1,1990,0,0,0,0,0,0,0,0,0,0
170314,1,1,1990,0,0,0,0,0,0,0,0,0,14
170315,1,1,1990,11,11,11,11,11,11,11,11,11,11
170315,2,1,1990,0,0,0,0,0,0,0,0,0,0
170315,3,1,1990,0,0,0,0,0,0,0,0,0,0
170316,1,1,1990,24,24,24,24,24,24,24,24,24,24
170317,0,1,1990,0,0,0,0,0,0,0,0,0,0
170317,1,1,1990,0,0,0,0,0,0,0,0,0,0
170318,1,1,1990,13,25,0,0,0,0,0,0,0,0
170319,1,1,1990,18,16,22,21,9,14,12,3,25,13
170320,1,1,1990,14,14,14,14,14,14,14,14,14,14
170321,1,1,1990,0,0,0,0,0,0,0,0,0,0
170322,1,1,1990,0,0,0,0,0,0,0,0,0,0
170322,2,1,1990,0,0,0,0,0,0,0,0,0,0
170323,1,1,1990,3,7,19,0,0,0,0,13,14,17
170323,2,1,1990,0,0,0,0,0,0,0,0,0,0
170324,1,1,1990,0,0,0,0,25,0,0,0,0,0
170324,2,1,1990,0,0,0,0,0,0,0,0,0,0
170325,1,1,1990,0,20,0,0,0,0,0,0,0,0
170325,2,1,1990,0,0,0,0,0,0,0,0,0,0
170326,1,1,1990,23,23,23,23,23,23,23,23,23,23
170327,1,1,1990,19,0,0,0,0,0,0,0,0,0
170327,2,1,1990,0,0,0,0,0,0,18,0,0,0
170328,1,1,1990,0,0,0,0,0,0,0,0,0,0
170329,1,1,1990,0,0,0,0,0,0,0,0,0,0
170329,2,1,1990,0,0,0,0,0,0,0,0,0,0
170330,1,1,1990,20,20,20,20,20,20,20,20,20,20
170331,1,1,1990,23,23,23,23,23,23,23,23,23,23
170332,1,1,1990,0,0,0,0,17,0,0,0,0,0
170332,2,1,1990,0,0,0,0,0,0,0,0,0,0
170333,1,1,1990,25,25,25,25,25,25,25,25,25,25
170334,1,1,1990,23,23,23,23,23,23,23,23,23,23
170335,1,1,1990,0,8,15,19,0,24,28,17,10,14
170335,2,1,1990,0,0,2,0,0,0,0,0,0,0
170336,0,1,1990,0,0,0,0,26,5,0,0,0,15
170336,0,2,1990,0,0,0,0,0,0,0,0,0,0
170336,1,1,1990,32,0,0,0,0,0,0,24,0,0
170337,1,1,1990,14,14,14,14,14,14,14,14,14,14
170338,0,1,1990,17,17,17,17,17,17,17,17,17,17
170338,1,1,1990,7,10,11,0,19,9,16,0,0,25
170339,1,1,1990,13,13,13,13,13,13,13,13,13,13
170340,1,1,1990,11,11,11,11,11,11,11,11,11,11
170341,1,1,1990,20,20,20,20,20,20,20,20,20,20
170341,2,1,1990,0,0,0,0,0,0,0,0,0,0
170342,1,1,1990,0,0,0,0,0,0,0,0,0,0
170342,2,1,1990,0,0,0,0,0,0,0,0,0,0
170343,1,1,1990,0,0,0,0,0,0,0,0,0,0
170343,2,1,1990,0,11,6,0,0,0,0,20,0,0
170344,1,1,1990,0,0,0,0,0,0,0,0,0,0
170345,1,1,1990,0,0,0,0,0,0,0,0,0,0
170345,2,1,1990,0,0,0,0,0,0,0,0,0,0
170346,0,1,1990,0,0,0,0,0,0,0,0,0,0
170346,0,2,1990,19,35,11,35,0,0,40,18,0,0
170346,1,1,1990,0,0,0,0,0,0,0,10,13,0
170347,1,1,1990,4,4,0,6,5,19,12,7,20,3
170347,2,1,1990,0,0,0,0,0,0,0,0,0,0
170347,3,1,1990,0,0,0,0,0,0,0,0,0,0
170348,0,1,1990,0,0,0,0,0,0,0,0,0,0
170348,1,1,1990,0,0,13,33,0,0,13,0,0,0
170349,1,1,1990,23,23,23,23,23,23,23,23,23,23
170349,2,1,1990,11,30,0,19,0,11,0,18,21,22
170350,1,1,1990,0,0,0,15,0,0,0,0,0,0
170350,2,1,1990,0,0,0,0,0,0,0,0,0,0
170351,1,1,1990,12,12,12,12,12,12,12,12,12,12
170352,1,1,1990,0,0,0,0,0,0,0,0,0,0
170352,2,1,1990,0,9,0,0,0,0,0,0,0,0
170353,1,1,1990,0,0,0,0,0,0,0,0,0,0
170353,2,1,1990,0,0,0,0,0,0,0,0,0,0
170354,0,1,1990,0,0,0,0,0,0,0,0,0,0
170354,1,1,1990,0,0,0,0,0,0,0,0,0,0
170355,0,1,1990,0,0,0,0,0,0,0,0,0,0
170355,1,1,1990,0,0,0,0,0,0,0,0,0,0
170356,1,1,1990,0,0,0,0,0,0,0,0,0,0
170356,2,1,1990,0,0,0,0,0,0,0,0,0,0
170357,1,1,1990,0,0,9,0,0,0,0,0,0,0
170357,2,1,1990,0,0,0,0,0,0,0,11,0,0
170357,3,1,1990,0,0,0,0,0,0,0,0,0,0
170358,1,1,1990,30,30,30,30,30,30,30,30,30,30
170359,1,1,1990,0,0,25,6,3,14,0,9,0,13
170360,1,1,1990,22,22,22,22,22,22,22,22,22,22
170360,2,1,1990,0,0,0,0,0,0,0,0,0,0
170360,3,1,1990,0,0,0,0,0,0,0,10,0,0
170360,4,1,1990,0,0,0,0,0,0,19,0,0,0
170361,1,1,1990,0,0,0,0,0,0,0,0,0,0
170361,2,1,1990,0,0,0,0,9,0,0,0,0,0
170361,3,1,1990,0,0,0,0,0,0,0,16,0,0
170362,1,1,1990,7,7,7,7,7,7,7,7,7,7
170362,2,1,1990,0,0,0,0,0,0,0,0,0,0
170363,0,1,1990,3,3,3,3,3,3,3,3,3,3
170363,1,1,1990,21,21,21,21,21,21,21,21,21,21
170364,0,1,1990,28,28,28,28,28,28,28,28,28,28
170364,0,2,1990,0,0,0,0,0,0,0,0,0,0
170364,1,1,1990,0,0,0,0,0,0,0,0,0,0
170364,2,1,1990,0,0,0,0,0,0,0,0,0,0
170365,1,1,1990,14,14,14,14,14,14,14,14,14,14
170365,2,1,1990,0,0,0,0,0,0,0,0,0,0
170366,1,1,1990,0,0,0,0,0,0,0,0,0,0
170366,2,1,1990,0,0,0,0,0,0,0,0,0,0
170366,3,1,1990,0,0,0,0,0,0,0,0,0,0
170367,1,1,1990,4,4,4,4,4,4,4,4,4,4
170367,2,1,1990,0,0,0,0,0,0,0,0,0,0
170367,3,1,1990,0,0,0,0,0,0,6,0,0,0
170368,1,1,1990,0,0,0,0,0,19,0,0,0,0
170368,2,1,1990,0,0,0,0,0,0,0,0,0,0
170369,1,1,1990,0,22,0,0,0,0,0,0,0,0
170369,2,1,1990,0,0,0,0,0,0,0,0,0,0
170370,1,1,1990,25,25,25,25,25,25,25,25,25,25
170371,1,1,1990,23,23,23,23,23,23,23,23,23,23
170372,1,1,1990,0,0,0,0,0,0,0,0,0,0
170373,1,1,1990,24,0,0,0,13,0,0,21,0,0
170373,2,1,1990,0,0,0,0,0,0,0,0,0,0
170374,1,1,1990,0,0,0,0,0,0,0,0,0,0
170374,2,1,1990,33,22,14,0,9,0,0,0,0,0
170375,1,1,1990,0,0,0,0,0,0,0,0,0,0
170375,2,1,1990,0,0,0,0,0,0,0,0,0,0
170377,1,1,1990,0,0,0,0,0,0,0,0,0,0
170378,1,1,1990,0,0,0,0,0,0,0,0,0,0
170379,1,1,1990,18,18,18,18,18,18,18,18,18,18
170380,1,1,1990,0,0,0,0,0,0,0,0,0,0
170381,1,1,1990,26,26,26,26,26,26,26,26,26,26
170382,1,1,1990,2,2,2,2,2,2,2,2,2,2
170382,2,1,1990,0,0,18,0,0,0,0,0,0,0
170383,1,1,1990,13,13,13,13,13,13,13,13,13,13
170383,2,1,1990,5,0,0,19,0,0,3,0,0,0
170384,1,1,1990,19,19,19,19,19,19,19,19,19,19
170385,1,1,1990,0,0,0,0,0,0,0,0,0,0
170385,2,1,1990,0,0,0,0,0,0,0,0,0,0
170386,1,1,1990,19,21,0,15,7,0,21,0,29,17
170387,0,1,1990,9,9,9,9,9,9,9,9,9,9
170387,1,1,1990,19,0,0,0,0,0,0,0,0,0
170388,1,1,1990,6,6,6,6,6,6,6,6,6,6
170388,2,1,1990,26,0,0,0,0,0,0,0,0,9
170389,1,1,1990,23,23,23,23,23,23,23,23,23,23
170389,2,1,1990,0,0,0,0,0,0,0,5,0,0
170390,1,1,1990,12,12,12,12,12,12,12,12,12,12
170390,2,1,1990,0,0,0,0,0,0,0,0,0,0
170391,1,1,1990,16,16,16,16,16,16,16,16,16,16
170391,2,1,1990,0,0,0,0,0,0,0,0,0,0
170392,1,1,1990,0,0,0,23,0,0,0,0,8,0
170392,2,1,1990,0,10,0,0,0,0,0,0,0,0
170393,1,1,1990,25,25,25,25,25,25,25,25,25,25
170394,1,1,1990,13,13,13,13,13,13,13,13,13,13
170395,1,1,1990,24,24,24,24,24,24,24,24,24,24
170395,2,1,1990,10,10,10,10,10,10,10,10,10,10
170396,1,1,1990,0,0,0,12,0,0,0,0,6,0
170397,1,1,1990,6,0,7,13,12,0,11,0,28,14
170397,2,1,1990,0,0,0,0,0,0,0,0,0,0
170398,0,1,1990,24,10,0,0,0,29,0,0,0,29
170398,1,1,1990,0,0,3,0,0,0,0,0,12,0
170398,2,1,1990,0,0,0,0,7,22,0,0,0,0
170398,3,1,1990,0,0,0,0,0,0,0,0,0,0
170399,0,1,1990,0,0,0,0,0,0,0,0,0,0
170399,1,1,1990,0,8,0,9,0,16,0,0,0,0
170400,1,1,1990,0,0,0,0,2,0,0,0,0,0
170400,2,1,1990,0,0,0,0,0,0,0,0,0,0
170401,0,1,1990,22,22,22,22,22,22,22,22,22,22
170401,1,1,1990,14,11,31,19,23,5,0,0,20,11
170402,0,1,1990,0,0,0,0,0,0,0,0,0,0
170402,1,1,1990,27,19,11,0,15,0,0,4,0,0
170403,1,1,1990,0,0,0,0,0,0,0,0,0,0
170403,2,1,1990,0,0,0,0,0,0,0,0,0,0
170404,1,1,1990,5,5,5,5,5,5,5,5,5,5
170404,2,1,1990,23,23,23,23,23,23,23,23,23,23
170405,0,1,1990,0,0,0,0,0,0,0,0,0,0
170405,1,1,1990,0,0,0,0,0,0,0,0,0,0
170406,0,1,1990,0,0,0,0,0,0,0,0,0,0
170406,1,1,1990,0,0,0,0,0,0,0,0,0,0
170407,1,1,1990,15,15,15,15,15,15,15,15,15,15
170408,1,1,1990,25,25,25,25,25,25,25,25,25,25
170409,1,1,1990,18,18,18,18,18,18,18,18,18,18