ST_CASE,VEH_NO,PER_NO,YEAR,P1,P2,P3,P4,P5,P6,P7,P8,P9,P10
170410,1,1,1990,22,22,22,22,22,22,22,22,22,22
170410,2,1,1990,14,14,14,14,14,14,14,14,14,14
170411,1,1,1990,0,0,0,0,0,0,0,0,0,0
170411,2,1,1990,0,0,0,0,0,0,0,0,0,0
170412,1,1,1990,9,9,9,9,9,9,9,9,9,9
170412,2,1,1990,8,0,0,12,0,0,0,0,0,10
170413,1,1,1990,0,20,0,0,19,0,0,0,0,16
170413,2,1,1990,0,0,0,0,0,0,0,0,0,0
170413,3,1,1990,0,0,0,10,0,0,0,0,0,0
170414,1,1,1990,0,0,0,0,0,0,0,0,0,0
170414,2,1,1990,0,0,0,0,0,0,0,0,0,0
170415,1,1,1990,0,0,0,0,0,0,0,0,0,0
170415,2,1,1990,0,0,0,0,0,0,0,0,0,0
170416,1,1,1990,32,32,32,32,32,32,32,32,32,32
170417,1,1,1990,29,29,29,29,29,29,29,29,29,29
170418,1,1,1990,10,10,10,10,10,10,10,10,10,10
170418,2,1,1990,0,0,0,0,0,0,0,0,0,0
170418,3,1,1990,0,0,0,0,0,0,0,0,0,0
170418,4,1,1990,0,0,0,0,0,0,0,0,0,0
170419,1,1,1990,13,13,13,13,13,13,13,13,13,13
170419,2,1,1990,14,0,0,0,0,0,0,0,0,0
170420,1,1,1990,12,0,8,0,9,0,5,34,10,13
170421,1,1,1990,0,0,0,5,0,0,9,0,0,18
170421,2,1,1990,0,0,0,0,0,0,9,0,0,0
170422,0,1,1990,0,0,0,0,0,0,0,0,0,0
170422,1,1,1990,0,0,0,0,0,0,0,0,0,0
170423,1,1,1990,20,20,20,20,20,20,20,20,20,20
170424,1,1,1990,5,5,5,5,5,5,5,5,5,5
170425,1,1,1990,19,19,19,19,19,19,19,19,19,19
170426,1,1,1990,17,17,17,17,17,17,17,17,17,17
170427,1,1,1990,0,0,0,0,0,0,0,0,0,0
170428,0,1,1990,0,0,0,0,0,0,0,0,0,0
170428,0,2,1990,0,9,0,18,15,24,0,28,10,24
170428,1,1,1990,0,17,9,0,17,0,0,0,0,17
170429,1,1,1990,0,0,0,0,0,0,0,0,0,0
170429,2,1,1990,0,0,0,0,0,0,0,0,0,0
170430,1,1,1990,0,0,0,0,0,0,0,0,0,0
170431,0,1,1990,28,28,28,28,28,28,28,28,28,28
170431,1,1,1990,15,0,0,0,0,0,0,0,0,0
170432,1,1,1990,12,12,12,12,12,12,12,12,12,12
170432,2,1,1990,0,0,0,0,0,0,0,0,0,0
170433,1,1,1990,0,0,0,0,0,0,0,0,0,0
170433,2,1,1990,0,0,0,0,0,0,0,0,0,0
170434,1,1,1990,0,34,0,0,8,0,0,0,0,0
170435,1,1,1990,16,16,16,16,16,16,16,16,16,16
170436,1,1,1990,0,0,0,0,0,0,0,0,0,0
170436,2,1,1990,0,3,0,0,0,0,29,0,0,0
170436,3,1,1990,0,0,0,0,0,0,0,0,0,0
170437,1,1,1990,19,8,0,7,10,14,15,22,27,11
170437,2,1,1990,21,21,21,21,21,21,21,21,21,21
170438,1,1,1990,0,0,0,0,0,9,0,0,0,0
170438,2,1,1990,0,0,0,0,0,0,0,0,0,0
170439,1,1,1990,12,12,12,12,12,12,12,12,12,12
170439,2,1,1990,0,0,0,0,0,0,0,0,0,0
170440,1,1,1990,0,0,0,0,0,0,0,0,0,0
170440,2,1,1990,0,0,0,0,0,0,0,0,0,0
170441,1,1,1990,0,0,0,0,0,0,0,0,0,0
170442,1,1,1990,0,0,0,0,0,0,0,0,0,0
170443,1,1,1990,28,28,28,28,28,28,28,28,28,28
170443,2,1,1990,27,27,27,27,27,27,27,27,27,27
170444,1,1,1990,0,0,0,0,0,0,0,0,0,0
170444,2,1,1990,0,0,17,0,0,0,0,0,0,0
170445,0,1,1990,0,0,0,0,0,0,0,0,0,0
170445,1,1,1990,0,0,0,0,0,0,0,0,0,0
170445,2,1,1990,0,0,0,0,0,0,0,0,0,0
170446,1,1,1990,0,0,0,0,0,0,0,0,0,0
170446,2,1,1990,0,0,0,0,0,0,0,0,0,0
170447,1,1,1990,0,0,0,0,0,0,0,0,0,0
170448,1,1,1990,0,0,0,0,0,0,0,0,0,0
170448,2,1,1990,11,11,11,11,11,11,11,11,11,11
170449,1,1,1990,0,0,0,0,0,0,0,0,0,0
170449,2,1,1990,0,0,0,0,0,0,0,0,0,0
170450,1,1,1990,12,12,12,12,12,12,12,12,12,12
170451,1,1,1990,20,23,21,8,17,0,0,0,11,0
170451,2,1,1990,0,0,0,0,0,0,0,0,0,0
170452,1,1,1990,25,25,25,25,25,25,25,25,25,25
170453,1,1,1990,30,30,30,30,30,30,30,30,30,30
170454,0,1,1990,26,26,26,26,26,26,26,26,26,26
170454,1,1,1990,0,0,0,0,0,0,0,11,0,0
170455,1,1,1990,34,34,34,34,34,34,34,34,34,34
170455,2,1,1990,0,0,0,0,0,0,0,0,51,0
170456,0,1,1990,29,29,29,29,29,29,29,29,29,29
170456,1,1,1990,0,0,6,0,0,0,12,0,0,0
170457,0,1,1990,36,36,36,36,36,36,36,36,36,36
170457,1,1,1990,0,0,0,0,0,0,0,0,0,0
170458,1,1,1990,15,15,15,15,15,15,15,15,15,15
170458,2,1,1990,0,0,0,0,0,0,0,0,0,0
170458,3,1,1990,0,15,0,0,0,0,0,0,0,0
170459,1,1,1990,0,0,0,0,0,0,0,0,0,0
170460,1,1,1990,0,0,0,0,0,0,0,0,0,0
170461,1,1,1990,7,7,7,7,7,7,7,7,7,7
170461,2,1,1990,0,0,0,0,0,0,0,0,0,0
170462,1,1,1990,21,21,21,21,21,21,21,21,21,21
170463,1,1,1990,5,5,5,5,5,5,5,5,5,5
170463,2,1,1990,22,0,0,14,26,17,0,0,20,9
170464,1,1,1990,14,14,14,14,14,14,14,14,14,14
170465,1,1,1990,0,0,0,0,0,0,0,0,0,0
170466,1,1,1990,11,11,11,11,11,11,11,11,11,11
170467,1,1,1990,0,12,16,0,0,0,30,0,0,0
170467,2,1,1990,10,10,10,10,10,10,10,10,10,10
170468,1,1,1990,0,0,0,0,0,0,0,0,0,0
170468,2,1,1990,0,0,0,0,0,0,0,0,0,0
170469,1,1,1990,23,23,23,23,23,23,23,23,23,23
170469,2,1,1990,1,1,1,1,1,1,1,1,1,1
170470,1,1,1990,0,0,0,0,0,0,0,0,0,0
170471,1,1,1990,0,0,0,0,0,0,0,0,0,0
170472,1,1,1990,2,2,2,2,2,2,2,2,2,2
170472,2,1,1990,0,0,0,0,0,0,0,0,0,0
170472,3,1,1990,0,0,0,0,0,0,0,0,0,0
170473,1,1,1990,22,20,18,18,37,15,16,0,21,23
170474,0,1,1990,0,7,0,0,0,0,0,0,0,0
170474,1,1,1990,0,0,0,0,5,0,0,0,0,0
170475,1,1,1990,14,14,14,14,14,14,14,14,14,14
170476,1,1,1990,0,0,0,0,0,0,0,0,0,8
170477,0,1,1990,0,0,0,0,0,0,0,0,0,0
170477,1,1,1990,0,0,0,0,0,0,0,0,0,0
170478,1,1,1990,0,0,0,0,0,0,0,0,0,0
170478,2,1,1990,0,0,0,0,0,0,0,0,0,0
170479,1,1,1990,20,20,20,20,20,20,20,20,20,20
170479,2,1,1990,0,0,0,0,0,0,0,0,0,0
170480,1,1,1990,16,16,16,16,16,16,16,16,16,16
170480,2,1,1990,0,0,0,0,0,0,0,0,0,0
170481,1,1,1990,0,0,0,0,0,0,0,0,0,0
170481,2,1,1990,0,0,0,0,0,0,0,0,0,0
170482,1,1,1990,0,0,0,0,0,0,0,0,0,0
170482,2,1,1990,0,0,0,0,0,0,0,0,0,0
170483,1,1,1990,0,0,0,0,0,11,0,0,0,0
170483,2,1,1990,18,18,18,18,18,18,18,18,18,18
170484,0,1,1990,0,0,0,0,0,0,0,0,0,0
170484,1,1,1990,0,0,0,0,0,0,0,0,0,0
170485,1,1,1990,20,20,20,20,20,20,20,20,20,20
170485,2,1,1990,0,0,0,0,0,0,0,0,0,0
170486,1,1,1990,0,0,0,0,0,0,0,0,0,0
170486,2,1,1990,0,0,0,0,0,0,0,0,0,0
170487,1,1,1990,0,0,0,0,0,0,0,0,0,0
170488,0,1,1990,0,0,0,0,0,0,0,0,0,0
170488,1,1,1990,0,0,5,20,16,0,23,18,7,12
170489,1,1,1990,9,9,9,9,9,9,9,9,9,9
170490,1,1,1990,0,0,0,0,0,0,0,0,0,0
170490,2,1,1990,0,0,0,0,0,0,0,0,0,0
170491,1,1,1990,19,19,19,19,19,19,19,19,19,19
170492,0,1,1990,0,0,0,0,0,0,0,0,0,0
170492,1,1,1990,2,2,2,2,2,2,2,2,2,2
170493,0,1,1990,27,27,27,27,27,27,27,27,27,27
170493,1,1,1990,0,0,0,0,0,0,0,0,0,0
170494,1,1,1990,5,5,5,5,5,5,5,5,5,5
170494,2,1,1990,0,0,10,0,0,0,0,0,0,0
170494,3,1,1990,0,0,0,0,0,0,0,0,0,0
170495,1,1,1990,17,17,17,17,17,17,17,17,17,17
170497,1,1,1990,17,17,17,17,17,17,17,17,17,17
170497,2,1,1990,9,0,0,0,0,0,0,0,0,0
170498,0,1,1990,19,19,19,19,19,19,19,19,19,19
170498,1,1,1990,0,0,0,0,0,0,0,0,0,0
170499,0,1,1990,0,0,0,0,0,0,0,0,0,51
170499,1,1,1990,0,0,0,0,0,0,17,0,0,0
170500,1,1,1990,0,0,0,0,0,0,0,0,0,0
170500,2,1,1990,0,0,0,0,0,0,0,0,0,10
170501,1,1,1990,0,0,0,0,0,0,0,0,0,0
170501,2,1,1990,0,0,0,0,0,0,0,0,0,0
170502,1,1,1990,10,10,10,10,10,10,10,10,10,10
170503,1,1,1990,0,0,0,0,0,0,0,0,0,0
170503,2,1,1990,0,0,0,0,0,0,0,0,0,0
170504,1,1,1990,0,0,0,0,0,0,0,0,0,0
170504,2,1,1990,0,0,0,0,0,0,0,0,0,0
170505,1,1,1990,0,0,0,0,0,0,0,0,0,0
170505,2,1,1990,0,0,0,0,0,0,0,0,0,0
170506,1,1,1990,0,11,0,0,0,0,0,0,0,25
170506,2,1,1990,0,0,0,0,0,0,0,0,0,0
170507,1,1,1990,1,1,1,1,1,1,1,1,1,1
170508,1,1,1990,0,0,0,0,0,0,0,0,0,0
170508,2,1,1990,0,0,0,0,0,0,0,0,0,0
170509,1,1,1990,0,0,0,8,0,0,0,0,0,0
170510,1,1,1990,0,0,0,0,0,0,0,0,0,0
170510,2,1,1990,0,0,0,0,0,0,0,0,0,0
170510,3,1,1990,0,0,0,0,0,0,0,0,0,0
170510,4,1,1990,22,0,21,0,0,0,0,0,0,0
170511,1,1,1990,19,19,19,19,19,19,19,19,19,19
170511,2,1,1990,0,0,0,0,0,0,0,0,0,0
170512,0,1,1990,27,15,0,25,0,0,0,0,0,0
170512,1,1,1990,0,0,0,0,0,0,0,19,28,0
170513,1,1,1990,21,21,21,21,21,21,21,21,21,21
170514,1,1,1990,0,0,0,0,0,0,0,0,0,0
170515,1,1,1990,0,0,0,0,0,0,0,0,0,0
170515,2,1,1990,6,6,6,6,6,6,6,6,6,6
170516,1,1,1990,0,0,0,0,0,0,0,0,0,0
170516,2,1,1990,0,0,0,0,0,0,0,0,0,0
170517,1,1,1990,24,24,24,24,24,24,24,24,24,24
170519,1,1,1990,5,5,5,5,5,5,5,5,5,5
170519,2,1,1990,0,0,0,0,0,3,19,0,0,0
170519,3,1,1990,0,0,0,0,0,0,0,0,0,7
170520,0,1,1990,0,0,0,0,0,0,0,0,0,0
170520,1,1,1990,0,11,0,14,17,0,0,0,0,15
170521,1,1,1990,33,33,33,33,33,33,33,33,33,33
170522,1,1,1990,29,29,29,29,29,29,29,29,29,29
170522,2,1,1990,0,0,0,0,0,0,0,0,23,0
170523,1,1,1990,0,0,0,0,0,0,0,0,0,0
170524,1,1,1990,10,36,9,12,22,23,23,14,13,21
170525,1,1,1990,18,18,18,18,18,18,18,18,18,18
170526,0,1,1990,48,48,48,48,48,48,48,48,48,48
170526,1,1,1990,0,0,0,0,0,0,0,0,0,0
170527,1,1,1990,0,0,0,0,0,0,0,0,0,0
170528,1,1,1990,17,32,28,15,24,27,22,20,25,30
170529,1,1,1990,0,0,0,0,0,0,0,0,0,0
170530,0,1,1990,20,20,20,20,20,20,20,20,20,20
170530,1,1,1990,0,0,0,0,0,0,0,0,0,0
170531,1,1,1990,0,0,0,0,0,0,0,0,0,0
170531,2,1,1990,0,0,0,0,0,0,0,0,0,0
170532,1,1,1990,1,1,1,1,1,1,1,1,1,1
170532,2,1,1990,0,0,0,0,0,0,0,0,0,0
170533,1,1,1990,3,3,3,3,3,3,3,3,3,3
170534,1,1,1990,0,0,0,0,16,0,8,0,0,0
170534,2,1,1990,0,0,0,0,0,0,0,0,0,0
170535,1,1,1990,0,0,0,0,0,0,0,0,0,0
170535,2,1,1990,0,0,0,0,0,0,0,0,0,0
170536,1,1,1990,14,14,14,14,14,14,14,14,14,14
170537,1,1,1990,0,0,14,0,12,9,0,0,16,0
170538,1,1,1990,18,18,18,18,18,18,18,18,18,18
170538,2,1,1990,0,0,0,0,0,0,0,0,0,0
170539,1,1,1990,0,0,0,0,0,0,0,0,0,0
170540,1,1,1990,0,18,23,0,0,0,0,0,0,0
170541,1,1,1990,18,18,18,18,18,18,18,18,18,18
170541,2,1,1990,0,0,0,0,0,6,0,0,0,0
170542,1,1,1990,23,23,23,23,23,23,23,23,23,23
170542,2,1,1990,0,0,0,0,0,0,0,0,17,0
170543,1,1,1990,23,0,0,0,0,14,0,0,5,0
170543,2,1,1990,0,0,0,0,0,0,0,0,0,0
170544,1,1,1990,0,0,0,0,0,0,0,0,0,0
170544,2,1,1990,0,0,0,0,0,0,0,0,0,0
170545,1,1,1990,21,21,21,21,21,21,21,21,21,21
170545,2,1,1990,0,0,0,0,0,0,0,0,0,0
170546,1,1,1990,19,19,19,19,19,19,19,19,19,19
170547,1,1,1990,25,17,5,10,19,21,5,18,21,21
170547,2,1,1990,0,0,0,0,0,0,0,0,0,0
170548,1,1,1990,0,0,0,0,0,0,0,0,0,0
170548,2,1,1990,0,0,0,0,0,0,0,0,0,0
170549,1,1,1990,2,2,2,2,2,2,2,2,2,2
170550,1,1,1990,7,7,7,7,7,7,7,7,7,7
170550,2,1,1990,0,0,0,0,0,0,0,0,0,0
170551,1,1,1990,0,0,0,0,0,0,0,0,0,0
170552,1,1,1990,0,0,0,0,0,0,0,0,0,0
170552,2,1,1990,0,0,0,0,0,0,0,0,0,0
170553,1,1,1990,0,0,0,0,0,0,0,0,0,0
170553,2,1,1990,0,0,0,0,0,0,0,0,0,0
170554,0,1,1990,0,0,0,0,0,0,0,0,0,0
170554,1,1,1990,0,0,0,0,0,0,0,0,0,0
170555,1,1,1990,0,0,0,0,9,0,0,0,0,0
170556,1,1,1990,19,19,19,19,19,19,19,19,19,19
170557,0,1,1990,15,15,15,15,15,15,15,15,15,15
170557,1,1,1990,0,0,0,0,0,0,0,0,0,3
170558,1,1,1990,11,11,11,11,11,11,11,11,11,11
170559,0,1,1990,0,0,0,0,0,0,0,0,0,0
170559,1,1,1990,0,0,0,0,10,31,0,22,0,30
170560,1,1,1990,0,0,0,0,0,0,0,0,0,26
170560,2,1,1990,17,0,14,0,0,0,0,0,0,0
170561,1,1,1990,26,26,26,26,26,26,26,26,26,26
170561,2,1,1990,14,14,14,14,14,14,14,14,14,14
170562,1,1,1990,13,13,13,13,13,13,13,13,13,13
170563,1,1,1990,0,0,0,0,0,0,0,0,0,0
170563,2,1,1990,0,0,0,0,0,0,0,0,0,0
170564,1,1,1990,37,37,37,37,37,37,37,37,37,37
170565,1,1,1990,0,0,0,0,0,0,0,0,0,0
170565,2,1,1990,0,0,0,0,0,0,0,0,0,0
170566,0,1,1990,0,27,16,0,4,0,0,8,13,16
170566,1,1,1990,0,0,0,0,0,14,0,0,0,0
170567,1,1,1990,0,0,0,0,0,0,0,0,0,4
170568,1,1,1990,0,0,0,0,0,0,0,0,0,0
170568,2,1,1990,0,0,0,0,0,0,0,0,0,0
170569,1,1,1990,9,9,9,9,9,9,9,9,9,9
170569,2,1,1990,2,2,2,2,2,2,2,2,2,2
170569,3,1,1990,0,0,0,0,0,0,0,0,0,0
170570,1,1,1990,17,17,17,17,17,17,17,17,17,17
170570,2,1,1990,0,0,0,0,0,0,0,0,0,0
170571,1,1,1990,16,16,16,16,16,16,16,16,16,16
170571,2,1,1990,0,0,0,0,0,4,0,0,0,4
170571,3,1,1990,0,0,0,0,0,13,17,0,15,5
170572,0,1,1990,19,19,19,19,19,19,19,19,19,19
170572,1,1,1990,10,0,0,0,0,0,0,0,35,0
170573,1,1,1990,20,20,20,20,20,20,20,20,20,20
170574,1,1,1990,5,5,5,5,5,5,5,5,5,5
170575,0,1,1990,0,0,0,0,0,0,0,0,0,0
170575,0,2,1990,0,0,0,0,0,0,0,0,0,0
170575,1,1,1990,0,0,0,10,13,0,0,8,0,5
170576,1,1,1990,6,6,6,6,6,6,6,6,6,6
170577,1,1,1990,0,0,0,0,0,0,0,0,0,0
170578,0,1,1990,0,0,0,0,0,0,0,0,0,0
170578,0,2,1990,46,20,0,21,36,20,29,30,40,37
170578,1,1,1990,21,0,6,20,0,38,26,12,14,19
170578,2,1,1990,0,0,0,16,0,0,0,0,0,0
170579,1,1,1990,3,3,3,3,3,3,3,3,3,3
170580,1,1,1990,0,0,0,0,0,0,0,0,0,0
170580,2,1,1990,0,0,0,0,0,0,0,0,0,0
170581,1,1,1990,4,4,4,4,4,4,4,4,4,4
170581,2,1,1990,0,0,0,0,0,0,0,0,0,0
170581,3,1,1990,0,0,0,0,0,0,0,0,0,0
170581,4,1,1990,0,0,0,0,0,0,0,0,0,0
170581,5,1,1990,0,0,0,0,0,0,0,0,0,0
170581,6,1,1990,0,0,0,0,0,0,0,0,0,0
170582,1,1,1990,0,0,0,0,0,0,0,0,0,0
170582,2,1,1990,12,17,3,17,10,11,29,17,18,0
170583,0,1,1990,9,9,9,9,9,9,9,9,9,9
170583,1,1,1990,0,21,22,0,2,0,0,0,0,0
170584,0,1,1990,0,0,0,0,0,0,0,0,0,0
170584,1,1,1990,0,0,0,0,0,0,0,0,0,0
170585,0,1,1990,0,0,0,0,0,0,0,0,0,0
170585,1,1,1990,0,0,0,0,0,0,0,0,0,0
170586,1,1,1990,0,0,0,0,0,0,0,0,0,0
170586,2,1,1990,0,0,0,0,0,0,0,0,0,0
170586,3,1,1990,0,0,0,16,0,0,11,0,0,0
170587,1,1,1990,0,0,0,0,0,0,0,0,0,0
170588,1,1,1990,0,0,0,0,0,0,16,0,0,0
170589,1,1,1990,19,19,19,19,19,19,19,19,19,19
170590,1,1,1990,0,0,0,0,0,0,0,0,0,0
170590,2,1,1990,0,0,0,0,0,0,0,0,0,0
170590,3,1,1990,0,0,0,0,0,0,0,0,0,0
170591,1,1,1990,16,16,16,16,16,16,16,16,16,16
170592,1,1,1990,21,21,21,21,21,21,21,21,21,21
170593,1,1,1990,26,26,26,26,26,26,26,26,26,26
170594,1,1,1990,7,7,7,7,7,7,7,7,7,7
170595,1,1,1990,22,22,22,22,22,22,22,22,22,22
170596,1,1,1990,5,19,12,7,15,15,21,25,8,10
170597,1,1,1990,20,20,20,20,20,20,20,20,20,20
170598,1,1,1990,0,0,0,0,0,0,0,0,0,0
170598,2,1,1990,0,0,0,0,0,0,0,0,0,0
170599,1,1,1990,0,0,0,0,0,0,0,0,0,0
170599,2,1,1990,0,0,0,0,0,0,0,0,0,0
170600,1,1,1990,2,2,2,2,2,2,2,2,2,2
170600,2,1,1990,0,0,0,0,0,0,31,0,17,0
170601,1,1,1990,23,23,23,23,23,23,23,23,23,23
170602,1,1,1990,21,21,21,21,21,21,21,21,21,21
170603,1,1,1990,0,0,0,0,0,0,0,8,0,0
170603,2,1,1990,0,0,29,13,0,0,0,0,27,11
170604,1,1,1990,19,19,19,19,19,19,19,19,19,19
170605,1,1,1990,0,0,0,0,0,0,0,0,0,0
170605,2,1,1990,0,0,0,0,0,0,0,0,0,0
170606,0,1,1990,0,0,0,0,0,0,0,0,0,0
170606,1,1,1990,0,0,0,0,0,0,0,0,4,0
170606,2,1,1990,0,0,0,0,0,0,0,0,0,0
170607,1,1,1990,24,24,24,24,24,24,24,24,24,24
170607,2,1,1990,0,0,0,0,0,0,0,0,0,0
170608,0,1,1990,21,21,21,21,21,21,21,21,21,21
170608,1,1,1990,10,10,10,10,10,10,10,10,10,10
170609,1,1,1990,16,16,16,16,16,16,16,16,16,16
170609,2,1,1990,0,0,0,0,0,0,0,0,0,0
170609,3,1,1990,0,0,0,0,0,0,0,0,0,0
170610,1,1,1990,0,0,0,0,0,0,0,0,0,0
170610,2,1,1990,0,0,0,0,0,0,0,0,0,0
170611,0,1,1990,8,8,8,8,8,8,8,8,8,8
170611,1,1,1990,0,0,0,0,0,0,11,13,0,0
170612,1,1,1990,19,19,19,19,19,19,19,19,19,19
170612,2,1,1990,0,0,0,0,25,0,0,0,0,0
170612,3,1,1990,0,0,0,0,0,0,9,0,0,0
170613,1,1,1990,0,0,0,0,0,0,0,0,0,0
170613,2,1,1990,0,0,0,0,0,0,0,0,0,0
170614,1,1,1990,15,15,15,15,15,15,15,15,15,15
170614,2,1,1990,0,0,0,0,0,0,0,0,0,0
170615,1,1,1990,0,0,0,0,0,0,0,0,0,0
170615,2,1,1990,0,0,0,0,0,0,0,0,0,0
170616,0,1,1990,0,0,0,0,0,0,0,0,0,0
170616,1,1,1990,0,0,0,0,0,0,0,0,0,0
170617,1,1,1990,0,0,0,0,0,0,0,0,0,0
170618,0,1,1990,0,0,0,0,0,0,0,0,0,0
170618,1,1,1990,0,0,0,0,0,0,0,0,0,4
170619,1,1,1990,21,21,21,21,21,21,21,21,21,21
170619,2,1,1990,0,0,0,0,0,0,0,0,0,9
170620,1,1,1990,0,0,0,0,0,0,0,0,0,0
170620,2,1,1990,0,0,0,0,0,0,0,0,0,0
170621,1,1,1990,0,0,0,0,0,0,0,0,0,9
170621,2,1,1990,0,0,0,0,0,0,0,0,0,0
170622,1,1,1990,0,0,0,0,0,0,0,0,0,0
170622,2,1,1990,0,0,0,0,0,0,0,0,0,0
170623,1,1,1990,0,0,0,0,0,0,12,0,0,9
170623,2,1,1990,0,0,0,0,0,0,0,0,0,0
170623,3,1,1990,0,0,0,0,0,0,0,0,0,0
170624,0,1,1990,21,21,21,21,21,21,21,21,21,21
170624,1,1,1990,0,0,0,0,13,0,22,0,0,0
170625,1,1,1990,0,0,0,5,0,0,0,0,0,0
170625,2,1,1990,0,0,0,0,0,0,0,0,0,0
170626,1,1,1990,5,5,5,5,5,5,5,5,5,5
170627,1,1,1990,0,0,0,0,0,0,0,0,0,0
170627,2,1,1990,0,0,0,0,0,0,0,0,0,0
170628,1,1,1990,0,0,0,0,0,0,0,0,0,0
170628,2,1,1990,0,0,0,0,0,0,0,0,0,0
170628,3,1,1990,0,0,14,0,0,0,0,0,0,0
170629,1,1,1990,0,0,0,0,0,0,0,0,0,0
170630,1,1,1990,21,21,21,21,21,21,21,21,21,21
170631,1,1,1990,20,20,20,20,20,20,20,20,20,20
170632,1,1,1990,0,0,0,0,0,0,0,0,0,7
170632,2,1,1990,0,0,0,0,0,0,0,0,0,0
170633,1,1,1990,21,21,21,21,21,21,21,21,21,21
170634,1,1,1990,21,21,21,21,21,21,21,21,21,21
170635,1,1,1990,0,0,0,15,0,0,0,0,0,0
170635,2,1,1990,0,0,0,0,0,0,0,0,0,0
170636,1,1,1990,0,9,22,0,0,14,22,0,0,0
170636,2,1,1990,0,0,0,0,0,0,0,0,0,14
170637,1,1,1990,0,0,0,0,0,0,0,0,0,0
170637,2,1,1990,0,0,18,0,0,0,0,0,0,0
170638,1,1,1990,0,0,0,0,0,0,0,0,0,0
170638,2,1,1990,0,0,0,0,0,0,0,0,0,0
170639,1,1,1990,0,0,0,0,0,0,0,0,0,0
170639,2,1,1990,0,0,0,0,0,0,0,0,0,0
170640,1,1,1990,0,0,0,0,0,0,0,0,0,0
170640,2,1,1990,0,0,0,0,0,11,0,0,0,0
170641,0,1,1990,0,0,0,0,0,0,0,0,0,0
170641,1,1,1990,0,0,0,0,0,0,0,0,0,0
170642,1,1,1990,0,0,0,0,0,0,0,0,0,0
170642,2,1,1990,0,0,0,0,19,0,0,0,0,0
170643,1,1,1990,0,0,0,0,0,0,0,0,0,0
170643,2,1,1990,0,0,0,0,0,0,0,0,0,0
170644,0,1,1990,10,10,10,10,10,10,10,10,10,10
170644,1,1,1990,0,0,2,0,0,0,0,0,0,0
170645,1,1,1990,0,0,0,0,0,0,0,0,0,0
170645,2,1,1990,0,0,0,0,12,18,0,0,0,0
170646,1,1,1990,0,0,0,0,0,0,0,0,0,0
170647,1,1,1990,23,23,23,23,23,23,23,23,23,23
170648,0,1,1990,11,11,11,11,11,11,11,11,11,11
170648,1,1,1990,0,16,4,9,15,14,0,0,0,0
170649,0,1,1990,8,25,27,20,19,21,30,10,23,0
170649,1,1,1990,8,6,16,0,0,0,0,0,0,0
170651,0,1,1990,0,0,17,0,45,13,15,35,0,0
170651,1,1,1990,0,4,0,15,0,0,0,0,0,0
170652,1,1,1990,7,16,0,0,0,0,0,11,0,0
170653,1,1,1990,16,16,16,16,16,16,16,16,16,16
170654,1,1,1990,5,3,0,13,22,11,0,0,0,20
170654,2,1,1990,0,0,0,0,0,0,0,0,0,0
170655,1,1,1990,0,0,0,0,0,11,0,0,0,0
170655,2,1,1990,0,0,0,3,0,0,0,0,0,0
170656,1,1,1990,18,27,8,0,47,19,0,0,2,0
170657,1,1,1990,9,9,0,0,11,31,17,0,0,0
170657,2,1,1990,0,0,0,0,0,0,0,0,7,0
170658,1,1,1990,0,0,0,0,0,0,0,0,0,0
170658,2,1,1990,0,0,0,9,0,0,0,0,0,0
170659,1,1,1990,12,12,12,12,12,12,12,12,12,12
170660,1,1,1990,25,25,25,25,25,25,25,25,25,25
170661,0,1,1990,14,17,35,3,0,6,0,19,20,37
170661,1,1,1990,0,0,0,0,0,0,0,0,0,0
170661,2,1,1990,0,11,0,0,0,8,0,12,0,0
170662,0,1,1990,0,0,0,0,0,11,0,0,0,15
170662,1,1,1990,13,13,13,13,13,13,13,13,13,13
170663,1,1,1990,40,5,31,19,16,12,24,23,10,30
170664,1,1,1990,0,0,0,0,0,0,0,0,0,0
170664,2,1,1990,0,0,0,0,0,0,0,0,0,0
170665,1,1,1990,0,0,0,0,0,0,0,0,0,0
170666,0,1,1990,0,0,0,0,0,0,0,0,0,0
170666,1,1,1990,0,0,0,14,0,19,0,4,0,0
170667,0,1,1990,0,0,0,0,0,0,0,0,0,0
170667,1,1,1990,0,17,0,0,0,0,0,0,0,0
170668,0,1,1990,0,0,0,0,0,0,0,0,0,0
170668,1,1,1990,15,0,0,0,0,0,0,0,0,0
170669,0,1,1990,0,0,0,0,0,0,0,0,0,0
170669,1,1,1990,0,0,0,0,0,0,0,0,0,0
170670,1,1,1990,0,0,0,0,0,0,0,0,11,0
170670,2,1,1990,0,0,0,0,0,0,0,0,0,0
170671,0,1,1990,0,0,0,0,0,0,0,0,0,0
170671,1,1,1990,0,0,0,0,0,0,0,0,0,0
170672,1,1,1990,1,1,1,1,1,1,1,1,1,1
170673,1,1,1990,0,0,0,0,0,0,0,0,0,0
170674,0,1,1990,0,0,0,0,0,0,0,0,0,0
170674,1,1,1990,0,0,0,0,0,0,0,0,0,0
170675,1,1,1990,31,4,0,0,0,13,0,6,12,0
170675,2,1,1990,0,0,0,0,0,0,0,0,0,0