ST_CASE,VEH_NO,PER_NO,YEAR,P1,P2,P3,P4,P5,P6,P7,P8,P9,P10
170676,1,1,1990,27,27,27,27,27,27,27,27,27,27
170676,2,1,1990,0,0,0,0,0,0,0,0,0,0
170677,0,1,1990,21,21,21,21,21,21,21,21,21,21
170677,1,1,1990,14,14,14,14,14,14,14,14,14,14
170678,1,1,1990,1,1,1,1,1,1,1,1,1,1
170679,1,1,1990,18,10,14,9,18,26,14,7,12,9
170680,1,1,1990,0,0,0,0,0,0,0,0,0,0
170680,2,1,1990,0,0,0,0,0,0,0,0,0,0
170680,3,1,1990,0,0,0,0,0,18,0,0,0,0
170681,1,1,1990,0,0,0,0,0,0,0,0,0,0
170682,1,1,1990,0,0,0,0,0,0,8,0,0,0
170682,2,1,1990,0,0,0,0,0,0,13,0,0,0
170683,1,1,1990,0,0,0,0,0,0,0,0,0,0
170683,2,1,1990,0,0,0,0,0,0,0,0,0,0
170685,1,1,1990,0,0,0,0,0,0,0,0,0,0
170686,1,1,1990,0,0,0,0,0,0,0,10,0,0
170687,1,1,1990,0,0,0,0,0,0,0,0,0,0
170687,2,1,1990,0,0,0,0,0,0,0,0,0,0
170688,1,1,1990,4,4,4,4,4,4,4,4,4,4
170689,1,1,1990,14,14,14,14,14,14,14,14,14,14
170690,1,1,1990,21,21,21,21,21,21,21,21,21,21
170691,0,1,1990,31,31,31,31,31,31,31,31,31,31
170691,1,1,1990,0,0,0,0,0,0,0,0,0,0
170692,1,1,1990,7,0,0,0,52,0,0,4,0,0
170692,2,1,1990,0,0,0,0,0,0,0,0,0,0
170692,3,1,1990,0,0,0,0,0,0,9,0,0,0
170693,1,1,1990,11,11,11,11,11,11,11,11,11,11
170694,1,1,1990,16,16,16,16,16,16,16,16,16,16
170695,1,1,1990,15,15,15,15,15,15,15,15,15,15
170695,2,1,1990,0,0,0,0,0,0,0,0,0,0
170696,1,1,1990,5,5,5,5,5,5,5,5,5,5
170697,1,1,1990,16,16,16,16,16,16,16,16,16,16
170698,0,1,1990,0,0,0,0,0,0,0,0,0,0
170698,1,1,1990,0,0,0,0,0,0,0,0,0,0
170699,1,1,1990,7,7,7,7,7,7,7,7,7,7
170700,1,1,1990,0,9,0,15,21,14,0,0,4,16
170701,1,1,1990,21,21,21,21,21,21,21,21,21,21
170702,1,1,1990,0,0,0,0,0,0,0,0,0,0
170703,1,1,1990,0,0,0,0,0,0,0,0,0,0
170703,2,1,1990,0,0,0,0,0,0,0,0,0,0
170704,1,1,1990,7,7,7,7,7,7,7,7,7,7
170705,1,1,1990,17,17,17,17,17,17,17,17,17,17
170706,1,1,1990,0,0,0,0,0,0,0,0,0,0
170707,1,1,1990,0,0,0,0,0,0,0,10,0,0
170707,2,1,1990,0,0,0,0,0,0,0,0,0,3
170707,3,1,1990,0,0,4,4,0,0,0,0,0,0
170708,1,1,1990,7,11,26,15,7,2,26,23,12,16
170709,1,1,1990,0,0,0,0,0,0,0,0,0,0
170709,2,1,1990,0,0,0,0,0,0,0,0,0,0
170709,3,1,1990,0,0,0,4,0,0,0,0,0,0
170710,1,1,1990,0,15,5,0,0,0,0,9,0,0
170710,2,1,1990,0,0,0,0,0,0,0,0,0,0
170711,0,1,1990,0,0,0,14,35,22,0,0,27,0
170711,1,1,1990,0,15,7,0,0,0,22,16,19,19
170712,1,1,1990,15,15,15,15,15,15,15,15,15,15
170713,0,1,1990,0,0,0,0,0,0,0,0,0,0
170713,1,1,1990,0,0,0,0,0,0,0,0,0,0
170714,1,1,1990,22,22,22,22,22,22,22,22,22,22
170715,0,1,1990,0,0,0,0,0,0,0,0,0,0
170715,1,1,1990,0,0,0,0,0,0,0,0,0,0
170716,1,1,1990,0,0,0,0,0,0,0,0,0,0
170716,2,1,1990,0,15,0,0,0,0,0,0,0,0
170717,1,1,1990,0,0,0,0,0,0,0,0,0,0
170717,2,1,1990,0,0,0,0,0,0,0,0,0,0
170718,0,1,1990,0,20,27,15,43,13,14,0,0,0
170718,1,1,1990,0,9,0,0,0,0,0,0,22,0
170719,0,1,1990,23,23,23,23,23,23,23,23,23,23
170719,1,1,1990,0,0,0,0,0,0,0,0,0,0
170720,1,1,1990,0,22,0,0,26,0,24,19,21,0
170721,1,1,1990,0,0,0,0,0,0,0,0,0,0
170722,1,1,1990,0,0,0,0,0,0,0,0,0,0
170722,2,1,1990,4,4,4,4,4,4,4,4,4,4
170722,3,1,1990,0,0,0,0,0,0,0,0,0,0
170723,1,1,1990,0,0,0,0,0,0,0,0,0,0
170723,2,1,1990,0,0,0,0,0,0,0,0,0,0
170724,0,1,1990,0,0,0,0,0,0,0,0,0,0
170724,1,1,1990,0,0,0,0,0,0,0,0,0,0
170725,1,1,1990,0,0,0,0,0,0,0,0,0,0
170725,2,1,1990,0,0,0,13,0,0,0,25,0,0
170726,0,1,1990,20,20,20,20,20,20,20,20,20,20
170726,1,1,1990,16,16,16,16,16,16,16,16,16,16
170727,1,1,1990,12,12,12,12,12,12,12,12,12,12
170727,2,1,1990,0,0,0,0,0,0,0,0,0,0
170728,1,1,1990,0,0,0,0,0,0,0,0,0,0
170729,1,1,1990,29,29,29,29,29,29,29,29,29,29
170729,2,1,1990,0,0,0,0,0,0,0,0,0,0
170729,3,1,1990,0,0,7,0,0,0,0,0,0,0
170730,1,1,1990,0,0,0,0,0,0,0,0,0,0
170730,2,1,1990,0,0,0,0,0,0,0,0,0,0
170731,0,1,1990,14,14,14,14,14,14,14,14,14,14
170731,1,1,1990,0,0,0,0,0,0,0,0,0,0
170732,1,1,1990,0,0,0,0,0,0,0,0,0,0
170733,1,1,1990,4,4,4,4,4,4,4,4,4,4
170733,2,1,1990,15,18,0,0,24,0,0,0,15,0
170734,1,1,1990,2,2,2,2,2,2,2,2,2,2
170735,1,1,1990,21,21,21,21,21,21,21,21,21,21
170736,1,1,1990,0,0,0,34,0,0,0,6,0,0
170737,0,1,1990,0,0,0,0,0,0,0,0,0,0
170737,1,1,1990,0,0,5,0,11,0,0,0,16,0
170738,1,1,1990,13,13,13,13,13,13,13,13,13,13
170739,1,1,1990,0,0,0,0,0,0,0,0,0,0
170739,2,1,1990,0,0,0,0,0,0,0,0,0,0
170739,3,1,1990,0,0,0,0,0,0,0,0,0,0
170739,4,1,1990,0,0,0,0,0,0,0,0,0,0
170740,1,1,1990,12,11,17,23,19,13,0,16,13,9
170740,2,1,1990,2,2,2,2,2,2,2,2,2,2
170741,1,1,1990,0,0,0,0,13,0,0,0,0,0
170741,2,1,1990,0,0,0,0,0,0,0,0,0,0
170741,3,1,1990,0,0,0,0,0,0,0,0,0,0
170741,4,1,1990,0,0,0,0,0,0,0,0,0,0
170742,1,1,1990,0,0,0,0,0,0,0,0,0,0
170742,2,1,1990,0,0,0,0,0,0,0,0,0,0
170743,1,1,1990,14,14,14,14,14,14,14,14,14,14
170743,2,1,1990,0,0,0,0,12,0,0,0,0,0
170744,1,1,1990,0,0,13,0,0,0,0,0,0,0
170744,2,1,1990,0,0,0,0,0,0,0,0,0,0
170745,1,1,1990,0,0,0,0,0,0,0,0,0,0
170746,1,1,1990,12,12,12,12,12,12,12,12,12,12
170747,1,1,1990,0,0,0,0,0,0,0,0,0,0
170747,2,1,1990,0,0,0,0,0,0,0,0,0,0
170747,3,1,1990,0,0,0,0,0,0,0,0,0,0
170748,1,1,1990,21,21,21,21,21,21,21,21,21,21
170748,2,1,1990,0,0,0,0,0,0,0,0,7,0
170749,1,1,1990,0,0,0,0,0,0,0,0,0,0
170750,1,1,1990,0,0,0,0,0,0,0,0,0,0
170750,2,1,1990,0,0,14,0,0,0,0,0,0,0
170751,1,1,1990,0,0,0,0,0,0,0,0,0,0
170752,1,1,1990,24,0,13,16,0,0,25,0,0,0
170753,1,1,1990,0,0,12,0,15,0,14,0,0,4
170753,2,1,1990,24,0,0,0,0,9,0,0,14,0
170754,1,1,1990,0,0,0,0,0,0,0,6,0,0
170754,2,1,1990,0,0,0,0,0,0,0,0,0,0
170754,3,1,1990,0,0,0,0,0,0,0,0,0,0
170755,1,1,1990,16,16,16,16,16,16,16,16,16,16
170756,1,1,1990,0,0,0,0,0,0,0,0,0,0
170756,2,1,1990,0,0,0,0,0,0,0,0,0,0
170756,3,1,1990,0,0,0,0,0,0,0,0,0,0
170757,1,1,1990,0,0,0,0,0,0,0,0,0,0
170757,2,1,1990,0,0,0,0,12,0,0,20,10,0
170758,1,1,1990,0,0,0,14,0,0,0,0,0,0
170758,2,1,1990,5,5,5,5,5,5,5,5,5,5
170759,1,1,1990,0,13,0,0,8,0,13,0,0,0
170759,2,1,1990,0,0,0,0,0,10,0,12,16,0
170759,3,1,1990,0,4,0,0,0,0,0,6,0,0
170759,4,1,1990,0,0,0,0,0,0,0,0,0,0
170760,1,1,1990,0,0,0,0,0,0,0,0,0,0
170760,2,1,1990,0,0,0,0,0,0,0,0,0,0
170761,0,1,1990,0,0,0,0,0,0,0,0,0,0
170761,1,1,1990,0,0,0,0,1,0,0,0,0,18
170763,1,1,1990,13,13,13,13,13,13,13,13,13,13
170763,2,1,1990,0,0,0,0,0,0,0,0,0,0
170764,0,1,1990,0,0,0,0,0,0,0,0,0,0
170764,1,1,1990,0,0,0,0,0,0,0,0,0,0
170765,1,1,1990,18,18,18,18,18,18,18,18,18,18
170766,1,1,1990,0,0,0,0,0,0,0,0,0,0
170766,2,1,1990,0,0,0,0,0,0,0,0,0,0
170767,1,1,1990,27,27,27,27,27,27,27,27,27,27
170768,1,1,1990,25,25,25,25,25,25,25,25,25,25
170768,2,1,1990,0,0,0,0,0,0,0,10,0,0
170769,1,1,1990,0,0,0,0,0,0,0,0,0,0
170769,2,1,1990,0,0,0,0,0,0,0,0,0,0
170770,1,1,1990,0,0,0,0,0,0,0,0,0,0
170770,2,1,1990,0,0,0,0,0,0,0,0,14,0
170771,1,1,1990,0,0,0,0,0,0,0,0,0,0
170772,1,1,1990,10,0,6,15,17,7,16,20,19,11
170773,1,1,1990,0,0,0,0,0,0,0,0,0,0
170773,2,1,1990,0,0,0,0,0,0,0,16,0,0
170773,3,1,1990,0,0,0,0,7,0,0,0,0,0
170774,1,1,1990,17,17,17,17,17,17,17,17,17,17
170774,2,1,1990,17,17,17,17,17,17,17,17,17,17
170775,1,1,1990,0,0,0,0,0,0,0,0,0,0
170776,1,1,1990,0,0,0,0,0,0,0,0,0,0
170776,2,1,1990,0,0,0,0,0,0,0,0,0,0
170777,1,1,1990,0,0,0,0,0,0,0,0,0,0
170778,0,1,1990,8,8,8,8,8,8,8,8,8,8
170778,1,1,1990,0,0,0,0,0,0,0,0,0,0
170779,1,1,1990,16,16,16,16,16,16,16,16,16,16
170779,2,1,1990,0,0,0,0,0,0,10,0,0,0
170780,1,1,1990,18,18,18,18,18,18,18,18,18,18
170781,1,1,1990,14,14,14,14,14,14,14,14,14,14
170782,1,1,1990,0,0,0,0,0,0,0,0,0,0
170782,2,1,1990,0,0,0,0,0,0,0,0,0,0
170783,1,1,1990,0,0,0,0,0,0,0,0,0,0
170783,2,1,1990,0,0,0,0,0,0,0,0,0,0
170784,0,1,1990,0,0,0,0,0,0,0,0,0,0
170784,1,1,1990,0,0,0,0,0,11,0,0,0,9
170785,1,1,1990,4,0,12,4,0,0,3,0,4,0
170786,0,1,1990,0,0,0,0,0,0,0,0,0,0
170786,1,1,1990,0,0,0,0,0,0,0,0,0,0
170787,1,1,1990,29,9,13,15,19,15,19,28,9,12
170788,0,1,1990,0,0,0,0,0,0,0,0,0,0
170788,0,2,1990,0,0,0,0,0,0,0,0,0,0
170788,0,3,1990,0,0,0,0,0,0,0,0,0,0
170788,0,4,1990,0,0,0,0,0,0,0,0,0,0
170788,0,5,1990,0,0,0,0,0,0,0,0,0,0
170788,0,6,1990,0,0,0,0,0,0,0,0,0,0
170788,0,7,1990,0,0,0,0,0,0,0,0,0,0
170788,0,8,1990,0,0,0,0,0,0,0,0,0,0
170788,0,9,1990,0,0,0,0,0,0,0,0,0,0
170788,0,10,1990,0,11,0,0,0,5,0,27,0,22
170788,0,11,1990,0,8,0,5,3,0,0,27,0,0
170788,1,1,1990,0,0,0,0,0,0,0,0,0,0
170789,1,1,1990,5,5,5,5,5,5,5,5,5,5
170790,0,1,1990,0,17,19,0,11,21,45,10,23,27
170790,1,1,1990,0,0,0,0,0,0,0,0,10,0
170791,1,1,1990,0,0,0,0,0,0,0,0,0,0
170792,1,1,1990,0,0,0,0,0,0,0,0,0,0
170792,2,1,1990,0,0,0,0,0,0,0,0,0,0
170793,1,1,1990,25,0,0,0,0,0,0,0,0,0
170793,2,1,1990,0,0,0,0,0,0,0,25,0,0
170793,3,1,1990,0,0,0,0,0,0,0,0,0,0
170794,1,1,1990,0,0,0,0,0,0,15,5,0,14
170795,1,1,1990,0,19,0,7,0,0,0,0,0,0
170796,1,1,1990,28,15,15,21,13,10,0,0,0,13
170797,1,1,1990,17,17,17,17,17,17,17,17,17,17
170798,1,1,1990,0,0,0,0,0,0,0,0,0,0
170798,2,1,1990,0,0,0,0,0,0,0,0,0,0
170800,1,1,1990,21,21,21,21,21,21,21,21,21,21
170801,1,1,1990,29,29,29,29,29,29,29,29,29,29
170802,0,1,1990,0,0,0,0,0,0,0,0,0,0
170802,1,1,1990,0,0,0,0,0,0,0,0,0,0
170803,0,1,1990,22,22,22,22,22,22,22,22,22,22
170803,1,1,1990,21,0,12,8,20,14,0,22,0,11
170804,0,1,1990,20,10,10,6,18,15,29,0,0,5
170804,1,1,1990,10,20,0,0,30,18,29,21,22,34
170805,1,1,1990,0,0,0,0,0,0,0,0,0,0
170806,1,1,1990,0,0,0,0,0,0,0,0,0,0
170806,2,1,1990,0,0,0,0,0,0,0,0,0,0
170807,0,1,1990,0,0,0,0,0,0,0,0,0,0
170807,1,1,1990,0,0,0,0,0,0,0,0,0,0
170808,0,1,1990,22,22,22,22,22,22,22,22,22,22
170808,1,1,1990,0,6,13,0,0,0,0,0,0,0
170809,0,1,1990,2,2,2,2,2,2,2,2,2,2
170809,0,2,1990,26,28,22,27,16,30,18,19,38,33
170809,1,1,1990,0,20,7,0,0,16,17,26,0,15
170810,1,1,1990,0,0,0,0,0,0,0,0,0,0
170810,2,1,1990,0,0,11,0,0,0,0,0,2,0
170811,1,1,1990,2,2,2,2,2,2,2,2,2,2
170812,1,1,1990,0,0,0,11,17,0,0,29,0,5
170812,2,1,1990,9,4,8,0,0,14,0,0,0,0
170813,1,1,1990,0,0,0,0,0,0,0,0,0,0
170813,2,1,1990,15,18,0,0,0,19,0,10,4,0
170814,0,1,1990,0,0,0,0,0,14,0,0,0,26
170814,1,1,1990,0,0,0,0,6,0,28,0,0,0
170815,1,1,1990,21,21,21,21,21,21,21,21,21,21
170816,1,1,1990,0,0,0,0,0,0,0,7,0,0
170816,2,1,1990,0,0,0,0,0,0,0,0,0,0
170817,1,1,1990,12,12,12,12,12,12,12,12,12,12
170818,1,1,1990,0,0,0,0,0,0,0,0,0,0
170818,2,1,1990,9,0,0,0,0,0,0,0,0,0
170819,1,1,1990,0,0,0,0,0,0,0,12,0,16
170819,2,1,1990,0,0,0,0,0,0,0,0,0,0
170820,0,1,1990,0,0,0,0,0,0,0,0,0,0
170820,1,1,1990,22,0,0,0,0,0,0,0,0,0
170821,0,1,1990,0,0,0,0,0,0,0,0,0,0
170821,1,1,1990,0,0,0,0,0,0,0,0,0,0
170822,0,1,1990,0,0,0,0,0,0,0,0,0,0
170822,1,1,1990,9,0,0,0,0,0,0,14,0,0
170823,0,1,1990,0,0,0,0,0,0,0,0,0,0
170823,1,1,1990,0,0,0,0,0,0,0,0,0,0
170824,0,1,1990,0,0,0,0,0,0,0,0,0,0
170824,0,2,1990,0,0,0,0,0,0,0,0,0,0
170824,1,1,1990,0,0,0,0,0,0,0,0,0,0
170825,1,1,1990,14,9,13,20,30,8,26,9,10,18
170825,2,1,1990,0,0,0,0,0,0,0,0,0,0
170826,1,1,1990,0,0,0,0,0,0,0,0,0,0
170826,2,1,1990,0,0,0,0,0,0,0,0,0,0
170827,1,1,1990,31,9,0,6,0,0,13,0,0,0
170827,2,1,1990,13,0,0,0,0,0,0,0,0,13
170828,1,1,1990,0,0,0,0,0,0,0,0,0,0
170828,2,1,1990,4,0,0,8,0,0,0,0,0,0
170829,1,1,1990,0,0,0,0,0,0,0,0,0,0
170829,2,1,1990,0,0,0,0,0,0,0,0,0,0
170830,1,1,1990,0,0,0,0,0,0,0,0,0,0
170830,2,1,1990,0,0,0,0,0,0,0,0,15,23
170830,3,1,1990,0,0,0,0,0,0,0,0,0,0
170831,1,1,1990,0,0,0,0,0,0,0,0,0,0
170832,0,1,1990,16,16,16,16,16,16,16,16,16,16
170832,1,1,1990,0,0,0,0,0,0,0,0,0,0
170833,1,1,1990,0,0,0,0,0,0,0,0,0,0
170833,2,1,1990,0,0,0,0,0,0,0,0,22,0
170834,1,1,1990,0,0,0,0,0,0,0,0,0,0
170834,2,1,1990,0,0,0,0,0,0,0,0,0,0
170835,1,1,1990,0,0,0,0,0,0,0,0,0,0
170836,0,1,1990,32,32,32,32,32,32,32,32,32,32
170836,1,1,1990,5,0,19,17,19,9,12,29,16,19
170837,1,1,1990,0,0,0,0,42,0,0,0,0,0
170837,2,1,1990,5,5,5,5,5,5,5,5,5,5
170838,1,1,1990,0,0,10,21,12,0,0,18,25,0
170838,2,1,1990,11,0,29,16,0,0,19,11,16,0
170839,1,1,1990,14,0,0,0,18,0,0,0,0,0
170839,2,1,1990,0,0,0,25,0,0,0,0,0,0
170839,3,1,1990,0,0,0,0,0,0,0,0,0,0
170840,1,1,1990,8,13,32,11,8,17,26,0,10,32
170841,1,1,1990,0,0,0,0,0,0,0,0,0,0
170842,1,1,1990,12,12,12,12,12,12,12,12,12,12
170843,1,1,1990,33,33,33,33,33,33,33,33,33,33
170844,1,1,1990,14,14,14,14,14,14,14,14,14,14
170845,0,1,1990,0,24,10,0,0,0,27,0,0,0
170845,1,1,1990,0,0,0,0,0,0,0,0,0,0
170846,0,1,1990,0,0,0,0,0,0,0,0,0,0
170846,1,1,1990,0,0,0,0,0,0,0,0,0,0
170847,1,1,1990,20,18,0,0,12,0,0,13,0,0
170847,2,1,1990,0,0,0,0,0,0,0,0,0,0
170848,1,1,1990,0,0,0,0,0,0,0,0,0,0
170848,2,1,1990,0,0,0,0,0,0,0,0,0,0
170849,0,1,1990,0,0,0,0,0,0,0,0,0,0
170849,1,1,1990,0,0,0,0,0,0,0,0,0,0
170850,1,1,1990,0,0,0,0,0,0,0,0,0,0
170851,1,1,1990,17,15,11,15,21,11,23,21,22,13
170852,1,1,1990,0,0,0,0,0,0,0,0,0,0
170852,2,1,1990,0,0,0,0,0,0,0,0,0,0
170853,0,1,1990,13,13,13,13,13,13,13,13,13,13
170853,1,1,1990,0,0,0,0,0,0,0,10,2,0
170853,2,1,1990,21,0,0,0,0,0,0,14,0,0
170854,1,1,1990,0,0,0,0,0,0,0,0,0,0
170854,2,1,1990,0,0,0,0,0,0,0,0,0,0
170855,1,1,1990,18,18,18,18,18,18,18,18,18,18
170855,2,1,1990,0,0,24,13,32,0,0,0,15,11
170856,1,1,1990,0,0,0,0,0,0,0,0,0,0
170856,2,1,1990,0,0,0,0,0,0,0,0,0,0
170856,3,1,1990,0,0,0,0,0,0,0,0,0,0
170856,4,1,1990,0,0,0,0,0,0,0,0,20,0
170856,5,1,1990,0,0,0,0,0,0,0,0,0,0
170856,6,1,1990,0,0,0,0,0,0,0,0,0,0
170856,7,1,1990,0,0,12,0,0,0,0,0,0,0
170857,1,1,1990,12,12,12,12,12,12,12,12,12,12
170858,1,1,1990,24,24,24,24,24,24,24,24,24,24
170859,1,1,1990,20,20,20,20,20,20,20,20,20,20
170860,1,1,1990,15,15,15,15,15,15,15,15,15,15
170860,2,1,1990,0,0,0,0,0,0,0,0,0,0
170861,1,1,1990,23,23,23,23,23,23,23,23,23,23
170862,1,1,1990,0,0,0,0,0,0,0,0,0,0
170863,1,1,1990,6,6,6,6,6,6,6,6,6,6
170864,1,1,1990,26,26,26,26,26,26,26,26,26,26
170865,1,1,1990,24,24,24,24,24,24,24,24,24,24
170865,2,1,1990,0,0,0,0,0,0,0,0,0,0
170866,1,1,1990,0,0,0,0,0,0,0,0,0,0
170866,2,1,1990,6,6,6,6,6,6,6,6,6,6
170867,1,1,1990,0,7,0,0,0,0,0,0,0,0
170867,2,1,1990,0,0,0,0,0,0,0,0,0,0
170868,0,1,1990,0,0,0,0,0,0,0,0,0,0
170868,1,1,1990,0,0,0,0,0,0,7,0,0,0
170870,1,1,1990,0,7,0,0,0,0,19,0,0,0
170871,1,1,1990,29,29,29,29,29,29,29,29,29,29
170872,1,1,1990,20,20,20,20,20,20,20,20,20,20
170873,1,1,1990,12,12,12,12,12,12,12,12,12,12
170874,0,1,1990,0,0,0,0,0,0,0,0,0,0
170874,1,1,1990,0,0,0,0,0,0,0,0,0,0
170875,1,1,1990,0,0,0,0,0,0,0,0,0,0
170875,2,1,1990,1,1,1,1,1,1,1,1,1,1
170876,0,1,1990,0,0,0,0,0,0,0,0,0,0
170876,1,1,1990,0,0,0,0,0,0,0,0,0,0
170877,1,1,1990,0,9,0,0,0,0,0,0,0,0
170877,2,1,1990,0,0,0,0,0,0,0,0,0,0
170878,1,1,1990,0,0,0,0,0,0,0,0,0,0
170878,2,1,1990,3,3,3,3,3,3,3,3,3,3
170879,1,1,1990,11,19,0,10,35,25,25,29,20,9
170880,1,1,1990,0,0,0,0,0,0,0,0,0,5
170880,2,1,1990,0,0,17,0,0,16,0,0,0,0
170881,1,1,1990,0,0,0,0,0,0,0,0,0,0
170882,1,1,1990,12,17,19,24,10,9,8,13,7,18
170882,2,1,1990,0,0,5,15,0,19,49,12,14,0
170883,1,1,1990,0,0,0,0,0,0,0,0,0,0
170883,2,1,1990,0,0,0,0,0,0,0,0,0,0
170884,0,1,1990,22,22,22,22,22,22,22,22,22,22
170884,1,1,1990,7,12,4,0,0,11,18,16,12,0
170885,0,1,1990,22,22,22,22,22,22,22,22,22,22
170885,0,2,1990,36,33,12,0,20,22,8,12,56,30
170885,1,1,1990,22,22,22,22,22,22,22,22,22,22
170886,1,1,1990,0,0,0,0,0,0,0,0,0,0
170886,2,1,1990,0,0,0,0,0,0,0,0,0,0
170887,1,1,1990,0,0,0,0,0,0,0,0,0,0
170887,2,1,1990,0,0,0,0,0,0,0,0,0,0
170888,1,1,1990,0,0,0,0,0,0,0,0,0,0
170888,2,1,1990,4,4,4,4,4,4,4,4,4,4
170888,3,1,1990,0,0,0,0,0,0,0,0,0,0
170889,1,1,1990,0,0,0,0,0,0,0,0,0,0
170890,1,1,1990,0,0,0,0,0,0,0,0,0,0
170890,2,1,1990,0,0,0,0,0,0,0,0,0,0
170891,1,1,1990,0,0,0,0,0,0,0,0,0,0
170892,1,1,1990,19,19,19,19,19,19,19,19,19,19
170893,1,1,1990,6,6,6,6,6,6,6,6,6,6
170894,1,1,1990,0,0,0,0,0,0,0,0,0,0
170895,1,1,1990,12,12,12,12,12,12,12,12,12,12
170895,2,1,1990,0,0,0,0,0,0,0,0,10,0
170895,3,1,1990,0,0,0,0,0,0,0,0,0,0
170896,1,1,1990,0,0,0,0,0,0,0,0,0,0
170896,2,1,1990,0,0,0,0,0,0,0,0,0,0
170896,3,1,1990,0,0,0,0,0,0,0,0,0,0
170896,4,1,1990,0,0,0,0,0,0,0,0,0,0
170896,5,1,1990,0,0,0,0,0,0,0,0,0,0
170896,6,1,1990,0,0,0,0,0,0,0,0,0,0
170897,1,1,1990,0,0,0,0,0,0,0,0,0,0
170898,1,1,1990,20,20,20,20,20,20,20,20,20,20
170899,1,1,1990,13,13,13,13,13,13,13,13,13,13
170899,2,1,1990,0,0,0,0,0,0,0,0,0,0
170900,1,1,1990,14,14,14,14,14,14,14,14,14,14
170901,0,1,1990,22,22,22,22,22,22,22,22,22,22
170901,1,1,1990,0,0,0,0,0,0,0,0,0,0
170902,1,1,1990,37,37,37,37,37,37,37,37,37,37
170903,1,1,1990,9,9,9,9,9,9,9,9,9,9
170904,1,1,1990,16,16,16,16,16,16,16,16,16,16
170905,1,1,1990,23,23,23,23,23,23,23,23,23,23
170906,1,1,1990,21,21,21,21,21,21,21,21,21,21
170907,1,1,1990,0,0,16,10,0,9,0,0,24,25
170908,0,1,1990,17,17,17,17,17,17,17,17,17,17
170908,1,1,1990,0,0,0,0,0,0,0,0,0,0
170909,1,1,1990,0,0,24,0,0,0,21,0,36,0
170909,2,1,1990,0,0,0,0,0,11,8,0,0,0
170910,1,1,1990,24,24,24,24,24,24,24,24,24,24
170911,0,1,1990,25,25,25,25,25,25,25,25,25,25
170911,1,1,1990,6,7,17,7,13,12,14,27,5,17
170912,1,1,1990,10,10,10,10,10,10,10,10,10,10
170912,2,1,1990,0,0,0,0,0,0,0,0,0,0
170913,1,1,1990,0,0,0,0,0,0,0,0,0,0
170913,2,1,1990,0,0,0,0,0,0,0,0,0,0
170914,1,1,1990,0,0,0,0,0,0,0,0,0,0
170914,2,1,1990,0,0,0,0,0,0,0,0,0,0
170915,1,1,1990,0,0,0,0,0,0,0,0,0,0
170916,1,1,1990,1,1,1,1,1,1,1,1,1,1
170917,1,1,1990,0,0,0,0,0,0,0,0,0,0
170917,2,1,1990,0,0,0,0,0,0,0,0,0,0
170918,1,1,1990,0,0,0,0,0,0,0,0,0,0
170918,2,1,1990,0,0,0,0,0,0,0,0,0,0
170919,1,1,1990,0,0,0,0,0,0,0,0,0,0
170919,2,1,1990,0,0,0,0,0,0,0,0,0,0
170920,0,1,1990,0,0,0,0,0,0,0,0,0,0
170920,1,1,1990,0,0,0,0,0,0,0,0,0,0
170921,1,1,1990,0,0,0,0,0,0,0,0,0,0
170921,2,1,1990,0,0,0,0,0,0,0,0,0,0
170922,1,1,1990,0,0,0,0,0,0,0,0,0,0
170922,2,1,1990,0,0,0,0,0,0,0,0,0,0
170923,1,1,1990,11,11,11,11,11,11,11,11,11,11
170924,1,1,1990,20,20,20,20,20,20,20,20,20,20
170925,1,1,1990,18,18,18,18,18,18,18,18,18,18
170925,2,1,1990,0,0,0,0,0,0,0,0,0,0
170926,0,1,1990,28,0,0,0,0,0,0,0,0,0
170926,1,1,1990,0,0,0,0,0,0,0,0,0,0
170927,1,1,1990,0,0,0,0,0,0,0,0,0,0
170927,2,1,1990,0,0,0,0,0,0,0,0,0,0
170928,1,1,1990,0,0,0,0,0,0,0,0,0,0
170928,2,1,1990,0,13,0,0,0,0,0,0,0,0
170928,3,1,1990,0,0,0,0,0,0,0,0,0,0
170929,1,1,1990,0,0,0,0,0,0,0,0,0,0
170929,2,1,1990,0,0,0,0,0,0,0,0,0,0
170930,0,1,1990,0,0,0,0,0,0,0,0,0,0
170930,1,1,1990,0,0,0,7,0,0,0,0,0,0
170930,2,1,1990,0,0,0,0,0,0,0,0,0,0
170931,1,1,1990,0,0,0,0,0,0,0,0,0,0
170932,1,1,1990,0,0,0,0,0,0,0,0,0,0
170932,2,1,1990,0,0,0,0,0,0,0,0,0,0
170932,3,1,1990,0,0,0,0,0,0,0,0,10,20
170933,0,1,1990,0,0,0,0,0,0,0,0,0,0
170933,1,1,1990,17,17,17,17,17,17,17,17,17,17
170934,1,1,1990,0,16,18,17,14,13,24,16,18,0
170934,2,1,1990,0,0,0,0,0,20,0,0,0,0
170935,1,1,1990,24,24,24,24,24,24,24,24,24,24
170936,0,1,1990,17,17,17,17,17,17,17,17,17,17
170936,1,1,1990,0,0,0,0,0,0,0,0,0,0
170937,1,1,1990,11,11,11,11,11,11,11,11,11,11