ST_CASE,VEH_NO,PER_NO,YEAR,P1,P2,P3,P4,P5,P6,P7,P8,P9,P10
170938,1,1,1990,19,19,19,19,19,19,19,19,19,19
170939,1,1,1990,0,0,0,0,0,0,0,0,0,0
170939,2,1,1990,0,0,0,0,0,0,0,0,0,0
170940,1,1,1990,2,2,2,2,2,2,2,2,2,2
170941,1,1,1990,17,17,17,17,17,17,17,17,17,17
170942,1,1,1990,0,0,0,0,0,0,0,0,0,0
170943,1,1,1990,6,6,6,6,6,6,6,6,6,6
170943,2,1,1990,20,20,20,20,20,20,20,20,20,20
170944,1,1,1990,0,0,0,0,0,0,0,0,11,0
170944,2,1,1990,18,18,18,18,18,18,18,18,18,18
170945,1,1,1990,11,11,11,11,11,11,11,11,11,11
170946,1,1,1990,24,24,24,24,24,24,24,24,24,24
170947,1,1,1990,9,9,9,9,9,9,9,9,9,9
170948,1,1,1990,15,15,15,15,15,15,15,15,15,15
170948,2,1,1990,0,0,0,0,0,0,0,0,0,0
170949,0,1,1990,0,0,0,0,0,0,0,0,0,0
170949,1,1,1990,0,0,0,0,0,0,0,0,0,0
170950,0,1,1990,0,0,0,0,0,0,0,0,0,0
170950,1,1,1990,0,0,0,0,0,0,0,0,0,0
170951,1,1,1990,11,20,0,0,13,8,0,0,20,0
170951,2,1,1990,0,0,0,0,0,0,0,0,0,0
170952,1,1,1990,8,8,8,8,8,8,8,8,8,8
170953,1,1,1990,0,0,0,0,0,0,0,0,0,0
170953,2,1,1990,0,0,0,0,15,0,0,0,0,0
170954,1,1,1990,0,0,0,0,0,0,0,0,0,0
170955,1,1,1990,10,13,8,10,6,12,5,13,13,17
170956,1,1,1990,19,19,19,19,19,19,19,19,19,19
170957,0,1,1990,0,0,0,0,0,0,0,0,0,0
170957,1,1,1990,13,0,0,0,0,0,0,0,0,0
170958,0,1,1990,0,0,0,0,0,0,0,0,0,0
170958,0,2,1990,18,20,0,23,9,0,18,33,18,19
170958,1,1,1990,0,0,0,0,0,0,0,0,0,0
170959,1,1,1990,23,23,23,23,23,23,23,23,23,23
170959,2,1,1990,0,0,0,0,0,0,0,0,0,0
170960,1,1,1990,21,21,21,21,21,21,21,21,21,21
170960,2,1,1990,0,0,0,0,0,0,0,0,0,0
170961,1,1,1990,0,0,0,0,0,0,0,0,0,0
170961,2,1,1990,0,0,0,0,0,0,0,0,0,0
170961,3,1,1990,0,0,0,0,0,0,0,0,0,0
170962,1,1,1990,0,0,0,0,0,0,0,0,2,0
170963,1,1,1990,0,18,0,0,0,0,0,0,0,0
170963,2,1,1990,0,0,0,0,0,0,0,0,0,0
170964,1,1,1990,19,19,19,19,19,19,19,19,19,19
170964,2,1,1990,0,8,0,0,0,0,0,0,0,0
170964,3,1,1990,0,0,0,0,0,0,0,0,16,0
170965,1,1,1990,14,19,13,0,17,13,28,21,0,22
170966,1,1,1990,0,0,0,0,0,0,0,0,0,0
170966,2,1,1990,0,0,0,0,0,0,0,0,0,0
170967,0,1,1990,4,4,4,4,4,4,4,4,4,4
170967,1,1,1990,0,0,0,0,0,0,0,0,0,0
170968,1,1,1990,0,0,0,0,0,0,0,0,0,0
170969,1,1,1990,14,14,14,14,14,14,14,14,14,14
170970,1,1,1990,21,21,21,21,21,21,21,21,21,21
170971,1,1,1990,0,0,5,0,0,3,0,13,0,0
170971,2,1,1990,7,0,11,0,17,18,0,0,16,8
170972,1,1,1990,15,15,15,15,15,15,15,15,15,15
170973,1,1,1990,23,23,23,23,23,23,23,23,23,23
170974,1,1,1990,0,0,11,0,0,0,0,0,0,0
170974,2,1,1990,11,0,5,0,0,18,7,15,0,0
170975,0,1,1990,6,6,6,6,6,6,6,6,6,6
170975,0,2,1990,8,20,22,31,43,14,0,10,0,0
170975,1,1,1990,0,0,0,0,0,0,0,0,0,0
170976,1,1,1990,22,22,22,22,22,22,22,22,22,22
170977,0,1,1990,0,0,0,0,0,0,0,0,0,0
170977,1,1,1990,0,0,0,4,0,0,0,0,0,0
170978,1,1,1990,16,16,16,16,16,16,16,16,16,16
170978,2,1,1990,0,0,0,0,0,0,0,0,0,0
170979,0,1,1990,0,0,0,0,0,0,0,0,0,0
170979,1,1,1990,0,0,0,0,0,0,0,0,0,0
170980,1,1,1990,0,0,0,0,0,0,0,0,0,0
170980,2,1,1990,0,0,0,0,0,0,0,0,0,0
170981,0,1,1990,0,0,0,0,0,0,0,0,0,0
170981,1,1,1990,0,0,0,0,0,0,0,0,0,0
170982,0,1,1990,0,0,0,0,0,0,0,0,0,0
170982,1,1,1990,0,0,0,0,0,0,0,0,0,0
170982,2,1,1990,0,0,0,0,0,0,0,0,0,0
170983,0,1,1990,0,18,0,21,0,0,0,0,0,0
170983,1,1,1990,17,17,17,17,17,17,17,17,17,17
170984,0,1,1990,0,10,24,0,0,26,14,0,21,0
170984,1,1,1990,18,5,10,24,5,17,15,7,24,0
170985,1,1,1990,0,0,0,0,0,0,0,0,0,0
170985,2,1,1990,0,0,0,0,0,0,0,0,0,0
170986,1,1,1990,0,0,0,0,0,0,0,0,0,0
170987,1,1,1990,0,0,0,0,0,0,0,0,0,0
170987,2,1,1990,0,0,0,0,0,0,0,3,0,0
170988,1,1,1990,0,0,0,0,26,0,0,0,0,0
170989,0,1,1990,12,12,12,12,12,12,12,12,12,12
170989,1,1,1990,14,14,14,14,14,14,14,14,14,14
170990,1,1,1990,0,0,0,0,0,0,0,0,0,0
170990,2,1,1990,0,0,0,0,0,0,0,0,0,0
170991,1,1,1990,9,0,12,15,0,0,5,0,0,7
170992,1,1,1990,31,31,31,31,31,31,31,31,31,31
170993,1,1,1990,0,15,0,0,0,0,0,0,0,0
170994,1,1,1990,6,6,6,6,6,6,6,6,6,6
170994,2,1,1990,0,0,0,0,0,6,0,0,0,0
170995,1,1,1990,16,16,16,16,16,16,16,16,16,16
170996,0,1,1990,0,0,0,0,0,0,0,0,0,0
170996,1,1,1990,0,0,0,0,10,0,0,0,0,14
170997,1,1,1990,29,29,29,29,29,29,29,29,29,29
170997,2,1,1990,0,0,0,0,0,0,0,0,0,0
170998,0,1,1990,22,22,22,22,22,22,22,22,22,22
170998,0,2,1990,16,4,21,0,14,0,0,29,22,14
170998,1,1,1990,0,0,0,0,0,0,0,0,0,0
170999,1,1,1990,16,16,16,16,16,16,16,16,16,16
171000,1,1,1990,0,0,0,0,0,0,0,0,0,0
171000,2,1,1990,0,0,11,0,0,0,12,0,0,0
171001,1,1,1990,25,25,25,25,25,25,25,25,25,25
171002,1,1,1990,24,24,24,24,24,24,24,24,24,24
171003,0,1,1990,8,11,0,0,0,0,0,16,0,0
171003,1,1,1990,11,11,11,11,11,11,11,11,11,11
171004,1,1,1990,0,0,0,0,0,0,0,0,0,0
171004,2,1,1990,0,0,0,0,0,0,0,0,0,0
171005,0,1,1990,26,26,26,26,26,26,26,26,26,26
171005,1,1,1990,7,7,7,7,7,7,7,7,7,7
171006,1,1,1990,19,29,33,9,25,15,17,19,11,16
171006,2,1,1990,0,0,0,0,0,0,0,0,0,0
171007,1,1,1990,0,0,0,0,0,0,0,0,0,19
171007,2,1,1990,0,0,0,0,0,0,0,0,10,0
171008,1,1,1990,0,0,0,0,0,0,0,0,0,0
171009,1,1,1990,0,0,0,0,0,0,0,0,0,0
171009,2,1,1990,0,0,0,0,0,0,0,0,0,0
171010,1,1,1990,2,2,2,2,2,2,2,2,2,2
171011,1,1,1990,21,0,25,0,0,16,7,10,0,0
171011,2,1,1990,0,0,0,0,0,0,0,7,0,0
171012,1,1,1990,0,0,0,0,0,0,0,0,0,0
171012,2,1,1990,0,0,0,0,0,0,0,0,0,0
171013,1,1,1990,15,15,15,15,15,15,15,15,15,15
171013,2,1,1990,0,0,0,0,0,0,0,0,0,0
171014,1,1,1990,21,22,11,17,28,12,25,23,6,15
171015,0,1,1990,0,0,0,0,0,0,0,0,0,0
171015,1,1,1990,0,0,0,0,7,0,0,0,0,0
171016,0,1,1990,4,4,4,4,4,4,4,4,4,4
171016,1,1,1990,0,0,0,0,0,0,0,0,0,0
171017,1,1,1990,0,0,0,0,0,0,0,0,0,0
171018,1,1,1990,9,9,9,9,9,9,9,9,9,9
171018,2,1,1990,0,13,0,0,0,0,0,0,0,0
171019,1,1,1990,16,0,20,19,22,9,30,18,23,20
171019,2,1,1990,0,0,0,0,0,0,0,0,0,0
171020,1,1,1990,0,0,0,0,0,26,0,0,0,0
171021,1,1,1990,0,0,0,0,0,0,0,0,0,0
171022,1,1,1990,21,10,35,0,18,28,16,20,6,17
171023,1,1,1990,12,12,12,12,12,12,12,12,12,12
171024,1,1,1990,14,14,14,14,14,14,14,14,14,14
171025,1,1,1990,0,0,0,0,0,0,0,0,0,0
171026,1,1,1990,0,0,0,0,0,0,0,0,0,0
171027,1,1,1990,4,4,4,4,4,4,4,4,4,4
171027,2,1,1990,0,0,0,0,0,0,0,0,0,0
171028,0,1,1990,37,37,37,37,37,37,37,37,37,37
171028,1,1,1990,6,6,15,9,12,24,21,22,0,9
171029,1,1,1990,7,7,7,7,7,7,7,7,7,7
171030,1,1,1990,0,0,0,0,0,0,0,0,0,0
171031,0,1,1990,0,0,0,0,0,0,0,0,0,0
171031,1,1,1990,0,0,0,0,0,0,0,0,9,0
171032,0,1,1990,22,22,22,22,22,22,22,22,22,22
171032,1,1,1990,0,0,19,0,0,0,0,0,0,0
171033,0,1,1990,0,0,0,0,0,0,0,0,0,0
171033,1,1,1990,0,0,0,0,0,0,0,0,0,0
171034,1,1,1990,0,0,0,0,0,0,0,0,0,12
171034,2,1,1990,12,0,0,0,0,0,0,0,0,7
171035,1,1,1990,26,26,26,26,26,26,26,26,26,26
171036,1,1,1990,0,0,0,0,0,0,0,0,0,0
171037,1,1,1990,6,6,6,6,6,6,6,6,6,6
171037,2,1,1990,0,0,0,0,0,0,0,5,0,0
171038,0,1,1990,0,0,0,0,0,0,0,0,0,0
171038,1,1,1990,0,0,0,9,11,0,0,0,20,0
171039,1,1,1990,0,0,0,0,0,0,0,0,0,0
171039,2,1,1990,0,0,0,0,0,0,0,0,0,0
171040,1,1,1990,0,0,0,0,0,0,0,0,0,0
171040,2,1,1990,0,0,0,0,0,0,0,0,0,0
171041,1,1,1990,0,0,0,0,0,0,0,0,0,0
171042,1,1,1990,0,0,0,0,0,0,0,0,0,0
171042,2,1,1990,0,0,0,0,0,0,0,0,0,0
171043,0,1,1990,8,0,0,0,0,0,0,0,42,17
171043,0,2,1990,0,0,0,0,0,0,0,0,0,0
171043,0,3,1990,0,0,0,0,0,0,0,0,0,0
171043,1,1,1990,21,0,0,0,0,0,0,0,21,0
171044,1,1,1990,0,0,0,0,0,0,0,0,0,0
171044,2,1,1990,0,0,0,0,0,0,0,0,0,0
171045,1,1,1990,12,12,12,12,12,12,12,12,12,12
171045,2,1,1990,2,2,2,2,2,2,2,2,2,2
171046,1,1,1990,31,31,31,31,31,31,31,31,31,31
171047,1,1,1990,0,0,0,0,0,0,0,0,0,0
171047,2,1,1990,0,0,0,0,0,0,0,0,0,0
171048,0,1,1990,0,0,0,0,0,0,0,0,0,0
171048,1,1,1990,0,0,0,0,0,16,0,0,0,0
171049,1,1,1990,0,13,0,0,0,0,25,18,8,0
171049,2,1,1990,0,0,0,0,6,0,0,0,0,0
171050,1,1,1990,20,20,20,20,20,20,20,20,20,20
171051,1,1,1990,0,0,0,0,26,8,0,33,8,0
171051,2,1,1990,0,0,0,0,0,0,0,0,0,0
171052,0,1,1990,0,0,0,0,0,0,0,0,0,0
171052,1,1,1990,13,13,13,13,13,13,13,13,13,13
171053,1,1,1990,23,23,23,23,23,23,23,23,23,23
171054,1,1,1990,0,0,0,0,0,0,0,0,0,0
171054,2,1,1990,0,0,16,0,0,0,0,0,0,0
171054,3,1,1990,0,0,0,0,0,0,0,0,0,0
171055,1,1,1990,22,22,22,22,22,22,22,22,22,22
171056,1,1,1990,19,19,19,19,19,19,19,19,19,19
171057,1,1,1990,13,13,13,13,13,13,13,13,13,13
171058,1,1,1990,0,0,0,0,0,0,0,0,0,0
171059,1,1,1990,0,0,0,5,0,0,0,0,0,0
171059,2,1,1990,14,14,14,14,14,14,14,14,14,14
171060,1,1,1990,0,0,0,14,0,0,0,0,8,0
171060,2,1,1990,0,0,9,0,0,0,0,0,0,0
171061,1,1,1990,18,14,17,4,18,23,22,28,13,7
171061,2,1,1990,0,0,0,0,0,0,0,0,0,0
171062,1,1,1990,0,0,0,0,0,0,0,0,0,0
171062,2,1,1990,0,0,0,0,0,0,0,0,0,0
171062,3,1,1990,0,0,0,0,0,0,0,0,0,0
171062,4,1,1990,0,0,0,0,0,0,0,0,0,0
171063,1,1,1990,0,0,0,0,0,0,0,0,0,0
171063,2,1,1990,0,0,0,0,0,0,0,0,0,0
171063,3,1,1990,0,0,0,0,0,0,0,0,0,0
171063,4,1,1990,0,0,0,0,0,0,0,0,0,0
171064,0,1,1990,0,0,0,0,0,0,0,0,0,0
171064,1,1,1990,0,11,0,19,18,0,31,16,6,24
171065,1,1,1990,19,19,19,19,19,19,19,19,19,19
171065,2,1,1990,11,0,5,0,7,0,0,0,0,0
171066,1,1,1990,19,16,20,0,0,8,17,18,14,0
171067,1,1,1990,14,14,14,14,14,14,14,14,14,14
171068,0,1,1990,13,13,13,13,13,13,13,13,13,13
171068,1,1,1990,0,10,0,16,9,0,0,0,38,0
171069,1,1,1990,15,15,15,15,15,15,15,15,15,15
171069,2,1,1990,0,0,0,0,0,0,0,0,0,0
171070,1,1,1990,20,20,20,20,20,20,20,20,20,20
171071,1,1,1990,0,0,0,0,0,0,0,0,0,0
171071,2,1,1990,0,0,0,0,0,0,0,0,0,0
171071,3,1,1990,0,0,0,0,0,0,0,0,0,0
171072,1,1,1990,0,0,0,0,0,0,0,0,0,13
171073,1,1,1990,0,0,0,23,0,0,38,0,0,9
171074,1,1,1990,18,10,23,15,21,8,4,8,9,21
171075,1,1,1990,0,0,0,0,0,0,0,0,0,0
171076,1,1,1990,0,0,0,0,0,0,0,0,0,7
171076,2,1,1990,0,0,0,0,0,0,0,0,0,0
171076,3,1,1990,15,0,0,0,0,0,0,0,0,0
171077,0,1,1990,34,34,34,34,34,34,34,34,34,34
171077,1,1,1990,0,0,3,0,0,0,23,24,0,0
171078,1,1,1990,17,17,17,17,17,17,17,17,17,17
171079,1,1,1990,0,0,2,0,0,0,0,0,0,0
171080,1,1,1990,22,14,31,4,18,12,17,18,17,17
171080,2,1,1990,6,6,6,6,6,6,6,6,6,6
171081,0,1,1990,0,0,0,0,0,0,0,0,0,0
171081,1,1,1990,0,0,0,0,0,0,0,0,0,0
171082,1,1,1990,40,40,40,40,40,40,40,40,40,40
171083,1,1,1990,0,0,0,0,0,0,0,0,0,0
171083,2,1,1990,0,0,0,0,0,0,0,0,0,0
171084,1,1,1990,0,0,0,0,0,0,0,7,12,0
171085,1,1,1990,0,0,0,0,0,0,0,0,0,0
171085,2,1,1990,0,0,0,0,0,0,0,0,0,0
171086,1,1,1990,27,27,27,27,27,27,27,27,27,27
171086,2,1,1990,0,0,0,0,0,0,0,11,0,0
171086,3,1,1990,0,0,0,0,0,0,0,0,0,0
171087,1,1,1990,5,5,5,5,5,5,5,5,5,5
171088,1,1,1990,12,12,12,12,12,12,12,12,12,12
171089,0,1,1990,0,0,0,0,0,0,0,0,0,0
171089,1,1,1990,0,0,0,0,0,0,0,0,0,0
171090,1,1,1990,15,15,15,15,15,15,15,15,15,15
171091,1,1,1990,0,0,0,0,0,0,0,0,0,0
171092,1,1,1990,0,0,0,0,0,0,0,0,0,0
171092,2,1,1990,0,0,0,0,0,0,0,0,0,0
171093,0,1,1990,0,0,0,0,0,0,0,0,0,0
171093,1,1,1990,0,0,0,0,0,0,0,0,0,0
171094,1,1,1990,0,0,0,0,0,0,0,0,0,0
171094,2,1,1990,0,0,0,0,0,0,0,0,0,0
171095,0,1,1990,10,21,0,13,0,0,31,32,14,22
171095,1,1,1990,0,0,0,0,0,0,0,0,0,0
171095,2,1,1990,0,0,0,0,0,0,0,0,0,0
171096,1,1,1990,20,20,20,20,20,20,20,20,20,20
171097,1,1,1990,11,11,11,11,11,11,11,11,11,11
171097,2,1,1990,0,0,3,6,19,19,8,5,9,0
171097,3,1,1990,16,0,0,0,0,0,0,0,20,0
171097,4,1,1990,0,0,0,0,0,0,0,0,0,0
171098,0,1,1990,32,17,18,37,11,12,0,12,0,6
171098,1,1,1990,31,18,18,15,17,17,7,18,0,7
171099,1,1,1990,0,0,0,0,0,0,0,0,0,0
171100,1,1,1990,5,25,0,8,8,0,11,8,16,12
171101,1,1,1990,16,0,0,0,0,0,0,10,0,18
171101,2,1,1990,0,0,0,0,0,0,0,0,0,0
171102,2,1,1990,0,0,0,0,0,0,17,0,0,0
171103,1,1,1990,0,0,0,0,0,0,0,0,0,0
171103,2,1,1990,0,0,0,0,0,0,0,0,0,0
171104,1,1,1990,0,0,0,0,0,0,0,0,0,0
171104,2,1,1990,0,0,0,0,0,0,0,0,0,0
171105,1,1,1990,0,0,0,0,0,0,0,0,0,0
171105,2,1,1990,0,0,0,0,0,0,0,0,0,0
171105,3,1,1990,0,0,0,0,0,0,0,0,0,0
171106,1,1,1990,30,30,30,30,30,30,30,30,30,30
171106,2,1,1990,0,0,0,0,0,0,0,0,0,0
171106,3,1,1990,0,0,0,0,0,18,0,19,0,0
171107,1,1,1990,0,0,0,0,0,0,0,0,0,0
171107,2,1,1990,0,0,0,0,0,0,0,0,0,0
171107,3,1,1990,0,12,0,0,21,0,0,0,0,0
171107,4,1,1990,0,0,0,0,0,0,0,0,0,13
171108,1,1,1990,26,26,26,26,26,26,26,26,26,26
171109,1,1,1990,16,16,16,16,16,16,16,16,16,16
171109,2,1,1990,0,0,0,0,0,0,0,0,0,0
171110,1,1,1990,0,0,0,0,0,0,0,0,0,0
171110,2,1,1990,0,0,0,0,0,0,0,0,0,0
171111,1,1,1990,19,19,19,19,19,19,19,19,19,19
171111,2,1,1990,0,0,0,0,0,0,0,0,0,0
171112,1,1,1990,6,6,6,6,6,6,6,6,6,6
171113,1,1,1990,20,20,20,20,20,20,20,20,20,20
171114,1,1,1990,0,0,0,0,0,0,0,0,0,0
171114,2,1,1990,0,0,0,0,11,0,0,0,0,0
171115,1,1,1990,0,0,0,0,0,0,0,0,0,0
171116,1,1,1990,15,15,15,15,15,15,15,15,15,15
171117,1,1,1990,17,13,14,31,0,14,13,25,18,15
171118,1,1,1990,0,21,0,0,5,0,11,0,0,0
171119,0,1,1990,21,21,21,21,21,21,21,21,21,21
171119,1,1,1990,23,12,25,0,11,0,0,0,20,0
171120,1,1,1990,0,0,0,0,0,0,0,0,0,0
171120,2,1,1990,0,7,7,0,0,0,0,0,0,8
171121,1,1,1990,0,0,0,0,0,0,0,0,0,0
171121,2,1,1990,0,22,10,20,0,0,0,0,0,0
171122,0,1,1990,0,0,0,0,0,0,0,0,0,0
171122,1,1,1990,0,0,12,0,0,0,11,0,7,0
171122,2,1,1990,0,0,0,0,0,0,0,10,8,0
171122,3,1,1990,18,25,0,0,15,0,0,8,0,28
171124,0,1,1990,0,0,0,0,0,0,0,0,0,0
171124,1,1,1990,0,0,0,0,0,0,0,0,0,0
171125,1,1,1990,0,0,0,0,0,0,10,0,0,0
171125,2,1,1990,0,0,0,0,0,0,0,0,0,0
171125,3,1,1990,0,0,0,0,0,0,0,0,0,0
171126,1,1,1990,0,0,0,0,0,0,0,19,0,0
171127,0,1,1990,0,0,0,0,0,0,0,0,0,0
171127,0,2,1990,33,15,0,34,0,0,0,0,0,18
171127,0,3,1990,0,0,0,0,0,0,20,0,8,0
171127,1,1,1990,0,0,0,0,0,0,0,0,0,0
171128,1,1,1990,0,0,0,0,0,0,0,0,0,0
171128,2,1,1990,0,0,0,0,0,0,0,0,0,0
171128,3,1,1990,0,0,0,0,0,0,0,0,0,0
171128,4,1,1990,0,0,0,0,0,0,0,0,0,0
171129,0,1,1990,0,0,0,0,0,0,0,0,0,0
171129,1,1,1990,0,0,0,0,0,0,0,0,0,0
171131,0,1,1990,0,0,0,0,0,0,0,0,0,0
171131,1,1,1990,0,0,0,0,8,0,0,0,0,6
171132,1,1,1990,7,7,7,7,7,7,7,7,7,7
171133,1,1,1990,0,0,0,0,0,0,0,0,0,0
171133,2,1,1990,0,0,0,0,0,0,0,0,0,0
171134,1,1,1990,0,0,0,0,0,0,0,0,0,0
171134,2,1,1990,0,0,0,0,0,0,0,0,0,0
171134,3,1,1990,0,0,0,0,0,0,0,0,0,0
171135,1,1,1990,14,14,14,14,14,14,14,14,14,14
171136,0,1,1990,0,0,0,0,0,0,0,0,0,0
171136,0,2,1990,0,33,30,17,4,28,0,28,0,37
171136,1,1,1990,0,0,0,0,0,0,0,0,0,0
171137,1,1,1990,23,23,23,23,23,23,23,23,23,23
171137,2,1,1990,13,13,13,13,13,13,13,13,13,13
171138,1,1,1990,9,17,6,0,6,8,11,24,22,21
171139,0,1,1990,0,0,0,0,0,0,0,0,0,0
171139,1,1,1990,0,0,0,12,0,0,0,0,0,0
171140,1,1,1990,22,22,22,22,22,22,22,22,22,22
171141,1,1,1990,20,20,20,20,20,20,20,20,20,20
171141,2,1,1990,0,0,0,0,0,0,0,0,0,0
171142,1,1,1990,11,11,11,11,11,11,11,11,11,11
171143,1,1,1990,0,0,0,0,0,0,0,0,0,0
171143,2,1,1990,0,0,0,0,0,0,0,0,0,0
171144,0,1,1990,0,0,0,0,0,0,0,0,0,0
171144,1,1,1990,17,21,16,0,17,22,12,21,14,0
171144,2,1,1990,0,0,0,0,0,0,0,0,0,0
171144,3,1,1990,0,0,0,0,0,0,0,0,0,0
171144,4,1,1990,0,0,0,0,0,0,0,0,0,0
171145,1,1,1990,14,15,17,14,8,18,30,9,12,11
171145,2,1,1990,9,10,8,21,2,16,8,12,15,9
171145,3,1,1990,0,0,12,6,19,0,7,0,0,0
171146,1,1,1990,0,0,0,0,0,0,0,0,0,0
171146,2,1,1990,0,0,0,0,0,0,0,0,0,0
171147,1,1,1990,20,38,32,7,16,24,28,27,6,24
171148,1,1,1990,13,13,13,13,13,13,13,13,13,13
171149,1,1,1990,0,0,0,0,0,0,0,0,0,0
171150,1,1,1990,0,0,0,0,0,0,22,0,0,0
171150,2,1,1990,2,2,2,2,2,2,2,2,2,2
171151,1,1,1990,0,0,0,0,0,0,0,0,0,0
171151,2,1,1990,0,0,0,0,0,0,0,0,0,0
171153,1,1,1990,28,12,23,14,22,10,11,20,0,12
171154,1,1,1990,2,2,2,2,2,2,2,2,2,2
171154,2,1,1990,0,0,0,0,0,0,21,0,0,0
171155,0,1,1990,0,0,0,0,0,0,0,0,0,0
171155,1,1,1990,10,0,0,0,0,0,0,0,0,0
171156,0,1,1990,0,0,0,0,0,0,0,0,0,0
171156,0,2,1990,0,0,0,0,0,0,13,0,12,0
171156,1,1,1990,0,0,0,0,0,0,0,0,0,0
171157,1,1,1990,15,0,0,0,0,7,0,0,21,0
171158,1,1,1990,9,9,9,9,9,9,9,9,9,9
171159,1,1,1990,0,0,0,0,0,0,0,0,0,0
171160,0,1,1990,5,0,0,0,0,0,23,0,0,0
171160,1,1,1990,35,25,28,26,25,25,10,19,15,30
171161,1,1,1990,4,17,24,10,14,7,13,12,7,20
171161,2,1,1990,0,0,0,6,0,0,0,13,5,0
171162,1,1,1990,0,0,0,0,6,3,0,0,0,0
171162,2,1,1990,0,0,0,0,0,0,0,0,0,0
171163,1,1,1990,0,0,0,0,0,0,0,0,0,0
171164,0,1,1990,0,0,0,0,0,0,0,0,0,0
171164,1,1,1990,0,0,0,0,0,0,0,0,0,0
171165,0,1,1990,21,21,21,21,21,21,21,21,21,21
171165,1,1,1990,0,0,0,0,0,0,0,0,0,0
171166,1,1,1990,0,0,0,0,0,0,0,0,0,0
171167,1,1,1990,0,0,0,0,0,0,0,0,0,22
171167,2,1,1990,0,0,0,0,0,0,0,0,0,0
171168,1,1,1990,11,11,11,11,11,11,11,11,11,11
171169,1,1,1990,0,0,0,0,0,0,0,0,0,0
171169,2,1,1990,0,0,0,0,0,0,0,0,0,0
171169,3,1,1990,0,0,0,0,0,0,0,0,0,0
171170,0,1,1990,0,0,0,0,0,0,0,0,0,0
171170,1,1,1990,0,0,0,0,0,0,0,0,0,0
171171,0,1,1990,0,0,0,0,0,0,0,0,0,0
171171,1,1,1990,0,0,0,0,0,0,0,0,0,0
171172,1,1,1990,22,22,22,22,22,22,22,22,22,22
171174,1,1,1990,20,20,20,20,20,20,20,20,20,20
171175,1,1,1990,26,26,26,26,26,26,26,26,26,26
171176,1,1,1990,0,0,0,0,0,0,0,0,0,0
171176,2,1,1990,0,0,0,0,0,0,0,0,0,0
171177,1,1,1990,0,0,0,0,0,0,0,0,0,0
171178,1,1,1990,0,0,0,0,0,0,0,0,0,0
171179,1,1,1990,8,8,8,8,8,8,8,8,8,8
171180,1,1,1990,17,17,17,17,17,17,17,17,17,17
171180,2,1,1990,0,0,0,0,0,0,0,0,0,0
171181,1,1,1990,10,37,9,0,0,0,10,0,0,0
171182,1,1,1990,0,0,0,0,0,0,0,0,0,0
171183,1,1,1990,18,18,18,18,18,18,18,18,18,18
171184,1,1,1990,0,0,0,31,36,6,11,0,0,35
171185,1,1,1990,13,13,13,13,13,13,13,13,13,13
171186,1,1,1990,22,22,22,22,22,22,22,22,22,22
171187,1,1,1990,3,3,3,3,3,3,3,3,3,3
171188,1,1,1990,28,28,28,28,28,28,28,28,28,28
171189,1,1,1990,17,16,0,20,18,18,17,14,0,11
171189,2,1,1990,0,0,0,0,0,0,0,0,0,0
171190,1,1,1990,10,10,10,10,10,10,10,10,10,10
171190,2,1,1990,17,23,10,29,18,16,13,15,7,17
171191,1,1,1990,5,5,5,5,5,5,5,5,5,5
171192,0,1,1990,19,19,19,19,19,19,19,19,19,19
171192,1,1,1990,0,0,35,0,0,0,0,0,0,0
171193,1,1,1990,5,5,5,5,5,5,5,5,5,5
171194,1,1,1990,23,23,23,23,23,23,23,23,23,23
171194,2,1,1990,0,0,0,0,0,0,0,0,0,0
171195,1,1,1990,10,10,10,10,10,10,10,10,10,10
171195,2,1,1990,0,0,6,0,0,0,0,0,0,0
171196,1,1,1990,0,20,10,35,17,21,0,15,0,12
171197,1,1,1990,0,0,0,0,0,0,0,0,0,15
171197,2,1,1990,0,0,0,0,0,0,0,0,0,0
171198,1,1,1990,0,0,0,0,0,0,0,0,0,0
171198,2,1,1990,0,0,0,0,0,0,0,0,0,0
171199,1,1,1990,12,12,12,12,12,12,12,12,12,12
171200,1,1,1990,0,0,0,0,0,0,0,0,0,0
171200,2,1,1990,0,13,0,26,0,0,0,0,0,0
171200,3,1,1990,0,0,0,0,0,0,0,0,0,0
171201,1,1,1990,7,0,0,0,0,0,0,0,0,0
171201,2,1,1990,0,0,0,0,0,0,16,10,0,0
171202,1,1,1990,12,12,12,12,12,12,12,12,12,12
171203,1,1,1990,15,18,0,14,16,0,12,0,0,24
171204,1,1,1990,23,23,23,23,23,23,23,23,23,23
171205,0,1,1990,0,0,0,0,0,0,0,0,0,0
171205,1,1,1990,0,0,0,0,0,0,0,0,0,0
171207,1,1,1990,0,0,0,0,0,0,0,0,0,0
171207,2,1,1990,0,0,0,0,0,0,0,0,0,0
171208,1,1,1990,0,0,0,0,0,0,0,0,0,0
171208,2,1,1990,0,0,0,0,0,0,0,0,0,0
171209,1,1,1990,0,0,0,0,0,0,0,0,0,0
171209,2,1,1990,0,0,0,0,0,0,0,0,0,0