ST_CASE,VEH_NO,PER_NO,YEAR,P1,P2,P3,P4,P5,P6,P7,P8,P9,P10
171210,1,1,1990,0,0,0,0,0,0,0,0,0,0
171211,1,1,1990,14,0,0,5,12,0,0,0,0,0
171212,0,1,1990,44,0,0,0,0,22,40,0,16,0
171212,1,1,1990,0,0,8,0,0,0,0,0,0,0
171213,1,1,1990,16,16,16,16,16,16,16,16,16,16
171214,1,1,1990,0,0,0,0,0,0,0,0,0,0
171215,1,1,1990,25,32,16,17,41,16,21,0,29,13
171215,2,1,1990,24,12,32,10,0,24,4,0,12,0
171216,1,1,1990,18,18,18,18,18,18,18,18,18,18
171217,1,1,1990,0,0,0,0,0,0,0,8,0,0
171217,2,1,1990,0,0,0,0,0,0,0,0,0,0
171218,1,1,1990,0,0,0,0,0,0,0,0,0,0
171218,2,1,1990,0,0,0,0,0,0,0,0,0,0
171218,3,1,1990,0,0,0,0,0,0,0,0,0,0
171219,1,1,1990,12,12,12,12,12,12,12,12,12,12
171220,1,1,1990,12,12,12,12,12,12,12,12,12,12
171221,1,1,1990,0,0,0,0,0,0,0,0,0,0
171222,1,1,1990,30,30,30,30,30,30,30,30,30,30
171222,2,1,1990,15,15,15,15,15,15,15,15,15,15
171223,1,1,1990,10,10,10,10,10,10,10,10,10,10
171223,2,1,1990,0,0,0,0,0,0,0,0,0,0
171224,0,1,1990,0,0,0,0,0,0,0,0,0,0
171224,1,1,1990,0,0,0,10,5,0,0,0,0,0
171225,1,1,1990,0,0,0,0,4,0,0,0,0,0
171225,2,1,1990,18,0,0,0,0,0,0,8,0,0
171225,3,1,1990,0,0,0,0,0,0,0,0,0,0
171226,1,1,1990,22,22,22,22,22,22,22,22,22,22
171227,1,1,1990,19,8,25,25,20,0,0,28,49,17
171228,0,1,1990,0,0,0,0,0,0,0,0,0,0
171228,1,1,1990,11,22,15,0,0,10,28,0,0,31
171228,2,1,1990,0,0,0,0,0,0,0,0,0,7
171229,1,1,1990,0,0,0,0,0,0,0,0,0,0
171230,1,1,1990,0,0,0,0,11,0,0,0,0,0
171230,2,1,1990,0,0,0,15,10,8,0,20,0,0
171231,1,1,1990,0,0,0,0,0,0,0,0,0,0
171231,2,1,1990,0,0,0,0,0,0,0,0,0,0
171232,1,1,1990,23,23,23,23,23,23,23,23,23,23
171232,2,1,1990,0,0,0,0,0,0,0,0,0,0
171233,1,1,1990,0,0,0,0,0,0,0,0,0,0
171233,2,1,1990,0,0,0,0,0,0,0,0,0,0
171233,3,1,1990,0,0,0,0,0,0,0,0,0,0
171233,4,1,1990,0,0,0,0,0,0,0,0,0,0
171234,1,1,1990,0,0,0,0,0,0,0,0,0,0
171234,2,1,1990,0,0,0,0,0,0,0,0,0,0
171235,1,1,1990,24,24,24,24,24,24,24,24,24,24
171235,2,1,1990,0,0,0,0,0,0,0,0,0,0
171236,1,1,1990,9,9,9,9,9,9,9,9,9,9
171236,2,1,1990,0,0,0,0,0,0,0,0,0,0
171236,3,1,1990,0,0,0,0,0,0,0,0,0,0
171237,1,1,1990,19,19,19,19,19,19,19,19,19,19
171237,2,1,1990,0,0,0,0,0,0,0,0,0,0
171238,0,1,1990,0,0,0,0,0,0,0,0,0,0
171238,1,1,1990,0,0,0,0,0,0,0,0,0,0
171239,0,1,1990,0,0,5,0,0,0,0,0,0,0
171239,1,1,1990,0,0,0,0,0,0,0,0,0,0
171240,1,1,1990,0,0,0,0,0,0,0,0,0,0
171241,1,1,1990,0,0,0,0,0,0,0,0,0,0
171241,2,1,1990,0,0,0,0,0,0,0,0,0,0
171242,1,1,1990,0,0,0,0,0,0,0,0,0,0
171242,2,1,1990,0,0,0,0,0,0,0,0,0,0
171243,0,1,1990,0,0,0,0,0,0,0,0,0,0
171243,1,1,1990,0,0,0,0,0,0,0,0,0,0
171244,1,1,1990,10,6,0,8,10,0,26,7,5,7
171245,0,1,1990,0,0,0,0,0,0,0,0,0,0
171245,1,1,1990,0,0,0,0,0,0,0,0,0,0
171246,0,1,1990,0,25,0,0,0,0,0,0,0,0
171246,1,1,1990,0,0,14,0,0,0,0,0,0,33
171247,1,1,1990,10,5,15,20,14,14,38,19,7,15
171247,2,1,1990,0,0,0,0,0,0,0,0,0,0
171247,3,1,1990,12,12,12,12,12,12,12,12,12,12
171248,1,1,1990,40,40,40,40,40,40,40,40,40,40
171249,1,1,1990,0,0,0,0,0,0,0,0,0,0
171249,2,1,1990,0,0,0,0,0,0,0,0,0,0
171249,3,1,1990,0,0,0,0,0,0,0,0,0,0
171250,1,1,1990,8,8,8,8,8,8,8,8,8,8
171251,1,1,1990,17,17,17,17,17,17,17,17,17,17
171252,0,1,1990,0,0,0,0,0,0,0,0,0,0
171252,1,1,1990,0,0,0,0,0,0,0,0,0,0
171253,1,1,1990,12,0,19,0,35,0,0,0,17,14
171254,1,1,1990,0,0,0,0,0,0,0,0,0,0
171254,2,1,1990,0,0,0,0,0,0,0,0,0,0
171254,3,1,1990,0,0,0,0,0,0,0,0,0,0
171255,1,1,1990,20,20,20,20,20,20,20,20,20,20
171256,1,1,1990,17,17,17,17,17,17,17,17,17,17
171257,1,1,1990,15,15,15,15,15,15,15,15,15,15
171258,0,1,1990,0,0,0,0,0,0,0,0,0,0
171258,1,1,1990,0,0,0,0,0,0,0,0,0,0
171258,2,1,1990,0,0,0,0,7,0,0,21,16,0
171259,0,1,1990,0,0,0,0,0,0,0,0,0,0
171259,1,1,1990,0,0,0,10,13,0,0,0,0,0
171260,1,1,1990,0,0,0,0,0,0,0,0,0,0
171260,2,1,1990,0,0,0,0,0,0,0,0,0,0
171261,1,1,1990,25,25,25,25,25,25,25,25,25,25
171262,1,1,1990,24,24,24,24,24,24,24,24,24,24
171263,1,1,1990,0,0,0,0,0,0,0,0,0,0
171264,1,1,1990,20,20,20,20,20,20,20,20,20,20
171264,2,1,1990,0,0,0,0,0,0,0,9,0,0
171265,1,1,1990,11,11,11,11,11,11,11,11,11,11
171266,1,1,1990,19,19,19,19,19,19,19,19,19,19
171267,1,1,1990,23,14,10,16,13,14,12,10,8,11
171267,2,1,1990,0,0,0,0,0,0,0,0,0,0
171268,1,1,1990,29,29,29,29,29,29,29,29,29,29
171268,2,1,1990,0,0,0,0,0,0,0,0,0,0
171269,1,1,1990,0,0,0,0,0,0,0,0,0,0
171269,2,1,1990,0,0,0,0,0,0,0,0,0,0
171270,0,1,1990,0,0,0,0,0,0,0,0,0,0
171270,1,1,1990,0,0,0,10,0,0,0,0,0,0
171271,1,1,1990,3,25,23,24,14,26,17,19,9,20
171271,2,1,1990,0,0,0,0,0,0,0,0,0,0
171271,3,1,1990,0,0,0,0,0,0,0,0,0,0
171271,4,1,1990,0,0,0,0,0,0,0,0,0,0
171271,5,1,1990,0,0,0,0,0,0,11,7,0,0
171271,6,1,1990,0,0,14,0,0,6,18,0,10,21
171272,1,1,1990,11,11,11,11,11,11,11,11,11,11
171273,1,1,1990,10,10,10,10,10,10,10,10,10,10
171273,2,1,1990,0,0,0,0,0,0,0,0,0,0
171274,1,1,1990,9,9,9,9,9,9,9,9,9,9
171274,2,1,1990,9,9,9,9,9,9,9,9,9,9
171275,1,1,1990,12,12,12,12,12,12,12,12,12,12
171276,1,1,1990,27,27,27,27,27,27,27,27,27,27
171276,2,1,1990,0,0,0,0,4,0,0,0,0,0
171277,1,1,1990,18,16,27,11,30,18,12,13,14,14
171278,1,1,1990,0,0,0,0,0,0,0,0,0,0
171279,1,1,1990,20,20,20,20,20,20,20,20,20,20
171280,1,1,1990,0,0,0,0,0,0,0,0,0,0
171281,1,1,1990,0,0,0,0,0,0,0,0,0,0
171281,2,1,1990,0,0,0,0,0,0,0,0,0,0
171282,1,1,1990,10,10,10,10,10,10,10,10,10,10
171283,1,1,1990,0,0,0,0,0,0,0,0,0,0
171283,2,1,1990,0,0,0,0,0,0,0,0,0,0
171283,3,1,1990,0,0,0,12,0,0,0,0,0,11
171284,1,1,1990,0,0,0,0,0,0,0,0,0,0
171284,2,1,1990,0,0,0,0,0,0,0,0,0,0
171284,3,1,1990,0,0,0,0,0,0,0,0,0,0
171284,4,1,1990,0,0,0,0,0,0,0,0,0,0
171285,1,1,1990,0,0,0,0,0,0,0,0,0,0
171285,2,1,1990,0,0,0,0,0,0,0,0,0,0
171286,1,1,1990,0,0,0,0,0,0,0,0,0,0
171286,2,1,1990,0,0,0,0,0,0,0,0,0,0
171287,0,1,1990,0,0,0,0,0,0,0,0,0,0
171287,1,1,1990,3,27,14,7,10,22,0,11,11,13
171288,1,1,1990,0,0,0,0,0,0,0,0,0,0
171289,0,1,1990,0,0,0,0,0,0,0,0,0,0
171289,0,2,1990,8,0,0,0,0,0,0,0,0,0
171289,1,1,1990,0,0,0,0,0,0,0,0,0,0
171290,1,1,1990,0,0,0,0,0,0,0,7,0,0
171290,2,1,1990,0,0,0,0,0,0,0,0,0,0
171291,1,1,1990,20,13,15,25,36,0,18,3,15,21
171292,1,1,1990,31,31,31,31,31,31,31,31,31,31
171292,2,1,1990,18,32,0,16,0,0,0,18,0,10
171292,3,1,1990,0,0,0,0,0,0,0,0,0,0
171293,1,1,1990,17,12,9,0,18,24,26,14,24,9
171293,2,1,1990,28,28,28,28,28,28,28,28,28,28
171294,1,1,1990,13,13,13,13,13,13,13,13,13,13
171295,1,1,1990,0,0,4,23,0,0,0,0,0,0
171295,2,1,1990,0,0,0,0,0,0,0,0,0,0
171297,1,1,1990,0,0,0,0,0,0,0,0,0,0
171297,2,1,1990,23,0,0,0,0,0,0,0,0,0
171297,3,1,1990,0,0,0,0,0,0,0,0,0,0
171297,4,1,1990,0,0,0,0,0,0,0,0,0,0
171298,1,1,1990,23,23,23,23,23,23,23,23,23,23
171299,1,1,1990,0,0,0,0,0,0,0,0,0,0
171299,2,1,1990,0,0,0,16,0,0,0,0,0,0
171299,3,1,1990,0,0,0,0,0,0,0,0,0,0
171300,1,1,1990,20,20,20,20,20,20,20,20,20,20
171300,2,1,1990,0,0,0,0,0,0,10,0,0,0
171300,3,1,1990,2,0,0,0,0,0,0,16,0,0
171301,1,1,1990,0,0,0,0,0,0,0,0,0,0
171301,2,1,1990,0,0,0,0,0,0,0,0,0,0
171302,1,1,1990,7,0,0,13,0,0,0,6,0,0
171302,2,1,1990,0,0,0,0,0,0,0,0,0,9
171303,0,1,1990,0,0,0,0,0,0,0,0,0,0
171303,1,1,1990,0,0,0,0,0,0,0,0,0,11
171304,1,1,1990,26,26,26,26,26,26,26,26,26,26
171305,0,1,1990,0,0,0,0,25,0,0,0,13,0
171305,1,1,1990,0,0,0,0,0,0,0,0,0,0
171306,1,1,1990,0,0,0,0,0,0,0,0,0,0
171306,2,1,1990,0,0,0,0,0,0,0,0,0,0
171307,1,1,1990,4,10,17,18,0,0,9,29,14,21
171308,1,1,1990,0,0,0,0,0,0,0,0,0,0
171308,2,1,1990,0,0,0,9,0,0,0,0,0,0
171309,1,1,1990,14,14,14,14,14,14,14,14,14,14
171309,2,1,1990,0,0,0,0,0,0,0,0,0,0
171310,1,1,1990,28,28,28,28,28,28,28,28,28,28
171310,2,1,1990,13,13,13,13,13,13,13,13,13,13
171311,1,1,1990,0,0,0,0,0,0,0,0,0,0
171311,2,1,1990,4,4,4,4,4,4,4,4,4,4
171312,1,1,1990,22,22,22,22,22,22,22,22,22,22
171313,1,1,1990,8,36,13,18,27,14,12,12,15,15
171313,2,1,1990,14,0,8,19,11,21,0,4,22,0
171314,1,1,1990,5,33,16,7,21,0,28,27,12,21
171315,1,1,1990,0,12,0,0,0,0,14,16,0,0
171316,1,1,1990,22,22,22,22,22,22,22,22,22,22
171316,2,1,1990,0,0,0,0,0,0,0,0,0,0
171316,3,1,1990,0,0,0,0,0,0,0,0,0,0
171317,0,1,1990,20,20,20,20,20,20,20,20,20,20
171317,2,1,1990,0,0,17,0,0,0,0,0,0,0
171318,1,1,1990,0,0,0,0,0,0,0,0,0,0
171319,1,1,1990,0,0,0,0,0,0,0,0,0,0
171319,2,1,1990,0,0,0,0,12,0,0,11,16,0
171319,3,1,1990,0,0,0,0,0,0,0,0,0,0
171319,4,1,1990,0,0,0,0,0,0,0,0,0,0
171320,1,1,1990,0,20,0,19,0,0,0,0,13,0
171321,1,1,1990,1,1,1,1,1,1,1,1,1,1
171321,2,1,1990,0,0,0,0,0,0,0,8,15,0
171322,0,1,1990,9,9,9,9,9,9,9,9,9,9
171322,0,2,1990,44,24,0,23,35,15,0,0,14,11
171322,1,1,1990,0,0,5,0,0,21,18,5,0,0
171323,0,1,1990,0,0,0,0,0,0,0,0,0,0
171323,1,1,1990,0,0,0,0,0,0,0,0,0,0
171324,1,1,1990,0,0,0,0,0,0,25,0,0,19
171325,1,1,1990,0,0,0,0,0,0,4,0,0,0
171325,2,1,1990,0,0,0,0,0,0,0,0,0,0
171327,1,1,1990,0,0,0,0,0,0,0,0,0,0
171327,2,1,1990,0,0,0,0,0,0,0,0,0,0
171328,1,1,1990,0,0,0,0,0,0,0,0,0,0
171329,1,1,1990,0,0,0,0,0,0,0,0,0,0
171330,0,1,1990,0,0,0,0,0,0,0,0,0,0
171330,1,1,1990,0,0,0,0,0,0,0,0,0,0
171331,1,1,1990,0,0,0,0,0,0,0,0,0,0
171332,1,1,1990,26,26,26,26,26,26,26,26,26,26
171332,2,1,1990,0,0,0,0,0,0,0,0,0,0
171333,1,1,1990,0,0,0,0,0,0,0,0,0,0
171333,2,1,1990,0,0,0,0,0,0,0,0,0,0
171333,3,1,1990,0,0,0,0,14,0,0,0,0,0
171335,0,1,1990,0,0,0,0,0,0,0,0,0,0
171335,1,1,1990,30,33,0,15,0,8,0,20,0,15
171336,1,1,1990,0,0,0,0,0,0,0,0,0,0
171336,2,1,1990,0,0,0,0,0,0,0,0,0,0
171336,3,1,1990,2,2,2,2,2,2,2,2,2,2
171336,4,1,1990,0,0,0,0,0,0,0,0,0,0
171336,5,1,1990,0,0,0,0,0,0,0,0,0,0
171337,0,1,1990,0,0,0,0,0,0,0,0,0,0
171337,1,1,1990,0,0,0,0,0,0,0,0,0,0
171338,2,1,1990,0,0,0,0,0,0,0,0,0,0
171339,0,1,1990,16,0,0,13,0,0,0,0,0,26
171339,1,1,1990,0,0,5,5,0,0,0,0,0,0
171340,1,1,1990,0,0,0,0,0,0,0,0,0,0
171340,2,1,1990,0,0,0,0,0,0,0,0,0,0
171341,0,1,1990,0,0,0,0,0,0,0,0,0,0
171341,1,1,1990,0,0,0,0,0,0,0,0,0,0
171342,1,1,1990,40,40,40,40,40,40,40,40,40,40
171343,1,1,1990,15,15,15,15,15,15,15,15,15,15
171344,0,1,1990,0,0,0,0,0,0,0,0,0,0
171344,1,1,1990,0,4,23,6,9,0,0,0,0,0
171344,2,1,1990,0,18,13,17,26,0,0,0,0,14
171345,1,1,1990,0,0,0,0,0,0,0,0,0,0
171345,2,1,1990,0,0,0,0,0,0,0,0,0,0
171346,1,1,1990,20,20,20,20,20,20,20,20,20,20
171347,1,1,1990,17,17,17,17,17,17,17,17,17,17
171348,0,1,1990,0,0,0,0,0,0,0,0,0,0
171348,1,1,1990,0,0,0,0,0,0,22,0,0,0
171349,1,1,1990,0,0,0,0,0,0,0,0,0,0
171349,2,1,1990,0,18,0,0,0,0,0,0,2,0
171350,1,1,1990,0,0,0,0,11,12,0,9,0,0
171351,0,1,1990,18,18,18,18,18,18,18,18,18,18
171351,1,1,1990,0,0,0,0,0,0,14,0,0,0
171352,1,1,1990,0,0,0,0,0,0,0,0,0,0
171352,2,1,1990,0,0,0,0,0,0,0,0,0,0
171352,3,1,1990,0,0,0,0,0,0,0,0,0,0
171353,1,1,1990,15,15,15,15,15,15,15,15,15,15
171354,0,1,1990,0,0,0,0,0,0,0,0,0,0
171354,1,1,1990,0,0,0,0,0,0,0,0,0,0
171354,2,1,1990,0,0,0,0,0,0,0,0,0,0
171355,1,1,1990,15,5,10,0,0,13,22,0,0,15
171355,2,1,1990,0,0,0,0,0,9,0,0,0,0
171356,0,1,1990,4,4,4,4,4,4,4,4,4,4
171356,1,1,1990,0,0,0,0,0,0,0,0,0,0
171357,1,1,1990,0,0,0,0,0,0,0,0,0,0
171358,1,1,1990,0,0,0,0,0,0,0,0,0,0
171358,2,1,1990,0,0,0,0,0,0,0,0,0,0
171359,1,1,1990,32,32,32,32,32,32,32,32,32,32
171360,1,1,1990,0,0,0,0,0,0,0,0,0,0
171361,1,1,1990,0,0,0,9,0,0,0,0,16,0
171362,1,1,1990,7,7,7,7,7,7,7,7,7,7
171363,1,1,1990,0,0,0,0,0,0,0,0,0,0
171363,2,1,1990,0,0,0,0,0,0,0,0,0,0
171364,1,1,1990,0,0,0,0,0,0,0,0,0,0
171364,2,1,1990,0,0,0,0,0,0,0,0,0,0
171365,1,1,1990,0,0,0,0,0,0,0,0,0,0
171365,2,1,1990,0,0,0,0,0,0,0,0,0,0
171365,3,1,1990,0,0,0,0,0,0,0,0,0,0
171366,1,1,1990,0,0,10,12,0,17,0,0,0,14
171367,0,1,1990,28,28,28,28,28,28,28,28,28,28
171367,1,1,1990,0,0,0,0,0,0,0,0,0,0
171368,0,1,1990,0,0,0,0,0,0,0,0,0,0
171368,1,1,1990,0,0,0,0,0,0,0,0,0,14
171369,0,1,1990,22,22,22,22,22,22,22,22,22,22
171369,1,1,1990,18,31,0,15,0,0,0,0,0,0
171370,0,1,1990,0,0,0,0,0,0,0,0,0,0
171370,1,1,1990,0,0,0,0,0,9,0,0,0,0
171371,1,1,1990,25,25,25,25,25,25,25,25,25,25
171372,0,1,1990,0,0,0,0,0,0,0,0,0,0
171372,1,1,1990,0,0,0,0,0,0,0,0,0,0
171373,1,1,1990,0,0,0,0,0,0,0,0,0,0
171374,1,1,1990,24,24,24,24,24,24,24,24,24,24
171375,0,1,1990,26,0,0,0,0,0,0,9,0,0
171375,1,1,1990,15,13,13,31,30,9,0,12,18,16
171376,1,1,1990,17,17,17,17,17,17,17,17,17,17
171376,2,1,1990,0,0,0,0,0,0,0,0,0,0
171377,1,1,1990,21,17,12,0,0,12,19,0,16,31
171378,1,1,1990,0,0,17,0,14,0,0,0,0,0
171378,2,1,1990,0,0,0,0,0,0,0,0,0,0
171379,1,1,1990,14,14,14,14,14,14,14,14,14,14
171380,1,1,1990,0,0,0,17,0,19,0,22,0,12
171380,2,1,1990,18,18,18,18,18,18,18,18,18,18
171381,1,1,1990,18,18,18,18,18,18,18,18,18,18
171382,1,1,1990,25,25,25,25,25,25,25,25,25,25
171382,2,1,1990,11,11,11,11,11,11,11,11,11,11
171383,1,1,1990,0,0,0,0,0,0,0,0,0,0
171384,0,1,1990,0,0,0,0,0,0,0,0,0,0
171384,1,1,1990,16,22,4,17,8,32,16,3,30,16
171385,1,1,1990,0,0,0,0,0,0,0,0,0,0
171385,2,1,1990,0,0,0,0,0,0,0,0,0,0
171386,0,1,1990,10,10,10,10,10,10,10,10,10,10
171386,1,1,1990,17,17,17,17,17,17,17,17,17,17
171386,2,1,1990,0,0,0,0,0,0,0,0,0,0
171387,1,1,1990,16,28,0,22,21,27,17,41,16,21
171388,0,1,1990,0,0,0,0,0,0,0,0,0,0
171388,1,1,1990,0,0,0,0,0,0,0,0,0,0
171389,1,1,1990,0,0,0,0,0,0,0,0,0,0
171389,2,1,1990,0,0,0,0,0,0,11,0,0,0
171389,3,1,1990,0,0,0,0,0,0,0,0,0,0
171390,1,1,1990,30,30,30,30,30,30,30,30,30,30
171390,2,1,1990,0,0,0,0,0,0,0,22,0,0
171391,0,1,1990,0,0,0,0,0,23,0,0,30,0
171391,1,1,1990,0,0,0,0,0,0,0,0,0,0
171392,1,1,1990,0,0,0,0,0,0,0,0,0,0
171392,2,1,1990,0,0,0,0,0,0,0,0,0,0
171392,3,1,1990,0,0,0,0,0,0,0,0,0,25
171393,0,1,1990,0,0,0,0,0,0,0,0,0,0
171393,1,1,1990,0,0,0,0,0,0,0,0,0,0
171394,1,1,1990,0,0,0,0,0,0,0,0,0,0
171394,2,1,1990,0,0,0,0,0,0,0,0,0,0
171395,0,1,1990,4,4,4,4,4,4,4,4,4,4
171395,0,2,1990,35,27,21,26,20,26,25,7,21,0
171395,1,1,1990,0,12,0,18,0,0,0,0,27,0
171396,1,1,1990,0,0,0,0,0,0,0,0,0,0
171397,0,1,1990,0,0,12,0,0,0,0,0,0,0
171397,1,1,1990,0,0,0,0,0,0,0,0,0,0
171398,1,1,1990,0,0,0,0,0,0,0,0,0,0
171398,2,1,1990,0,0,0,0,0,0,0,0,21,0
171399,1,1,1990,0,0,0,0,0,0,0,0,0,0
171399,2,1,1990,0,0,0,0,0,0,0,0,0,0
171400,1,1,1990,7,7,7,7,7,7,7,7,7,7
171401,1,1,1990,7,7,7,7,7,7,7,7,7,7
171402,0,1,1990,0,0,0,0,0,0,0,0,0,0
171402,1,1,1990,0,0,0,0,0,0,0,0,0,0
171403,1,1,1990,0,0,0,0,0,0,0,0,0,0
171403,2,1,1990,0,0,0,0,0,0,0,0,0,0
171404,1,1,1990,0,10,0,0,0,0,0,0,0,0
171404,2,1,1990,0,0,0,0,0,0,0,0,0,0
171405,1,1,1990,0,0,0,0,0,0,0,0,0,0
171405,2,1,1990,0,0,0,0,0,0,0,0,0,0
171405,3,1,1990,0,0,0,0,0,0,0,0,0,0
171406,1,1,1990,0,0,0,0,0,0,0,0,0,0
171406,2,1,1990,0,0,0,0,0,0,0,0,0,0
171407,0,1,1990,0,0,0,0,0,0,14,25,0,0
171407,1,1,1990,0,0,0,0,0,0,0,0,0,0
171408,0,1,1990,0,0,0,7,0,0,0,0,0,0
171408,1,1,1990,0,0,0,0,0,0,0,0,0,0
171409,1,1,1990,28,28,28,28,28,28,28,28,28,28
171410,1,1,1990,12,0,0,0,0,0,0,0,0,0
171411,1,1,1990,16,16,16,16,16,16,16,16,16,16
171412,1,1,1990,15,15,15,15,15,15,15,15,15,15
171412,2,1,1990,0,0,0,0,0,0,0,0,0,0
171413,1,1,1990,0,0,0,0,0,0,0,0,0,0
171414,1,1,1990,0,0,0,0,0,0,0,0,0,0
171414,2,1,1990,20,0,0,12,0,0,0,0,0,0
171414,3,1,1990,0,0,0,0,0,0,0,0,0,0
171414,4,1,1990,0,0,0,0,0,0,0,0,0,0
171415,1,1,1990,0,0,0,0,0,0,0,0,0,0
171416,1,1,1990,12,25,0,21,26,28,17,9,18,12
171417,1,1,1990,0,0,0,0,0,0,0,0,0,0
171418,1,1,1990,0,0,0,0,0,0,0,0,0,0
171418,2,1,1990,0,0,0,0,0,0,0,0,0,0
171418,3,1,1990,9,9,9,9,9,9,9,9,9,9
171419,0,1,1990,10,10,10,10,10,10,10,10,10,10
171419,1,1,1990,0,0,0,0,0,0,0,0,0,0
171420,1,1,1990,18,18,18,18,18,18,18,18,18,18
171421,1,1,1990,13,13,13,13,13,13,13,13,13,13
171421,2,1,1990,0,11,0,0,0,0,0,16,0,17
171421,3,1,1990,2,0,0,0,0,0,0,7,0,14
171422,1,1,1990,0,0,0,26,8,4,22,0,19,0
171422,2,1,1990,0,0,0,0,0,0,0,0,0,0
171422,3,1,1990,0,0,0,0,0,0,0,0,0,0
171422,4,1,1990,0,0,0,0,0,0,0,8,0,0
171422,5,1,1990,0,0,0,0,0,0,0,0,2,0
171422,6,1,1990,0,0,0,0,0,0,0,0,0,0
171423,1,1,1990,14,14,14,14,14,14,14,14,14,14
171423,2,1,1990,0,0,0,0,0,0,0,0,0,0
171424,1,1,1990,0,0,0,10,0,0,0,15,0,0
171424,2,1,1990,0,0,0,0,0,0,0,0,0,0
171425,1,1,1990,9,9,9,9,9,9,9,9,9,9
171426,1,1,1990,0,0,0,0,0,0,0,0,17,0
171427,1,1,1990,32,49,26,21,26,6,21,0,30,4
171427,2,1,1990,0,0,0,0,0,0,0,0,0,0
171428,1,1,1990,0,0,0,0,0,0,0,0,0,0
171428,2,1,1990,29,29,29,29,29,29,29,29,29,29
171429,0,1,1990,0,0,0,0,0,0,0,0,0,0
171429,1,1,1990,21,11,16,0,0,0,5,0,0,23
171430,1,1,1990,0,0,0,0,0,9,0,0,0,0
171430,2,1,1990,0,0,0,0,0,0,0,0,0,0
171431,1,1,1990,0,0,0,0,0,0,0,0,0,0
171431,2,1,1990,0,0,0,0,0,0,0,0,0,0
171432,1,1,1990,0,0,0,0,0,0,0,0,0,0
171432,2,1,1990,0,0,0,0,0,0,0,0,0,0
171434,1,1,1990,0,0,0,0,0,0,0,0,0,0
171434,2,1,1990,8,8,8,8,8,8,8,8,8,8
171435,0,1,1990,0,0,0,0,0,0,0,0,0,0
171435,1,1,1990,0,0,0,9,0,0,0,0,0,0
171436,0,1,1990,0,0,0,0,0,0,0,0,0,0
171436,1,1,1990,0,0,0,8,0,0,0,0,6,0
171437,1,1,1990,21,21,21,21,21,21,21,21,21,21
171437,2,1,1990,0,0,0,0,0,0,0,0,0,0
171438,1,1,1990,0,0,0,0,0,0,0,0,0,0
171438,2,1,1990,0,0,0,0,0,0,0,0,0,0
171438,3,1,1990,0,0,0,0,0,0,0,0,0,0
171438,4,1,1990,0,0,0,0,0,0,0,0,0,0
171440,1,1,1990,0,0,0,0,0,0,0,0,0,0
171440,2,1,1990,0,0,0,0,0,0,0,0,0,0
171441,1,1,1990,0,0,0,0,0,0,0,0,0,0
171441,2,1,1990,0,0,0,0,0,0,0,0,0,0
171442,1,1,1990,32,32,32,32,32,32,32,32,32,32
171443,1,1,1990,22,22,22,22,22,22,22,22,22,22
171444,1,1,1990,12,12,12,12,12,12,12,12,12,12
171444,2,1,1990,0,0,0,0,0,0,0,0,0,0
171445,1,1,1990,0,0,0,0,0,0,0,0,0,0
171446,1,1,1990,4,4,4,4,4,4,4,4,4,4
171446,2,1,1990,0,0,0,0,0,0,0,0,0,0
171447,1,1,1990,0,0,0,0,0,0,0,0,0,0
171447,2,1,1990,0,0,0,22,0,0,0,15,0,0
171448,0,1,1990,0,0,0,0,0,0,0,0,0,0
171448,1,1,1990,8,20,20,5,10,17,14,7,17,10
171449,1,1,1990,28,28,28,28,28,28,28,28,28,28
171449,2,1,1990,0,0,0,0,0,0,0,0,0,0
171449,3,1,1990,0,0,0,0,0,0,0,0,0,0
171450,0,1,1990,0,0,0,0,0,0,0,0,0,0
171450,1,1,1990,0,0,0,0,0,0,0,0,0,0
171451,1,1,1990,11,11,11,11,11,11,11,11,11,11
171451,2,1,1990,8,8,8,8,8,8,8,8,8,8
171452,0,1,1990,0,0,0,0,0,0,0,0,0,0
171452,0,2,1990,0,0,0,0,0,0,0,0,0,0
171452,1,1,1990,0,0,0,0,0,0,0,0,0,0
171453,0,1,1990,15,15,15,15,15,15,15,15,15,15
171453,1,1,1990,0,0,0,0,0,0,0,0,0,0
171454,0,1,1990,0,0,0,0,0,0,0,0,0,0
171454,1,1,1990,16,18,23,0,0,0,0,0,0,19
171455,1,1,1990,0,0,0,0,0,0,0,0,0,0
171455,2,1,1990,0,0,0,0,0,0,0,0,0,0
171456,1,1,1990,27,19,21,21,0,0,19,23,0,23
180001,1,1,1990,18,18,18,18,18,18,18,18,18,18
180002,0,1,1990,0,0,0,0,0,0,0,0,0,0
180002,1,1,1990,0,0,0,0,0,0,0,0,0,0
180003,1,1,1990,25,25,25,25,25,25,25,25,25,25
180004,1,1,1990,0,0,0,0,0,0,0,0,0,0
180004,2,1,1990,0,0,0,0,0,0,0,0,0,0
180005,1,1,1990,12,12,12,12,12,12,12,12,12,12
180006,1,1,1990,2,2,2,2,2,2,2,2,2,2
180006,2,1,1990,2,2,2,2,2,2,2,2,2,2
180007,1,1,1990,0,0,0,0,0,0,0,0,0,0
180007,2,1,1990,0,0,0,0,0,0,0,0,0,0