ST_CASE,VEH_NO,PER_NO,YEAR,P1,P2,P3,P4,P5,P6,P7,P8,P9,P10
180293,1,1,1990,20,20,20,20,20,20,20,20,20,20
180294,1,1,1990,20,20,20,20,20,20,20,20,20,20
180295,1,1,1990,16,16,16,16,16,16,16,16,16,16
180296,1,1,1990,0,0,0,0,0,0,0,0,0,0
180296,2,1,1990,0,0,0,0,0,0,0,0,0,0
180297,1,1,1990,0,0,0,0,0,0,0,0,0,0
180297,2,1,1990,0,0,0,0,0,0,0,0,0,0
180298,1,1,1990,0,0,0,0,0,0,0,0,0,0
180298,2,1,1990,0,0,0,0,0,0,0,0,0,0
180298,3,1,1990,0,0,0,0,0,0,0,0,0,0
180298,4,1,1990,0,0,0,0,0,0,0,0,0,0
180298,5,1,1990,0,0,0,0,0,0,0,0,0,0
180298,6,1,1990,0,0,0,0,0,0,0,0,0,0
180298,7,1,1990,0,0,0,0,0,0,0,0,0,0
180298,8,1,1990,0,0,0,0,0,0,0,0,0,0
180299,1,1,1990,15,15,15,15,15,15,15,15,15,15
180299,2,1,1990,0,0,0,0,0,0,0,0,0,0
180300,1,1,1990,8,8,8,8,8,8,8,8,8,8
180300,2,1,1990,0,0,0,0,0,0,0,0,0,0
180301,1,1,1990,0,0,0,0,0,0,0,0,0,0
180301,2,1,1990,0,0,0,0,0,0,0,0,0,0
180302,1,1,1990,0,0,0,0,0,0,0,0,0,0
180303,1,1,1990,0,0,0,0,0,0,0,0,0,0
180304,1,1,1990,0,0,0,0,0,0,0,0,0,0
180305,1,1,1990,21,21,21,21,21,21,21,21,21,21
180306,0,1,1990,0,0,0,0,0,0,0,0,0,0
180306,1,1,1990,0,0,0,0,0,0,0,0,0,0
180307,1,1,1990,0,0,0,0,0,0,0,0,0,0
180308,1,1,1990,21,21,21,21,21,21,21,21,21,21
180308,2,1,1990,3,3,3,3,3,3,3,3,3,3
180309,1,1,1990,0,0,0,0,0,0,0,0,0,0
180309,2,1,1990,0,0,0,0,0,0,0,0,0,0
180309,3,1,1990,0,0,0,0,0,0,0,0,0,0
180310,1,1,1990,0,0,0,0,0,0,0,0,0,0
180310,2,1,1990,0,0,0,0,0,0,0,0,0,0
180311,1,1,1990,0,21,0,14,14,13,19,21,12,18
180312,1,1,1990,0,0,0,0,0,0,0,0,0,0
180312,2,1,1990,0,0,0,0,0,0,0,0,0,0
180313,1,1,1990,19,19,19,19,19,19,19,19,19,19
180313,2,1,1990,0,0,0,0,0,0,0,0,0,0
180314,1,1,1990,24,24,24,24,24,24,24,24,24,24
180315,1,1,1990,0,0,0,0,0,0,0,0,0,0
180315,2,1,1990,0,0,0,0,0,0,0,0,0,0
180316,1,1,1990,5,5,5,5,5,5,5,5,5,5
180316,2,1,1990,0,0,0,0,0,0,0,0,0,0
180317,0,1,1990,20,20,20,20,20,20,20,20,20,20
180317,1,1,1990,0,6,26,17,34,21,15,17,29,14
180318,1,1,1990,0,0,0,0,0,0,0,0,0,0
180318,2,1,1990,0,0,0,0,0,0,0,0,0,0
180319,1,1,1990,6,6,6,6,6,6,6,6,6,6
180319,2,1,1990,0,0,0,0,0,0,0,0,0,0
180320,1,1,1990,0,0,0,0,0,0,0,0,0,0
180320,2,1,1990,0,0,0,0,0,0,0,0,0,0
180321,1,1,1990,0,0,0,0,0,0,0,0,0,0
180321,2,1,1990,0,0,0,0,0,0,0,0,0,0
180322,1,1,1990,0,0,0,0,0,0,0,0,0,0
180323,1,1,1990,11,11,11,11,11,11,11,11,11,11
180324,0,1,1990,13,13,13,13,13,13,13,13,13,13
180324,1,1,1990,26,26,26,26,26,26,26,26,26,26
180324,2,1,1990,0,22,0,0,0,0,0,0,0,0
180325,0,1,1990,39,10,13,18,29,0,0,0,15,0
180325,1,1,1990,0,0,0,0,0,0,0,0,0,0
180326,0,1,1990,0,0,0,0,0,0,0,0,0,0
180326,1,1,1990,0,0,0,0,0,0,0,0,0,0
180327,1,1,1990,0,0,0,0,0,0,0,0,0,0
180327,2,1,1990,0,0,0,0,0,0,0,0,0,0
180328,1,1,1990,0,0,0,0,0,0,0,0,0,0
180329,1,1,1990,0,0,0,0,0,0,0,0,0,0
180329,2,1,1990,0,0,0,0,0,0,0,0,0,0
180330,1,1,1990,28,28,28,28,28,28,28,28,28,28
180331,1,1,1990,0,0,0,0,0,0,0,0,0,0
180332,1,1,1990,0,0,0,0,0,0,0,0,0,0
180332,2,1,1990,0,0,0,0,0,0,0,0,0,0
180332,3,1,1990,21,21,21,21,21,21,21,21,21,21
180332,4,1,1990,3,3,3,3,3,3,3,3,3,3
180333,1,1,1990,0,0,0,0,0,0,0,0,0,0
180333,2,1,1990,0,0,0,0,0,0,0,0,0,0
180334,1,1,1990,0,0,0,0,0,0,0,0,0,0
180334,2,1,1990,0,0,0,0,0,0,0,0,0,0
180335,1,1,1990,24,24,24,24,24,24,24,24,24,24
180336,1,1,1990,0,0,0,0,0,0,0,0,0,0
180336,2,1,1990,0,0,0,0,0,0,3,0,0,0
180337,0,1,1990,44,0,17,31,0,9,0,6,18,14
180337,1,1,1990,1,1,1,1,1,1,1,1,1,1
180338,1,1,1990,16,16,16,16,16,16,16,16,16,16
180338,2,1,1990,0,0,0,0,0,0,0,0,0,0
180339,1,1,1990,0,0,0,0,0,0,0,0,0,0
180339,2,1,1990,0,0,0,0,0,0,0,0,0,0
180340,1,1,1990,0,14,0,0,0,0,0,0,0,0
180340,2,1,1990,0,0,0,0,0,0,0,0,0,0
180341,0,1,1990,0,0,0,0,0,0,0,0,0,0
180341,1,1,1990,0,0,0,0,0,0,0,0,0,0
180342,1,1,1990,7,7,7,7,7,7,7,7,7,7
180343,1,1,1990,0,0,0,0,0,0,0,0,0,0
180344,1,1,1990,10,10,10,10,10,10,10,10,10,10
180345,1,1,1990,19,19,19,19,19,19,19,19,19,19
180346,1,1,1990,0,0,0,0,0,0,0,0,0,0
180346,2,1,1990,0,0,0,0,0,0,0,0,0,0
180347,1,1,1990,0,0,0,0,0,0,0,0,0,0
180348,1,1,1990,21,21,21,21,21,21,21,21,21,21
180349,1,1,1990,0,0,0,0,0,0,0,0,0,0
180349,2,1,1990,26,26,26,26,26,26,26,26,26,26
180350,1,1,1990,20,41,11,15,30,29,27,31,19,14
180351,0,1,1990,0,0,0,0,0,0,0,0,0,0
180351,1,1,1990,0,0,0,0,0,0,0,0,0,0
180352,1,1,1990,0,0,0,0,0,0,0,0,0,0
180353,1,1,1990,0,0,0,0,0,0,0,0,0,0
180353,2,1,1990,0,0,0,0,0,0,0,0,0,0
180354,1,1,1990,6,6,6,6,6,6,6,6,6,6
180355,1,1,1990,0,0,0,0,0,0,0,0,0,0
180355,2,1,1990,0,0,0,0,0,0,0,0,0,0
180356,1,1,1990,0,0,0,0,0,19,0,0,12,0
180356,2,1,1990,0,0,0,0,0,0,0,4,0,0
180357,1,1,1990,22,22,22,22,22,22,22,22,22,22
180357,2,1,1990,0,0,0,0,0,0,0,0,0,0
180358,1,1,1990,0,0,0,0,0,0,0,0,0,0
180358,2,1,1990,0,0,0,0,0,0,0,0,0,0
180359,0,1,1990,0,0,0,0,0,0,0,0,0,0
180359,1,1,1990,0,0,0,0,0,0,0,0,0,0
180360,1,1,1990,0,0,0,0,0,0,0,0,0,0
180360,2,1,1990,0,0,0,0,0,0,0,0,0,0
180361,1,1,1990,0,0,0,0,0,0,0,0,0,0
180361,2,1,1990,0,0,0,0,0,0,0,0,0,0
180362,1,1,1990,0,0,0,0,0,0,0,0,0,0
180363,1,1,1990,0,8,0,0,0,0,0,0,0,0
180363,2,1,1990,0,0,0,0,0,0,0,0,0,0
180364,1,1,1990,17,17,17,17,17,17,17,17,17,17
180365,1,1,1990,2,2,2,2,2,2,2,2,2,2
180365,2,1,1990,32,32,32,32,32,32,32,32,32,32
180366,1,1,1990,11,11,11,11,11,11,11,11,11,11
180367,1,1,1990,0,0,0,13,0,0,16,0,0,0
180367,2,1,1990,0,8,0,0,0,0,0,0,0,0
180368,1,1,1990,29,29,29,29,29,29,29,29,29,29
180369,1,1,1990,20,20,20,20,20,20,20,20,20,20
180370,1,1,1990,0,0,0,0,0,0,0,0,0,0
180371,1,1,1990,0,0,0,0,0,0,0,0,0,0
180371,2,1,1990,0,0,0,0,0,0,0,0,0,0
180372,0,1,1990,0,0,0,0,0,0,0,0,0,0
180372,1,1,1990,0,0,0,0,0,0,0,0,0,0
180373,1,1,1990,18,18,18,18,18,18,18,18,18,18
180374,0,1,1990,0,0,0,0,0,0,0,0,0,0
180374,1,1,1990,0,0,0,0,0,0,0,0,0,0
180375,0,1,1990,8,19,17,0,0,0,10,0,28,5
180375,1,1,1990,0,0,0,0,0,0,0,0,0,0
180376,1,1,1990,24,24,24,24,24,24,24,24,24,24
180377,1,1,1990,14,14,14,14,14,14,14,14,14,14
180378,1,1,1990,20,20,20,20,20,20,20,20,20,20
180378,2,1,1990,0,0,0,0,0,0,0,0,0,0
180379,1,1,1990,9,9,9,9,9,9,9,9,9,9
180380,0,1,1990,0,0,0,0,0,0,0,0,0,27
180380,1,1,1990,0,0,0,0,0,0,0,0,0,0
180381,1,1,1990,0,0,0,0,0,0,0,0,0,0
180382,1,1,1990,0,0,0,0,0,0,0,0,0,0
180383,0,1,1990,0,0,0,0,0,0,0,0,0,0
180383,0,2,1990,25,0,0,0,0,0,16,0,0,6
180383,1,1,1990,0,0,0,0,0,0,0,0,0,0
180384,1,1,1990,0,0,0,0,0,0,0,0,0,0
180384,2,1,1990,0,0,0,0,0,0,0,0,0,0
180384,3,1,1990,0,0,0,0,0,0,0,0,0,0
180385,1,1,1990,0,0,0,0,0,0,0,0,0,0
180385,2,1,1990,0,0,0,0,0,0,0,0,0,0
180386,1,1,1990,22,22,22,22,22,22,22,22,22,22
180387,1,1,1990,9,9,9,9,9,9,9,9,9,9
180387,2,1,1990,0,0,0,0,0,0,0,0,0,0
180388,1,1,1990,0,0,0,0,0,0,0,0,0,0
180389,1,1,1990,0,0,0,0,0,0,0,0,0,0
180390,1,1,1990,13,13,13,13,13,13,13,13,13,13
180391,1,1,1990,23,23,23,23,23,23,23,23,23,23
180392,1,1,1990,7,7,7,7,7,7,7,7,7,7
180393,1,1,1990,18,18,18,18,18,18,18,18,18,18
180393,2,1,1990,0,0,0,0,0,0,0,0,0,0
180394,1,1,1990,17,17,17,17,17,17,17,17,17,17
180395,1,1,1990,27,27,27,27,27,27,27,27,27,27
180396,1,1,1990,15,15,15,15,15,15,15,15,15,15
180397,1,1,1990,0,0,0,0,0,0,0,0,0,0
180397,2,1,1990,0,0,0,0,0,0,0,0,0,0
180398,1,1,1990,8,8,8,8,8,8,8,8,8,8
180398,2,1,1990,0,0,0,0,0,0,0,0,0,0
180399,1,1,1990,16,0,0,0,15,0,18,0,0,0
180399,2,1,1990,13,13,13,13,13,13,13,13,13,13
180399,3,1,1990,0,0,0,0,0,0,0,0,0,0
180400,1,1,1990,17,17,17,17,17,17,17,17,17,17
180400,2,1,1990,0,0,0,0,0,0,0,0,0,0
180401,0,1,1990,0,0,0,0,0,0,0,0,0,0
180401,1,1,1990,9,9,9,9,9,9,9,9,9,9
180402,1,1,1990,0,0,0,0,0,0,0,0,0,0
180403,1,1,1990,19,0,0,0,0,0,0,0,0,0
180403,2,1,1990,0,0,0,0,0,0,0,0,0,0
180404,1,1,1990,0,0,0,0,0,0,0,0,0,0
180404,2,1,1990,0,0,0,0,0,0,0,0,0,0
180405,1,1,1990,19,7,30,0,0,12,4,0,0,5
180407,1,1,1990,16,16,16,16,16,16,16,16,16,16
180407,2,1,1990,0,0,0,0,0,0,0,0,0,0
180407,3,1,1990,0,0,0,0,0,0,0,0,0,0
180408,1,1,1990,0,0,0,0,0,0,0,0,0,0
180408,2,1,1990,0,0,0,0,0,0,14,0,0,0
180410,1,1,1990,0,0,0,0,0,0,0,0,0,0
180410,2,1,1990,0,0,0,0,0,0,17,0,0,0
180411,1,2,1990,13,13,13,13,13,13,13,13,13,13
180412,0,1,1990,31,31,31,31,31,31,31,31,31,31
180412,1,1,1990,0,0,14,0,0,0,0,0,0,0
180413,1,1,1990,13,13,13,13,13,13,13,13,13,13
180414,1,1,1990,0,0,0,0,0,0,0,0,0,0
180415,1,1,1990,0,0,0,0,0,0,0,0,0,0
180416,0,1,1990,0,0,0,0,0,0,0,0,0,0
180416,1,1,1990,0,0,0,0,0,0,0,0,0,0
180417,1,1,1990,1,1,1,1,1,1,1,1,1,1
180417,2,1,1990,0,0,0,0,0,0,12,0,0,0
180418,1,1,1990,0,0,0,0,0,0,0,0,0,0
180419,1,1,1990,11,11,11,11,11,11,11,11,11,11
180419,2,1,1990,0,0,0,0,0,0,0,0,0,0
180420,0,1,1990,0,0,0,0,0,0,0,0,0,0
180420,1,1,1990,0,0,0,0,0,0,0,19,0,0
180421,1,1,1990,0,0,0,0,0,0,0,0,0,0
180421,2,1,1990,0,0,0,0,0,0,0,0,0,0
180422,1,1,1990,0,0,0,0,0,0,0,0,0,0
180422,2,1,1990,0,0,0,0,0,0,0,0,0,0
180423,1,1,1990,17,0,0,0,0,0,12,0,0,34
180424,1,1,1990,18,18,18,18,18,18,18,18,18,18
180425,1,1,1990,24,24,24,24,24,24,24,24,24,24
180425,2,1,1990,7,0,0,0,0,0,0,0,0,0
180426,1,1,1990,0,0,0,0,0,0,0,0,0,0
180426,2,1,1990,0,0,0,0,0,0,0,0,0,0
180427,1,1,1990,25,25,25,25,25,25,25,25,25,25
180427,2,1,1990,0,0,14,0,0,8,0,0,0,0
180428,0,1,1990,0,0,0,13,0,0,15,25,0,12
180428,1,1,1990,0,0,0,0,0,0,0,0,0,0
180429,1,1,1990,27,27,27,27,27,27,27,27,27,27
180430,1,1,1990,18,18,18,18,18,18,18,18,18,18
180431,1,1,1990,19,19,19,19,19,19,19,19,19,19
180432,1,1,1990,0,0,0,9,0,0,0,3,0,14
180432,2,1,1990,18,0,0,0,8,0,22,14,0,39
180433,1,1,1990,0,0,0,0,0,0,5,0,0,0
180433,2,1,1990,0,0,0,0,0,0,0,0,0,0
180434,1,1,1990,0,0,0,0,0,0,0,0,0,0
180434,2,1,1990,0,0,0,0,0,0,0,0,0,0
180435,1,1,1990,0,0,0,0,0,0,0,0,0,0
180435,2,1,1990,0,0,0,0,0,0,0,0,0,0
180435,3,1,1990,4,0,0,0,0,0,0,0,0,0
180436,1,1,1990,16,16,16,16,16,16,16,16,16,16
180438,1,1,1990,0,0,0,0,0,0,0,0,0,0
180438,2,1,1990,0,0,0,0,0,0,0,0,0,0
180439,1,1,1990,0,0,0,0,0,0,0,0,0,0
180439,2,1,1990,0,0,0,0,0,0,0,0,0,0
180440,1,1,1990,0,0,0,0,0,0,0,0,0,0
180440,2,1,1990,0,0,0,0,0,0,0,0,0,0
180440,3,1,1990,0,0,0,0,0,0,0,0,0,0
180441,1,1,1990,17,17,17,17,17,17,17,17,17,17
180441,2,1,1990,10,10,10,10,10,10,10,10,10,10
180442,1,1,1990,5,5,5,5,5,5,5,5,5,5
180442,2,1,1990,10,10,10,10,10,10,10,10,10,10
180443,1,1,1990,0,0,0,0,0,0,0,0,0,0
180443,2,1,1990,0,0,0,0,0,0,0,0,0,0
180443,3,1,1990,0,0,0,0,0,19,8,0,0,0
180444,1,1,1990,0,0,0,0,0,0,0,0,0,0
180444,2,1,1990,9,0,0,0,0,0,0,0,0,0
180445,1,1,1990,0,0,0,0,0,0,0,0,0,0
180445,2,1,1990,0,0,0,0,0,0,0,0,0,0
180446,1,1,1990,6,6,6,6,6,6,6,6,6,6
180447,1,1,1990,0,0,0,0,0,0,0,0,0,0
180448,1,1,1990,23,23,23,23,23,23,23,23,23,23
180449,1,1,1990,22,22,22,22,22,22,22,22,22,22
180450,1,1,1990,28,28,28,28,28,28,28,28,28,28
180451,1,1,1990,0,0,0,0,8,0,7,0,0,0
180451,2,1,1990,14,11,10,6,19,12,19,15,13,0
180452,1,1,1990,29,29,29,29,29,29,29,29,29,29
180453,1,1,1990,19,19,19,19,19,19,19,19,19,19
180454,1,1,1990,0,0,0,0,0,0,0,0,0,0
180455,1,1,1990,23,23,23,23,23,23,23,23,23,23
180456,1,1,1990,8,8,8,8,8,8,8,8,8,8
180457,1,1,1990,24,24,24,24,24,24,24,24,24,24
180458,1,1,1990,21,21,21,21,21,21,21,21,21,21
180459,1,1,1990,27,27,27,27,27,27,27,27,27,27
180460,1,1,1990,28,28,28,28,28,28,28,28,28,28
180461,1,1,1990,0,0,0,0,0,0,0,0,0,0
180461,2,1,1990,14,14,14,14,14,14,14,14,14,14
180461,3,1,1990,0,0,0,0,0,0,0,0,0,0
180462,1,1,1990,29,29,29,29,29,29,29,29,29,29
180463,1,1,1990,3,3,3,3,3,3,3,3,3,3
180463,2,1,1990,0,0,0,0,0,0,0,0,0,0
180464,1,1,1990,0,0,0,0,0,0,0,0,0,0
180464,2,1,1990,0,0,0,0,0,0,0,0,0,0
180465,1,1,1990,0,0,0,0,0,0,0,0,0,0
180466,1,1,1990,0,0,0,0,0,0,0,0,0,0
180466,2,1,1990,0,0,0,0,0,0,0,0,0,0
180467,0,1,1990,14,29,0,0,0,22,9,0,22,23
180467,0,2,1990,0,0,7,24,0,0,16,10,0,26
180467,1,1,1990,4,4,4,4,4,4,4,4,4,4
180468,1,1,1990,0,0,10,0,7,0,0,0,0,0
180468,2,1,1990,14,14,14,14,14,14,14,14,14,14
180469,1,1,1990,17,17,17,17,17,17,17,17,17,17
180470,1,1,1990,0,0,0,0,0,0,0,0,0,0
180470,2,1,1990,0,0,0,0,0,0,0,0,0,0
180471,1,1,1990,31,31,31,31,31,31,31,31,31,31
180471,2,1,1990,0,0,0,0,0,0,0,0,0,0
180471,3,1,1990,0,0,0,0,0,0,0,0,0,0
180471,4,1,1990,0,0,0,0,0,0,0,0,0,0
180472,1,1,1990,19,19,19,19,19,19,19,19,19,19
180473,1,1,1990,0,0,0,0,0,0,0,0,0,0
180475,1,1,1990,0,0,0,0,0,0,0,0,0,0
180475,2,1,1990,0,0,0,0,0,0,0,0,0,0
180475,3,1,1990,0,0,0,0,0,0,0,0,0,0
180476,1,1,1990,0,0,0,0,7,24,21,0,0,0
180477,1,1,1990,15,15,15,15,15,15,15,15,15,15
180477,2,1,1990,17,17,17,17,17,17,17,17,17,17
180478,0,1,1990,0,0,0,0,0,0,0,0,0,0
180478,1,1,1990,0,0,0,0,0,0,0,0,0,0
180479,1,1,1990,15,15,15,15,15,15,15,15,15,15
180479,2,1,1990,0,0,0,0,0,0,0,0,0,0
180480,1,1,1990,32,32,32,32,32,32,32,32,32,32
180480,2,1,1990,0,0,0,0,0,0,0,0,0,11
180481,1,1,1990,0,0,0,0,0,0,0,0,0,0
180481,2,1,1990,0,0,0,0,0,0,0,0,0,0
180481,3,1,1990,0,0,0,0,0,0,0,0,0,0
180482,0,1,1990,0,0,0,0,0,0,0,0,0,0
180482,1,1,1990,11,11,11,11,11,11,11,11,11,11
180483,1,1,1990,0,0,0,0,0,0,0,0,0,0
180484,1,1,1990,0,0,0,6,0,0,0,0,0,0
180484,2,1,1990,0,0,0,0,0,0,0,0,0,0
180485,1,1,1990,17,17,17,17,17,17,17,17,17,17
180488,1,1,1990,0,7,0,0,0,0,0,0,0,15
180490,1,1,1990,0,16,0,9,15,9,0,0,0,7
180490,2,1,1990,0,0,0,0,0,0,0,0,0,0
180491,1,1,1990,26,26,26,26,26,26,26,26,26,26
180491,2,1,1990,0,0,0,0,0,0,0,0,0,0
180492,1,1,1990,0,0,0,0,0,0,0,0,0,0
180492,2,1,1990,0,0,0,0,0,0,0,0,0,0
180493,1,1,1990,0,0,0,0,0,0,0,0,0,0
180493,2,1,1990,0,0,0,0,0,0,0,0,0,0
180494,1,1,1990,0,0,0,0,0,0,0,0,0,0
180494,2,1,1990,0,0,20,0,0,0,0,0,0,0
180495,1,1,1990,20,20,20,20,20,20,20,20,20,20
180495,2,1,1990,0,0,0,0,0,0,0,0,0,0
180496,1,1,1990,0,0,0,0,0,0,0,0,0,0
180496,2,1,1990,0,0,0,0,0,0,0,0,0,0
180497,1,1,1990,17,17,17,17,17,17,17,17,17,17
180498,0,1,1990,0,0,0,0,0,0,0,0,0,0
180499,1,1,1990,0,0,0,0,0,0,0,0,0,0
180499,2,1,1990,0,0,0,0,0,0,0,0,0,0
180500,1,1,1990,0,0,0,0,0,0,0,0,0,0
180500,2,1,1990,0,0,0,0,0,0,0,0,0,0
180501,1,1,1990,0,0,0,0,0,0,0,0,0,0
180502,1,1,1990,0,0,0,0,0,0,0,0,0,0
180502,2,1,1990,0,0,0,0,0,0,0,0,0,0
180503,1,1,1990,0,0,0,0,0,0,0,0,0,0
180503,2,1,1990,0,0,0,0,0,10,0,0,0,0
180504,1,1,1990,0,0,0,0,0,0,0,0,0,0
180504,2,1,1990,0,0,0,0,0,0,0,0,0,0
180505,1,1,1990,0,0,19,0,0,0,0,0,0,21
180506,1,1,1990,18,18,18,18,18,18,18,18,18,18
180507,1,1,1990,19,19,19,19,19,19,19,19,19,19
180508,1,1,1990,0,0,0,0,0,0,0,0,0,0
180508,2,1,1990,0,0,0,0,0,0,0,0,0,0
180508,3,1,1990,0,0,0,0,0,0,0,0,0,0
180509,1,1,1990,14,14,14,14,14,14,14,14,14,14
180510,1,1,1990,16,31,6,0,25,15,16,19,16,0
180511,1,1,1990,0,0,0,0,0,0,0,0,0,0
180511,2,1,1990,0,0,0,0,0,0,0,0,0,0
180512,0,1,1990,4,4,4,4,4,4,4,4,4,4
180512,1,1,1990,7,7,7,7,7,7,7,7,7,7
180513,1,1,1990,23,14,11,22,10,29,0,22,10,19
180514,1,1,1990,12,12,12,12,12,12,12,12,12,12
180514,2,1,1990,0,0,0,0,0,0,20,0,0,11
180515,0,1,1990,6,6,6,6,6,6,6,6,6,6
180515,1,1,1990,0,0,0,0,0,0,0,0,0,0
180516,1,1,1990,0,0,0,0,0,0,0,0,0,0
180517,1,1,1990,11,11,11,11,11,11,11,11,11,11
180517,2,1,1990,2,2,2,2,2,2,2,2,2,2
180518,1,1,1990,0,0,0,0,0,0,0,0,0,5
180518,2,1,1990,0,0,0,0,0,15,0,0,0,0
180519,1,1,1990,0,0,0,0,0,0,0,0,0,0
180519,2,1,1990,0,0,0,0,0,0,0,0,0,0
180520,1,1,1990,0,0,0,0,0,0,0,0,0,0
180520,2,1,1990,0,0,0,0,0,0,0,0,0,0
180520,3,1,1990,0,0,0,0,0,0,0,0,0,0
180521,1,1,1990,13,13,13,13,13,13,13,13,13,13
180522,1,1,1990,19,19,19,19,19,19,19,19,19,19
180523,0,1,1990,0,0,0,0,0,0,0,0,0,0
180523,1,1,1990,0,0,0,0,22,0,0,0,0,0
180524,1,1,1990,11,11,11,11,11,11,11,11,11,11
180525,1,1,1990,0,0,0,0,0,0,0,0,0,0
180525,2,1,1990,0,0,0,0,0,0,0,0,0,0
180526,1,1,1990,29,29,29,29,29,29,29,29,29,29
180527,1,1,1990,0,0,0,0,16,0,0,0,0,10
180527,2,1,1990,0,0,0,0,0,0,0,0,0,0
180528,1,1,1990,2,2,2,2,2,2,2,2,2,2
180529,1,1,1990,0,0,0,0,0,0,0,0,0,0
180529,2,1,1990,0,0,0,0,0,0,0,0,0,0
180530,1,1,1990,0,0,0,3,0,0,0,0,0,0
180530,2,1,1990,0,0,0,0,0,0,0,0,0,0
180530,3,1,1990,0,0,0,0,0,0,0,0,0,0
180531,1,1,1990,0,0,0,0,0,0,0,0,0,0
180531,2,1,1990,0,0,0,0,0,0,0,11,0,0
180532,1,1,1990,20,20,20,20,20,20,20,20,20,20
180533,1,1,1990,0,0,0,0,0,0,0,0,0,0
180534,1,1,1990,15,15,15,15,15,15,15,15,15,15
180535,1,1,1990,0,0,0,0,0,0,0,0,0,0
180536,0,1,1990,18,14,8,17,0,40,21,29,24,16
180536,1,1,1990,17,17,17,17,17,17,17,17,17,17
180538,1,1,1990,0,0,0,0,0,0,0,0,0,0
180538,2,1,1990,0,0,0,0,0,0,0,0,0,0
180539,1,1,1990,25,25,25,25,25,25,25,25,25,25
180539,2,1,1990,0,0,0,0,0,0,0,0,0,0
180540,1,1,1990,26,26,26,26,26,26,26,26,26,26
180541,1,1,1990,0,0,0,0,0,0,0,0,0,0
180541,2,1,1990,0,0,0,0,0,0,0,0,0,0
180542,0,1,1990,0,0,0,0,0,0,0,0,0,0
180542,1,1,1990,0,0,0,0,0,0,0,0,0,0
180543,1,1,1990,0,0,0,0,0,0,0,0,0,0
180543,2,1,1990,21,21,21,21,21,21,21,21,21,21
180544,0,1,1990,0,0,0,0,0,0,0,0,0,0
180544,1,1,1990,0,0,0,0,0,0,0,0,0,0
180545,1,1,1990,0,0,0,0,0,0,0,0,0,0
180545,2,1,1990,0,0,0,0,30,0,0,0,0,0
180546,1,1,1990,0,0,0,0,0,0,0,0,0,0
180546,2,1,1990,15,15,15,15,15,15,15,15,15,15
180547,1,1,1990,9,9,9,9,9,9,9,9,9,9
180547,2,1,1990,0,0,0,0,0,0,0,0,0,0
180547,3,1,1990,5,0,0,20,0,0,0,0,0,0
180548,1,1,1990,0,0,0,0,0,0,0,0,0,0
180549,1,1,1990,29,29,29,29,29,29,29,29,29,29
180550,0,1,1990,13,13,13,13,13,13,13,13,13,13
180550,1,1,1990,0,0,0,0,0,0,0,0,0,0
180551,1,1,1990,0,0,0,0,0,0,0,0,0,0
180552,0,1,1990,23,0,23,0,0,22,0,0,0,15
180552,0,2,1990,0,0,0,0,0,0,0,0,0,0
180552,1,1,1990,0,0,0,0,0,0,0,0,0,0
180553,1,1,1990,24,24,24,24,24,24,24,24,24,24
180554,1,1,1990,0,0,0,16,0,0,0,0,0,0
180554,2,1,1990,25,25,25,25,25,25,25,25,25,25
180555,0,1,1990,0,0,0,0,0,0,0,0,0,0
180555,1,1,1990,0,0,0,0,0,0,0,0,0,0
180556,1,1,1990,15,15,15,15,15,15,15,15,15,15
180556,2,1,1990,0,0,0,0,0,0,0,0,0,0
180558,1,1,1990,13,13,13,13,13,13,13,13,13,13
180559,1,1,1990,0,0,0,0,0,18,0,0,0,0
180559,2,1,1990,0,0,0,0,0,0,0,0,0,0
180560,1,1,1990,0,0,0,0,0,0,0,0,0,0
180560,2,1,1990,1,1,1,1,1,1,1,1,1,1
180561,1,1,1990,0,0,0,0,0,0,0,0,0,0
180561,2,1,1990,0,0,0,0,0,0,0,0,0,0
180562,1,1,1990,22,22,22,22,22,22,22,22,22,22
180562,2,1,1990,0,0,0,0,0,0,0,0,0,0
180563,1,1,1990,11,11,11,11,11,11,11,11,11,11
180564,1,1,1990,15,15,15,15,15,15,15,15,15,15
180565,1,1,1990,34,34,34,34,34,34,34,34,34,34
180566,1,1,1990,26,26,26,26,26,26,26,26,26,26
180567,1,1,1990,13,13,13,13,13,13,13,13,13,13
180568,1,1,1990,0,0,0,0,0,0,0,0,0,0
180568,2,1,1990,0,0,0,0,0,0,0,0,0,0
180569,1,1,1990,22,22,22,22,22,22,22,22,22,22
180569,2,1,1990,0,0,0,0,0,0,0,0,0,0
180570,1,1,1990,14,14,14,14,14,14,14,14,14,14
180571,0,1,1990,21,21,21,21,21,21,21,21,21,21
180571,1,1,1990,0,0,0,0,0,0,0,0,0,0
180572,0,1,1990,0,0,0,0,0,0,0,0,30,0
180572,1,1,1990,4,4,4,4,4,4,4,4,4,4
180573,1,1,1990,25,25,25,25,25,25,25,25,25,25