ST_CASE,VEH_NO,PER_NO,YEAR,P1,P2,P3,P4,P5,P6,P7,P8,P9,P10
180574,1,1,1990,0,0,0,0,0,0,0,0,0,0
180574,2,1,1990,0,0,0,0,0,0,0,0,0,0
180575,1,1,1990,0,0,0,0,0,0,0,0,0,0
180575,2,1,1990,0,0,0,0,0,0,0,0,0,0
180576,1,1,1990,0,0,0,0,0,0,0,0,0,0
180576,2,1,1990,0,0,0,0,0,0,0,0,0,0
180576,3,1,1990,0,0,17,0,0,0,0,5,0,0
180576,4,1,1990,0,0,0,0,0,0,0,0,0,0
180577,1,1,1990,0,0,0,0,0,0,0,0,0,0
180578,1,1,1990,20,20,20,20,20,20,20,20,20,20
180578,2,1,1990,0,0,0,0,0,0,0,0,0,0
180579,1,1,1990,0,0,0,0,0,0,0,0,0,0
180579,2,1,1990,0,0,0,0,0,0,0,0,0,0
180580,0,1,1990,0,0,0,0,0,0,0,0,0,0
180580,1,1,1990,0,0,0,0,0,0,0,0,0,0
180581,1,1,1990,0,0,0,0,0,0,0,0,0,0
180581,2,1,1990,0,0,0,0,0,0,0,0,0,0
180582,0,1,1990,14,14,14,14,14,14,14,14,14,14
180582,0,2,1990,15,7,17,33,7,20,16,38,13,26
180582,0,3,1990,22,18,12,15,17,36,19,24,14,3
180582,2,1,1990,18,18,18,18,18,18,18,18,18,18
180583,1,1,1990,0,0,0,0,0,0,0,0,0,0
180584,1,1,1990,17,17,17,17,17,17,17,17,17,17
180584,2,1,1990,0,0,0,0,0,0,0,0,0,0
180585,1,1,1990,0,0,0,0,0,0,0,0,0,0
180586,1,1,1990,0,20,0,0,16,0,9,28,22,32
180587,1,1,1990,17,17,17,17,17,17,17,17,17,17
180588,1,1,1990,0,0,0,0,0,0,0,0,0,0
180588,2,1,1990,0,0,0,0,0,0,0,0,0,0
180589,1,1,1990,21,21,21,21,21,21,21,21,21,21
180589,2,1,1990,0,0,0,0,0,0,0,0,0,0
180590,0,1,1990,0,0,0,0,0,0,0,0,0,0
180590,1,1,1990,0,0,0,0,0,0,0,0,0,0
180590,2,1,1990,0,0,0,0,0,0,0,0,0,0
180591,1,1,1990,0,0,0,0,0,0,0,0,0,0
180591,2,1,1990,2,2,2,2,2,2,2,2,2,2
180592,1,1,1990,21,21,21,21,21,21,21,21,21,21
180593,1,1,1990,0,0,0,0,0,0,0,0,0,0
180594,1,1,1990,14,29,7,13,11,11,0,16,0,0
180594,2,1,1990,0,0,0,0,0,0,0,0,0,0
180595,1,1,1990,0,0,0,0,0,0,0,0,0,0
180596,1,1,1990,0,0,0,0,0,0,0,0,0,0
180596,2,1,1990,0,0,0,0,0,0,0,0,0,0
180597,1,1,1990,20,20,20,20,20,20,20,20,20,20
180598,1,1,1990,0,0,0,0,0,0,0,0,0,0
180599,1,1,1990,12,12,12,12,12,12,12,12,12,12
180600,0,1,1990,0,0,0,0,0,0,0,0,0,0
180600,1,1,1990,0,0,0,0,0,0,0,0,0,0
180601,1,1,1990,10,10,10,10,10,10,10,10,10,10
180601,2,1,1990,0,0,0,0,0,0,0,0,0,0
180601,3,1,1990,0,0,0,0,0,0,0,0,0,0
180602,1,1,1990,0,0,0,0,0,0,0,0,0,0
180602,2,1,1990,0,0,0,0,0,0,0,0,0,0
180603,1,1,1990,0,0,0,0,0,0,0,0,0,0
180603,2,1,1990,0,0,0,0,0,0,0,0,0,0
180604,1,1,1990,0,0,0,0,0,0,0,0,0,0
180604,2,1,1990,0,0,0,0,0,0,0,0,0,0
180605,1,1,1990,0,0,0,0,0,0,0,0,0,0
180605,2,1,1990,0,0,0,0,0,0,0,0,0,0
180606,1,1,1990,0,0,0,0,0,0,0,0,0,0
180606,2,1,1990,0,0,0,0,0,0,0,0,0,0
180607,1,1,1990,0,0,0,0,0,0,0,0,0,0
180607,2,1,1990,0,0,0,0,0,0,0,0,0,0
180608,1,1,1990,6,6,6,6,6,6,6,6,6,6
180609,1,1,1990,0,0,0,0,0,0,0,0,0,0
180609,2,1,1990,0,0,0,0,0,0,0,0,0,0
180610,1,1,1990,0,0,0,0,0,0,0,0,0,0
180610,2,1,1990,0,0,0,0,0,0,0,0,0,0
180611,1,1,1990,18,18,18,18,18,18,18,18,18,18
180612,1,1,1990,0,0,0,0,0,0,0,0,0,0
180612,2,1,1990,20,20,20,20,20,20,20,20,20,20
180613,1,1,1990,0,0,0,0,0,0,0,0,0,0
180615,1,1,1990,0,0,0,0,0,0,0,0,0,0
180616,1,1,1990,0,0,0,0,0,0,0,0,0,0
180616,2,1,1990,0,0,0,0,0,0,0,0,0,0
180617,1,2,1990,20,20,20,20,20,20,20,20,20,20
180618,1,1,1990,28,28,28,28,28,28,28,28,28,28
180619,1,1,1990,0,0,0,0,0,0,0,0,0,0
180620,1,1,1990,27,27,27,27,27,27,27,27,27,27
180620,2,1,1990,0,0,0,0,0,0,0,0,0,0
180621,0,1,1990,0,0,0,0,0,0,0,0,0,0
180621,1,1,1990,0,0,0,0,0,0,0,0,0,0
180622,1,1,1990,0,0,0,0,0,0,0,0,0,0
180622,2,1,1990,0,0,0,0,0,0,0,0,0,0
180623,1,1,1990,0,0,0,0,0,0,0,0,0,0
180623,2,1,1990,0,0,0,0,0,0,0,0,0,0
180623,3,1,1990,0,0,0,0,0,0,0,0,0,0
180623,4,1,1990,0,0,0,0,0,0,0,8,0,0
180624,1,1,1990,0,0,0,0,0,0,0,0,0,0
180624,2,1,1990,0,0,0,0,0,0,0,0,0,0
180625,1,1,1990,0,0,0,0,0,0,0,0,0,0
180625,2,1,1990,9,9,9,9,9,9,9,9,9,9
180626,0,1,1990,0,0,0,0,0,0,0,0,0,0
180626,1,1,1990,0,0,0,0,0,0,0,0,0,0
180627,1,1,1990,0,0,0,0,0,0,0,0,0,0
180628,1,1,1990,13,13,13,13,13,13,13,13,13,13
180629,1,1,1990,17,17,17,17,17,17,17,17,17,17
180630,1,1,1990,0,0,0,0,0,0,0,0,0,0
180631,1,1,1990,11,11,11,11,11,11,11,11,11,11
180632,1,1,1990,0,11,0,28,20,0,0,0,0,0
180632,2,1,1990,0,0,0,0,0,0,0,0,0,0
180633,0,1,1990,25,25,25,25,25,25,25,25,25,25
180633,1,1,1990,15,10,11,0,0,0,8,9,6,0
180634,1,1,1990,0,0,0,0,0,0,12,0,0,0
180635,1,1,1990,20,20,20,20,20,20,20,20,20,20
180637,0,1,1990,0,0,0,0,0,0,0,0,0,0
180637,1,1,1990,0,0,0,0,0,0,0,0,0,0
180638,1,1,1990,1,1,1,1,1,1,1,1,1,1
180638,2,1,1990,16,16,16,16,16,16,16,16,16,16
180639,1,1,1990,0,0,0,0,0,0,0,0,0,0
180640,1,1,1990,19,19,19,19,19,19,19,19,19,19
180640,2,1,1990,5,5,5,5,5,5,5,5,5,5
180641,1,1,1990,13,13,13,13,13,13,13,13,13,13
180642,1,1,1990,0,0,0,0,0,0,0,0,0,0
180643,1,1,1990,16,16,16,16,16,16,16,16,16,16
180643,2,1,1990,0,0,0,0,0,0,0,0,0,0
180644,1,1,1990,0,0,0,0,0,0,0,0,0,0
180644,2,1,1990,0,0,0,0,0,0,0,0,0,0
180645,1,1,1990,0,0,0,0,0,0,0,0,0,0
180646,1,1,1990,22,22,22,22,22,22,22,22,22,22
180646,2,1,1990,32,32,32,32,32,32,32,32,32,32
180647,1,1,1990,16,16,16,16,16,16,16,16,16,16
180648,0,1,1990,0,0,0,0,0,0,0,0,0,0
180648,1,1,1990,0,0,0,0,0,0,0,0,0,0
180649,1,1,1990,20,21,17,10,9,28,18,33,17,16
180650,1,1,1990,16,16,16,16,16,16,16,16,16,16
180651,0,1,1990,0,0,0,0,0,0,0,0,0,0
180651,1,1,1990,4,4,4,4,4,4,4,4,4,4
180653,1,1,1990,0,0,0,0,0,0,0,0,0,0
180653,2,1,1990,0,0,0,0,0,0,0,0,0,0
180654,1,1,1990,0,0,0,0,0,0,0,0,0,0
180655,1,1,1990,23,23,23,23,23,23,23,23,23,23
180656,1,1,1990,11,11,11,11,11,11,11,11,11,11
180656,2,1,1990,0,0,0,0,0,0,0,0,0,0
180657,1,1,1990,0,0,0,0,0,0,0,0,0,0
180657,2,1,1990,0,0,0,0,0,0,0,0,0,0
180658,1,1,1990,8,8,8,8,8,8,8,8,8,8
180659,1,1,1990,3,3,3,3,3,3,3,3,3,3
180659,2,1,1990,0,0,0,0,0,0,0,0,0,0
180660,1,1,1990,8,8,8,8,8,8,8,8,8,8
180661,1,1,1990,0,0,0,0,0,0,0,0,0,0
180661,2,1,1990,0,8,2,0,0,0,0,0,0,0
180662,1,1,1990,0,0,0,0,0,0,0,0,0,0
180662,2,1,1990,0,0,0,0,0,0,0,0,0,0
180663,1,1,1990,37,37,37,37,37,37,37,37,37,37
180664,1,1,1990,0,0,0,0,0,0,0,0,0,0
180664,2,1,1990,0,0,0,0,0,0,0,0,0,0
180664,3,1,1990,0,0,0,0,0,0,0,0,0,0
180665,1,1,1990,0,0,0,0,0,0,0,4,0,0
180666,1,1,1990,25,25,25,25,25,25,25,25,25,25
180666,2,1,1990,0,0,0,0,0,0,0,0,0,0
180667,1,1,1990,0,0,0,0,0,0,0,0,0,0
180667,2,1,1990,0,0,0,0,0,0,0,0,0,0
180668,1,1,1990,0,0,0,0,0,0,0,0,0,0
180668,2,1,1990,0,0,0,0,0,0,0,0,0,0
180669,1,1,1990,0,0,0,0,0,0,0,0,0,0
180669,2,1,1990,0,0,0,0,0,0,0,0,0,0
180670,1,1,1990,10,10,10,10,10,10,10,10,10,10
180670,2,1,1990,16,0,0,0,21,0,0,0,0,34
180670,3,1,1990,0,0,0,0,0,0,0,0,0,0
180671,0,1,1990,0,0,0,0,0,0,0,0,0,0
180671,1,1,1990,0,0,0,0,20,0,0,27,4,19
180672,1,1,1990,0,0,0,0,0,0,0,0,0,0
180672,2,1,1990,0,0,0,0,0,0,0,0,0,0
180672,3,1,1990,0,0,0,0,0,0,0,0,0,0
180673,1,1,1990,0,0,0,0,0,0,0,0,0,0
180673,2,1,1990,0,0,0,0,0,0,0,0,0,0
180674,1,1,1990,0,0,0,0,0,0,0,0,0,0
180674,2,1,1990,0,0,0,0,0,0,0,0,0,0
180675,1,1,1990,18,18,18,18,18,18,18,18,18,18
180676,1,1,1990,14,14,14,14,14,14,14,14,14,14
180676,2,1,1990,0,0,0,0,0,0,0,0,0,0
180677,1,1,1990,2,2,2,2,2,2,2,2,2,2
180677,2,1,1990,2,2,2,2,2,2,2,2,2,2
180678,1,1,1990,0,0,0,0,0,0,0,0,0,0
180678,2,1,1990,0,0,0,0,0,0,0,0,0,0
180679,1,1,1990,9,27,15,35,15,15,17,33,18,27
180680,1,1,1990,5,5,5,5,5,5,5,5,5,5
180680,2,1,1990,10,10,10,10,10,10,10,10,10,10
180681,0,1,1990,0,0,0,0,0,0,0,0,0,0
180681,1,1,1990,0,0,0,0,0,0,0,0,0,0
180682,2,1,1990,0,0,0,0,0,0,0,0,0,0
180683,1,1,1990,0,0,0,0,0,0,0,0,0,0
180683,2,1,1990,0,0,0,0,0,0,0,0,0,0
180683,3,1,1990,0,0,0,0,0,0,0,0,0,0
180684,1,1,1990,0,0,0,0,0,0,0,0,0,0
180685,1,1,1990,0,0,0,0,0,0,0,0,0,0
180686,1,1,1990,19,19,19,19,19,19,19,19,19,19
180686,2,1,1990,2,2,2,2,2,2,2,2,2,2
180687,1,1,1990,0,0,0,0,0,0,0,0,0,0
180687,2,1,1990,0,11,0,23,0,28,0,0,26,0
180688,1,1,1990,16,0,0,18,0,0,0,23,0,0
180689,1,1,1990,12,12,12,12,12,12,12,12,12,12
180690,1,1,1990,0,0,0,0,0,0,0,0,20,0
180690,2,1,1990,0,0,0,0,0,17,0,0,0,0
180691,1,1,1990,0,0,0,0,0,0,0,0,0,0
180692,1,1,1990,0,0,0,0,0,0,0,0,0,0
180692,2,1,1990,0,0,0,0,0,0,13,0,0,0
180693,1,1,1990,14,14,14,14,14,14,14,14,14,14
180694,1,1,1990,0,0,0,0,0,0,0,0,0,0
180695,1,1,1990,0,0,0,0,0,0,0,0,0,0
180695,2,1,1990,0,0,0,0,0,0,0,0,32,0
180696,1,1,1990,11,11,11,11,11,11,11,11,11,11
180697,1,1,1990,0,0,0,0,0,0,0,0,0,0
180697,2,1,1990,0,0,0,0,0,0,0,0,0,0
180698,1,1,1990,0,0,0,0,0,0,0,0,0,0
180699,1,1,1990,0,0,0,0,0,0,0,0,0,0
180700,1,1,1990,0,0,0,0,0,0,0,0,0,0
180700,2,1,1990,0,0,0,0,0,0,0,0,0,0
180701,1,1,1990,0,0,0,0,0,0,0,0,0,0
180701,2,1,1990,0,0,0,0,0,0,0,0,0,0
180702,1,1,1990,9,9,9,9,9,9,9,9,9,9
180703,1,1,1990,0,0,0,0,0,0,0,0,0,0
180703,2,1,1990,0,0,0,0,0,0,0,0,0,0
180704,1,1,1990,0,0,0,0,0,0,0,0,0,0
180704,2,1,1990,14,14,14,14,14,14,14,14,14,14
180705,1,1,1990,0,0,0,9,0,0,0,0,23,0
180706,1,1,1990,14,14,14,14,14,14,14,14,14,14
180706,2,1,1990,0,0,0,0,0,0,0,0,0,0
180706,3,1,1990,0,0,0,0,0,0,0,0,0,0
180706,4,1,1990,0,0,0,18,0,0,0,0,0,0
180707,1,1,1990,7,7,7,7,7,7,7,7,7,7
180707,2,1,1990,0,0,5,0,0,0,0,0,0,0
180707,3,1,1990,0,0,0,0,5,0,0,0,0,0
180708,1,1,1990,15,15,15,15,15,15,15,15,15,15
180709,1,1,1990,0,0,0,0,0,0,0,0,0,0
180710,1,1,1990,18,18,18,18,18,18,18,18,18,18
180712,1,1,1990,0,0,0,0,0,0,0,0,0,0
180712,2,1,1990,0,0,0,0,0,0,0,0,0,0
180713,1,1,1990,0,0,0,0,0,0,0,0,0,0
180713,2,1,1990,12,14,11,0,0,0,0,6,0,0
180714,1,1,1990,0,0,0,0,0,0,0,0,0,0
180714,2,1,1990,0,0,0,0,0,0,0,0,0,0
180715,1,1,1990,15,15,15,15,15,15,15,15,15,15
180716,1,1,1990,21,21,21,21,21,21,21,21,21,21
180716,2,1,1990,6,0,0,0,0,13,11,0,0,0
180717,1,1,1990,0,0,0,0,0,0,0,0,0,0
180718,1,1,1990,19,19,19,19,19,19,19,19,19,19
180719,1,1,1990,0,0,0,0,0,0,0,0,0,0
180720,1,1,1990,0,0,0,0,0,0,0,0,0,0
180721,1,1,1990,8,8,8,8,8,8,8,8,8,8
180722,1,1,1990,0,0,0,0,0,0,0,0,0,0
180723,1,1,1990,0,0,0,0,0,0,0,0,8,0
180723,2,1,1990,0,0,0,0,0,0,0,0,0,0
180724,1,1,1990,0,0,0,0,0,0,0,0,0,0
180724,2,1,1990,0,0,0,0,0,0,0,0,0,0
180724,3,1,1990,0,0,0,0,0,0,0,0,0,0
180725,1,1,1990,0,0,0,0,15,0,0,0,0,0
180726,0,1,1990,0,0,0,0,0,0,0,0,0,0
180726,1,1,1990,0,0,0,0,0,0,0,0,0,0
180727,1,1,1990,23,23,23,23,23,23,23,23,23,23
180728,1,1,1990,0,0,0,0,0,0,0,0,0,0
180728,2,1,1990,0,0,0,0,0,0,0,0,0,0
180729,1,1,1990,0,0,0,0,0,0,0,0,0,0
180729,2,1,1990,0,0,0,0,0,0,0,0,0,0
180731,1,1,1990,28,28,28,28,28,28,28,28,28,28
180731,2,1,1990,0,0,0,0,0,7,0,0,0,0
180732,1,1,1990,0,0,0,0,0,0,0,0,0,0
180732,2,1,1990,0,0,0,0,0,0,0,0,0,0
180732,3,1,1990,0,0,0,0,0,0,0,0,0,0
180733,0,1,1990,0,0,0,0,0,0,0,0,0,0
180733,1,1,1990,0,0,0,0,0,0,0,0,0,0
180734,1,1,1990,0,0,0,0,0,0,0,0,0,0
180734,2,1,1990,0,0,0,0,0,0,0,0,0,0
180735,1,1,1990,17,17,17,17,17,17,17,17,17,17
180736,0,1,1990,16,16,16,16,16,16,16,16,16,16
180736,1,1,1990,0,0,0,0,0,0,0,0,0,0
180738,0,1,1990,0,0,0,0,0,0,0,0,0,0
180738,1,1,1990,0,0,0,0,0,0,0,0,0,0
180738,2,1,1990,0,0,0,0,0,0,0,0,0,0
180739,1,1,1990,16,16,16,16,16,16,16,16,16,16
180740,1,1,1990,0,0,0,0,0,0,0,0,0,0
180740,2,1,1990,0,0,0,0,0,0,0,0,27,0
180741,1,1,1990,0,0,0,0,0,0,0,0,0,0
180742,1,1,1990,0,0,0,0,0,0,0,0,0,0
180742,2,1,1990,0,0,0,0,0,0,0,0,0,0
180743,1,1,1990,25,25,25,25,25,25,25,25,25,25
180743,2,1,1990,0,0,0,18,0,0,0,0,0,0
180744,1,1,1990,0,0,0,0,0,0,0,0,0,0
180744,2,1,1990,0,0,0,0,0,7,0,0,0,0
180745,0,1,1990,0,0,0,0,0,0,0,0,0,0
180745,1,1,1990,0,0,0,0,0,0,0,0,0,0
180746,1,1,1990,22,22,22,22,22,22,22,22,22,22
180747,1,1,1990,0,0,0,0,0,0,0,0,0,0
180747,2,1,1990,0,0,0,0,0,0,0,0,0,0
180748,1,1,1990,0,0,0,0,0,0,0,0,0,0
180748,2,1,1990,0,0,0,0,0,0,0,0,0,0
180749,1,1,1990,16,16,16,16,16,16,16,16,16,16
180749,2,1,1990,0,0,0,0,0,0,0,0,0,0
180750,1,1,1990,0,0,0,0,0,0,0,0,0,0
180750,2,1,1990,0,0,0,0,0,0,0,0,0,0
180751,1,1,1990,5,12,0,6,0,0,0,0,0,0
180751,2,1,1990,0,0,0,0,0,0,0,0,0,0
180751,3,1,1990,0,0,0,0,0,0,0,0,0,0
180751,4,1,1990,0,0,0,0,0,0,0,0,0,0
180752,0,1,1990,0,23,18,21,11,0,0,0,0,0
180752,1,1,1990,0,0,0,0,0,0,0,0,0,0
180753,0,1,1990,36,36,36,36,36,36,36,36,36,36
180753,1,1,1990,0,0,0,0,0,0,0,0,0,0
180754,1,1,1990,14,14,14,14,14,14,14,14,14,14
180755,1,1,1990,0,0,0,0,0,0,0,0,0,0
180755,2,1,1990,0,0,0,0,0,0,0,0,0,0
180756,0,1,1990,0,0,0,0,0,0,0,0,0,0
180756,1,1,1990,0,0,0,0,0,0,0,0,0,0
180757,1,1,1990,0,0,0,0,0,0,0,0,0,0
180758,0,1,1990,0,0,0,0,0,0,0,0,0,0
180758,1,1,1990,0,0,0,0,0,0,0,0,0,0
180759,1,1,1990,20,20,20,20,20,20,20,20,20,20
180759,2,1,1990,0,0,0,0,0,0,0,0,0,0
180760,1,1,1990,0,0,0,0,0,0,0,0,0,0
180760,2,1,1990,0,0,0,0,0,0,0,0,0,0
180761,0,1,1990,0,0,0,0,0,0,0,0,0,0
180761,1,1,1990,0,0,0,0,0,0,0,0,0,0
180762,0,1,1990,0,0,0,0,0,0,0,0,0,0
180762,1,1,1990,0,0,0,0,0,0,0,0,0,0
180763,1,1,1990,17,17,17,17,17,17,17,17,17,17
180764,0,1,1990,0,0,13,0,0,0,0,0,0,7
180764,1,1,1990,0,0,0,0,0,0,0,0,0,0
180765,1,1,1990,19,19,19,19,19,19,19,19,19,19
180766,1,1,1990,24,0,27,21,19,0,18,0,18,26
180767,0,1,1990,0,0,0,0,0,0,0,0,0,0
180767,1,1,1990,0,0,0,0,0,0,0,0,0,0
180768,1,1,1990,0,0,0,0,0,0,0,0,0,0
180768,2,1,1990,0,0,0,0,0,0,0,0,0,0
180769,1,1,1990,0,0,0,0,0,0,0,0,0,0
180769,2,1,1990,0,0,0,0,0,0,3,0,0,0
180770,0,1,1990,21,0,0,0,15,0,0,0,0,0
180770,0,2,1990,14,19,0,25,0,0,0,0,0,0
180770,1,1,1990,0,0,0,0,0,0,0,0,0,0
180770,2,1,1990,0,0,0,0,0,0,0,0,0,0
180771,1,1,1990,0,0,0,0,0,0,0,0,0,0
180771,2,1,1990,13,13,13,13,13,13,13,13,13,13
180772,1,1,1990,26,26,26,26,26,26,26,26,26,26
180773,1,1,1990,15,15,15,15,15,15,15,15,15,15
180773,2,1,1990,0,0,0,0,0,0,0,0,0,0
180774,1,1,1990,0,0,0,0,0,0,0,0,0,0
180774,2,1,1990,0,0,0,0,0,0,0,0,0,0
180775,1,1,1990,20,20,20,20,20,20,20,20,20,20
180776,0,1,1990,0,0,0,0,0,0,0,0,0,0
180776,0,2,1990,0,0,20,0,12,0,0,0,21,0
180776,0,3,1990,0,6,33,0,20,0,11,27,20,10
180776,1,1,1990,0,0,0,0,0,0,0,0,0,0
180777,1,1,1990,0,0,0,0,0,0,0,0,0,0
180777,2,1,1990,0,0,0,0,0,0,0,0,0,0
180778,1,1,1990,15,15,15,15,15,15,15,15,15,15
180779,1,1,1990,0,0,0,0,0,0,0,0,0,0
180779,2,1,1990,31,31,31,31,31,31,31,31,31,31
180780,1,1,1990,0,0,0,0,0,0,0,0,0,0
180780,2,1,1990,0,0,0,0,0,0,0,0,0,0
180781,1,1,1990,28,28,28,28,28,28,28,28,28,28
180781,2,1,1990,0,0,0,0,0,0,0,0,0,0
180782,1,1,1990,0,0,0,0,0,0,0,0,0,0
180782,2,1,1990,0,0,0,0,0,0,0,0,0,0
180783,1,1,1990,1,1,1,1,1,1,1,1,1,1
180784,1,1,1990,0,0,0,0,0,0,0,0,0,0
180784,2,1,1990,0,0,0,0,0,0,0,0,0,0
180785,1,1,1990,0,0,0,0,0,0,0,0,0,0
180786,1,1,1990,0,0,0,0,0,0,0,0,0,0
180786,2,1,1990,0,0,0,0,0,0,0,0,0,0
180787,1,1,1990,9,9,9,9,9,9,9,9,9,9
180788,0,1,1990,0,0,0,0,0,0,0,14,0,0
180788,1,1,1990,0,0,0,0,0,0,0,0,0,0
180789,1,1,1990,0,0,0,0,0,0,0,0,0,0
180790,1,1,1990,0,0,0,0,0,0,0,0,0,0
180790,2,1,1990,0,0,0,0,0,0,0,0,0,0
180791,1,1,1990,0,0,0,0,0,0,0,0,0,0
180792,1,1,1990,15,15,15,15,15,15,15,15,15,15
180793,1,1,1990,0,0,0,0,0,0,0,0,0,0
180793,2,1,1990,0,0,0,0,0,0,0,0,0,0
180794,1,1,1990,19,19,19,19,19,19,19,19,19,19
180795,0,1,1990,17,17,17,17,17,17,17,17,17,17
180795,1,1,1990,9,0,13,16,0,9,29,6,0,28
180796,1,1,1990,0,0,0,0,0,0,0,0,0,0
180796,2,1,1990,0,0,0,0,0,0,0,0,0,0
180797,1,1,1990,18,18,18,18,18,18,18,18,18,18
180797,2,1,1990,17,17,17,17,17,17,17,17,17,17
180797,3,1,1990,0,0,0,0,0,0,0,0,0,0
180798,1,1,1990,0,0,0,0,0,0,0,0,0,0
180798,2,1,1990,0,0,0,0,0,0,0,0,0,0
180799,0,1,1990,32,32,32,32,32,32,32,32,32,32
180799,1,1,1990,5,0,10,10,0,0,19,0,0,0
180800,1,1,1990,0,0,0,0,0,2,0,0,0,0
180800,2,1,1990,0,0,0,0,0,0,0,0,0,0
180801,1,1,1990,0,0,0,0,0,0,0,0,0,0
180802,1,1,1990,20,20,20,20,20,20,20,20,20,20
180803,1,1,1990,0,0,0,0,0,0,0,0,0,0
180803,2,1,1990,0,0,0,0,0,0,0,0,0,0
180804,1,1,1990,0,0,0,0,0,0,0,0,0,0
180805,1,1,1990,0,0,0,0,0,0,0,0,0,0
180805,2,1,1990,0,0,0,0,0,0,0,0,0,0
180806,1,1,1990,0,0,0,0,0,0,0,0,0,0
180806,2,1,1990,0,0,0,0,0,0,0,0,0,0
180807,1,1,1990,0,0,0,0,0,19,0,0,16,0
180807,2,1,1990,0,0,0,0,0,0,0,0,0,0
180808,1,1,1990,11,11,11,11,11,11,11,11,11,11
180809,0,1,1990,0,0,0,0,0,0,0,0,0,0
180810,1,1,1990,46,46,46,46,46,46,46,46,46,46
180811,1,1,1990,13,13,13,13,13,13,13,13,13,13
180811,2,1,1990,0,0,0,0,0,0,0,0,0,0
180812,1,1,1990,0,0,0,0,0,0,0,0,0,0
180812,2,1,1990,0,0,0,0,0,0,0,0,0,0
180813,0,1,1990,0,0,0,0,0,0,0,0,0,0
180813,1,1,1990,0,0,0,0,0,0,0,0,0,0
180814,1,1,1990,0,0,0,0,0,0,0,0,0,0
180815,1,1,1990,14,14,14,14,14,14,14,14,14,14
180816,1,1,1990,7,7,7,7,7,7,7,7,7,7
180817,1,1,1990,29,29,29,29,29,29,29,29,29,29
180817,2,1,1990,28,0,0,0,0,0,0,0,0,0
180818,1,1,1990,0,0,0,0,0,0,0,0,0,0
180818,2,1,1990,0,0,0,0,0,0,0,0,0,0
180819,1,1,1990,12,12,12,12,12,12,12,12,12,12
180819,2,1,1990,17,17,17,17,17,17,17,17,17,17
180820,1,1,1990,14,14,14,14,14,14,14,14,14,14
180820,2,1,1990,0,0,0,0,0,0,0,0,0,0
180821,1,1,1990,0,0,0,0,0,0,0,0,0,0
180821,2,1,1990,0,0,0,0,0,0,0,0,0,0
180822,1,1,1990,0,0,0,0,10,0,0,0,11,19
180823,1,1,1990,0,0,0,0,0,0,0,0,0,0
180823,2,1,1990,0,0,0,0,0,0,0,0,13,0
180824,1,1,1990,0,0,0,0,0,0,0,0,0,0
180825,1,1,1990,0,0,0,0,0,0,0,0,0,0
180825,2,1,1990,0,0,0,0,0,0,0,0,0,0
180825,3,1,1990,0,0,0,8,0,0,0,0,0,0
180826,1,1,1990,0,0,0,0,0,0,0,0,0,0
180827,1,1,1990,15,15,15,15,15,15,15,15,15,15
180827,2,1,1990,0,0,0,0,0,0,0,0,0,0
180828,1,1,1990,18,18,18,18,18,18,18,18,18,18
180828,2,1,1990,0,0,0,0,0,0,0,0,0,0
180830,1,1,1990,0,0,0,0,0,0,0,0,0,0
180830,2,1,1990,0,0,0,0,0,0,16,0,0,0
180831,1,1,1990,0,0,0,0,0,0,0,0,0,0
180831,2,1,1990,0,0,0,0,0,0,0,0,0,0
180832,1,1,1990,0,0,0,0,0,0,0,0,0,0
180833,1,1,1990,29,29,29,29,29,29,29,29,29,29
180834,1,1,1990,0,0,0,0,0,0,0,0,0,0
180834,2,1,1990,0,0,0,0,0,0,0,0,0,0
180835,0,1,1990,39,39,39,39,39,39,39,39,39,39
180835,1,1,1990,0,0,0,0,0,0,0,0,0,0
180836,1,1,1990,0,0,0,0,0,0,0,0,0,0
180836,2,1,1990,0,0,0,0,0,0,0,0,0,0
180837,1,1,1990,0,0,0,0,0,0,0,0,0,0
180838,1,1,1990,29,29,29,29,29,29,29,29,29,29
180840,1,1,1990,20,20,20,20,20,20,20,20,20,20
180842,1,1,1990,0,0,0,0,0,0,0,0,0,0
180843,0,1,1990,0,0,0,0,0,0,0,0,0,0
180843,1,1,1990,0,0,0,0,0,0,0,0,0,0
180844,1,1,1990,26,26,26,26,26,26,26,26,26,26
180844,2,1,1990,5,0,0,0,0,0,0,0,0,0
180844,3,1,1990,0,0,0,0,0,0,0,0,0,0
180844,4,1,1990,0,0,0,0,0,0,0,0,0,0
180844,5,1,1990,0,0,0,0,0,0,0,0,0,0
180845,1,1,1990,0,0,0,0,0,0,0,0,0,0
180845,2,1,1990,0,0,0,0,0,0,0,0,0,0
180846,0,1,1990,16,16,16,16,16,16,16,16,16,16
180846,1,1,1990,0,0,0,0,0,0,0,0,0,0
180847,1,1,1990,13,13,13,13,13,13,13,13,13,13
180848,1,1,1990,0,0,0,0,0,0,0,0,0,0
180849,1,1,1990,0,0,0,0,0,0,0,0,0,0
180849,2,1,1990,0,0,0,0,0,0,0,0,0,0
180850,1,1,1990,0,0,0,0,0,0,0,0,0,0
180851,1,1,1990,0,0,0,0,0,0,0,0,0,0
180852,1,1,1990,0,0,0,0,0,0,0,0,0,0
180852,2,1,1990,0,0,0,0,0,23,0,0,0,0
180853,1,1,1990,0,0,0,0,0,0,0,0,0,0
180853,2,1,1990,0,0,0,0,0,0,0,0,0,0