ST_CASE,VEH_NO,PER_NO,YEAR,P1,P2,P3,P4,P5,P6,P7,P8,P9,P10
180854,1,1,1990,0,0,0,0,0,0,0,0,0,0
180854,2,1,1990,0,0,0,0,0,0,0,0,0,0
180855,1,1,1990,0,0,0,0,0,0,0,0,0,0
180856,1,1,1990,0,0,0,0,0,0,0,0,0,0
180857,1,1,1990,0,0,0,0,0,0,0,0,0,0
180857,2,1,1990,0,0,0,0,0,0,0,0,0,0
180858,0,1,1990,17,17,17,17,17,17,17,17,17,17
180858,1,1,1990,0,0,0,0,0,0,0,0,0,0
180859,1,1,1990,16,16,16,16,16,16,16,16,16,16
180859,2,1,1990,0,0,0,0,0,0,0,0,0,0
180860,1,1,1990,0,0,0,0,0,0,0,0,0,0
180860,2,1,1990,0,0,0,0,0,0,0,0,0,0
180861,1,1,1990,0,0,0,15,0,0,0,0,7,0
180861,2,1,1990,0,0,0,0,0,0,0,0,0,0
180862,1,1,1990,0,0,0,0,0,0,0,0,0,0
180863,1,1,1990,15,15,15,15,15,15,15,15,15,15
180864,1,1,1990,0,0,0,0,0,0,0,0,0,0
180864,2,1,1990,0,0,0,0,0,0,0,0,0,0
180865,1,1,1990,0,0,0,0,0,0,0,0,0,0
180866,1,1,1990,0,0,0,0,0,0,0,0,0,0
180867,1,1,1990,22,22,22,22,22,22,22,22,22,22
180868,1,1,1990,0,0,0,0,0,0,0,0,0,0
180868,2,1,1990,0,0,0,0,0,0,0,0,0,0
180868,3,1,1990,0,0,0,0,0,0,0,0,0,0
180868,4,1,1990,0,0,0,0,0,9,0,0,9,0
180869,0,1,1990,0,0,0,0,0,0,0,0,0,0
180869,1,1,1990,0,0,0,0,0,0,0,0,0,0
180869,2,1,1990,0,0,0,0,0,0,0,0,0,0
180870,0,1,1990,0,0,0,0,0,0,0,0,0,0
180870,1,1,1990,8,0,0,18,35,41,0,25,0,0
180871,1,1,1990,0,0,0,0,0,23,0,0,27,18
180872,1,1,1990,6,6,6,6,6,6,6,6,6,6
180872,2,1,1990,20,20,20,20,20,20,20,20,20,20
180873,1,1,1990,5,5,5,5,5,5,5,5,5,5
180873,2,1,1990,17,17,17,17,17,17,17,17,17,17
180874,1,1,1990,28,28,28,28,28,28,28,28,28,28
180875,1,1,1990,0,0,0,0,0,0,0,0,0,0
180875,2,1,1990,0,0,0,0,0,0,0,0,0,0
180876,1,1,1990,15,15,15,15,15,15,15,15,15,15
180877,1,1,1990,0,0,0,0,0,0,0,0,0,0
180879,1,1,1990,0,0,0,0,0,0,0,0,0,0
180880,1,1,1990,6,6,6,6,6,6,6,6,6,6
180880,2,1,1990,0,0,0,0,0,0,0,0,0,0
180881,1,1,1990,17,17,17,17,17,17,17,17,17,17
180882,1,1,1990,0,0,0,0,0,0,0,0,0,0
180882,2,1,1990,0,0,0,0,0,0,0,0,0,0
180883,1,1,1990,0,0,19,0,0,0,0,0,0,0
180884,1,1,1990,0,0,0,0,0,0,0,0,0,0
180884,2,1,1990,0,0,0,0,0,0,0,0,0,0
180886,1,1,1990,26,26,26,26,26,26,26,26,26,26
180887,1,1,1990,0,0,0,0,0,0,0,0,0,0
180888,0,1,1990,0,0,0,0,0,0,0,0,0,0
180888,0,2,1990,0,0,0,0,16,29,0,0,0,0
180888,0,3,1990,0,36,0,17,0,0,0,0,0,0
180888,0,4,1990,0,0,0,0,0,0,0,0,0,0
180888,0,5,1990,20,0,0,14,0,0,11,0,0,0
180888,0,6,1990,0,0,0,0,4,0,0,0,0,0
180888,0,7,1990,24,17,0,0,0,0,23,0,0,0
180888,1,1,1990,0,0,0,0,0,0,0,0,0,0
180889,0,1,1990,0,0,16,0,0,12,0,18,9,0
180889,1,1,1990,0,41,19,23,15,34,0,13,23,33
180890,1,1,1990,26,23,21,9,13,9,0,18,4,15
180891,1,1,1990,11,11,11,11,11,11,11,11,11,11
180891,2,1,1990,21,21,21,21,21,21,21,21,21,21
180892,1,1,1990,0,0,0,0,0,0,0,0,0,0
180892,2,1,1990,0,0,0,0,0,0,0,0,0,0
180893,1,1,1990,18,18,18,18,18,18,18,18,18,18
180894,1,1,1990,0,0,0,0,0,0,0,0,0,0
180895,1,1,1990,0,0,0,0,0,0,0,0,0,0
180895,2,1,1990,0,0,0,0,0,0,0,0,0,0
180896,1,1,1990,23,23,23,23,23,23,23,23,23,23
180897,1,1,1990,0,0,0,0,0,0,0,0,0,0
180897,2,1,1990,0,0,0,0,0,0,0,0,0,0
180898,1,1,1990,20,20,20,20,20,20,20,20,20,20
180899,1,1,1990,0,0,0,0,0,0,0,0,0,0
180899,2,1,1990,0,0,0,0,0,0,0,0,0,0
180899,3,1,1990,0,0,0,0,0,0,0,0,0,0
180900,1,1,1990,32,32,32,32,32,32,32,32,32,32
180901,1,1,1990,0,0,0,0,0,0,0,0,0,0
180902,1,1,1990,13,13,13,13,13,13,13,13,13,13
180903,0,1,1990,0,0,3,0,0,0,0,8,20,0
180903,1,1,1990,0,0,0,0,0,0,0,0,0,0
180904,0,1,1990,19,19,19,19,19,19,19,19,19,19
180904,1,1,1990,0,0,0,0,0,0,0,0,0,0
180905,1,1,1990,0,0,0,0,0,0,0,0,0,0
180906,0,1,1990,0,0,0,0,0,0,0,0,0,0
180906,1,1,1990,0,0,0,0,0,0,0,0,0,0
180907,1,1,1990,0,0,0,0,0,0,0,0,0,0
180907,2,1,1990,0,0,0,0,0,0,0,0,0,0
180908,1,1,1990,0,0,0,0,0,0,0,0,0,0
180908,2,1,1990,0,0,0,0,0,0,0,0,0,0
180909,1,1,1990,0,0,9,0,0,0,0,0,0,0
180910,1,1,1990,0,0,0,0,0,0,0,0,0,0
180910,2,1,1990,0,0,0,0,0,0,0,0,0,0
180911,1,1,1990,0,0,0,0,0,0,0,0,0,0
180911,2,1,1990,0,0,0,0,0,0,0,0,0,0
180912,1,1,1990,0,0,0,0,0,0,0,0,0,0
180913,1,1,1990,17,20,29,3,13,16,9,17,14,18
180914,1,1,1990,26,26,26,26,26,26,26,26,26,26
180915,1,1,1990,0,0,0,0,0,18,0,0,0,0
180915,2,1,1990,0,0,0,0,0,0,0,0,0,0
180915,3,1,1990,0,0,0,0,0,0,0,0,0,0
180916,0,1,1990,0,0,20,0,0,0,0,34,0,0
180916,1,1,1990,5,0,17,11,0,28,0,32,0,0
180917,1,1,1990,0,0,0,0,0,0,0,0,0,0
180917,2,1,1990,0,0,0,0,0,0,0,0,0,0
180918,0,1,1990,0,0,0,0,0,0,0,0,0,0
180918,1,1,1990,0,0,0,0,0,0,0,0,0,0
180919,1,1,1990,0,0,0,0,0,0,0,0,0,0
180919,2,1,1990,0,0,0,0,0,0,0,0,0,0
180920,1,1,1990,0,0,0,0,0,0,0,0,0,0
180920,2,1,1990,0,0,0,0,0,0,0,0,0,0
180921,0,1,1990,0,55,0,27,0,0,0,0,7,0
180921,1,1,1990,0,0,0,0,0,0,0,0,0,0
180922,1,1,1990,0,0,0,0,0,0,0,0,0,0
180922,2,1,1990,13,13,13,13,13,13,13,13,13,13
180923,0,1,1990,0,0,0,18,10,36,0,17,0,14
180923,1,1,1990,0,0,11,0,0,0,0,0,0,0
180924,1,1,1990,0,0,0,0,0,0,0,0,0,0
180926,1,1,1990,0,0,0,0,0,0,0,0,0,0
180926,2,1,1990,21,0,0,0,0,0,14,0,0,0
180927,1,1,1990,0,0,0,0,0,0,0,0,0,0
180928,1,1,1990,4,4,4,4,4,4,4,4,4,4
180929,1,1,1990,0,0,0,0,0,0,0,0,0,0
180929,2,1,1990,0,0,0,0,0,0,0,0,0,0
180929,3,1,1990,5,0,0,0,0,0,0,0,0,11
180929,4,1,1990,5,0,23,29,0,7,0,0,0,17
180930,1,1,1990,28,28,28,28,28,28,28,28,28,28
180930,2,1,1990,0,0,0,0,0,0,0,0,0,0
180931,1,1,1990,0,0,0,0,0,0,0,0,0,0
180931,2,1,1990,0,0,0,0,0,0,0,0,0,0
180932,1,1,1990,0,0,0,0,0,0,0,0,0,0
180932,2,1,1990,0,0,0,0,0,0,0,0,0,0
180933,1,1,1990,24,24,24,24,24,24,24,24,24,24
180934,1,1,1990,0,0,0,0,0,0,0,0,0,0
180934,2,1,1990,0,0,0,0,0,0,0,15,0,0
180935,1,1,1990,0,0,0,0,0,0,0,0,0,0
180935,2,1,1990,0,0,6,0,0,0,0,0,0,0
180936,1,1,1990,0,0,0,0,0,0,0,11,0,14
180937,1,1,1990,0,0,0,0,0,0,0,0,0,0
180937,2,1,1990,12,12,12,12,12,12,12,12,12,12
180938,1,1,1990,0,0,0,0,0,0,13,0,13,0
180939,1,1,1990,0,0,0,0,0,0,0,0,0,0
180939,2,1,1990,0,0,0,0,6,0,0,0,0,8
180940,0,1,1990,12,12,12,12,12,12,12,12,12,12
180940,0,2,1990,22,22,22,22,22,22,22,22,22,22
180940,1,1,1990,0,0,0,0,0,0,0,0,0,0
180941,1,1,1990,36,36,36,36,36,36,36,36,36,36
180942,1,1,1990,11,11,11,11,11,11,11,11,11,11
180943,0,1,1990,0,13,0,0,0,0,18,0,0,14
180943,0,2,1990,0,0,0,0,0,0,0,0,0,0
180943,1,1,1990,0,0,0,0,0,0,0,0,0,0
180944,1,1,1990,0,0,0,0,0,0,0,0,0,0
180944,2,1,1990,19,19,19,19,19,19,19,19,19,19
180946,1,1,1990,16,23,24,16,17,24,35,16,18,42
180947,1,1,1990,13,13,13,13,13,13,13,13,13,13
180948,0,1,1990,0,0,0,0,0,0,0,0,0,0
180948,1,1,1990,0,0,0,0,0,0,0,0,0,0
180949,1,1,1990,9,9,9,9,9,9,9,9,9,9
180950,1,1,1990,3,0,0,0,0,0,0,0,0,17
180950,2,1,1990,0,9,16,0,0,16,0,0,0,0
180951,0,1,1990,26,26,26,26,26,26,26,26,26,26
180951,1,1,1990,0,0,0,0,0,0,0,0,0,0
180952,0,1,1990,0,0,0,0,0,0,0,0,0,0
180952,1,1,1990,0,0,0,0,0,0,0,0,0,0
180953,1,1,1990,0,0,23,23,0,0,0,0,0,0
190001,1,1,1990,0,0,0,0,9,0,0,0,0,0
190001,2,1,1990,0,0,0,0,0,0,0,0,0,0
190002,1,1,1990,0,0,0,0,0,0,0,0,0,0
190002,2,1,1990,0,0,0,0,0,0,0,0,0,0
190002,3,1,1990,0,0,0,0,0,0,0,0,0,0
190003,1,1,1990,0,0,0,0,0,0,0,0,0,0
190004,0,1,1990,0,0,0,31,14,19,0,0,0,0
190004,1,1,1990,0,14,0,0,0,0,0,17,0,0
190005,1,1,1990,4,4,4,4,4,4,4,4,4,4
190005,2,1,1990,0,0,0,0,0,0,0,0,0,0
190006,1,1,1990,28,28,28,28,28,28,28,28,28,28
190007,1,1,1990,13,13,13,13,13,13,13,13,13,13
190008,1,1,1990,0,0,0,0,0,0,0,0,0,0
190009,1,1,1990,22,22,22,22,22,22,22,22,22,22
190010,0,1,1990,28,28,28,28,28,28,28,28,28,28
190010,1,1,1990,0,0,0,0,0,0,0,0,0,0
190011,1,1,1990,8,8,8,8,8,8,8,8,8,8
190011,2,1,1990,23,0,0,14,0,0,0,18,0,0
190012,1,1,1990,14,14,14,14,14,14,14,14,14,14
190012,2,1,1990,0,0,10,12,0,7,0,0,13,0
190013,1,1,1990,12,12,12,12,12,12,12,12,12,12
190014,1,1,1990,23,23,23,23,23,23,23,23,23,23
190015,1,1,1990,0,0,0,0,0,0,0,0,0,0
190015,2,1,1990,0,0,0,0,0,0,0,0,0,0
190016,1,1,1990,0,0,0,0,0,0,0,0,0,0
190016,2,1,1990,0,0,0,0,0,0,0,0,0,0
190017,1,1,1990,1,1,1,1,1,1,1,1,1,1
190018,0,1,1990,0,0,0,0,3,0,0,0,0,0
190018,1,1,1990,0,0,0,0,0,0,0,0,0,0
190019,1,1,1990,7,7,7,7,7,7,7,7,7,7
190019,2,1,1990,0,0,0,0,0,0,0,0,0,0
190020,1,1,1990,0,0,0,0,0,0,0,0,0,0
190020,2,1,1990,0,0,0,0,0,0,0,0,0,0
190021,1,1,1990,0,0,0,0,0,0,0,0,0,0
190022,1,1,1990,0,0,0,9,0,0,0,0,0,0
190023,1,1,1990,0,20,0,0,0,20,0,12,0,0
190024,1,1,1990,3,3,3,3,3,3,3,3,3,3
190025,1,1,1990,0,0,0,0,0,0,0,0,0,0
190025,2,1,1990,0,0,0,0,0,0,0,0,0,10
190026,1,1,1990,0,0,0,0,0,0,0,0,0,0
190026,2,1,1990,0,0,0,0,0,0,0,0,0,0
190026,3,1,1990,0,0,27,9,0,0,0,0,0,0
190027,1,1,1990,0,0,0,0,0,0,0,0,0,0
190027,2,1,1990,0,0,0,0,0,0,0,0,0,0
190027,3,1,1990,0,0,0,0,0,0,0,0,0,0
190028,1,1,1990,0,0,0,0,0,0,0,0,0,0
190028,2,1,1990,0,0,0,0,0,0,0,0,0,0
190029,1,1,1990,18,19,20,15,30,14,21,13,13,7
190030,1,1,1990,0,0,0,0,0,0,0,0,0,0
190030,2,1,1990,0,0,0,0,0,0,0,0,0,0
190031,1,1,1990,0,0,0,0,0,0,0,0,0,0
190031,2,1,1990,0,0,0,0,0,0,0,0,0,0
190032,1,1,1990,0,0,0,0,0,0,0,0,0,0
190032,2,1,1990,0,0,0,0,0,0,0,0,0,0
190033,1,1,1990,0,0,0,0,4,0,0,12,0,19
190033,2,1,1990,0,0,0,0,0,0,0,0,0,0
190034,1,1,1990,22,22,22,22,22,22,22,22,22,22
190035,1,1,1990,0,0,0,0,0,0,0,0,0,0
190036,1,1,1990,25,25,25,25,25,25,25,25,25,25
190037,1,1,1990,21,21,21,21,21,21,21,21,21,21
190038,1,1,1990,0,0,0,0,0,0,0,0,0,0
190038,2,1,1990,0,0,0,0,0,0,0,0,0,0
190039,1,1,1990,0,0,0,0,0,0,0,0,0,0
190039,2,1,1990,0,0,0,0,0,0,0,0,0,0
190040,1,1,1990,33,0,0,0,0,0,0,0,0,0
190040,2,1,1990,0,0,0,0,0,0,0,0,0,0
190040,3,1,1990,0,0,0,0,0,0,0,0,0,0
190040,4,1,1990,0,0,0,0,0,0,0,0,0,0
190041,1,1,1990,0,0,0,0,0,0,0,0,0,0
190041,2,1,1990,0,0,0,0,0,0,0,0,0,0
190042,1,1,1990,0,0,0,0,0,0,0,0,0,0
190042,2,1,1990,0,0,0,0,0,0,0,0,0,0
190043,1,1,1990,0,0,0,0,0,0,0,0,0,0
190043,2,1,1990,0,0,0,0,0,0,0,0,0,0
190044,1,1,1990,3,3,3,3,3,3,3,3,3,3
190044,2,1,1990,0,0,0,0,0,0,0,0,0,0
190045,1,1,1990,0,0,0,0,0,0,0,0,0,0
190045,2,1,1990,0,0,0,0,0,0,0,0,0,0
190046,1,1,1990,6,6,6,6,6,6,6,6,6,6
190047,1,1,1990,16,16,16,16,16,16,16,16,16,16
190048,1,1,1990,21,21,21,21,21,21,21,21,21,21
190049,1,1,1990,0,0,0,0,0,0,0,0,0,0
190049,2,1,1990,0,0,0,0,0,0,0,0,0,0
190050,0,1,1990,0,0,0,0,0,0,0,0,0,0
190050,1,1,1990,0,0,0,0,0,0,0,0,0,0
190051,1,1,1990,0,0,0,0,0,0,0,0,0,0
190051,2,1,1990,0,0,0,0,0,0,0,0,0,0
190052,1,1,1990,0,0,0,0,0,0,0,0,0,0
190052,2,1,1990,0,0,18,0,0,0,0,0,0,0
190053,1,1,1990,24,24,24,24,24,24,24,24,24,24
190053,2,1,1990,0,0,0,0,0,0,0,0,0,0
190054,1,1,1990,20,20,20,20,20,20,20,20,20,20
190055,1,1,1990,0,0,0,0,0,0,0,0,0,0
190055,2,1,1990,0,0,0,0,0,0,0,0,0,0
190056,1,1,1990,0,0,0,0,0,0,0,0,0,0
190057,1,1,1990,25,25,25,25,25,25,25,25,25,25
190058,1,1,1990,16,16,16,16,16,16,16,16,16,16
190059,1,1,1990,0,0,0,0,0,0,0,0,0,0
190059,2,1,1990,29,29,29,29,29,29,29,29,29,29
190060,1,1,1990,6,6,6,6,6,6,6,6,6,6
190060,2,1,1990,17,17,17,17,17,17,17,17,17,17
190061,1,1,1990,14,14,14,14,14,14,14,14,14,14
190061,2,1,1990,0,0,0,0,0,0,0,0,0,0
190062,1,1,1990,0,0,0,0,0,0,0,0,0,0
190063,0,1,1990,18,18,18,18,18,18,18,18,18,18
190063,1,1,1990,0,0,0,0,0,0,0,0,0,0
190064,1,1,1990,11,11,11,11,11,11,11,11,11,11
190065,1,1,1990,0,0,0,0,0,0,0,0,0,0
190066,1,1,1990,0,0,0,0,0,0,0,0,0,0
190066,2,1,1990,0,0,0,0,0,0,0,0,0,0
190067,1,1,1990,0,0,0,0,0,0,0,0,0,0
190067,2,1,1990,0,0,0,0,0,0,0,0,0,0
190068,1,1,1990,19,19,19,19,19,19,19,19,19,19
190069,1,1,1990,0,0,0,0,0,0,0,0,0,0
190069,2,1,1990,1,1,1,1,1,1,1,1,1,1
190070,1,1,1990,31,31,31,31,31,31,31,31,31,31
190071,1,1,1990,21,21,21,21,21,21,21,21,21,21
190072,1,1,1990,0,0,0,0,0,0,0,0,0,0
190072,2,1,1990,0,0,0,0,0,0,0,0,0,0
190073,1,1,1990,0,0,0,0,0,0,0,0,0,0
190073,2,1,1990,0,0,0,0,0,0,0,0,0,0
190074,1,1,1990,8,8,8,8,8,8,8,8,8,8
190075,1,1,1990,20,20,20,20,20,20,20,20,20,20
190076,1,1,1990,9,9,9,9,9,9,9,9,9,9
190076,2,1,1990,0,0,0,0,0,0,0,0,6,0
190077,1,1,1990,0,0,0,0,0,0,0,0,0,0
190077,2,1,1990,0,0,0,0,0,0,0,0,0,0
190078,1,1,1990,0,0,0,0,0,0,0,0,0,0
190079,1,1,1990,0,0,0,0,0,0,0,0,0,0
190080,1,1,1990,0,0,0,0,0,0,0,0,0,0
190080,2,1,1990,0,0,0,0,0,0,0,0,0,0
190080,3,1,1990,0,0,0,0,0,0,0,0,0,0
190081,1,1,1990,0,0,0,0,0,0,0,0,0,0
190082,1,1,1990,0,20,15,0,0,0,0,0,0,9
190082,2,1,1990,0,0,0,0,0,0,0,0,0,0
190083,1,1,1990,0,0,0,0,0,0,0,0,0,0
190083,2,1,1990,0,0,0,0,0,0,0,0,0,0
190084,1,1,1990,18,18,18,18,18,18,18,18,18,18
190085,1,1,1990,11,11,11,11,11,11,11,11,11,11
190085,2,1,1990,0,0,0,0,0,0,0,0,0,0
190086,1,1,1990,0,0,0,0,9,10,0,0,0,0
190086,2,1,1990,0,0,0,0,0,0,0,0,0,0
190086,3,1,1990,0,0,0,0,0,0,0,0,0,0
190087,1,1,1990,0,0,0,0,0,0,0,0,0,0
190088,1,1,1990,0,0,0,0,0,9,0,0,0,0
190088,2,1,1990,0,0,0,0,0,0,0,0,0,0
190089,1,1,1990,0,0,11,0,15,0,0,0,0,0
190089,2,1,1990,0,0,0,0,0,0,0,0,0,0
190090,1,1,1990,24,24,24,24,24,24,24,24,24,24
190090,2,1,1990,22,23,20,16,0,7,29,15,0,4
190091,1,1,1990,15,15,15,15,15,15,15,15,15,15
190092,1,1,1990,0,0,0,0,0,0,0,0,0,0
190092,2,1,1990,0,0,0,0,0,9,0,0,0,0
190092,3,1,1990,0,0,0,0,0,0,0,0,0,0
190093,1,1,1990,19,0,13,0,19,17,12,0,22,0
190094,1,1,1990,27,27,27,27,27,27,27,27,27,27
190095,1,1,1990,0,0,0,0,0,0,0,0,0,0
190096,1,1,1990,12,12,12,12,12,12,12,12,12,12
190097,1,1,1990,0,0,9,0,0,0,12,0,0,0
190097,2,1,1990,0,0,0,0,0,0,0,0,0,0
190098,1,1,1990,0,0,0,0,0,0,0,0,0,0
190098,2,1,1990,0,0,0,0,0,0,0,0,0,0
190099,1,1,1990,0,0,0,0,0,0,0,0,0,0
190099,2,1,1990,0,0,0,0,0,0,0,0,0,0
190100,1,3,1990,9,9,9,9,9,9,9,9,9,9
190101,1,1,1990,0,0,0,0,0,0,23,12,37,0
190102,1,1,1990,0,0,17,34,32,0,0,12,4,27
190103,1,1,1990,0,0,0,0,0,0,0,0,0,0
190103,2,1,1990,0,0,0,0,0,0,0,0,0,0
190103,3,1,1990,0,0,0,0,0,0,0,0,0,0
190104,1,1,1990,24,18,13,28,0,18,24,12,32,34
190105,1,1,1990,20,20,20,20,20,20,20,20,20,20
190106,1,1,1990,29,29,29,29,29,29,29,29,29,29
190107,1,1,1990,22,22,22,22,22,22,22,22,22,22
190108,1,1,1990,4,12,0,0,0,0,0,0,0,23
190109,1,1,1990,31,31,31,31,31,31,31,31,31,31
190110,1,1,1990,16,16,16,16,16,16,16,16,16,16
190111,1,1,1990,0,0,0,0,0,0,0,0,0,0
190111,2,1,1990,0,0,0,0,0,0,0,0,0,0
190112,1,1,1990,0,0,0,0,0,0,0,0,0,0
190112,2,1,1990,0,0,0,0,0,0,0,0,0,0
190113,0,1,1990,25,25,25,25,25,25,25,25,25,25
190113,1,1,1990,0,9,21,0,0,15,14,11,7,7
190114,1,1,1990,12,12,12,12,12,12,12,12,12,12
190114,2,1,1990,0,0,0,0,0,0,0,0,0,0
190115,1,1,1990,20,12,9,7,41,17,24,16,2,7
190116,1,1,1990,0,0,0,0,0,0,0,0,4,0
190116,2,1,1990,0,0,0,0,0,0,0,0,0,0
190117,1,1,1990,25,25,25,25,25,25,25,25,25,25
190118,1,1,1990,0,0,0,0,0,0,0,0,0,0
190119,1,1,1990,0,0,0,0,0,0,0,0,0,0
190119,2,1,1990,25,25,25,25,25,25,25,25,25,25
190120,1,1,1990,11,11,11,11,11,11,11,11,11,11
190121,1,1,1990,0,0,0,0,0,0,0,0,0,0
190121,2,1,1990,0,0,0,0,0,0,0,0,0,0
190122,1,1,1990,24,24,24,24,24,24,24,24,24,24
190123,0,1,1990,0,0,0,0,0,0,0,0,0,0
190124,1,1,1990,0,0,0,0,0,0,0,5,0,0
190124,2,1,1990,0,0,0,0,0,0,0,0,11,0
190125,0,1,1990,0,0,0,0,0,0,0,0,0,0
190125,1,1,1990,0,0,0,0,0,0,0,0,0,0
190126,1,1,1990,19,19,19,19,19,19,19,19,19,19
190126,2,1,1990,0,9,23,0,15,27,17,0,12,0
190127,1,1,1990,0,0,0,0,0,0,0,0,0,0
190127,2,1,1990,0,0,0,19,0,0,0,0,0,0
190128,1,1,1990,0,0,0,0,0,0,0,0,0,0
190129,1,1,1990,0,0,0,0,0,0,0,0,0,0
190129,2,1,1990,0,0,0,0,0,0,0,0,0,0
190130,0,1,1990,0,0,0,0,0,0,0,0,0,0
190130,1,1,1990,2,2,2,2,2,2,2,2,2,2
190130,2,1,1990,6,6,6,6,6,6,6,6,6,6
190131,1,1,1990,21,21,21,21,21,21,21,21,21,21
190132,1,1,1990,0,0,0,0,0,0,0,0,0,0
190133,1,1,1990,0,0,0,0,0,0,0,0,0,0
190134,1,1,1990,17,17,17,17,17,17,17,17,17,17
190135,1,1,1990,0,0,15,0,0,0,0,0,0,38
190135,2,1,1990,0,19,0,27,0,0,0,0,0,17
190136,1,1,1990,11,11,11,11,11,11,11,11,11,11
190136,2,1,1990,30,13,6,26,8,19,11,6,7,18
190137,1,1,1990,0,0,0,39,0,12,0,0,0,2
190138,1,1,1990,17,17,17,17,17,17,17,17,17,17
190139,1,1,1990,22,22,22,22,22,22,22,22,22,22
190140,1,1,1990,15,15,15,15,15,15,15,15,15,15
190141,1,1,1990,0,0,0,0,0,0,0,0,0,0
190141,2,1,1990,0,0,0,0,0,0,0,0,0,0
190142,0,1,1990,0,0,9,0,0,0,0,0,0,0
190142,1,1,1990,0,0,0,9,12,0,0,0,0,0
190143,1,1,1990,0,0,0,0,0,0,0,0,0,0
190143,2,1,1990,0,0,0,0,0,0,0,0,0,0
190144,1,1,1990,0,0,0,0,0,0,0,0,23,0
190145,1,1,1990,0,0,0,0,0,0,0,0,0,0
190146,0,1,1990,21,20,9,25,26,39,0,18,16,35
190146,1,1,1990,16,25,6,0,22,13,0,0,0,22
190146,2,1,1990,0,0,0,0,0,0,0,0,0,0
190146,3,1,1990,26,0,0,0,0,0,0,0,0,0
190147,1,1,1990,0,0,0,0,0,0,0,0,0,0
190147,2,1,1990,0,0,0,0,0,0,0,0,0,0
190148,1,1,1990,13,13,13,13,13,13,13,13,13,13
190149,1,1,1990,18,18,18,18,18,18,18,18,18,18
190150,1,1,1990,0,0,0,0,15,0,0,0,0,0
190150,2,1,1990,0,0,0,0,0,0,0,0,0,0
190151,1,1,1990,27,27,27,27,27,27,27,27,27,27
190152,1,1,1990,0,12,0,0,0,10,14,12,18,0
190153,1,1,1990,0,0,0,0,0,0,0,0,0,0
190154,0,1,1990,0,0,0,0,0,0,0,0,0,0
190154,1,1,1990,0,0,0,0,0,0,0,0,0,0
190155,0,1,1990,23,0,0,0,23,9,0,28,22,0
190155,1,1,1990,5,5,5,5,5,5,5,5,5,5
190156,1,1,1990,9,14,16,12,12,0,0,19,0,0
190156,2,1,1990,0,0,0,0,0,0,0,0,0,0
190157,1,1,1990,0,0,0,0,11,0,0,0,0,0
190157,2,1,1990,0,0,0,0,0,0,0,0,0,0
190158,1,1,1990,25,25,25,25,25,25,25,25,25,25
190158,2,1,1990,0,0,0,0,0,0,0,0,0,0
190159,0,1,1990,0,0,0,0,0,0,0,0,0,0
190159,1,1,1990,0,0,0,0,0,0,0,0,0,0
190160,1,1,1990,29,29,29,29,29,29,29,29,29,29
190161,1,1,1990,0,0,0,0,0,0,0,0,0,0
190161,2,1,1990,0,0,0,0,0,0,0,0,0,0
190162,1,1,1990,9,9,9,9,9,9,9,9,9,9
190163,1,1,1990,0,0,0,0,0,0,0,0,0,0
190163,2,1,1990,0,0,0,0,0,0,15,0,0,0
190164,1,1,1990,0,0,0,0,0,0,0,0,0,0
190165,1,1,1990,34,0,9,12,20,28,12,17,21,3
190166,1,1,1990,8,8,8,8,8,8,8,8,8,8
190166,2,1,1990,8,8,8,8,8,8,8,8,8,8
190167,0,1,1990,0,0,0,0,0,0,0,0,0,0
190167,0,2,1990,0,17,13,0,0,0,0,0,9,14
190167,1,1,1990,0,0,0,0,0,0,0,0,0,0
190168,1,1,1990,0,0,0,0,0,0,0,0,0,0
190168,2,1,1990,0,0,0,0,0,0,0,0,0,0
190169,1,1,1990,11,11,11,11,11,11,11,11,11,11
190171,1,1,1990,0,0,0,0,0,0,0,0,0,0
190172,1,1,1990,0,0,0,0,0,0,0,0,19,0
190173,1,1,1990,12,12,12,12,12,12,12,12,12,12
190174,1,1,1990,9,9,9,9,9,9,9,9,9,9
190175,1,1,1990,0,0,0,0,0,0,0,0,6,0
190175,2,1,1990,0,0,0,0,0,0,0,0,0,0
190176,1,1,1990,18,18,18,18,18,18,18,18,18,18
190176,2,1,1990,0,0,0,0,0,0,0,0,0,0
190177,1,1,1990,0,0,0,0,0,0,0,0,0,0
190177,2,1,1990,0,0,0,0,0,0,0,0,0,0
190178,1,1,1990,19,19,19,19,19,19,19,19,19,19
190178,2,1,1990,0,0,0,0,0,0,0,0,0,0
190179,0,1,1990,0,0,0,0,0,0,0,0,0,0
190179,1,1,1990,15,15,15,15,15,15,15,15,15,15
190180,1,1,1990,0,0,0,0,0,0,0,0,0,0
190180,2,1,1990,0,0,0,0,0,0,0,0,0,0
190181,1,1,1990,0,0,0,0,0,0,0,0,0,0
190181,2,1,1990,0,0,0,0,0,0,0,0,0,0
190182,1,1,1990,0,0,23,7,0,0,0,0,0,0
190183,1,1,1990,22,22,22,22,22,22,22,22,22,22
190184,1,1,1990,14,14,14,14,14,14,14,14,14,14
190184,2,1,1990,7,0,5,18,0,0,0,0,0,0
190185,0,1,1990,0,0,0,0,0,0,0,0,0,0