ST_CASE,VEH_NO,PER_NO,YEAR,P1,P2,P3,P4,P5,P6,P7,P8,P9,P10
200070,2,1,1990,0,0,0,0,0,0,0,0,0,0
200071,1,1,1990,0,0,0,0,0,0,0,0,0,0
200072,1,1,1990,0,0,0,0,0,0,0,0,0,0
200073,1,1,1990,0,12,0,6,0,0,0,0,18,11
200073,2,1,1990,0,0,0,0,0,0,0,0,0,0
200074,1,1,1990,0,0,0,0,0,0,0,0,0,0
200075,1,1,1990,12,12,12,12,12,12,12,12,12,12
200075,2,1,1990,6,6,6,6,6,6,6,6,6,6
200076,0,1,1990,0,0,0,0,0,0,0,0,0,0
200076,1,1,1990,0,0,0,0,0,0,0,0,0,0
200077,1,1,1990,4,8,9,15,13,17,18,30,19,0
200078,1,1,1990,0,0,0,0,0,0,0,0,0,0
200079,1,1,1990,0,0,0,0,0,0,0,0,0,0
200079,2,1,1990,0,0,0,0,0,0,0,0,0,0
200080,1,1,1990,0,0,0,0,0,0,0,0,0,0
200081,1,1,1990,0,0,0,0,0,0,0,0,0,0
200081,2,1,1990,0,0,0,0,0,0,0,0,0,0
200081,3,1,1990,0,0,0,0,0,0,0,0,10,0
200082,1,1,1990,0,0,0,0,0,0,0,0,0,0
200083,1,1,1990,6,6,6,6,6,6,6,6,6,6
200083,2,1,1990,0,0,0,9,12,0,0,0,0,0
200084,1,1,1990,12,12,12,12,12,12,12,12,12,12
200085,1,1,1990,28,36,14,19,20,12,19,14,39,32
200086,1,1,1990,0,0,0,0,0,0,0,0,0,0
200087,1,1,1990,31,23,19,11,30,16,19,11,16,28
200088,1,1,1990,0,0,32,0,0,0,0,0,0,0
200089,0,1,1990,0,0,0,0,0,0,0,0,0,0
200089,1,1,1990,0,0,0,0,0,0,0,0,0,0
200090,1,1,1990,24,24,24,24,24,24,24,24,24,24
200091,1,1,1990,0,0,0,0,0,0,0,0,0,0
200091,2,1,1990,0,0,0,0,0,0,0,0,0,0
200092,1,1,1990,7,7,7,7,7,7,7,7,7,7
200093,1,1,1990,0,0,0,0,0,0,0,0,0,0
200094,1,1,1990,5,0,0,0,0,0,7,0,0,0
200094,2,1,1990,5,5,5,5,5,5,5,5,5,5
200095,1,1,1990,17,17,17,17,17,17,17,17,17,17
200096,1,1,1990,14,18,38,17,9,0,11,13,7,8
200097,0,1,1990,0,23,0,0,26,22,18,9,0,0
200097,1,1,1990,21,21,21,21,21,21,21,21,21,21
200097,2,1,1990,8,0,10,18,0,0,0,14,11,27
200098,1,1,1990,20,0,0,5,0,11,9,0,0,21
200099,1,1,1990,0,0,16,0,0,0,0,0,0,0
200099,2,1,1990,0,0,0,0,0,0,0,0,0,0
200100,1,1,1990,0,0,0,0,28,0,0,15,15,0
200101,2,1,1990,0,0,0,0,0,0,0,0,0,0
200102,1,1,1990,0,0,0,0,0,0,0,0,0,0
200102,2,1,1990,0,23,0,0,0,0,0,0,0,0
200102,3,1,1990,0,0,0,0,0,0,0,0,0,0
200103,1,1,1990,0,0,0,0,0,0,0,0,0,0
200103,2,1,1990,0,0,0,0,0,0,0,0,0,0
200103,3,1,1990,0,0,0,0,0,0,0,0,0,0
200104,1,1,1990,0,0,0,0,0,0,0,0,0,0
200104,2,1,1990,21,21,21,21,21,21,21,21,21,21
200106,1,1,1990,0,31,14,0,10,0,33,0,22,15
200107,1,1,1990,0,0,0,0,0,0,0,0,0,0
200108,1,1,1990,0,0,0,0,0,0,0,0,0,0
200109,1,1,1990,17,17,17,17,17,17,17,17,17,17
200110,0,1,1990,0,0,0,0,0,0,0,0,0,0
200110,1,1,1990,0,0,0,0,0,0,0,0,0,0
200111,1,1,1990,20,20,20,20,20,20,20,20,20,20
200111,2,1,1990,0,0,0,0,0,13,0,0,0,14
200112,1,1,1990,0,0,0,0,0,0,0,0,0,0
200112,2,1,1990,0,0,0,13,0,0,0,0,0,0
200113,1,1,1990,0,3,0,0,0,0,0,0,0,0
200113,2,1,1990,0,0,0,0,0,0,0,0,0,0
200114,1,1,1990,37,37,37,37,37,37,37,37,37,37
200115,1,1,1990,19,19,19,19,19,19,19,19,19,19
200116,1,1,1990,10,10,10,10,10,10,10,10,10,10
200116,2,1,1990,9,9,9,9,9,9,9,9,9,9
200117,1,1,1990,28,10,4,13,11,16,17,19,17,0
200118,1,1,1990,25,25,25,25,25,25,25,25,25,25
200119,1,1,1990,24,24,24,24,24,24,24,24,24,24
200120,1,3,1990,10,14,18,14,31,5,13,0,0,0
200121,0,1,1990,0,0,0,0,0,0,0,0,0,0
200121,1,1,1990,0,0,0,0,0,0,0,0,0,0
200122,1,1,1990,0,0,0,0,0,0,0,0,0,0
200122,2,1,1990,0,0,0,0,0,0,0,0,0,0
200123,1,1,1990,10,10,10,10,10,10,10,10,10,10
200124,1,1,1990,13,0,0,0,0,0,0,6,0,0
200124,2,1,1990,0,0,0,0,0,0,0,0,0,0
200125,1,1,1990,22,22,22,22,22,22,22,22,22,22
200125,2,1,1990,0,0,0,0,0,0,0,0,0,0
200126,0,1,1990,0,0,0,0,0,0,0,0,0,0
200126,1,1,1990,0,0,14,0,0,6,0,0,0,0
200127,1,1,1990,15,15,15,15,15,15,15,15,15,15
200127,2,1,1990,10,10,10,10,10,10,10,10,10,10
200128,1,1,1990,5,5,5,5,5,5,5,5,5,5
200129,0,1,1990,0,0,0,0,0,0,0,0,0,0
200129,1,1,1990,0,0,0,0,0,0,0,0,0,0
200130,1,1,1990,0,15,0,0,0,0,0,0,0,0
200130,2,1,1990,0,0,0,0,0,0,0,10,0,0
200131,1,1,1990,0,0,0,0,0,0,0,0,0,0
200131,2,1,1990,4,4,4,4,4,4,4,4,4,4
200132,1,1,1990,0,0,0,0,0,0,0,0,0,0
200132,2,1,1990,0,0,0,0,0,0,0,0,0,0
200133,1,1,1990,19,19,19,19,19,19,19,19,19,19
200134,1,1,1990,21,21,21,21,21,21,21,21,21,21
200135,1,1,1990,0,0,0,0,0,0,0,34,5,0
200135,2,1,1990,0,0,0,0,0,0,0,0,0,0
200136,1,1,1990,0,0,0,0,0,0,0,0,0,0
200137,1,1,1990,9,9,9,9,9,9,9,9,9,9
200138,1,1,1990,0,0,0,0,0,0,0,0,0,0
200138,2,1,1990,0,0,0,0,0,0,0,0,27,0
200139,1,1,1990,22,22,22,22,22,22,22,22,22,22
200140,1,1,1990,0,0,0,0,0,0,0,0,0,0
200141,1,1,1990,16,16,16,16,16,16,16,16,16,16
200142,1,1,1990,13,13,13,13,13,13,13,13,13,13
200143,0,1,1990,27,27,27,27,27,27,27,27,27,27
200144,1,1,1990,0,0,0,0,0,0,0,0,0,0
200144,2,1,1990,25,25,25,25,25,25,25,25,25,25
200145,1,1,1990,0,0,0,0,22,0,0,0,20,0
200146,1,1,1990,0,0,0,0,0,0,0,0,0,0
200146,2,1,1990,0,0,0,0,0,0,0,0,0,0
200147,1,1,1990,0,0,0,0,0,0,0,0,10,20
200147,2,1,1990,0,0,0,0,0,0,0,0,0,0
200148,1,1,1990,0,0,0,0,0,0,0,0,0,0
200148,2,1,1990,43,0,0,0,29,0,16,0,0,14
200149,1,1,1990,8,8,8,8,8,8,8,8,8,8
200150,1,1,1990,0,0,0,0,0,10,3,0,0,0
200150,2,1,1990,0,0,0,0,0,0,8,10,0,0
200150,3,1,1990,0,0,0,0,0,0,0,0,0,0
200151,1,1,1990,16,16,16,16,16,16,16,16,16,16
200152,1,1,1990,7,7,7,7,7,7,7,7,7,7
200153,1,1,1990,0,0,0,5,0,11,0,0,0,0
200154,1,1,1990,6,13,0,11,17,12,11,16,4,12
200154,2,1,1990,2,19,19,18,0,12,15,23,0,28
200154,3,1,1990,0,20,35,0,17,8,0,0,18,15
200155,1,1,1990,0,0,0,0,0,0,0,0,0,0
200155,2,1,1990,0,0,5,0,2,0,0,0,0,0
200156,0,1,1990,0,0,0,0,0,0,0,0,0,0
200156,1,1,1990,0,0,0,0,0,0,0,0,0,0
200157,1,1,1990,0,0,0,0,0,0,0,0,0,0
200157,2,1,1990,0,0,0,0,0,0,18,0,0,0
200158,1,1,1990,13,13,13,13,13,13,13,13,13,13
200160,0,1,1990,9,2,35,22,22,32,0,0,29,7
200160,2,1,1990,12,0,22,13,12,11,0,0,0,0
200161,1,1,1990,22,22,22,22,22,22,22,22,22,22
200162,1,1,1990,0,0,0,0,0,0,0,0,0,0
200162,2,1,1990,0,0,16,6,0,0,16,0,0,0
200163,1,1,1990,1,1,1,1,1,1,1,1,1,1
200164,1,1,1990,0,0,0,0,0,0,0,0,0,0
200164,2,1,1990,0,0,0,0,0,0,0,0,0,0
200165,1,1,1990,0,0,0,0,0,0,0,0,7,0
200165,2,1,1990,0,14,0,0,0,0,0,0,0,0
200166,1,1,1990,0,0,0,0,0,0,0,0,0,0
200166,2,1,1990,0,0,0,0,0,0,0,0,0,0
200167,1,1,1990,12,12,12,12,12,12,12,12,12,12
200168,1,1,1990,3,3,3,3,3,3,3,3,3,3
200168,2,1,1990,10,14,0,10,14,12,29,0,0,10
200169,1,1,1990,10,10,10,10,10,10,10,10,10,10
200170,1,1,1990,0,0,0,0,0,0,0,0,0,0
200171,1,1,1990,0,0,0,0,0,0,0,0,0,0
200172,1,1,1990,0,0,0,0,0,0,0,0,0,0
200172,2,1,1990,14,11,10,9,0,0,0,0,0,23
200173,1,1,1990,0,0,0,0,0,0,0,0,0,0
200173,2,1,1990,0,0,0,0,0,0,0,0,10,0
200174,1,1,1990,12,12,12,12,12,12,12,12,12,12
200175,1,1,1990,0,0,0,0,23,0,0,0,0,0
200175,2,1,1990,0,0,0,0,0,0,0,0,0,0
200176,1,1,1990,0,0,0,0,0,0,0,0,0,0
200176,2,1,1990,14,14,14,14,14,14,14,14,14,14
200177,1,1,1990,0,0,0,0,0,0,0,0,0,0
200177,2,1,1990,0,0,0,0,0,0,0,0,0,0
200178,0,1,1990,24,24,24,24,24,24,24,24,24,24
200178,0,2,1990,7,7,7,7,7,7,7,7,7,7
200178,1,1,1990,24,24,24,24,24,24,24,24,24,24
200179,1,1,1990,0,0,0,0,0,0,0,0,0,0
200179,2,1,1990,16,16,16,16,16,16,16,16,16,16
200180,1,1,1990,0,0,0,0,0,0,0,0,0,0
200181,1,1,1990,27,27,27,27,27,27,27,27,27,27
200181,2,1,1990,0,0,0,0,62,0,0,0,0,0
200182,1,1,1990,23,10,22,15,16,28,12,11,23,11
200183,1,1,1990,0,11,0,13,0,0,15,0,0,21
200184,1,1,1990,0,0,0,0,0,0,0,0,0,0
200184,2,1,1990,0,23,0,0,0,19,0,0,22,0
200185,1,1,1990,29,29,29,29,29,29,29,29,29,29
200186,1,1,1990,7,7,7,7,7,7,7,7,7,7
200187,0,1,1990,0,2,0,0,0,0,0,0,18,0
200187,1,1,1990,0,0,3,0,0,0,0,0,0,0
200188,1,1,1990,10,10,10,10,10,10,10,10,10,10
200189,1,1,1990,12,12,12,12,12,12,12,12,12,12
200190,1,1,1990,0,25,13,10,18,0,21,24,11,9
200191,1,1,1990,13,0,0,0,8,0,0,0,13,0
200191,2,1,1990,0,0,21,0,0,0,0,0,0,0
200192,1,1,1990,0,19,0,0,0,0,0,0,0,0
200194,1,1,1990,0,0,0,0,0,0,0,0,0,0
200194,2,1,1990,0,0,0,0,0,0,0,0,10,10
200194,3,1,1990,18,18,18,18,18,18,18,18,18,18
200195,1,1,1990,0,15,0,19,13,18,13,12,5,0
200195,2,1,1990,0,0,0,0,0,0,0,0,0,0
200196,0,1,1990,0,0,0,0,0,0,0,0,0,0
200196,1,1,1990,21,14,9,0,23,0,13,6,12,23
200198,1,1,1990,0,0,0,0,5,0,0,0,0,0
200200,1,1,1990,0,0,0,0,0,0,0,0,0,0
200201,1,1,1990,8,8,8,8,8,8,8,8,8,8
200202,1,1,1990,0,0,0,7,0,0,0,0,0,0
200202,2,1,1990,0,0,0,0,0,0,0,0,0,0
200203,1,1,1990,23,23,23,23,23,23,23,23,23,23
200204,1,1,1990,23,23,23,23,23,23,23,23,23,23
200205,1,1,1990,0,9,23,15,8,0,21,15,0,13
200205,2,1,1990,0,10,11,0,0,14,24,9,0,0
200205,3,1,1990,4,46,22,23,0,34,12,10,22,19
200206,0,1,1990,13,7,33,0,37,9,41,15,0,0
200206,1,1,1990,0,0,0,0,0,0,0,0,0,0
200207,1,1,1990,0,16,0,0,0,0,19,10,0,0
200208,1,1,1990,13,9,5,21,17,20,11,20,25,18
200208,2,1,1990,0,0,0,0,0,0,0,0,0,0
200209,1,1,1990,0,0,0,0,0,0,0,0,0,0
200210,1,1,1990,0,0,0,0,0,0,0,0,0,0
200210,2,1,1990,0,0,0,0,0,0,0,0,0,0
200211,1,1,1990,0,0,0,0,0,0,0,0,0,0
200212,1,1,1990,17,17,17,17,17,17,17,17,17,17
200212,2,1,1990,0,0,0,0,0,0,0,0,0,0
200213,1,1,1990,0,0,0,0,0,0,0,0,0,0
200213,2,1,1990,7,7,7,7,7,7,7,7,7,7
200214,0,1,1990,0,0,0,0,0,0,0,0,0,0
200214,1,1,1990,0,0,0,0,0,6,0,0,0,0
200216,1,1,1990,20,0,0,0,4,0,22,0,0,0
200216,2,1,1990,19,16,23,23,19,21,14,25,12,18
200217,1,1,1990,12,0,0,19,21,0,13,21,27,0
200217,2,1,1990,31,0,43,0,0,11,0,0,0,0
200218,1,1,1990,0,0,0,0,0,10,0,0,0,15
200219,0,1,1990,9,0,38,0,25,0,0,0,12,0
200219,1,1,1990,0,23,0,0,18,0,0,19,0,0
200220,0,1,1990,9,21,35,0,0,13,0,0,8,0
200220,1,1,1990,18,18,18,18,18,18,18,18,18,18
200221,1,1,1990,20,20,20,20,20,20,20,20,20,20
200221,2,1,1990,0,0,0,0,0,0,0,0,0,0
200222,0,1,1990,19,19,19,19,19,19,19,19,19,19
200222,1,1,1990,11,11,11,11,11,11,11,11,11,11
200223,1,1,1990,0,0,0,0,0,0,0,0,0,0
200224,1,1,1990,0,0,0,0,0,0,0,0,0,0
200224,2,1,1990,0,0,0,11,0,0,0,0,0,0
200225,1,1,1990,0,0,0,0,0,0,0,0,0,0
200226,1,1,1990,20,20,20,20,20,20,20,20,20,20
200227,1,1,1990,0,0,0,0,0,0,0,0,0,0
200227,2,1,1990,0,0,0,0,0,0,0,0,0,0
200228,1,1,1990,8,8,8,8,8,8,8,8,8,8
200228,2,1,1990,0,0,0,0,23,0,9,0,12,0
200229,1,1,1990,0,0,0,0,0,0,0,0,0,0
200229,2,1,1990,0,0,0,0,0,0,0,0,0,0
200230,1,1,1990,13,13,13,13,13,13,13,13,13,13
200230,2,1,1990,16,0,0,0,0,0,0,2,0,0
200231,1,1,1990,0,0,0,0,0,0,0,0,0,0
200231,2,1,1990,0,0,0,0,13,0,0,0,18,0
200232,1,1,1990,0,0,14,0,0,13,0,0,0,19
200232,2,1,1990,0,12,0,0,0,0,0,0,0,0
200233,1,1,1990,0,0,0,0,0,0,0,0,0,0
200234,1,1,1990,0,0,5,0,0,0,31,0,0,0
200234,2,1,1990,24,0,0,7,0,17,29,0,16,0
200235,1,1,1990,11,0,0,0,0,0,14,7,15,0
200235,2,1,1990,0,0,0,10,19,27,9,17,18,10
200236,1,1,1990,36,36,36,36,36,36,36,36,36,36
200236,2,1,1990,33,0,0,0,0,6,0,0,0,0
200237,1,1,1990,13,20,0,0,0,30,24,39,13,0
200237,2,1,1990,0,0,23,7,0,0,28,0,0,0
200238,1,1,1990,0,0,0,0,0,7,0,0,0,0
200239,1,1,1990,0,0,0,0,0,0,0,0,0,0
200239,2,1,1990,19,0,0,0,3,0,14,0,0,14
200240,1,1,1990,25,23,11,26,10,21,18,25,23,45
200241,1,1,1990,0,0,15,0,0,0,0,0,0,0
200241,2,1,1990,17,17,17,17,17,17,17,17,17,17
200242,1,1,1990,13,21,26,19,8,4,18,15,26,26
200243,1,1,1990,25,25,25,25,25,25,25,25,25,25
200244,1,1,1990,14,0,0,0,25,5,30,36,12,22
200245,1,1,1990,12,12,12,12,12,12,12,12,12,12
200245,2,1,1990,6,6,6,6,6,6,6,6,6,6
200246,1,1,1990,0,0,0,0,0,0,0,0,0,0
200246,2,1,1990,0,19,0,0,0,0,0,0,0,18
200247,1,1,1990,37,37,37,37,37,37,37,37,37,37
200248,1,1,1990,0,0,0,0,0,0,0,0,0,0
200248,2,1,1990,0,0,0,0,0,0,0,0,0,0
200249,1,1,1990,10,10,10,10,10,10,10,10,10,10
200250,1,1,1990,11,11,11,11,11,11,11,11,11,11
200251,1,1,1990,0,0,0,0,0,0,0,0,0,0
200252,1,1,1990,0,0,0,0,0,0,0,0,0,0
200252,2,1,1990,0,0,0,0,0,0,0,0,0,0
200253,1,1,1990,2,2,2,2,2,2,2,2,2,2
200254,1,1,1990,20,20,20,20,20,20,20,20,20,20
200255,1,1,1990,0,0,0,0,0,0,0,0,0,0
200255,2,1,1990,0,0,0,0,0,0,0,0,0,0
200256,1,1,1990,0,0,0,0,0,0,0,0,0,0
200256,2,1,1990,27,18,0,0,0,0,13,0,0,0
200257,0,1,1990,39,39,39,39,39,39,39,39,39,39
200257,1,1,1990,0,0,3,0,0,0,0,0,0,0
200258,1,1,1990,0,0,0,0,0,0,0,0,0,0
200258,2,1,1990,0,0,0,0,0,0,0,0,0,0
200259,1,1,1990,15,15,15,15,15,15,15,15,15,15
200260,1,1,1990,0,0,0,0,0,0,0,0,0,0
200261,1,1,1990,27,0,0,0,0,17,14,0,0,0
200261,2,1,1990,0,8,0,0,0,12,9,12,16,0
200262,1,1,1990,24,0,11,0,12,0,0,0,0,19
200262,2,1,1990,0,0,0,0,0,0,0,0,27,3
200263,0,1,1990,0,0,0,0,0,0,0,0,0,0
200263,1,1,1990,0,0,0,0,0,0,0,0,0,0
200263,2,1,1990,0,0,0,0,0,0,0,0,0,0
200264,1,1,1990,19,19,19,19,19,19,19,19,19,19
200265,1,1,1990,0,0,0,0,0,0,0,0,0,0
200265,2,1,1990,0,0,0,0,0,0,0,0,0,0
200266,1,1,1990,37,0,0,0,3,0,0,0,0,0
200266,2,1,1990,0,0,0,0,0,0,0,0,0,0
200267,1,1,1990,0,16,14,8,18,0,0,7,7,12
200268,1,1,1990,0,0,0,24,0,0,0,0,0,11
200268,2,1,1990,21,0,0,0,0,0,0,0,0,0
200269,1,1,1990,26,26,26,26,26,26,26,26,26,26
200270,0,1,1990,0,0,0,0,0,0,0,0,0,0
200270,1,1,1990,1,1,1,1,1,1,1,1,1,1
200271,1,1,1990,0,7,17,0,0,0,0,15,0,17
200272,1,1,1990,0,0,0,0,0,0,0,0,0,0
200273,1,1,1990,0,0,16,0,0,0,0,6,0,0
200274,1,1,1990,17,17,17,17,17,17,17,17,17,17
200275,1,1,1990,0,0,0,0,0,0,0,0,0,17
200275,2,1,1990,0,0,5,0,0,0,0,0,0,0
200275,3,1,1990,0,0,0,0,0,17,0,0,0,0
200276,0,1,1990,0,0,0,0,0,0,0,0,0,0
200276,1,1,1990,0,0,0,0,0,0,0,0,0,0
200277,1,1,1990,23,23,23,23,23,23,23,23,23,23
200277,2,1,1990,4,4,4,4,4,4,4,4,4,4
200278,1,1,1990,13,0,25,20,26,19,15,21,5,10
200279,1,1,1990,25,25,15,21,3,16,3,5,7,9
200280,1,1,1990,13,13,13,13,13,13,13,13,13,13
200281,1,1,1990,21,21,21,21,21,21,21,21,21,21
200282,1,1,1990,24,24,24,24,24,24,24,24,24,24
200283,1,1,1990,16,0,19,0,10,21,0,14,5,24
200284,1,1,1990,0,0,0,0,0,0,0,0,0,0
200285,1,1,1990,29,29,29,29,29,29,29,29,29,29
200286,1,1,1990,20,20,20,20,20,20,20,20,20,20
200287,1,1,1990,0,0,0,0,0,0,0,0,0,0
200287,2,1,1990,0,0,0,0,0,0,0,0,0,0
200288,1,1,1990,0,0,0,0,0,0,0,0,0,0
200288,2,1,1990,0,0,0,0,0,0,0,0,0,0
200289,1,1,1990,0,0,0,0,0,0,0,0,0,0
200290,1,1,1990,0,0,0,0,0,36,0,0,0,0
200290,2,1,1990,0,0,0,0,0,0,0,0,0,0
200290,3,1,1990,0,0,0,10,0,0,0,0,0,0
200291,1,1,1990,0,0,0,0,0,0,3,0,0,0
200291,2,1,1990,0,0,0,8,0,0,27,0,0,0
200292,1,1,1990,21,21,21,21,21,21,21,21,21,21
200294,1,1,1990,18,18,18,18,18,18,18,18,18,18
200294,2,1,1990,0,0,0,0,0,0,0,0,0,0
200295,0,1,1990,0,18,16,12,31,5,27,15,0,23
200295,1,1,1990,23,23,23,23,23,23,23,23,23,23
200296,0,1,1990,0,0,0,0,0,0,0,0,0,0
200297,1,1,1990,17,23,9,30,10,10,0,17,17,8
200297,2,1,1990,0,9,24,0,4,0,0,0,13,0
200298,1,1,1990,18,30,15,42,24,31,15,12,13,8
200299,1,1,1990,16,16,16,16,16,16,16,16,16,16
200300,1,1,1990,24,0,9,0,31,0,0,9,0,11
200300,2,1,1990,5,5,5,5,5,5,5,5,5,5
200301,1,1,1990,0,0,0,0,0,0,0,0,0,0
200302,1,1,1990,0,5,0,0,0,0,0,0,0,0
200302,2,1,1990,0,0,0,0,0,0,0,0,0,0
200303,1,1,1990,0,0,0,0,0,0,0,0,0,0
200303,2,1,1990,0,0,0,0,0,0,0,0,0,0
200304,1,1,1990,0,0,0,0,0,0,0,2,0,0
200304,2,1,1990,25,0,0,0,0,0,0,0,0,16
200305,1,1,1990,23,12,15,16,3,21,8,17,19,16
200306,1,1,1990,4,33,17,17,26,6,19,15,19,19
200307,1,1,1990,0,0,0,0,0,0,0,0,0,0
200307,2,1,1990,28,28,28,28,28,28,28,28,28,28
200308,1,1,1990,0,0,0,0,0,0,0,0,0,0
200308,2,1,1990,0,0,0,0,0,0,0,0,0,0
200309,1,1,1990,1,1,1,1,1,1,1,1,1,1
200310,1,1,1990,0,0,0,0,0,18,18,14,0,0
200310,2,1,1990,16,16,16,16,16,16,16,16,16,16
200311,1,1,1990,0,25,0,0,10,0,0,0,0,0
200312,1,1,1990,21,21,21,21,21,21,21,21,21,21
200313,1,1,1990,12,12,12,12,12,12,12,12,12,12
200313,2,1,1990,4,0,10,8,0,0,0,16,11,0
200314,1,1,1990,0,0,0,0,0,0,0,0,0,0
200315,1,1,1990,0,0,0,0,0,0,0,0,0,0
200316,1,1,1990,0,0,0,0,4,0,0,0,0,0
200316,2,1,1990,0,0,0,0,0,0,0,0,0,0
200317,1,1,1990,0,19,0,0,0,0,13,0,0,0
200317,2,1,1990,0,0,0,0,0,0,0,4,0,0
200318,1,1,1990,0,0,0,0,0,0,0,0,0,0
200318,2,1,1990,0,0,0,0,0,0,0,0,0,0
200320,1,1,1990,7,0,0,0,0,0,0,0,12,0
200320,2,1,1990,0,8,23,18,19,11,0,0,13,26
200321,1,1,1990,0,0,0,0,5,0,0,5,0,0
200322,1,1,1990,22,22,22,22,22,22,22,22,22,22
200323,0,1,1990,0,0,0,0,0,0,0,0,0,0
200323,1,1,1990,0,0,0,0,0,0,0,0,0,0
200324,1,1,1990,0,0,0,0,0,0,0,0,29,0
200324,2,1,1990,12,12,12,12,12,12,12,12,12,12
200325,1,1,1990,0,0,0,0,0,0,0,0,0,6
200325,2,1,1990,0,0,0,0,0,0,0,0,0,0
200326,1,1,1990,0,0,0,0,0,0,0,0,0,0
200326,2,1,1990,0,0,0,0,0,0,0,0,0,0
200327,1,1,1990,0,0,0,0,23,20,14,0,0,0
200327,2,1,1990,0,0,0,0,0,0,0,0,0,0
200328,1,1,1990,0,0,0,0,0,0,0,0,0,11
200329,1,1,1990,0,8,22,0,16,4,14,3,18,24
200331,1,1,1990,20,20,20,20,20,20,20,20,20,20
200332,1,1,1990,0,0,0,0,0,0,0,0,0,0
200333,1,1,1990,0,0,0,0,0,0,0,0,0,0
200334,1,1,1990,0,0,0,0,0,0,0,0,11,4
200334,2,1,1990,0,10,0,13,0,0,0,0,0,0
200335,1,1,1990,0,0,14,15,0,0,0,0,0,0
200336,1,1,1990,0,0,0,0,0,0,0,0,0,0
200337,1,1,1990,19,19,19,19,19,19,19,19,19,19
200339,0,1,1990,20,0,25,21,0,9,24,11,0,17
200339,1,1,1990,0,0,0,10,0,11,0,0,38,0
200340,1,1,1990,0,0,0,0,0,0,0,0,0,0
200341,1,1,1990,14,14,14,14,14,14,14,14,14,14
200342,1,1,1990,18,18,0,12,13,11,24,4,11,18
200343,0,1,1990,42,22,0,0,0,0,0,0,0,0
200343,1,1,1990,0,0,0,0,0,0,0,0,9,0
200344,1,1,1990,0,0,0,0,0,0,0,0,0,0
200344,2,1,1990,0,0,0,0,0,13,0,5,0,0
200345,1,1,1990,0,0,0,0,0,0,0,0,0,0
200345,2,1,1990,0,0,0,0,4,0,0,0,0,0
200346,1,1,1990,9,9,9,9,9,9,9,9,9,9
200348,1,1,1990,0,0,0,0,0,0,0,0,0,0
200349,1,1,1990,0,0,0,0,0,0,0,0,0,0
200349,2,1,1990,0,29,0,10,0,0,0,0,0,0
200350,0,1,1990,11,7,0,9,0,0,0,0,19,21
200350,1,1,1990,22,0,0,15,0,0,0,0,0,0
200351,1,1,1990,0,0,0,0,0,0,0,0,0,0
200351,2,1,1990,0,0,0,0,0,0,0,0,0,0
200352,0,1,1990,0,14,17,0,22,15,19,29,18,0
200352,1,1,1990,0,0,0,0,0,0,0,0,0,0
200353,1,1,1990,0,0,0,0,0,0,0,0,0,0
200353,2,1,1990,0,0,0,0,0,0,0,0,0,0
200354,0,1,1990,0,0,0,0,0,0,0,0,0,0
200354,1,1,1990,0,10,0,0,27,0,25,15,0,22
200355,1,1,1990,0,0,15,0,0,0,9,0,0,0
200355,2,1,1990,16,0,0,0,0,0,0,0,0,0
200355,3,1,1990,0,0,0,0,0,0,0,0,0,0
200356,1,1,1990,0,0,0,0,0,0,0,0,0,0
200356,2,1,1990,0,0,0,0,0,9,0,0,15,0
200357,1,1,1990,0,0,0,0,0,0,0,0,0,0
200357,2,1,1990,0,0,0,0,0,0,0,0,0,0
200358,1,1,1990,26,16,3,10,13,4,10,21,12,8
200359,0,1,1990,0,0,0,25,18,7,0,0,0,0
200359,0,2,1990,0,0,0,0,0,0,0,0,0,0
200359,1,1,1990,0,0,0,0,0,0,0,0,0,0
200360,0,1,1990,28,28,28,28,28,28,28,28,28,28
200360,1,1,1990,0,0,0,0,0,0,0,0,0,0
200361,1,1,1990,0,0,0,0,0,0,0,0,0,0
200361,2,1,1990,0,0,0,0,0,10,0,0,0,0
200362,1,1,1990,0,0,0,0,0,0,0,0,0,0
200362,2,1,1990,0,0,0,0,0,0,0,0,0,0
200363,1,1,1990,0,0,0,11,0,0,0,7,0,0
200364,1,1,1990,11,11,11,11,11,11,11,11,11,11
200364,2,1,1990,0,0,0,0,0,0,0,0,0,0
200365,1,1,1990,27,27,27,27,27,27,27,27,27,27
200365,2,1,1990,40,0,0,0,26,0,0,0,0,0
200366,1,1,1990,0,0,30,6,6,0,0,11,0,0
200367,1,1,1990,34,34,34,34,34,34,34,34,34,34
200367,2,1,1990,17,17,17,17,17,17,17,17,17,17
200368,1,1,1990,14,14,14,14,14,14,14,14,14,14
200369,1,1,1990,0,7,6,0,0,0,0,0,8,0
200371,1,1,1990,12,0,10,0,0,0,0,0,0,5
200372,1,1,1990,8,8,8,8,8,8,8,8,8,8