ST_CASE,VEH_NO,PER_NO,YEAR,P1,P2,P3,P4,P5,P6,P7,P8,P9,P10
210262,1,1,1990,0,0,0,0,0,0,0,0,0,0
210262,2,1,1990,0,4,18,0,0,0,0,23,0,0
210263,1,1,1990,32,32,32,32,32,32,32,32,32,32
210264,1,1,1990,0,0,0,0,0,0,0,0,0,0
210265,1,1,1990,16,16,16,16,16,16,16,16,16,16
210266,1,1,1990,5,0,0,0,0,0,1,0,0,0
210266,2,1,1990,12,0,8,21,17,13,21,0,13,18
210267,1,1,1990,22,22,22,22,22,22,22,22,22,22
210267,2,1,1990,0,0,0,0,0,0,0,0,0,0
210268,1,1,1990,11,11,11,11,11,11,11,11,11,11
210269,1,1,1990,0,0,0,0,0,0,0,0,0,0
210269,2,1,1990,0,0,0,0,0,0,0,0,0,0
210270,1,1,1990,20,0,16,0,0,19,19,0,0,0
210271,1,1,1990,16,16,16,16,16,16,16,16,16,16
210271,2,1,1990,0,0,0,0,0,0,0,0,0,0
210272,1,1,1990,0,0,0,0,0,0,0,0,0,0
210273,1,1,1990,0,0,0,0,0,0,0,0,0,0
210273,2,1,1990,0,0,0,0,0,0,0,8,0,0
210274,1,1,1990,17,17,17,17,17,17,17,17,17,17
210275,0,1,1990,0,0,0,0,0,0,0,0,0,0
210275,1,1,1990,0,0,0,0,0,0,0,0,0,0
210276,1,1,1990,26,26,26,26,26,26,26,26,26,26
210277,1,1,1990,0,0,0,0,0,0,0,0,0,0
210277,2,1,1990,0,0,0,0,0,0,0,0,0,0
210278,1,1,1990,20,20,20,20,20,20,20,20,20,20
210279,1,1,1990,0,0,0,0,0,0,0,0,0,0
210279,2,1,1990,0,0,0,0,0,0,0,0,0,0
210279,3,1,1990,0,0,0,0,0,0,0,0,0,0
210280,1,1,1990,19,19,19,19,19,19,19,19,19,19
210281,1,1,1990,0,0,0,0,0,0,0,0,0,0
210282,1,1,1990,12,12,12,12,12,12,12,12,12,12
210282,2,1,1990,0,0,5,0,0,0,0,0,0,0
210283,1,1,1990,0,0,0,0,0,0,0,0,0,0
210284,0,1,1990,39,39,39,39,39,39,39,39,39,39
210284,1,1,1990,0,0,0,0,0,0,0,0,16,0
210285,1,1,1990,0,0,0,0,0,0,14,0,0,0
210286,1,1,1990,0,0,0,0,0,0,0,0,0,0
210287,1,1,1990,8,8,8,8,8,8,8,8,8,8
210288,1,1,1990,17,17,17,17,17,17,17,17,17,17
210289,1,1,1990,0,0,0,0,0,0,0,0,0,0
210290,1,1,1990,0,0,0,0,0,0,0,0,0,0
210291,1,1,1990,0,0,0,0,0,0,0,0,0,0
210291,2,1,1990,0,0,0,0,0,0,0,0,0,0
210292,1,1,1990,12,21,0,0,0,0,0,0,0,7
210293,1,1,1990,4,0,10,0,14,0,15,16,13,24
210294,1,1,1990,0,0,0,0,0,13,0,0,0,0
210296,1,1,1990,0,0,0,0,0,0,0,0,0,0
210296,2,1,1990,0,0,0,0,0,0,0,0,0,0
210296,3,1,1990,0,0,0,0,0,0,0,0,0,0
210297,0,1,1990,4,4,4,4,4,4,4,4,4,4
210297,1,1,1990,0,0,0,0,0,0,0,0,0,0
210299,1,1,1990,0,0,0,0,0,0,0,0,0,0
210299,2,1,1990,0,0,0,0,0,0,0,0,0,0
210300,1,1,1990,17,17,17,17,17,17,17,17,17,17
210300,2,1,1990,0,0,0,0,7,0,0,18,0,16
210301,1,1,1990,14,14,14,14,14,14,14,14,14,14
210301,2,1,1990,0,0,0,0,0,0,0,0,0,0
210302,1,1,1990,8,8,8,8,8,8,8,8,8,8
210302,2,1,1990,0,0,0,0,0,0,0,0,0,0
210303,1,1,1990,0,0,0,0,0,0,0,0,0,0
210304,1,1,1990,0,0,0,0,0,0,0,0,0,0
210304,2,1,1990,0,0,0,0,0,0,0,0,0,0
210304,3,1,1990,0,0,0,0,0,0,0,0,0,0
210304,4,1,1990,0,0,0,0,0,0,0,0,0,0
210305,1,1,1990,0,0,0,0,0,0,0,0,0,0
210306,1,1,1990,8,8,8,8,8,8,8,8,8,8
210306,2,1,1990,9,0,0,16,0,0,18,0,0,0
210307,1,1,1990,16,16,16,16,16,16,16,16,16,16
210308,1,1,1990,25,25,25,25,25,25,25,25,25,25
210309,1,1,1990,6,6,6,6,6,6,6,6,6,6
210309,2,1,1990,0,0,0,0,0,0,0,0,0,0
210310,1,1,1990,0,0,0,0,0,0,0,0,0,0
210312,1,1,1990,0,0,0,0,0,0,0,0,0,0
210312,2,1,1990,0,0,0,0,0,0,0,0,0,0
210313,1,1,1990,6,6,6,6,6,6,6,6,6,6
210314,1,1,1990,0,0,0,0,0,0,0,0,0,0
210314,2,1,1990,14,0,0,0,0,0,0,0,0,0
210315,1,1,1990,0,0,0,0,0,0,0,0,0,0
210315,2,1,1990,0,0,0,0,0,0,0,0,0,0
210316,1,1,1990,4,4,4,4,4,4,4,4,4,4
210316,2,1,1990,0,0,0,0,0,0,0,0,0,0
210317,1,1,1990,0,0,0,0,0,0,0,0,0,0
210317,2,1,1990,0,0,0,0,0,0,0,0,0,18
210318,1,1,1990,0,0,0,0,0,0,0,0,0,0
210318,2,1,1990,0,0,0,0,0,0,0,0,0,0
210319,1,1,1990,0,22,9,3,19,10,20,0,15,6
210319,2,1,1990,0,0,0,0,0,0,0,0,0,0
210320,1,1,1990,17,17,17,17,17,17,17,17,17,17
210321,1,1,1990,0,0,0,0,0,0,0,0,0,0
210322,1,1,1990,0,0,0,0,0,0,0,0,0,0
210323,1,1,1990,0,0,0,0,0,0,0,0,0,0
210324,1,1,1990,0,0,0,0,0,0,0,0,0,0
210324,2,1,1990,0,0,0,0,0,0,0,0,0,0
210325,1,1,1990,10,10,10,10,10,10,10,10,10,10
210326,1,1,1990,12,12,12,12,12,12,12,12,12,12
210326,2,1,1990,0,0,0,0,0,0,0,0,0,0
210327,1,1,1990,4,4,4,4,4,4,4,4,4,4
210328,1,1,1990,0,0,0,0,0,0,0,0,0,0
210329,1,1,1990,0,0,0,0,0,0,0,0,0,0
210329,2,1,1990,0,0,0,0,0,0,0,0,0,0
210329,3,1,1990,0,0,0,0,0,0,0,0,0,0
210329,4,1,1990,0,0,0,0,0,0,0,0,0,0
210329,5,1,1990,0,0,0,0,0,0,0,0,0,0
210330,1,1,1990,30,23,15,12,21,18,20,21,39,0
210331,1,1,1990,0,0,0,0,0,0,0,0,0,0
210332,1,1,1990,18,18,18,18,18,18,18,18,18,18
210332,2,1,1990,0,0,0,0,0,0,0,0,0,0
210334,1,1,1990,0,0,0,0,0,0,0,0,0,0
210335,1,1,1990,15,15,15,15,15,15,15,15,15,15
210335,2,1,1990,3,7,0,8,16,5,0,21,13,10
210336,1,1,1990,0,0,0,0,0,0,0,0,0,0
210337,0,1,1990,0,0,0,0,0,0,0,0,0,0
210337,0,2,1990,0,0,0,0,0,0,0,0,0,0
210337,1,1,1990,0,0,0,0,0,0,0,0,0,0
210338,0,1,1990,7,7,7,7,7,7,7,7,7,7
210338,1,1,1990,9,9,9,9,9,9,9,9,9,9
210338,2,1,1990,0,0,0,0,0,0,0,0,0,0
210339,1,1,1990,14,14,14,14,14,14,14,14,14,14
210340,1,1,1990,21,27,14,22,23,14,13,36,29,25
210341,1,1,1990,19,19,19,19,19,19,19,19,19,19
210342,1,1,1990,16,16,16,16,16,16,16,16,16,16
210342,2,1,1990,0,0,0,0,0,0,0,0,0,0
210343,1,1,1990,17,17,17,17,17,17,17,17,17,17
210343,2,1,1990,0,0,0,0,0,0,0,0,0,0
210344,1,1,1990,0,0,0,0,0,0,0,0,0,0
210345,1,1,1990,0,0,0,0,0,0,0,0,0,0
210345,2,1,1990,0,0,0,0,0,0,0,0,0,0
210346,1,1,1990,0,0,0,0,0,0,0,12,0,0
210347,1,1,1990,0,0,0,0,0,0,0,0,0,0
210347,2,1,1990,0,0,0,0,0,0,0,0,0,0
210348,1,1,1990,14,14,14,14,14,14,14,14,14,14
210349,1,1,1990,31,0,15,4,15,30,26,0,23,8
210350,1,1,1990,22,6,21,25,13,14,20,22,5,8
210350,2,1,1990,0,0,0,0,0,0,0,0,0,0
210351,1,1,1990,13,13,13,13,13,13,13,13,13,13
210353,1,1,1990,0,0,0,0,0,0,0,0,0,0
210353,2,1,1990,0,0,0,0,0,0,0,0,0,0
210354,1,1,1990,0,0,0,0,0,0,0,0,0,0
210355,1,1,1990,20,20,20,20,20,20,20,20,20,20
210356,1,1,1990,16,16,16,16,16,16,16,16,16,16
210357,1,1,1990,0,0,0,0,0,0,0,0,0,0
210357,2,1,1990,0,0,0,0,0,0,12,0,0,0
210358,1,1,1990,0,0,0,0,0,0,0,0,0,0
210359,0,1,1990,11,11,11,11,11,11,11,11,11,11
210359,1,1,1990,11,11,11,11,11,11,11,11,11,11
210360,1,1,1990,0,0,0,0,0,0,0,0,0,0
210360,2,1,1990,0,0,0,0,0,0,0,0,0,0
210361,1,1,1990,0,0,8,21,0,0,18,0,0,0
210362,1,1,1990,0,0,0,0,0,0,0,0,0,0
210363,1,1,1990,13,13,13,13,13,13,13,13,13,13
210364,1,1,1990,0,0,0,0,0,0,0,0,0,0
210365,1,1,1990,15,15,15,15,15,15,15,15,15,15
210366,1,1,1990,0,0,0,0,0,0,0,0,0,0
210366,2,1,1990,0,0,0,0,0,0,0,0,0,0
210367,1,1,1990,0,0,0,0,0,0,0,0,0,0
210367,2,1,1990,0,0,0,0,0,0,0,0,0,0
210367,3,1,1990,0,0,0,0,0,0,0,0,0,0
210368,1,1,1990,0,0,0,0,0,0,0,0,0,0
210368,2,1,1990,0,0,0,0,0,0,0,0,0,0
210369,1,1,1990,0,0,0,0,0,0,0,0,0,0
210370,1,1,1990,10,10,10,10,10,10,10,10,10,10
210371,1,1,1990,0,10,0,0,0,10,0,6,0,8
210372,1,1,1990,0,0,0,0,0,0,0,0,0,0
210372,2,1,1990,0,0,0,0,0,0,0,0,0,0
210373,1,1,1990,0,0,0,0,0,0,21,18,0,0
210374,0,1,1990,0,0,0,0,0,0,0,0,0,0
210374,1,1,1990,0,0,0,0,0,0,0,0,0,0
210375,1,1,1990,0,0,0,0,0,0,0,0,0,0
210375,2,1,1990,0,0,0,0,0,0,0,0,0,0
210376,1,1,1990,2,2,2,2,2,2,2,2,2,2
210377,1,1,1990,0,0,0,0,0,0,0,0,0,0
210377,2,1,1990,7,0,0,0,0,3,0,8,0,0
210378,1,1,1990,0,0,0,0,4,0,0,13,0,0
210379,1,1,1990,0,0,0,0,0,0,0,0,0,0
210379,2,1,1990,0,0,0,0,0,0,0,0,0,0
210380,1,1,1990,0,0,0,0,0,0,0,0,0,0
210380,2,1,1990,0,0,0,0,0,0,0,0,0,0
210381,0,1,1990,0,0,0,0,0,0,0,0,0,0
210381,1,1,1990,13,13,13,13,13,13,13,13,13,13
210382,1,1,1990,27,27,27,27,27,27,27,27,27,27
210383,1,1,1990,0,0,0,0,0,0,0,0,0,0
210383,2,1,1990,0,0,0,0,0,0,0,0,0,0
210383,3,1,1990,0,0,0,0,0,0,0,0,0,0
210384,1,1,1990,38,38,38,38,38,38,38,38,38,38
210385,0,1,1990,0,10,0,0,0,0,0,0,0,0
210385,1,1,1990,0,0,0,0,0,0,0,0,0,0
210386,1,1,1990,0,0,0,0,0,0,0,0,0,0
210386,2,1,1990,0,0,0,0,0,0,0,0,0,0
210387,1,1,1990,23,23,23,23,23,23,23,23,23,23
210388,1,1,1990,25,25,25,25,25,25,25,25,25,25
210389,1,1,1990,4,4,4,4,4,4,4,4,4,4
210390,1,1,1990,0,0,0,0,0,0,0,0,0,0
210391,1,1,1990,0,0,0,0,0,0,0,0,0,0
210391,2,1,1990,0,0,0,0,0,0,0,0,0,0
210392,1,1,1990,9,9,9,9,9,9,9,9,9,9
210392,2,1,1990,0,0,0,0,0,0,0,0,0,0
210393,1,1,1990,0,0,0,0,0,0,0,0,0,0
210393,2,1,1990,0,0,0,0,0,0,0,0,0,0
210394,1,1,1990,0,0,0,0,0,0,0,0,0,0
210394,2,1,1990,0,0,0,0,0,0,0,0,0,0
210395,1,1,1990,0,9,0,0,0,0,18,0,0,0
210395,2,1,1990,0,0,0,0,0,0,0,0,0,0
210396,1,1,1990,0,0,0,0,0,0,0,0,0,0
210397,1,1,1990,0,0,0,0,0,0,0,0,0,0
210397,2,1,1990,0,0,0,0,0,0,0,0,0,0
210397,3,1,1990,8,8,8,8,8,8,8,8,8,8
210398,1,1,1990,15,15,15,15,15,15,15,15,15,15
210398,2,1,1990,0,0,0,0,0,0,0,0,0,0
210398,3,1,1990,0,0,0,0,0,0,0,0,0,0
210399,1,1,1990,24,12,27,12,0,15,18,0,23,16
210400,1,1,1990,0,0,0,0,0,0,0,0,0,0
210400,2,1,1990,0,0,12,0,0,0,0,0,0,0
210401,1,1,1990,0,0,0,0,0,0,0,0,0,0
210401,2,1,1990,0,0,0,0,0,0,0,0,0,0
210402,1,1,1990,0,0,0,0,0,0,0,0,0,0
210402,2,1,1990,0,0,0,0,0,0,0,0,0,0
210403,0,1,1990,0,0,0,0,0,0,0,0,0,0
210403,1,1,1990,0,0,0,0,0,0,0,0,0,0
210404,1,1,1990,0,0,0,0,0,0,0,0,0,0
210404,2,1,1990,0,0,0,0,0,0,0,0,0,0
210405,1,1,1990,0,0,0,0,6,2,0,0,0,0
210405,2,1,1990,10,0,0,0,0,0,0,0,0,0
210406,1,1,1990,0,0,0,0,0,9,0,0,0,0
210407,1,1,1990,0,0,0,0,0,0,0,0,0,0
210408,1,1,1990,13,13,13,13,13,13,13,13,13,13
210409,1,1,1990,30,30,30,30,30,30,30,30,30,30
210410,1,1,1990,0,0,0,19,11,0,13,0,0,26
210411,1,1,1990,0,0,0,0,0,0,0,0,0,0
210412,0,1,1990,0,0,0,0,0,0,0,0,0,0
210412,1,1,1990,0,0,0,0,0,0,0,0,0,0
210413,1,1,1990,0,0,0,0,0,0,0,0,0,0
210413,2,1,1990,0,0,0,0,0,0,0,0,0,0
210414,1,1,1990,0,0,0,0,12,0,0,0,0,0
210415,0,1,1990,0,0,0,0,0,0,0,0,0,0
210415,1,1,1990,0,0,0,0,0,0,0,0,0,0
210416,1,1,1990,15,15,15,15,15,15,15,15,15,15
210417,1,1,1990,0,0,0,0,0,0,0,0,0,0
210418,1,1,1990,7,0,0,0,0,0,0,0,0,0
210418,2,1,1990,0,0,0,0,0,0,0,6,0,0
210419,0,1,1990,0,0,0,0,0,0,0,0,0,0
210419,1,1,1990,0,0,0,0,0,0,0,0,0,0
210419,2,1,1990,0,0,0,0,0,0,0,0,0,0
210420,1,1,1990,23,23,23,23,23,23,23,23,23,23
210421,1,1,1990,17,17,17,17,17,17,17,17,17,17
210422,1,1,1990,0,0,0,0,0,0,0,0,0,0
210423,1,1,1990,0,0,0,0,0,0,0,0,0,0
210424,0,1,1990,0,0,0,0,0,0,0,0,0,0
210424,1,1,1990,0,0,0,0,0,0,0,0,0,0
210425,1,1,1990,14,23,25,9,9,18,23,21,8,27
210425,2,1,1990,0,0,0,0,0,0,0,0,0,0
210426,0,1,1990,0,0,0,0,0,0,0,0,0,0
210426,1,1,1990,14,14,14,14,14,14,14,14,14,14
210427,1,1,1990,12,12,12,12,12,12,12,12,12,12
210428,1,1,1990,0,0,0,0,0,0,0,0,0,0
210428,2,1,1990,0,0,0,0,0,0,0,0,0,0
210429,1,1,1990,0,0,0,0,0,0,0,0,0,0
210430,1,1,1990,0,0,0,0,0,0,0,0,0,0
210430,2,1,1990,0,0,0,0,0,0,0,0,0,0
210431,1,1,1990,4,4,4,4,4,4,4,4,4,4
210432,1,1,1990,0,0,0,0,0,0,0,8,0,0
210432,2,1,1990,0,0,0,0,0,0,0,0,0,0
210432,3,1,1990,0,0,35,0,0,0,0,0,0,0
210432,4,1,1990,0,0,0,2,0,0,0,0,0,0
210432,5,1,1990,0,0,0,0,0,0,0,0,0,0
210433,1,1,1990,0,0,0,0,0,0,0,0,0,0
210434,1,1,1990,9,27,11,30,24,22,36,19,19,7
210435,0,1,1990,0,0,0,0,0,0,0,0,0,0
210435,1,1,1990,0,0,0,29,0,0,18,0,21,0
210436,1,1,1990,0,0,0,0,0,0,0,0,0,0
210436,2,1,1990,0,0,0,0,0,0,0,0,0,0
210437,1,1,1990,0,0,0,0,0,0,0,0,0,0
210437,2,1,1990,0,0,0,0,0,0,0,0,0,0
210438,1,1,1990,24,24,24,24,24,24,24,24,24,24
210439,1,1,1990,0,0,0,0,24,0,0,0,0,0
210440,1,1,1990,0,0,0,0,0,0,7,0,0,0
210440,2,1,1990,0,0,0,0,0,0,0,0,0,0
210441,1,1,1990,11,11,11,11,11,11,11,11,11,11
210442,1,1,1990,27,27,27,27,27,27,27,27,27,27
210443,1,1,1990,40,40,40,40,40,40,40,40,40,40
210444,1,1,1990,13,0,6,9,11,16,0,13,27,29
210444,2,1,1990,14,14,14,14,14,14,14,14,14,14
210445,1,1,1990,0,0,0,0,0,0,0,0,0,0
210446,1,1,1990,12,12,12,12,12,12,12,12,12,12
210448,1,1,1990,8,8,8,8,8,8,8,8,8,8
210449,1,1,1990,0,0,0,0,0,0,0,0,0,0
210449,2,1,1990,0,0,0,0,7,0,0,35,0,0
210450,1,1,1990,18,18,18,18,18,18,18,18,18,18
210451,1,1,1990,22,22,22,22,22,22,22,22,22,22
210452,1,1,1990,0,0,0,0,0,0,0,0,0,0
210452,2,1,1990,0,0,0,0,0,0,0,0,0,0
210453,1,1,1990,0,0,0,0,0,0,0,0,0,0
210454,1,1,1990,24,16,22,19,24,21,14,17,14,13
210455,1,1,1990,0,0,0,0,7,0,0,0,0,0
210456,1,1,1990,11,11,11,11,11,11,11,11,11,11
210457,1,1,1990,0,0,0,0,0,0,0,0,0,0
210457,2,1,1990,0,0,0,0,0,0,0,0,0,0
210458,1,1,1990,28,28,28,28,28,28,28,28,28,28
210459,1,1,1990,0,0,0,0,0,0,0,0,0,0
210459,2,1,1990,0,0,0,0,0,0,0,0,0,0
210460,1,1,1990,14,14,14,14,14,14,14,14,14,14
210461,1,1,1990,0,0,0,0,0,0,0,0,0,0
210461,2,1,1990,0,0,0,0,0,0,0,0,0,0
210462,1,1,1990,0,0,0,0,0,0,0,0,0,0
210463,1,1,1990,18,18,18,18,18,18,18,18,18,18
210463,2,1,1990,0,0,0,0,0,0,0,0,0,0
210464,0,1,1990,30,30,30,30,30,30,30,30,30,30
210464,1,1,1990,11,11,11,11,11,11,11,11,11,11
210465,1,1,1990,13,13,13,13,13,13,13,13,13,13
210465,2,1,1990,0,0,0,0,0,0,0,0,13,0
210466,1,1,1990,22,22,22,22,22,22,22,22,22,22
210466,2,1,1990,0,0,0,0,0,0,0,0,0,0
210468,1,1,1990,0,0,0,0,0,0,0,0,0,0
210468,2,1,1990,0,0,0,0,0,0,0,0,0,0
210469,1,1,1990,13,13,13,13,13,13,13,13,13,13
210469,2,1,1990,0,0,0,0,0,0,0,0,0,0
210470,1,1,1990,27,27,27,27,27,27,27,27,27,27
210471,0,1,1990,0,26,0,30,22,0,0,0,0,30
210471,1,1,1990,0,0,0,0,0,0,0,0,0,0
210472,1,1,1990,13,13,13,13,13,13,13,13,13,13
210473,1,1,1990,10,10,10,10,10,10,10,10,10,10
210474,1,1,1990,0,0,0,0,0,0,0,0,0,0
210475,1,1,1990,21,21,21,21,21,21,21,21,21,21
210476,1,1,1990,0,0,0,0,0,0,0,0,0,0
210477,1,1,1990,0,0,0,0,0,0,0,0,0,0
210477,2,1,1990,0,0,0,0,0,0,0,0,0,0
210478,1,1,1990,6,6,6,6,6,6,6,6,6,6
210479,1,1,1990,28,28,28,28,28,28,28,28,28,28
210479,2,1,1990,1,1,1,1,1,1,1,1,1,1
210480,1,1,1990,0,0,0,0,0,0,0,0,0,0
210481,1,1,1990,0,0,0,0,0,0,0,0,0,0
210482,1,1,1990,0,0,0,0,0,0,0,0,0,0
210483,1,1,1990,0,0,0,0,0,27,7,18,0,30
210484,1,1,1990,0,0,0,0,0,0,0,0,0,0
210484,2,1,1990,0,0,0,0,0,0,0,0,0,0
210485,1,1,1990,26,26,26,26,26,26,26,26,26,26
210485,2,1,1990,0,0,0,0,0,0,0,0,0,0
210486,1,1,1990,17,17,17,17,17,17,17,17,17,17
210487,1,1,1990,0,0,0,0,0,0,8,0,0,0
210488,1,1,1990,15,15,15,15,15,15,15,15,15,15
210489,0,1,1990,3,3,3,3,3,3,3,3,3,3
210489,1,1,1990,19,19,19,19,19,19,19,19,19,19
210490,1,1,1990,0,0,0,0,0,0,0,0,0,0
210490,2,1,1990,0,0,0,0,0,0,0,0,0,0
210490,3,1,1990,0,0,0,0,0,0,0,0,0,0
210490,4,1,1990,0,0,0,0,0,0,0,0,0,0
210491,1,1,1990,0,0,0,0,0,0,0,0,0,0
210491,2,1,1990,0,0,0,0,0,0,0,0,0,0
210492,1,1,1990,8,9,24,11,11,17,14,24,21,6
210492,2,1,1990,0,0,0,5,10,0,0,0,0,0
210493,1,1,1990,12,12,12,12,12,12,12,12,12,12
210494,1,1,1990,0,0,0,0,0,0,0,0,0,0
210494,2,1,1990,4,0,0,0,0,0,0,0,0,0
210495,1,1,1990,0,0,0,0,0,0,0,0,0,0
210496,1,1,1990,15,15,15,15,15,15,15,15,15,15
210496,2,1,1990,0,0,0,0,0,0,0,0,0,0
210497,1,1,1990,1,1,1,1,1,1,1,1,1,1
210498,1,1,1990,0,0,0,0,0,0,0,0,0,0
210498,2,1,1990,18,18,18,18,18,18,18,18,18,18
210499,1,1,1990,14,14,14,14,14,14,14,14,14,14
210500,1,1,1990,8,8,8,8,8,8,8,8,8,8
210501,1,1,1990,0,0,0,0,0,0,0,0,0,0
210502,1,1,1990,0,0,0,0,0,0,0,0,0,0
210503,1,1,1990,0,0,0,0,0,0,0,0,0,0
210504,1,1,1990,0,0,0,0,0,0,0,0,0,0
210504,2,1,1990,0,0,0,0,0,0,0,0,0,0
210505,1,1,1990,0,0,0,0,0,0,0,0,0,0
210505,2,1,1990,0,0,0,0,0,0,0,0,0,0
210506,1,1,1990,0,0,0,0,0,0,0,0,0,0
210507,1,1,1990,0,0,0,0,0,0,0,0,0,0
210507,2,1,1990,0,0,0,0,0,0,0,0,0,0
210508,1,1,1990,0,0,0,0,0,0,0,0,0,0
210508,2,1,1990,0,0,6,0,0,0,0,0,0,0
210509,1,1,1990,14,14,14,14,14,14,14,14,14,14
210510,1,1,1990,20,0,8,0,21,0,0,0,0,0
210510,2,1,1990,0,0,0,0,0,0,0,0,0,0
210511,1,1,1990,0,0,0,0,0,0,0,0,0,0
210511,2,1,1990,0,0,0,0,0,0,0,0,0,0
210512,1,1,1990,0,0,0,0,0,0,0,0,0,0
210513,1,1,1990,0,0,18,0,0,0,0,18,25,0
210513,2,1,1990,0,0,0,0,0,0,0,0,0,0
210513,3,1,1990,12,0,0,0,0,0,0,0,0,0
210514,1,1,1990,13,13,13,13,13,13,13,13,13,13
210514,2,1,1990,0,0,14,34,0,0,0,0,20,0
210515,1,1,1990,0,0,0,0,0,0,0,0,0,0
210516,1,1,1990,9,9,9,9,9,9,9,9,9,9
210517,1,1,1990,0,0,0,0,0,0,0,0,0,0
210518,1,1,1990,28,28,28,28,28,28,28,28,28,28
210518,2,1,1990,0,0,0,0,0,0,0,0,0,0
210519,1,1,1990,24,24,24,24,24,24,24,24,24,24
210520,1,1,1990,22,22,22,22,22,22,22,22,22,22
210521,1,1,1990,0,0,0,0,0,0,0,0,0,0
210521,2,1,1990,0,0,0,0,0,0,0,0,0,0
210522,1,1,1990,19,19,19,19,19,19,19,19,19,19
210522,2,1,1990,0,0,0,0,0,0,0,0,0,0
210523,0,1,1990,12,12,12,12,12,12,12,12,12,12
210523,1,1,1990,0,0,0,0,0,0,0,0,0,12
210524,1,1,1990,0,0,0,0,0,0,0,0,0,0
210524,2,1,1990,0,0,0,0,0,0,0,0,0,0
210525,1,1,1990,0,0,3,0,5,0,8,16,0,0
210526,0,1,1990,0,0,0,0,0,0,0,0,0,0
210526,1,1,1990,0,0,0,0,0,0,0,0,0,0
210527,1,1,1990,0,0,0,0,0,0,0,0,0,0
210527,2,1,1990,0,0,17,0,0,12,0,0,0,0
210528,1,1,1990,15,15,15,15,15,15,15,15,15,15
210529,1,1,1990,13,13,13,13,13,13,13,13,13,13
210530,1,1,1990,0,0,0,0,0,0,0,0,0,0
210531,0,1,1990,0,0,0,0,0,0,0,0,0,0
210531,1,1,1990,0,0,0,0,0,0,0,0,0,0
210532,1,1,1990,0,0,0,0,0,0,0,0,0,0
210532,2,1,1990,0,0,0,0,0,0,0,25,0,0
210533,1,1,1990,0,0,0,0,0,0,0,0,0,0
210533,2,1,1990,0,0,0,0,0,0,0,0,0,0
210534,1,1,1990,0,0,0,0,0,0,0,0,0,0
210534,2,1,1990,0,0,0,0,0,0,0,0,0,0
210535,1,1,1990,0,0,0,0,0,0,0,0,0,0
210536,1,1,1990,0,0,0,0,0,0,0,0,0,0
210536,2,1,1990,0,0,0,0,0,0,0,0,0,0
210537,1,1,1990,0,0,0,0,0,0,0,0,0,0
210537,2,1,1990,0,0,0,0,0,0,0,0,0,0
210538,1,1,1990,0,0,0,0,0,0,0,0,0,0
210538,2,1,1990,0,0,0,0,0,0,0,0,0,0
210539,1,1,1990,0,0,0,0,0,0,0,0,0,0
210540,1,1,1990,0,0,0,0,0,0,0,0,0,0
210541,0,1,1990,0,0,0,0,0,0,0,0,0,0
210541,1,1,1990,3,3,3,3,3,3,3,3,3,3
210542,1,1,1990,7,7,7,7,7,7,7,7,7,7
210543,1,1,1990,0,0,0,0,0,0,0,0,0,0
210543,2,1,1990,0,0,0,0,0,0,0,0,0,0
210544,1,1,1990,0,0,0,0,0,0,0,0,0,0
210544,2,1,1990,0,0,0,0,0,0,0,0,0,0
210545,1,1,1990,0,0,0,0,0,0,0,0,0,0
210547,1,1,1990,20,20,20,20,20,20,20,20,20,20
210549,2,1,1990,0,0,0,0,0,0,0,0,0,0
210549,3,1,1990,0,0,0,0,0,0,0,0,0,0
210550,1,1,1990,0,0,0,0,0,0,0,0,0,0
210550,2,1,1990,0,0,0,0,0,0,0,0,0,0
210551,1,1,1990,1,1,1,1,1,1,1,1,1,1
210552,1,1,1990,16,16,16,16,16,16,16,16,16,16
210553,1,1,1990,7,10,11,30,14,9,15,18,0,15
210554,1,1,1990,0,0,0,0,0,0,0,0,0,0
210554,2,1,1990,0,0,0,0,0,0,0,0,0,0
210554,3,1,1990,0,0,0,0,0,0,0,0,0,0
210555,1,1,1990,0,0,0,0,0,0,0,0,0,0
210556,0,1,1990,3,3,3,3,3,3,3,3,3,3
210556,1,1,1990,0,0,0,0,0,0,0,20,0,0
210557,1,1,1990,20,20,20,20,20,20,20,20,20,20
210558,1,1,1990,11,11,11,11,11,11,11,11,11,11
210558,2,1,1990,0,0,0,0,0,0,0,0,0,0
210559,1,1,1990,0,0,0,0,0,0,0,0,0,0
210559,2,1,1990,0,0,0,0,0,0,0,0,0,0
210560,1,1,1990,18,9,15,19,21,31,33,20,10,24
210561,1,1,1990,21,21,21,21,21,21,21,21,21,21
210561,2,1,1990,0,0,0,0,0,0,0,0,0,0
210562,1,1,1990,0,0,0,0,0,0,0,0,0,0
210562,2,1,1990,0,0,0,0,0,0,0,0,4,6
210563,1,1,1990,0,15,0,0,0,0,0,0,0,0
210564,0,1,1990,0,0,0,0,14,0,0,24,0,0
210564,1,1,1990,0,0,0,0,0,0,0,0,0,0
210565,1,1,1990,10,0,23,0,0,0,0,0,0,0
210565,2,1,1990,0,0,0,0,0,0,0,0,0,0
210566,1,1,1990,0,0,0,0,0,0,0,0,0,0
210566,2,1,1990,0,0,18,0,0,0,0,0,0,0
210567,1,1,1990,0,0,11,0,0,0,0,0,0,0