ST_CASE,VEH_NO,PER_NO,YEAR,P1,P2,P3,P4,P5,P6,P7,P8,P9,P10
210567,2,1,1990,0,0,0,0,0,0,0,0,0,0
210568,0,1,1990,0,0,0,0,0,0,0,0,0,0
210568,1,1,1990,0,0,0,0,0,0,0,0,0,0
210569,1,1,1990,0,0,0,0,0,0,0,0,0,0
210570,1,1,1990,12,12,12,12,12,12,12,12,12,12
210571,1,1,1990,0,0,0,0,0,0,0,0,0,0
210573,1,1,1990,0,0,0,0,0,0,0,0,0,0
210573,2,1,1990,0,0,0,0,0,0,0,0,0,0
210574,1,1,1990,0,0,23,0,0,0,0,0,0,0
210574,2,1,1990,0,0,0,0,0,0,0,0,0,0
210575,1,1,1990,0,0,0,0,0,0,0,0,0,0
210575,2,1,1990,0,0,15,0,0,0,0,0,4,0
210576,1,1,1990,0,0,0,0,0,0,0,0,0,0
210577,0,1,1990,12,12,12,12,12,12,12,12,12,12
210577,1,1,1990,0,0,0,0,0,0,0,0,0,0
210578,0,1,1990,21,21,21,21,21,21,21,21,21,21
210578,1,1,1990,0,0,0,0,0,0,0,0,0,0
210579,1,1,1990,0,0,0,0,0,0,0,0,0,0
210579,2,1,1990,0,0,0,0,0,0,0,0,0,0
210580,1,1,1990,0,0,0,0,0,0,0,0,0,0
210580,2,1,1990,0,0,0,0,0,0,0,0,0,0
210580,3,1,1990,0,0,0,0,0,0,0,0,0,0
210581,0,1,1990,0,0,0,0,0,0,0,17,0,0
210581,1,1,1990,0,0,0,0,0,0,12,0,0,0
210582,1,1,1990,0,0,0,0,0,0,0,0,0,0
210583,1,1,1990,7,0,0,0,0,0,0,0,8,0
210584,1,1,1990,27,27,27,27,27,27,27,27,27,27
210585,1,1,1990,0,0,0,0,0,0,0,0,0,0
210585,2,1,1990,0,0,0,0,0,0,0,0,0,0
210585,3,1,1990,0,0,0,0,0,0,12,0,0,0
210586,1,1,1990,3,3,3,3,3,3,3,3,3,3
210587,1,1,1990,17,17,17,17,17,17,17,17,17,17
210588,1,1,1990,14,0,0,12,0,0,0,0,0,25
210588,2,1,1990,0,0,0,0,0,0,0,0,0,0
210589,1,1,1990,0,0,0,0,0,0,0,0,0,0
210589,2,1,1990,0,0,0,0,0,0,0,0,0,0
210590,1,1,1990,8,8,8,8,8,8,8,8,8,8
210591,1,1,1990,0,0,0,0,0,0,0,0,0,0
210591,2,1,1990,0,0,0,0,0,0,0,0,0,0
210592,1,1,1990,0,0,0,0,0,0,0,0,0,0
210592,2,1,1990,0,0,0,0,0,0,0,0,0,0
210593,2,1,1990,13,13,13,13,13,13,13,13,13,13
210594,1,1,1990,0,0,0,0,0,0,0,0,0,0
210594,2,1,1990,0,0,0,0,0,0,0,0,0,0
210594,3,1,1990,0,0,0,0,0,0,0,0,0,0
210594,4,1,1990,0,9,0,0,0,0,0,0,0,0
210595,1,1,1990,28,28,28,28,28,28,28,28,28,28
210595,2,1,1990,0,0,0,19,0,0,0,0,0,0
210596,1,1,1990,16,16,16,16,16,16,16,16,16,16
210597,1,1,1990,0,0,0,0,0,0,0,0,0,0
210597,2,1,1990,0,0,0,0,0,0,0,0,0,0
210598,1,1,1990,20,20,20,20,20,20,20,20,20,20
210599,1,1,1990,24,24,24,24,24,24,24,24,24,24
210600,1,1,1990,0,0,0,0,0,0,0,0,0,0
210601,1,1,1990,8,8,8,8,8,8,8,8,8,8
210601,2,1,1990,10,0,0,0,0,0,0,13,0,0
210602,1,1,1990,0,0,0,0,0,0,0,0,0,0
210602,2,1,1990,2,2,2,2,2,2,2,2,2,2
210603,1,1,1990,0,0,0,0,0,0,0,0,0,0
210604,1,1,1990,0,0,0,0,0,0,0,0,0,0
210604,2,1,1990,0,0,0,0,0,0,0,0,0,0
210605,1,1,1990,26,26,26,26,26,26,26,26,26,26
210606,1,1,1990,0,0,0,0,0,0,0,0,0,0
210606,2,1,1990,0,0,0,0,0,0,0,0,0,0
210607,1,1,1990,5,5,5,5,5,5,5,5,5,5
210608,1,1,1990,0,0,0,0,0,0,0,0,0,0
210609,1,1,1990,0,0,0,0,0,0,0,0,0,0
210609,2,1,1990,0,0,0,0,0,0,0,0,0,0
210610,1,1,1990,21,21,21,21,21,21,21,21,21,21
210611,1,1,1990,0,0,0,0,0,0,0,0,0,0
210613,1,1,1990,32,32,32,32,32,32,32,32,32,32
210614,1,1,1990,13,13,13,13,13,13,13,13,13,13
210615,1,1,1990,0,0,0,0,0,0,0,0,0,0
210615,2,1,1990,0,0,0,0,0,0,0,0,0,0
210616,1,1,1990,0,0,0,0,0,0,0,0,0,0
210617,1,1,1990,0,0,0,0,0,0,0,0,0,0
210618,1,1,1990,0,0,0,0,0,0,0,0,0,0
210618,2,1,1990,0,0,0,0,0,0,0,0,0,0
210619,1,1,1990,0,0,0,0,0,0,0,0,0,0
210620,1,1,1990,7,7,7,7,7,7,7,7,7,7
210621,0,1,1990,0,0,0,17,0,0,0,0,0,31
210621,1,1,1990,0,0,0,0,0,0,0,0,0,0
210622,1,1,1990,0,0,0,0,0,0,0,0,0,0
210622,2,1,1990,0,0,0,0,0,0,0,0,0,0
210623,1,1,1990,21,21,21,21,21,21,21,21,21,21
210624,1,1,1990,0,0,0,0,0,0,0,0,0,0
210624,2,1,1990,0,0,0,0,0,0,0,0,0,0
210625,1,1,1990,17,17,17,17,17,17,17,17,17,17
210626,1,1,1990,0,0,0,0,0,0,0,0,0,0
210626,2,1,1990,0,0,0,0,0,0,0,0,0,0
210627,1,1,1990,18,18,18,18,18,18,18,18,18,18
210628,1,1,1990,0,0,0,0,0,0,0,0,0,0
210629,1,1,1990,17,17,17,17,17,17,17,17,17,17
210630,1,1,1990,16,16,16,16,16,16,16,16,16,16
210631,0,1,1990,24,24,24,24,24,24,24,24,24,24
210631,1,1,1990,0,0,0,16,0,0,0,0,0,0
210632,1,1,1990,0,0,0,0,0,0,0,0,0,0
210633,0,1,1990,0,0,0,0,0,0,0,0,0,0
210633,1,1,1990,0,0,0,0,0,0,0,0,0,0
210634,1,1,1990,0,0,28,0,0,0,0,0,0,0
210635,0,1,1990,27,27,27,27,27,27,27,27,27,27
210635,1,1,1990,0,0,0,0,0,0,0,0,0,0
210636,1,1,1990,25,25,25,25,25,25,25,25,25,25
210637,1,1,1990,0,0,0,0,0,0,0,0,0,12
210637,2,1,1990,0,0,0,0,0,0,0,0,0,0
210638,1,1,1990,0,0,0,0,0,0,0,0,0,0
210639,0,1,1990,0,0,0,0,0,0,0,0,0,0
210639,1,1,1990,0,0,0,0,4,0,0,0,0,19
210640,1,1,1990,0,10,0,0,0,0,7,0,0,0
210641,1,1,1990,0,0,0,0,0,0,0,0,0,0
210642,1,1,1990,0,0,0,0,0,0,0,0,0,0
210642,2,1,1990,0,0,0,0,0,0,0,0,0,0
210643,1,1,1990,25,25,25,25,25,25,25,25,25,25
210643,2,1,1990,0,0,0,0,0,11,0,0,0,0
210645,1,1,1990,0,0,0,0,0,0,0,0,0,0
210645,2,1,1990,0,0,0,0,0,0,0,0,0,0
210645,3,1,1990,0,0,0,0,0,0,0,0,0,0
210646,1,1,1990,0,0,0,0,0,0,0,0,0,0
210647,1,1,1990,0,0,0,0,0,0,0,0,0,0
210648,1,1,1990,8,0,0,11,0,0,0,6,10,0
210649,1,1,1990,11,11,11,11,11,11,11,11,11,11
210650,1,1,1990,23,23,23,23,23,23,23,23,23,23
210651,1,1,1990,10,10,10,10,10,10,10,10,10,10
210652,1,1,1990,0,0,0,0,0,0,0,0,0,0
210653,1,1,1990,64,64,64,64,64,64,64,64,64,64
210654,1,1,1990,17,17,17,17,17,17,17,17,17,17
210654,2,1,1990,0,0,0,0,0,0,0,0,0,0
210655,1,1,1990,0,0,0,0,0,0,0,0,0,0
210656,1,1,1990,4,4,4,4,4,4,4,4,4,4
210657,1,1,1990,13,13,13,13,13,13,13,13,13,13
210658,0,1,1990,0,0,0,0,0,0,42,0,16,0
210658,1,1,1990,23,21,0,0,0,0,0,0,0,0
210659,1,1,1990,0,0,0,0,0,0,0,0,0,0
210659,2,1,1990,0,0,0,0,0,0,0,0,0,0
210660,1,1,1990,0,0,0,0,0,0,0,0,0,0
210661,1,1,1990,14,14,14,14,14,14,14,14,14,14
210661,2,1,1990,0,0,0,0,0,0,0,0,0,0
210662,1,1,1990,0,0,0,0,0,0,0,0,0,0
210663,1,1,1990,42,42,42,42,42,42,42,42,42,42
210664,1,1,1990,0,0,0,0,0,0,0,0,0,0
210664,2,1,1990,0,0,0,0,0,0,0,0,0,0
210665,1,1,1990,21,21,21,21,21,21,21,21,21,21
210666,1,1,1990,39,39,39,39,39,39,39,39,39,39
210667,1,1,1990,6,6,6,6,6,6,6,6,6,6
210668,1,1,1990,28,28,28,28,28,28,28,28,28,28
210668,2,1,1990,0,0,0,0,0,0,0,0,0,0
210669,1,1,1990,26,26,26,26,26,26,26,26,26,26
210669,2,1,1990,7,0,0,18,19,11,22,17,12,0
210670,1,1,1990,0,0,0,0,0,0,0,0,0,0
210670,2,1,1990,0,0,0,0,0,0,0,0,0,0
210672,1,1,1990,0,0,0,0,0,0,0,0,0,0
210672,2,1,1990,0,0,0,0,0,0,0,0,0,0
210673,1,1,1990,20,20,20,20,20,20,20,20,20,20
210673,2,1,1990,0,0,0,0,0,0,0,0,0,0
210674,0,1,1990,0,0,23,0,0,0,0,0,7,0
210674,1,1,1990,0,0,8,0,0,0,0,0,0,0
210675,1,1,1990,0,0,0,0,0,0,0,0,0,0
210675,2,1,1990,0,0,0,0,0,0,0,0,0,0
210676,1,1,1990,6,6,6,6,6,6,6,6,6,6
210677,0,1,1990,22,0,0,0,6,0,0,0,11,0
210677,1,1,1990,0,0,0,0,0,0,0,0,0,0
210678,1,1,1990,24,24,24,24,24,24,24,24,24,24
210679,1,1,1990,0,0,0,0,0,0,0,0,0,0
210680,1,1,1990,0,0,0,0,0,0,0,0,0,0
210680,2,1,1990,0,0,0,0,0,0,0,0,0,12
210681,1,1,1990,0,0,0,0,0,0,0,0,0,0
210682,1,1,1990,0,0,0,0,0,0,0,0,0,0
210683,0,1,1990,22,22,22,22,22,22,22,22,22,22
210683,1,1,1990,0,0,0,0,0,0,0,0,0,0
210684,1,1,1990,13,13,13,13,13,13,13,13,13,13
210684,2,1,1990,0,0,0,0,0,0,5,0,0,21
210684,3,1,1990,19,24,0,10,20,8,20,5,0,13
210685,1,1,1990,0,0,0,0,0,0,0,0,26,0
210686,1,1,1990,15,15,15,15,15,15,15,15,15,15
210687,1,1,1990,0,0,0,0,0,0,0,0,0,0
210687,2,1,1990,0,0,0,0,0,0,0,0,0,0
210688,1,1,1990,0,0,0,0,0,0,0,0,0,0
210688,2,1,1990,0,0,0,0,0,0,0,0,0,0
210689,1,1,1990,0,10,0,0,0,0,0,34,0,0
210690,1,1,1990,0,0,0,0,0,0,0,0,0,0
210690,2,1,1990,0,0,0,0,0,0,0,0,0,0
210691,1,1,1990,0,0,0,0,0,0,0,0,0,0
210691,2,1,1990,0,0,0,0,0,0,0,0,0,0
210692,1,1,1990,5,5,5,5,5,5,5,5,5,5
210692,2,1,1990,16,0,0,0,0,23,0,0,0,0
210693,1,1,1990,0,0,0,0,0,0,0,0,0,0
210693,2,1,1990,0,0,0,0,0,0,0,0,0,0
210694,1,1,1990,0,0,0,0,0,0,0,0,0,0
210695,1,1,1990,0,0,0,0,0,0,0,0,0,0
210696,1,1,1990,0,0,0,0,0,0,0,0,0,0
210697,1,1,1990,32,32,32,32,32,32,32,32,32,32
210697,2,1,1990,0,0,0,0,0,0,0,0,0,0
210698,1,1,1990,24,24,24,24,24,24,24,24,24,24
210699,1,1,1990,8,8,8,8,8,8,8,8,8,8
210699,2,1,1990,0,0,0,0,0,0,0,0,0,0
210700,1,1,1990,21,21,21,21,21,21,21,21,21,21
210700,2,1,1990,0,0,0,0,0,0,0,0,0,0
210701,1,1,1990,0,0,0,0,0,0,0,0,0,0
210702,1,1,1990,1,1,1,1,1,1,1,1,1,1
210702,2,1,1990,1,1,1,1,1,1,1,1,1,1
210703,1,1,1990,21,21,21,21,21,21,21,21,21,21
210704,1,1,1990,0,0,0,0,0,0,0,0,0,0
210704,2,1,1990,0,0,0,0,0,0,0,0,0,0
210705,1,1,1990,0,0,0,0,0,0,0,0,0,0
210705,2,1,1990,0,0,0,0,0,0,0,0,0,0
210706,1,1,1990,8,8,8,8,8,8,8,8,8,8
210707,1,1,1990,17,17,17,17,17,17,17,17,17,17
210708,1,1,1990,35,35,35,35,35,35,35,35,35,35
210708,2,1,1990,0,0,0,0,0,0,0,0,0,0
210709,1,1,1990,0,0,0,0,0,0,0,0,0,0
210709,2,1,1990,0,0,0,0,0,0,0,0,0,0
210709,3,1,1990,0,0,0,0,0,0,0,0,0,0
210710,1,1,1990,0,0,0,0,0,0,0,0,0,0
210710,2,1,1990,0,0,0,0,0,0,0,0,0,0
210711,1,1,1990,0,0,0,0,0,0,0,0,0,0
210711,2,1,1990,0,0,0,0,0,0,0,0,0,16
210712,1,1,1990,0,0,0,0,0,0,0,0,0,0
210712,2,1,1990,0,0,0,0,0,0,0,0,0,0
210713,1,1,1990,1,1,1,1,1,1,1,1,1,1
210714,1,1,1990,0,0,0,0,0,0,0,0,0,0
210714,2,1,1990,0,0,0,0,0,0,0,0,0,0
210715,1,1,1990,24,24,24,24,24,24,24,24,24,24
210716,1,1,1990,18,18,18,18,18,18,18,18,18,18
210716,2,1,1990,0,0,10,0,0,0,4,0,0,0
210717,1,1,1990,0,0,0,0,0,0,0,0,0,0
210717,2,1,1990,0,0,0,0,0,0,0,0,0,0
210718,1,1,1990,23,23,23,23,23,23,23,23,23,23
210719,1,1,1990,7,7,7,7,7,7,7,7,7,7
210720,1,1,1990,10,10,10,10,10,10,10,10,10,10
210720,2,1,1990,0,0,0,0,0,0,0,0,0,0
210721,1,1,1990,11,13,24,10,31,0,3,23,17,26
210722,1,1,1990,21,21,21,21,21,21,21,21,21,21
210723,1,1,1990,20,17,15,10,18,10,8,0,36,21
210724,0,1,1990,33,33,33,33,33,33,33,33,33,33
210724,1,1,1990,0,0,0,0,0,0,0,0,0,0
210725,1,1,1990,0,0,0,0,0,0,0,0,0,0
210725,2,1,1990,0,0,0,0,0,0,0,0,0,0
210726,1,1,1990,18,18,18,18,18,18,18,18,18,18
210727,1,1,1990,25,25,25,25,25,25,25,25,25,25
210728,1,1,1990,0,0,0,0,0,0,0,0,0,0
210728,2,1,1990,0,0,0,0,0,0,0,0,0,0
210729,1,1,1990,0,0,0,0,0,0,0,0,0,0
210729,2,1,1990,0,0,0,0,0,0,0,0,0,0
210729,3,1,1990,0,0,0,0,0,0,0,0,0,31
210730,1,1,1990,0,0,0,0,0,0,0,0,0,0
210731,1,1,1990,0,0,0,0,0,0,0,0,0,0
210731,2,1,1990,0,0,0,0,0,0,0,0,0,0
210732,1,1,1990,13,13,13,13,13,13,13,13,13,13
210732,2,1,1990,0,0,0,0,0,0,0,0,0,0
210733,1,1,1990,32,32,32,32,32,32,32,32,32,32
210734,1,1,1990,0,0,0,0,0,0,0,0,0,0
210734,2,1,1990,0,0,0,0,0,0,0,0,0,0
210735,0,1,1990,0,0,0,0,0,0,0,0,0,0
210735,1,1,1990,0,0,0,0,0,0,0,0,0,0
210736,1,1,1990,26,26,26,26,26,26,26,26,26,26
210737,1,1,1990,0,0,0,0,0,0,0,0,0,0
210737,2,1,1990,0,0,0,0,0,0,0,0,0,0
210738,1,1,1990,0,0,0,0,5,0,0,0,0,0
210738,2,1,1990,0,0,0,0,0,0,0,0,0,0
210738,3,1,1990,1,1,1,1,1,1,1,1,1,1
210739,1,1,1990,0,0,0,0,0,0,0,0,0,0
210740,1,1,1990,1,1,1,1,1,1,1,1,1,1
210741,0,1,1990,11,9,25,27,22,39,0,20,30,24
210741,1,1,1990,0,0,0,6,0,0,0,0,0,0
210742,0,1,1990,0,0,0,0,0,0,0,0,0,0
210742,1,1,1990,0,0,8,0,0,0,0,0,0,0
210743,1,1,1990,0,0,0,0,0,0,0,0,0,0
210744,1,1,1990,2,2,2,2,2,2,2,2,2,2
210745,1,1,1990,20,20,20,20,20,20,20,20,20,20
210747,1,1,1990,25,25,25,25,25,25,25,25,25,25
210747,2,1,1990,0,0,0,0,0,0,0,0,0,0
210748,1,1,1990,0,0,0,0,0,0,0,0,0,0
210748,2,1,1990,30,0,12,0,0,0,0,0,0,0
210749,1,1,1990,12,12,12,12,12,12,12,12,12,12
210750,1,1,1990,14,14,14,14,14,14,14,14,14,14
210751,1,1,1990,12,12,12,12,12,12,12,12,12,12
210752,1,1,1990,18,18,18,18,18,18,18,18,18,18
210752,2,1,1990,0,5,0,0,0,20,13,0,23,0
210753,1,1,1990,17,17,17,17,17,17,17,17,17,17
210754,1,1,1990,0,0,0,0,0,0,0,0,0,0
210755,1,1,1990,0,0,22,3,6,27,24,0,13,16
210756,1,1,1990,23,11,9,13,3,24,3,14,27,18
210756,2,1,1990,0,0,0,0,0,0,0,0,0,0
210757,1,1,1990,0,0,0,0,0,0,0,0,0,0
210758,1,1,1990,23,23,23,23,23,23,23,23,23,23
210759,1,1,1990,0,0,0,0,0,0,0,0,0,0
210759,2,1,1990,0,0,0,0,0,0,0,0,0,0
210760,1,1,1990,15,15,15,15,15,15,15,15,15,15
210761,1,1,1990,0,0,0,0,0,0,0,0,0,0
210761,2,1,1990,0,0,0,0,0,0,0,0,0,0
210762,1,1,1990,17,17,17,17,17,17,17,17,17,17
210763,1,1,1990,0,0,0,0,0,0,0,0,0,0
210763,2,1,1990,0,0,0,0,0,0,0,0,0,0
210764,1,1,1990,2,2,2,2,2,2,2,2,2,2
210765,1,1,1990,0,0,0,0,0,0,0,0,0,0
210765,2,1,1990,0,0,0,0,0,0,0,0,0,0
210766,1,1,1990,10,0,11,0,0,0,9,0,0,0
210767,1,1,1990,0,0,0,0,8,11,0,0,0,0
210768,1,1,1990,0,0,0,0,0,0,0,0,0,0
210768,2,1,1990,0,0,0,0,0,0,0,0,0,0
210769,1,1,1990,0,0,0,0,0,0,0,0,0,0
210769,2,1,1990,0,0,0,0,0,0,0,0,0,0
210770,1,1,1990,18,18,18,18,18,18,18,18,18,18
210771,1,1,1990,21,21,21,21,21,21,21,21,21,21
210772,1,1,1990,21,21,6,21,0,0,0,0,31,19
210773,1,1,1990,0,0,0,9,0,0,0,0,0,0
210774,1,1,1990,0,0,0,15,0,0,0,0,0,0
220001,1,1,1990,15,15,15,15,15,15,15,15,15,15
220002,1,1,1990,0,18,20,22,28,0,0,13,3,0
220003,1,1,1990,0,0,0,0,0,0,0,0,0,0
220003,2,1,1990,0,0,0,0,0,0,0,0,0,0
220004,1,1,1990,0,0,0,0,0,0,0,0,0,0
220004,2,1,1990,4,0,0,13,0,0,0,0,0,9
220005,1,1,1990,0,0,23,0,0,18,0,0,0,23
220006,1,1,1990,32,12,12,13,17,0,52,42,8,18
220007,0,1,1990,0,26,0,0,0,0,0,0,17,0
220007,1,1,1990,10,10,10,10,10,10,10,10,10,10
220008,1,1,1990,24,24,24,24,24,24,24,24,24,24
220008,2,1,1990,4,4,4,4,4,4,4,4,4,4
220009,1,1,1990,0,0,0,0,0,0,0,0,0,0
220009,2,1,1990,0,0,0,0,0,0,0,0,0,0
220010,1,1,1990,0,0,0,0,0,0,0,0,0,0
220010,2,1,1990,7,4,0,0,0,0,0,0,10,0
220010,3,1,1990,0,8,27,0,0,0,0,0,0,0
220011,1,1,1990,0,0,0,0,0,0,0,0,0,0
220012,1,1,1990,9,9,9,9,9,9,9,9,9,9
220012,2,1,1990,0,0,0,0,0,0,0,0,0,0
220013,1,1,1990,24,0,0,0,0,0,0,18,0,0
220014,1,1,1990,0,29,21,0,16,0,22,15,0,0
220014,2,1,1990,0,0,0,0,0,0,0,5,0,0
220015,1,1,1990,15,17,31,27,0,18,18,3,29,13
220016,1,1,1990,19,19,19,19,19,19,19,19,19,19
220017,0,1,1990,0,13,0,0,0,0,0,0,14,0
220017,1,1,1990,0,0,0,0,0,0,0,0,0,0
220018,1,1,1990,15,15,15,15,15,15,15,15,15,15
220018,2,1,1990,1,1,1,1,1,1,1,1,1,1
220019,0,1,1990,23,11,29,21,0,9,0,17,27,43
220019,1,1,1990,15,15,15,15,15,15,15,15,15,15
220020,1,1,1990,14,14,14,14,14,14,14,14,14,14
220021,0,1,1990,0,0,0,0,0,0,0,0,0,0
220021,1,1,1990,0,0,0,0,0,0,0,0,0,0
220022,1,1,1990,10,10,10,10,10,10,10,10,10,10
220023,1,1,1990,14,14,14,14,14,14,14,14,14,14
220023,2,1,1990,0,0,0,0,0,0,0,0,0,0
220023,3,1,1990,0,12,18,25,20,0,24,19,15,20
220024,1,1,1990,0,0,0,0,0,0,0,0,12,0
220025,1,1,1990,30,30,30,30,30,30,30,30,30,30
220026,1,1,1990,0,0,0,0,0,0,0,0,0,0
220026,2,1,1990,0,0,0,0,0,0,0,0,0,0
220026,3,1,1990,0,0,0,0,0,0,0,0,0,0
220027,1,1,1990,15,15,15,15,15,15,15,15,15,15
220028,1,1,1990,13,13,13,13,13,13,13,13,13,13
220028,2,1,1990,0,0,0,0,0,0,0,0,0,0
220029,1,1,1990,0,0,0,0,0,0,0,0,0,0
220030,1,1,1990,0,31,0,0,0,0,0,6,0,0
220030,2,1,1990,0,0,0,0,0,0,0,0,0,0
220031,0,1,1990,0,0,0,0,0,0,0,0,0,0
220031,1,1,1990,0,0,0,0,0,0,0,0,0,0
220032,1,1,1990,0,0,0,0,0,0,0,0,0,0
220033,2,1,1990,20,14,15,12,0,3,0,19,0,0
220034,1,1,1990,24,16,4,11,16,23,16,19,11,21
220035,1,1,1990,0,0,0,0,0,0,0,0,0,0
220035,2,1,1990,19,19,19,19,19,19,19,19,19,19
220036,1,1,1990,15,15,15,15,15,15,15,15,15,15
220037,1,1,1990,34,34,34,34,34,34,34,34,34,34
220038,1,1,1990,20,20,20,20,20,20,20,20,20,20
220039,1,1,1990,0,0,0,0,0,0,0,9,0,0
220039,2,1,1990,0,0,0,0,0,0,0,0,0,0
220040,0,1,1990,0,0,0,0,0,0,0,0,0,0
220040,0,2,1990,0,0,0,0,0,0,0,0,0,0
220040,0,3,1990,0,11,0,0,14,0,16,25,0,0
220040,0,4,1990,22,20,23,0,16,14,0,18,0,0
220040,0,5,1990,16,0,0,0,0,23,20,0,0,0
220040,0,6,1990,0,0,0,0,6,0,0,0,0,0
220040,1,1,1990,0,0,0,0,0,0,0,0,0,0
220041,0,1,1990,0,0,0,0,0,0,0,0,0,0
220041,1,1,1990,0,6,0,0,0,0,0,0,0,0
220042,1,1,1990,20,8,0,21,8,19,0,11,19,25
220043,1,1,1990,0,0,0,0,0,0,0,0,0,0
220043,2,1,1990,0,0,0,0,0,0,0,0,0,0
220044,1,1,1990,14,14,14,14,14,14,14,14,14,14
220045,1,1,1990,22,22,22,22,22,22,22,22,22,22
220046,0,1,1990,0,0,0,0,0,0,0,0,0,0
220046,1,1,1990,0,0,0,0,0,0,0,0,0,0
220047,1,1,1990,1,1,1,1,1,1,1,1,1,1
220048,0,1,1990,24,24,24,24,24,24,24,24,24,24
220048,1,1,1990,20,21,0,0,0,0,11,3,0,4
220049,1,1,1990,0,0,17,0,0,0,0,0,0,0
220050,1,1,1990,21,21,21,21,21,21,21,21,21,21
220050,2,1,1990,13,13,13,13,13,13,13,13,13,13
220051,1,1,1990,29,29,29,29,29,29,29,29,29,29
220052,1,1,1990,11,11,11,11,11,11,11,11,11,11
220053,1,1,1990,0,0,0,0,0,0,0,0,0,0
220053,2,1,1990,0,0,0,0,0,0,0,0,0,0
220054,0,1,1990,0,0,0,0,0,0,0,0,0,0
220054,1,1,1990,0,0,0,0,0,0,0,0,0,0
220055,1,1,1990,17,0,0,0,7,0,0,0,0,0
220055,2,1,1990,0,0,0,0,0,0,0,0,0,0
220056,1,1,1990,0,0,0,0,0,0,0,0,0,0
220056,2,1,1990,0,0,0,0,0,0,0,0,0,0
220057,1,1,1990,24,4,3,0,17,22,8,38,41,15
220058,1,1,1990,7,7,7,7,7,7,7,7,7,7
220059,1,1,1990,5,5,5,5,5,5,5,5,5,5
220059,2,1,1990,0,0,0,0,0,0,0,0,0,6
220059,3,1,1990,0,0,18,0,0,0,0,0,0,0
220060,1,1,1990,0,0,0,0,0,0,0,0,0,0
220061,1,1,1990,21,21,21,21,21,21,21,21,21,21
220061,2,1,1990,0,0,0,0,0,0,0,0,0,0
220062,0,1,1990,10,0,13,0,24,27,31,10,0,0
220062,1,1,1990,0,0,0,0,0,0,0,0,0,0
220063,1,1,1990,0,0,0,0,0,0,10,0,0,0
220064,0,1,1990,0,0,0,0,0,0,0,0,0,0
220064,1,1,1990,0,0,0,0,0,0,0,0,0,0
220065,0,1,1990,20,20,20,20,20,20,20,20,20,20
220065,1,1,1990,0,0,0,0,0,0,0,0,0,0
220066,1,1,1990,0,0,0,0,0,0,0,0,0,0
220067,1,1,1990,12,12,12,12,12,12,12,12,12,12
220067,2,1,1990,0,0,0,0,0,0,0,0,0,0
220068,1,1,1990,0,0,0,0,0,0,0,0,0,0
220069,0,1,1990,2,2,2,2,2,2,2,2,2,2
220069,1,1,1990,15,15,15,15,15,15,15,15,15,15
220070,1,1,1990,0,0,22,0,0,0,0,17,34,0
220071,1,1,1990,0,0,0,0,0,0,0,0,0,0
220071,2,1,1990,23,23,23,23,23,23,23,23,23,23
220072,0,1,1990,0,0,0,0,0,0,0,0,0,0
220072,1,1,1990,0,0,0,0,0,0,0,0,0,0
220073,1,1,1990,17,17,17,17,17,17,17,17,17,17
220074,1,1,1990,0,0,0,0,0,0,0,0,0,0
220074,2,1,1990,1,1,1,1,1,1,1,1,1,1
220075,1,1,1990,13,13,13,13,13,13,13,13,13,13
220075,2,1,1990,29,23,26,15,10,0,0,35,20,5
220076,0,1,1990,17,17,17,17,17,17,17,17,17,17
220076,1,1,1990,0,0,0,0,0,0,0,0,0,0
220077,1,1,1990,0,0,0,0,0,0,0,0,0,0
220077,2,1,1990,16,16,16,16,16,16,16,16,16,16
220078,1,1,1990,0,0,0,0,0,0,0,0,0,0
220079,1,1,1990,26,26,26,26,26,26,26,26,26,26
220079,2,1,1990,0,0,0,0,0,0,0,0,0,0
220080,1,1,1990,38,38,38,38,38,38,38,38,38,38
220081,1,1,1990,0,0,0,0,0,0,0,0,0,0
220081,2,1,1990,0,0,0,0,0,0,0,0,0,0
220082,0,1,1990,0,0,0,0,0,0,0,0,0,0
220082,1,1,1990,6,0,0,0,0,0,0,0,0,0
220082,2,1,1990,0,0,0,0,0,0,0,0,0,0
220083,1,1,1990,0,0,0,0,0,0,0,0,0,0
220083,2,1,1990,0,0,0,0,0,0,0,0,0,0
220084,1,1,1990,0,0,0,0,0,0,0,0,0,0
220084,2,1,1990,0,0,0,0,0,0,0,0,0,0
220085,1,1,1990,0,0,0,0,0,0,0,0,0,0
220085,2,1,1990,0,0,0,0,0,0,0,0,0,0
220085,3,1,1990,0,0,0,0,0,0,0,0,0,0
220086,1,1,1990,22,9,2,26,11,6,22,10,24,26
220087,1,1,1990,12,19,24,0,0,12,0,0,19,13
220087,2,1,1990,0,9,11,0,0,0,0,0,5,0
220087,3,1,1990,0,0,11,0,0,5,0,0,25,0
220088,1,1,1990,23,0,12,0,0,14,0,13,0,0
220088,2,1,1990,0,16,3,0,0,0,0,0,0,0
220089,0,1,1990,14,0,0,0,21,0,0,0,0,22