ST_CASE,VEH_NO,PER_NO,YEAR,P1,P2,P3,P4,P5,P6,P7,P8,P9,P10
220089,1,1,1990,0,0,0,0,0,11,0,11,0,0
220089,3,1,1990,16,0,0,0,0,15,0,0,0,0
220090,1,1,1990,0,0,0,0,0,0,0,0,0,0
220090,2,1,1990,0,0,0,0,0,0,0,0,0,0
220091,1,1,1990,0,0,0,0,0,0,0,0,0,0
220091,2,1,1990,0,0,0,0,0,0,0,0,0,0
220092,1,1,1990,0,0,0,0,0,0,0,0,0,0
220092,2,1,1990,0,0,0,0,0,0,0,0,0,0
220092,3,1,1990,0,0,0,0,0,0,0,0,0,0
220092,4,1,1990,0,0,0,0,0,0,0,0,0,0
220092,5,1,1990,0,0,0,0,0,0,0,0,0,0
220092,6,1,1990,0,0,0,0,0,0,0,0,0,0
220093,0,1,1990,23,23,23,23,23,23,23,23,23,23
220093,1,1,1990,0,0,0,0,0,0,0,0,0,0
220094,1,1,1990,0,0,0,0,0,0,0,0,0,0
220095,0,1,1990,34,34,34,34,34,34,34,34,34,34
220095,1,1,1990,0,0,0,0,0,0,0,0,0,0
220096,1,1,1990,19,19,19,19,19,19,19,19,19,19
220097,1,1,1990,5,5,5,5,5,5,5,5,5,5
220097,2,1,1990,23,23,23,23,23,23,23,23,23,23
220098,1,1,1990,20,20,20,20,20,20,20,20,20,20
220098,2,1,1990,0,0,0,0,0,0,0,0,0,0
220099,1,1,1990,0,0,0,0,0,0,0,0,0,0
220099,2,1,1990,0,0,0,0,0,0,0,0,0,0
220100,1,1,1990,33,33,33,33,33,33,33,33,33,33
220101,0,1,1990,0,0,0,0,0,0,0,0,0,0
220101,1,1,1990,0,0,0,0,0,0,0,0,0,0
220102,0,1,1990,0,0,0,0,0,0,0,0,0,0
220102,1,1,1990,0,0,0,0,0,0,0,0,0,0
220103,1,1,1990,15,15,15,15,15,15,15,15,15,15
220104,1,1,1990,17,17,17,17,17,17,17,17,17,17
220105,1,1,1990,15,15,15,15,15,15,15,15,15,15
220106,1,1,1990,21,21,21,21,21,21,21,21,21,21
220107,1,1,1990,0,0,0,0,0,0,0,0,0,0
220108,1,1,1990,0,0,0,0,0,0,0,0,0,0
220108,2,1,1990,0,0,0,0,0,0,0,0,0,0
220109,1,1,1990,4,0,0,0,0,0,0,0,0,0
220109,2,1,1990,0,0,0,0,0,0,0,0,0,0
220109,3,1,1990,0,0,0,0,0,0,0,3,0,0
220109,4,1,1990,0,0,0,0,0,0,0,0,0,0
220109,5,1,1990,0,0,0,0,0,0,0,0,0,0
220110,1,1,1990,0,0,0,0,0,0,0,0,0,0
220111,0,1,1990,3,3,3,3,3,3,3,3,3,3
220111,1,1,1990,0,0,0,0,0,0,0,0,0,0
220112,1,1,1990,0,0,0,3,0,0,0,0,0,0
220113,1,1,1990,13,13,13,13,13,13,13,13,13,13
220113,2,1,1990,0,0,0,0,0,0,0,0,0,0
220114,1,1,1990,0,0,0,0,0,0,0,0,0,0
220114,2,1,1990,14,14,14,14,14,14,14,14,14,14
220115,1,1,1990,31,31,31,31,31,31,31,31,31,31
220116,1,1,1990,6,6,6,6,6,6,6,6,6,6
220116,2,1,1990,0,0,0,0,0,0,0,0,0,0
220116,3,1,1990,0,0,0,0,0,0,0,0,0,0
220117,1,1,1990,14,14,14,14,14,14,14,14,14,14
220118,1,1,1990,0,0,0,0,0,0,0,0,0,0
220118,2,1,1990,0,0,0,0,0,0,0,0,0,0
220119,1,1,1990,17,17,17,17,17,17,17,17,17,17
220120,1,1,1990,0,0,14,22,0,26,13,0,0,0
220122,1,1,1990,0,0,0,0,0,0,0,0,0,0
220122,2,1,1990,0,0,0,0,0,0,0,0,0,0
220123,1,1,1990,11,0,0,0,0,0,0,0,22,0
220123,2,1,1990,0,0,0,0,0,0,0,0,0,0
220124,0,1,1990,17,17,17,17,17,17,17,17,17,17
220124,1,1,1990,0,0,0,0,0,0,0,0,0,0
220125,1,1,1990,26,26,26,26,26,26,26,26,26,26
220125,2,1,1990,0,0,0,0,0,0,0,0,0,0
220126,1,1,1990,0,0,0,0,0,0,0,0,0,0
220127,0,1,1990,3,3,3,3,3,3,3,3,3,3
220127,1,1,1990,0,0,0,0,0,0,0,0,0,0
220128,1,1,1990,0,0,0,0,0,0,0,0,0,0
220128,2,1,1990,0,0,0,0,0,0,0,0,0,0
220129,0,1,1990,3,3,3,3,3,3,3,3,3,3
220129,1,1,1990,12,12,12,12,12,12,12,12,12,12
220130,1,1,1990,0,0,0,0,0,0,0,0,0,0
220130,2,1,1990,0,0,0,0,0,0,0,0,0,0
220131,1,1,1990,13,13,13,13,13,13,13,13,13,13
220131,2,1,1990,0,0,0,0,0,0,0,0,0,0
220133,1,1,1990,26,26,26,26,26,26,26,26,26,26
220133,2,1,1990,14,14,14,14,14,14,14,14,14,14
220134,1,1,1990,19,25,9,21,0,19,21,8,32,4
220135,1,1,1990,0,0,0,0,9,0,0,0,20,27
220135,2,1,1990,0,0,0,0,0,0,0,0,0,0
220136,1,1,1990,0,0,0,0,0,0,0,0,0,0
220136,2,1,1990,0,0,0,0,0,0,0,0,0,18
220137,1,1,1990,14,14,14,14,14,14,14,14,14,14
220138,1,1,1990,0,0,0,0,0,0,0,0,0,0
220138,2,1,1990,0,0,0,0,0,0,0,0,0,0
220139,0,1,1990,27,28,6,21,0,0,34,33,21,0
220139,1,1,1990,0,0,0,0,0,0,0,0,0,0
220140,0,1,1990,0,0,0,0,0,0,0,0,0,0
220140,1,1,1990,35,0,0,0,0,15,9,0,0,0
220141,1,1,1990,9,9,9,9,9,9,9,9,9,9
220143,1,1,1990,0,0,0,0,0,0,0,0,0,0
220143,2,1,1990,0,0,0,0,0,0,0,0,0,0
220144,1,1,1990,0,10,17,11,12,21,13,4,14,6
220144,2,1,1990,0,0,0,0,0,0,0,0,0,0
220145,0,1,1990,0,0,0,0,0,0,0,0,0,0
220145,0,2,1990,0,0,0,0,18,0,0,0,0,0
220145,0,3,1990,0,0,0,0,0,0,0,0,0,0
220145,0,4,1990,0,0,0,0,20,0,0,0,0,0
220145,0,5,1990,0,10,0,0,0,0,0,0,0,0
220145,1,1,1990,3,3,3,3,3,3,3,3,3,3
220146,0,1,1990,0,0,0,0,0,0,0,0,0,0
220146,1,1,1990,12,12,12,12,12,12,12,12,12,12
220147,1,1,1990,0,0,0,0,0,0,0,0,0,0
220147,2,1,1990,0,0,0,0,0,0,0,0,0,0
220148,1,1,1990,11,11,11,11,11,11,11,11,11,11
220149,1,1,1990,30,30,30,30,30,30,30,30,30,30
220150,1,1,1990,27,27,27,27,27,27,27,27,27,27
220151,1,1,1990,24,24,24,24,24,24,24,24,24,24
220152,0,1,1990,0,0,0,0,0,0,0,0,0,0
220152,1,1,1990,0,0,0,0,0,0,0,0,0,0
220153,1,1,1990,10,10,10,10,10,10,10,10,10,10
220154,1,1,1990,0,0,0,0,0,0,0,0,0,0
220154,2,1,1990,0,0,0,0,0,0,0,0,0,0
220155,1,1,1990,23,23,23,23,23,23,23,23,23,23
220155,2,1,1990,0,0,0,0,0,0,0,0,0,0
220156,1,1,1990,16,16,16,16,16,16,16,16,16,16
220157,1,1,1990,16,16,16,16,16,16,16,16,16,16
220158,1,1,1990,0,0,0,0,0,0,0,0,0,0
220158,2,1,1990,0,0,0,0,0,0,5,0,0,0
220159,0,1,1990,0,0,0,0,0,0,0,0,0,0
220159,1,1,1990,0,0,0,0,0,5,0,0,0,0
220160,1,1,1990,20,20,20,20,20,20,20,20,20,20
220160,2,1,1990,17,17,17,17,17,17,17,17,17,17
220161,0,1,1990,0,0,0,0,0,0,0,0,0,0
220161,1,1,1990,7,0,0,0,0,0,0,0,0,0
220162,1,1,1990,0,13,0,0,0,0,0,9,0,0
220163,1,1,1990,0,0,0,0,0,0,0,0,0,0
220163,2,1,1990,0,0,0,0,0,0,0,0,0,0
220163,3,1,1990,0,0,0,0,0,0,0,0,0,0
220164,1,1,1990,18,18,18,18,18,18,18,18,18,18
220164,2,1,1990,0,0,0,0,0,0,0,0,0,0
220165,1,1,1990,0,0,0,0,0,0,0,12,0,5
220166,0,1,1990,0,0,0,0,0,0,0,0,0,0
220166,1,1,1990,0,0,0,0,0,0,0,0,0,0
220167,1,1,1990,0,0,0,0,0,0,0,0,0,0
220167,2,1,1990,3,3,3,3,3,3,3,3,3,3
220168,1,1,1990,15,15,15,15,15,15,15,15,15,15
220168,2,1,1990,0,0,0,0,0,0,0,0,0,0
220169,1,1,1990,10,10,10,10,10,10,10,10,10,10
220169,2,1,1990,0,0,0,0,0,0,0,0,0,0
220170,1,1,1990,0,0,0,0,0,0,0,0,0,0
220171,1,1,1990,0,0,0,0,0,0,0,0,0,0
220171,2,1,1990,0,0,0,0,0,0,0,0,0,0
220172,1,1,1990,0,0,0,0,0,0,0,0,0,0
220173,1,1,1990,0,18,0,13,14,20,24,27,10,20
220174,1,1,1990,19,14,27,16,7,4,27,9,9,10
220175,1,1,1990,0,0,0,0,0,0,0,12,18,0
220176,0,1,1990,0,0,0,0,0,0,0,32,0,0
220176,1,1,1990,0,0,12,0,0,0,0,0,11,0
220177,1,1,1990,0,0,0,0,0,0,0,0,0,0
220177,2,1,1990,0,0,0,0,0,0,0,0,0,0
220178,1,1,1990,15,15,15,15,15,15,15,15,15,15
220179,1,1,1990,12,12,12,12,12,12,12,12,12,12
220180,1,1,1990,0,17,18,3,0,0,19,14,18,22
220181,1,1,1990,4,4,4,4,4,4,4,4,4,4
220182,1,1,1990,0,0,0,0,10,0,0,0,0,0
220182,2,1,1990,14,0,0,0,0,0,0,0,12,0
220183,0,1,1990,4,4,4,4,4,4,4,4,4,4
220183,1,1,1990,0,0,0,0,0,0,0,0,0,0
220184,1,1,1990,0,0,0,0,0,0,0,0,0,0
220184,2,1,1990,0,0,0,0,28,18,0,18,0,0
220185,1,1,1990,0,0,0,0,0,0,0,0,0,0
220185,2,1,1990,0,0,0,0,0,0,0,0,0,0
220185,3,1,1990,0,0,0,0,0,0,0,0,0,0
220186,1,1,1990,19,19,19,19,19,19,19,19,19,19
220187,1,1,1990,13,13,13,13,13,13,13,13,13,13
220188,0,1,1990,0,0,0,0,0,0,0,0,0,0
220188,1,1,1990,0,0,0,0,0,0,0,0,0,0
220189,1,1,1990,0,0,0,0,0,0,0,0,0,0
220189,2,1,1990,0,0,0,0,0,0,0,0,0,0
220190,0,1,1990,0,0,0,0,0,0,0,0,0,0
220190,1,1,1990,0,0,0,0,0,0,0,27,0,0
220191,0,1,1990,0,0,0,0,0,0,0,0,0,0
220191,1,1,1990,0,0,0,0,0,0,0,0,0,0
220192,1,1,1990,0,0,0,0,0,0,0,0,0,0
220193,0,1,1990,0,0,0,0,0,0,0,0,0,0
220193,1,1,1990,0,0,0,0,0,0,0,0,0,0
220193,2,1,1990,0,0,0,0,0,0,0,0,0,0
220194,1,1,1990,0,7,0,0,15,0,4,17,17,0
220195,0,1,1990,0,0,0,0,0,0,0,0,0,0
220195,1,1,1990,0,0,0,0,0,0,0,0,0,0
220197,1,1,1990,15,15,15,15,15,15,15,15,15,15
220198,1,1,1990,16,16,16,16,16,16,16,16,16,16
220199,1,1,1990,0,0,0,0,0,0,0,0,0,16
220199,2,1,1990,10,10,10,10,10,10,10,10,10,10
220200,1,1,1990,0,0,0,0,0,0,0,0,0,0
220201,1,1,1990,9,34,20,15,18,16,12,3,12,0
220201,2,1,1990,0,0,0,0,0,0,0,0,0,0
220202,0,1,1990,0,0,0,0,0,0,0,0,0,0
220202,1,1,1990,0,0,0,0,0,0,0,0,0,0
220203,1,1,1990,0,0,0,0,0,0,0,0,0,0
220203,2,1,1990,32,32,32,32,32,32,32,32,32,32
220204,1,1,1990,13,13,13,13,13,13,13,13,13,13
220205,1,1,1990,18,18,18,18,18,18,18,18,18,18
220205,2,1,1990,12,12,12,12,12,12,12,12,12,12
220206,1,1,1990,15,0,0,0,0,0,0,0,0,0
220206,2,1,1990,0,0,0,0,0,0,0,0,0,0
220207,1,1,1990,7,7,7,7,7,7,7,7,7,7
220208,1,1,1990,10,10,10,10,10,10,10,10,10,10
220209,1,1,1990,0,0,0,0,0,0,0,0,0,0
220209,2,1,1990,0,0,0,0,0,0,0,0,0,0
220210,1,1,1990,12,12,12,12,12,12,12,12,12,12
220211,1,1,1990,0,0,0,0,0,0,0,0,0,0
220211,2,1,1990,0,0,0,0,0,0,0,0,0,0
220212,0,1,1990,0,0,0,0,0,0,0,0,0,0
220212,1,1,1990,0,0,0,0,0,0,0,0,0,0
220213,1,1,1990,0,0,0,0,0,0,0,0,0,0
220214,1,1,1990,20,20,20,20,20,20,20,20,20,20
220214,2,1,1990,6,6,6,6,6,6,6,6,6,6
220215,1,1,1990,10,10,10,10,10,10,10,10,10,10
220216,1,1,1990,0,0,0,0,0,0,0,0,0,0
220216,2,1,1990,0,0,0,0,0,0,0,0,9,0
220217,1,1,1990,19,19,19,19,19,19,19,19,19,19
220218,1,1,1990,0,0,0,0,0,0,44,0,13,0
220218,2,1,1990,34,34,34,34,34,34,34,34,34,34
220219,1,1,1990,0,0,0,0,0,0,0,0,0,0
220219,2,1,1990,0,0,0,0,0,0,0,0,0,0
220220,1,1,1990,7,7,7,7,7,7,7,7,7,7
220221,1,1,1990,0,0,0,0,14,0,12,30,0,0
220221,2,1,1990,0,0,0,0,0,0,0,0,0,0
220222,0,1,1990,19,17,0,4,24,15,0,31,16,20
220222,1,1,1990,0,6,0,0,26,21,12,19,0,17
220223,1,1,1990,8,8,8,8,8,8,8,8,8,8
220223,2,1,1990,0,0,0,0,0,0,0,0,0,0
220224,1,1,1990,0,0,0,0,0,0,0,0,17,0
220225,1,1,1990,0,0,0,0,0,0,0,0,0,0
220225,2,1,1990,0,0,0,0,0,0,0,0,0,0
220226,1,1,1990,0,0,0,0,0,0,0,0,0,0
220226,2,1,1990,0,0,0,0,0,0,0,0,0,0
220227,1,1,1990,0,0,0,0,0,0,0,0,0,0
220227,2,1,1990,0,0,0,0,0,0,0,0,0,0
220228,1,1,1990,20,20,20,20,20,20,20,20,20,20
220229,1,1,1990,33,33,33,33,33,33,33,33,33,33
220230,1,1,1990,17,17,17,17,17,17,17,17,17,17
220231,1,1,1990,0,0,0,0,0,0,0,0,0,0
220231,2,1,1990,8,0,0,0,0,0,6,0,0,0
220232,1,1,1990,10,10,10,10,10,10,10,10,10,10
220232,2,1,1990,0,0,0,0,0,0,0,0,0,0
220233,1,1,1990,21,21,21,21,21,21,21,21,21,21
220233,2,1,1990,23,23,23,23,23,23,23,23,23,23
220234,0,1,1990,0,0,0,0,0,0,0,0,0,0
220234,1,1,1990,0,0,0,0,0,0,0,0,0,0
220235,1,1,1990,21,21,21,21,21,21,21,21,21,21
220236,1,1,1990,17,17,17,17,17,17,17,17,17,17
220236,2,1,1990,0,0,0,0,0,0,0,0,0,0
220237,1,1,1990,0,0,0,0,0,0,0,0,0,0
220238,1,1,1990,4,4,4,4,4,4,4,4,4,4
220239,1,1,1990,19,18,16,18,20,26,0,20,18,33
220240,1,1,1990,36,36,36,36,36,36,36,36,36,36
220241,1,1,1990,9,20,5,23,0,20,16,24,0,19
220242,1,1,1990,7,7,7,7,7,7,7,7,7,7
220243,1,1,1990,0,0,0,0,0,0,0,0,0,0
220243,2,1,1990,0,0,0,0,0,0,0,0,0,0
220244,0,1,1990,22,22,22,22,22,22,22,22,22,22
220244,1,1,1990,1,1,1,1,1,1,1,1,1,1
220245,1,1,1990,25,25,25,25,25,25,25,25,25,25
220247,1,1,1990,11,11,11,11,11,11,11,11,11,11
220247,2,1,1990,0,0,0,0,0,0,0,0,0,0
220248,1,1,1990,0,0,0,0,0,0,0,0,0,0
220248,2,1,1990,0,0,0,0,0,0,0,0,0,0
220249,1,1,1990,0,0,0,0,0,0,0,0,0,0
220249,2,1,1990,0,0,0,0,0,0,0,0,0,0
220250,1,1,1990,13,13,13,13,13,13,13,13,13,13
220251,1,1,1990,0,0,0,0,0,0,0,0,0,0
220251,2,1,1990,0,0,0,0,0,0,0,0,0,0
220252,1,1,1990,26,26,26,26,26,26,26,26,26,26
220253,1,1,1990,0,0,0,22,0,0,11,0,0,20
220254,1,1,1990,0,0,0,0,0,0,0,0,0,0
220254,2,1,1990,20,20,20,20,20,20,20,20,20,20
220254,3,1,1990,0,0,0,0,0,0,0,0,21,0
220255,1,1,1990,0,0,0,0,0,0,0,0,0,0
220255,2,1,1990,0,0,0,0,0,0,0,0,0,0
220255,3,1,1990,0,0,0,0,0,0,0,0,0,0
220256,1,1,1990,30,30,30,30,30,30,30,30,30,30
220256,2,1,1990,0,0,0,0,0,0,0,0,0,0
220256,3,1,1990,4,4,4,4,4,4,4,4,4,4
220257,1,1,1990,0,11,0,0,0,0,11,0,0,0
220257,2,1,1990,0,0,0,0,0,0,0,0,0,0
220258,1,1,1990,20,20,20,20,20,20,20,20,20,20
220259,1,1,1990,0,0,0,0,0,0,0,0,0,0
220259,2,1,1990,2,2,2,2,2,2,2,2,2,2
220259,3,1,1990,0,0,0,0,0,0,0,0,0,0
220260,0,1,1990,0,0,0,0,0,0,0,0,0,0
220260,1,1,1990,17,17,17,17,17,17,17,17,17,17
220261,0,1,1990,0,0,0,0,0,0,0,0,0,0
220261,1,1,1990,6,6,6,6,6,6,6,6,6,6
220262,0,1,1990,0,0,0,0,0,0,0,0,0,0
220262,1,1,1990,0,0,0,0,0,0,0,0,0,0
220263,1,1,1990,0,0,0,0,0,0,0,0,0,0
220263,2,1,1990,0,0,0,7,0,0,0,0,0,0
220264,1,1,1990,21,21,21,21,21,21,21,21,21,21
220265,1,1,1990,0,4,15,0,0,0,12,0,14,0
220266,1,1,1990,0,0,0,0,0,0,0,0,0,0
220267,1,1,1990,0,0,0,0,0,0,0,0,0,0
220267,2,1,1990,0,0,0,0,0,0,0,0,0,0
220268,1,1,1990,0,0,0,0,0,0,0,0,0,0
220268,2,1,1990,12,12,12,12,12,12,12,12,12,12
220269,1,1,1990,16,16,16,16,16,16,16,16,16,16
220269,2,1,1990,0,0,0,0,0,0,0,0,0,0
220270,1,1,1990,29,29,29,29,29,29,29,29,29,29
220271,0,1,1990,29,29,29,29,29,29,29,29,29,29
220271,1,1,1990,0,0,0,0,0,0,0,0,0,0
220272,1,1,1990,0,0,0,0,0,0,0,0,0,0
220273,1,1,1990,0,0,0,0,0,0,0,0,0,0
220274,1,1,1990,1,1,1,1,1,1,1,1,1,1
220274,2,1,1990,0,0,0,0,0,0,0,5,0,0
220275,1,1,1990,11,11,11,11,11,11,11,11,11,11
220276,1,1,1990,2,2,2,2,2,2,2,2,2,2
220276,2,1,1990,0,0,0,0,0,0,0,0,0,0
220277,0,1,1990,27,27,27,27,27,27,27,27,27,27
220277,1,1,1990,13,20,14,7,31,0,24,22,0,12
220278,1,1,1990,0,0,0,0,0,0,0,0,0,0
220278,2,1,1990,0,0,0,0,0,0,0,0,0,0
220279,1,1,1990,0,0,0,0,0,0,0,0,0,0
220280,1,1,1990,0,0,0,0,0,0,0,0,0,0
220281,0,1,1990,38,38,38,38,38,38,38,38,38,38
220281,1,1,1990,0,0,0,0,0,0,0,0,0,0
220282,1,1,1990,3,3,3,3,3,3,3,3,3,3
220282,2,1,1990,0,0,0,0,0,0,0,0,0,0
220283,1,1,1990,21,21,21,21,21,21,21,21,21,21
220283,2,1,1990,0,0,0,0,0,0,0,0,0,0
220284,1,1,1990,18,18,18,18,18,18,18,18,18,18
220285,1,1,1990,0,0,0,0,0,0,0,0,0,0
220285,2,1,1990,0,0,0,0,0,0,0,0,0,0
220286,1,1,1990,15,15,15,15,15,15,15,15,15,15
220287,1,1,1990,0,0,0,0,0,0,0,0,0,0
220288,0,1,1990,0,24,0,0,4,0,24,25,25,0
220288,1,1,1990,17,0,0,10,0,0,25,0,0,0
220289,1,1,1990,8,0,28,5,6,20,14,7,0,0
220289,2,1,1990,0,0,0,0,0,0,0,0,0,0
220290,0,1,1990,0,0,0,0,0,0,0,0,0,0
220290,1,1,1990,0,0,0,0,0,0,0,0,0,0
220291,1,1,1990,0,0,0,0,0,0,0,0,0,0
220292,1,1,1990,0,0,0,0,0,0,0,0,0,0
220292,2,1,1990,25,25,25,25,25,25,25,25,25,25
220293,1,1,1990,0,0,0,0,0,0,0,0,0,0
220294,1,1,1990,6,6,6,6,6,6,6,6,6,6
220295,1,1,1990,0,0,0,0,0,0,0,0,0,0
220296,0,1,1990,2,2,2,2,2,2,2,2,2,2
220296,1,1,1990,28,0,0,0,0,15,16,7,0,26
220297,0,1,1990,0,0,0,0,0,0,0,0,0,0
220297,1,1,1990,0,0,0,0,0,0,0,0,0,0
220298,1,1,1990,0,0,0,0,0,0,0,0,0,0
220299,1,1,1990,0,0,0,0,0,0,0,0,0,0
220299,2,1,1990,0,0,0,0,0,0,0,0,0,0
220300,0,1,1990,24,24,24,24,24,24,24,24,24,24
220300,1,1,1990,2,2,2,2,2,2,2,2,2,2
220301,1,1,1990,0,0,0,0,0,0,0,0,0,0
220302,1,1,1990,15,15,15,15,15,15,15,15,15,15
220302,2,1,1990,0,0,0,0,0,0,0,0,0,0
220303,1,1,1990,22,13,18,28,9,12,6,0,17,16
220304,1,1,1990,32,32,32,32,32,32,32,32,32,32
220305,1,1,1990,38,38,38,38,38,38,38,38,38,38
220305,2,1,1990,0,0,0,0,0,0,0,0,0,0
220305,3,1,1990,0,0,0,0,0,0,0,0,0,0
220306,0,1,1990,0,0,0,0,0,0,0,0,0,0
220306,1,1,1990,0,0,0,0,0,0,0,0,0,0
220307,1,1,1990,0,0,0,0,0,0,0,0,0,0
220307,2,1,1990,19,21,8,15,15,22,4,20,16,25
220308,0,1,1990,24,13,10,0,0,35,29,0,0,0
220308,1,1,1990,0,0,27,0,0,0,0,0,0,0
220309,1,1,1990,0,0,0,0,0,0,5,0,0,0
220309,2,1,1990,0,0,0,0,0,0,0,0,0,0
220309,3,1,1990,0,0,0,0,0,0,0,0,0,0
220310,0,1,1990,0,0,0,0,0,0,0,0,0,0
220310,1,1,1990,0,0,0,0,0,0,0,0,0,0
220311,1,1,1990,0,0,3,0,0,0,0,0,0,0
220311,2,1,1990,0,0,0,0,0,0,0,0,0,0
220312,1,1,1990,0,0,0,0,0,0,0,0,0,0
220313,1,1,1990,21,0,0,8,0,18,10,3,0,0
220314,1,1,1990,20,20,20,20,20,20,20,20,20,20
220315,1,1,1990,21,21,21,21,21,21,21,21,21,21
220316,0,1,1990,12,12,12,12,12,12,12,12,12,12
220316,1,1,1990,11,11,11,11,11,11,11,11,11,11
220317,1,1,1990,0,0,13,0,0,0,0,5,12,0
220318,1,1,1990,0,0,0,0,0,0,0,0,0,0
220318,2,1,1990,0,0,0,0,0,0,0,0,0,0
220319,1,1,1990,0,0,0,0,0,0,0,0,0,0
220319,2,1,1990,0,0,0,0,0,0,0,0,0,0
220319,3,1,1990,0,0,0,0,0,0,0,0,0,0
220319,4,1,1990,0,0,0,0,0,0,0,0,0,0
220320,0,1,1990,10,17,0,0,0,18,0,0,0,0
220320,1,1,1990,11,11,11,11,11,11,11,11,11,11
220321,1,1,1990,14,14,14,14,14,14,14,14,14,14
220321,2,1,1990,6,0,0,0,0,0,0,0,0,0
220321,3,1,1990,0,0,0,0,0,0,0,0,0,0
220322,1,1,1990,0,0,0,0,0,0,0,0,0,0
220322,2,1,1990,0,0,0,0,0,0,0,0,0,0
220323,1,1,1990,4,4,4,4,4,4,4,4,4,4
220323,2,1,1990,0,0,0,0,0,0,0,0,0,0
220324,1,1,1990,9,0,0,0,0,0,27,8,15,25
220325,1,1,1990,4,4,4,4,4,4,4,4,4,4
220326,1,1,1990,18,18,18,18,18,18,18,18,18,18
220327,1,1,1990,13,13,13,13,13,13,13,13,13,13
220328,1,1,1990,22,0,0,31,0,0,31,0,0,27
220329,1,1,1990,0,0,0,0,0,0,0,11,0,0
220329,2,1,1990,0,0,0,0,0,0,0,0,0,0
220330,1,1,1990,12,12,12,12,12,12,12,12,12,12
220331,0,1,1990,33,24,21,18,17,33,15,41,0,0
220331,1,1,1990,10,10,10,10,10,10,10,10,10,10
220332,1,1,1990,15,15,15,15,15,15,15,15,15,15
220333,1,1,1990,0,0,0,0,0,0,0,0,0,0
220333,2,1,1990,0,5,0,0,0,0,7,0,0,0
220334,1,1,1990,4,0,0,6,14,0,0,0,8,0
220335,0,1,1990,0,0,32,0,0,0,0,0,0,0
220335,1,1,1990,0,0,0,0,0,0,0,0,0,0
220336,1,1,1990,17,10,9,15,7,16,0,13,15,15
220337,1,1,1990,0,0,0,0,0,0,0,0,12,0
220337,2,1,1990,14,14,14,14,14,14,14,14,14,14
220338,1,1,1990,0,0,0,0,0,0,0,0,0,0
220339,1,1,1990,0,0,0,0,0,0,0,0,0,0
220340,1,1,1990,0,0,0,0,0,0,0,0,0,0
220341,1,1,1990,0,0,0,0,0,0,0,0,0,0
220341,2,1,1990,9,9,9,9,9,9,9,9,9,9
220341,3,1,1990,0,0,0,0,0,0,0,0,0,0
220342,1,1,1990,34,34,34,34,34,34,34,34,34,34
220342,2,1,1990,0,0,0,0,0,0,0,0,0,0
220343,1,1,1990,0,0,0,0,0,0,0,0,0,0
220343,2,1,1990,5,5,5,5,5,5,5,5,5,5
220344,1,1,1990,4,4,4,4,4,4,4,4,4,4
220345,1,1,1990,9,21,8,0,0,18,19,9,6,10
220346,1,1,1990,15,15,15,15,15,15,15,15,15,15
220347,1,1,1990,11,0,15,0,18,23,39,12,2,21
220348,0,1,1990,1,1,1,1,1,1,1,1,1,1
220348,1,1,1990,0,0,0,0,0,0,0,0,0,0
220349,0,1,1990,22,22,22,22,22,22,22,22,22,22
220349,1,1,1990,0,0,0,0,0,0,0,0,0,0
220350,1,1,1990,19,25,26,11,29,21,17,7,33,22
220351,0,1,1990,12,12,12,12,12,12,12,12,12,12
220351,1,1,1990,10,10,10,10,10,10,10,10,10,10
220352,1,1,1990,11,0,0,0,19,0,9,0,6,11
220352,2,1,1990,15,11,0,0,0,0,0,0,7,0
220353,0,1,1990,13,13,13,13,13,13,13,13,13,13
220353,1,1,1990,0,0,9,0,0,0,0,0,0,0
220354,1,1,1990,0,0,0,0,0,0,0,0,0,0
220354,2,1,1990,0,0,0,0,0,0,0,0,0,0
220355,1,1,1990,32,32,32,32,32,32,32,32,32,32
220355,2,1,1990,0,0,0,0,0,0,0,0,0,0
220356,1,1,1990,2,2,2,2,2,2,2,2,2,2
220356,2,1,1990,0,0,0,0,0,0,0,0,0,0
220357,1,1,1990,0,0,0,0,17,0,0,0,0,0
220357,2,1,1990,0,0,17,15,15,0,8,14,9,17
220358,1,1,1990,26,20,0,17,40,20,23,13,4,32
220359,1,1,1990,0,0,0,0,0,0,0,0,0,0
220359,2,1,1990,0,0,0,0,0,0,0,0,0,0
220360,1,1,1990,0,0,0,0,0,0,0,0,0,0
220360,2,1,1990,5,5,5,5,5,5,5,5,5,5
220361,1,1,1990,0,0,0,0,0,0,0,0,0,0
220361,2,1,1990,21,21,21,21,21,21,21,21,21,21
220362,1,1,1990,0,0,0,0,0,0,0,0,0,0
220363,1,1,1990,9,9,9,9,9,9,9,9,9,9
220364,1,1,1990,19,19,19,19,19,19,19,19,19,19
220364,2,1,1990,0,0,0,0,0,0,4,0,0,0
220365,1,1,1990,0,0,0,0,0,0,0,0,0,0