ST_CASE,VEH_NO,PER_NO,YEAR,P1,P2,P3,P4,P5,P6,P7,P8,P9,P10
220366,1,1,1990,0,0,0,0,0,0,0,0,0,0
220366,2,1,1990,0,0,0,0,0,0,0,0,0,0
220367,1,1,1990,0,0,0,0,0,0,0,0,0,0
220367,2,1,1990,0,0,0,30,15,27,20,0,0,0
220367,3,1,1990,0,0,0,0,0,0,0,0,0,0
220367,4,1,1990,0,0,0,0,0,0,0,0,9,0
220367,5,1,1990,0,0,0,0,0,0,11,0,0,0
220368,1,1,1990,0,0,0,0,0,0,0,0,0,0
220368,2,1,1990,11,0,0,0,0,0,0,0,0,0
220369,1,1,1990,16,16,16,16,16,16,16,16,16,16
220370,1,1,1990,24,0,0,0,0,0,0,0,16,0
220370,2,1,1990,0,0,5,0,6,16,0,0,25,12
220371,0,1,1990,14,14,14,14,14,14,14,14,14,14
220371,1,1,1990,0,0,0,0,0,0,0,0,0,0
220372,1,1,1990,0,0,15,0,17,16,0,0,23,34
220373,1,1,1990,0,0,0,0,0,0,0,0,0,0
220373,2,1,1990,0,0,0,0,0,0,0,0,0,0
220374,1,1,1990,0,0,0,0,0,0,0,0,0,0
220374,2,1,1990,0,0,0,0,0,0,0,0,0,0
220375,1,1,1990,2,2,2,2,2,2,2,2,2,2
220375,2,1,1990,0,0,0,0,0,0,0,0,0,0
220376,1,1,1990,7,7,7,7,7,7,7,7,7,7
220377,1,1,1990,0,0,9,0,0,0,0,0,0,0
220377,2,1,1990,0,0,0,0,0,0,0,0,0,0
220378,1,1,1990,0,0,0,0,0,0,20,0,0,0
220378,2,1,1990,0,0,0,0,0,0,0,0,0,0
220379,1,1,1990,33,5,28,10,29,11,0,6,11,15
220380,1,1,1990,0,21,0,20,0,14,13,11,25,0
220381,1,1,1990,0,0,0,0,0,0,0,0,0,0
220382,1,1,1990,15,15,15,15,15,15,15,15,15,15
220383,1,1,1990,18,18,18,18,18,18,18,18,18,18
220383,2,1,1990,0,19,0,23,0,19,0,0,0,8
220384,1,1,1990,12,12,12,12,12,12,12,12,12,12
220385,0,1,1990,22,22,22,22,22,22,22,22,22,22
220385,1,1,1990,0,0,0,0,0,0,0,0,0,0
220386,1,1,1990,13,13,13,13,13,13,13,13,13,13
220387,1,1,1990,0,0,0,0,0,0,0,0,0,0
220387,2,1,1990,0,0,0,0,0,0,0,0,0,0
220388,1,1,1990,14,9,44,0,0,18,31,24,13,20
220389,0,1,1990,2,2,2,2,2,2,2,2,2,2
220389,0,2,1990,0,11,0,17,39,10,0,24,0,27
220389,1,1,1990,3,3,3,3,3,3,3,3,3,3
220390,0,1,1990,21,13,15,0,39,34,0,0,15,20
220390,1,1,1990,0,0,0,0,0,14,0,0,0,0
220391,1,1,1990,17,17,17,17,17,17,17,17,17,17
220392,1,1,1990,11,11,11,11,11,11,11,11,11,11
220393,1,1,1990,0,0,0,0,0,0,0,0,0,0
220393,2,1,1990,16,20,0,0,0,0,0,0,0,0
220394,1,1,1990,0,0,0,14,19,0,9,10,0,0
220394,2,1,1990,0,0,0,0,0,0,0,0,0,0
220394,3,1,1990,0,0,0,0,0,0,0,0,0,0
220395,1,1,1990,17,17,17,17,17,17,17,17,17,17
220395,2,1,1990,0,0,0,0,0,0,0,0,0,0
220396,1,1,1990,0,0,0,0,0,0,0,0,0,0
220396,2,1,1990,0,0,0,0,0,0,0,0,0,0
220397,1,1,1990,14,14,14,14,14,14,14,14,14,14
220397,2,1,1990,0,0,0,0,0,0,0,0,0,0
220398,0,1,1990,15,15,15,15,15,15,15,15,15,15
220398,1,1,1990,6,29,0,0,21,0,11,14,11,14
220399,1,1,1990,0,0,0,0,0,0,0,0,0,0
220399,2,1,1990,0,0,0,0,0,0,0,0,0,0
220400,1,1,1990,24,24,24,24,24,24,24,24,24,24
220401,1,1,1990,0,0,0,0,0,0,0,0,0,0
220401,2,1,1990,26,18,3,19,14,11,10,29,0,28
220402,1,1,1990,0,0,0,0,0,0,0,0,0,0
220402,2,1,1990,0,0,0,0,0,0,0,0,0,0
220403,0,1,1990,0,0,0,0,0,0,0,0,0,0
220403,1,1,1990,0,0,0,0,0,0,0,0,0,0
220404,1,1,1990,19,23,18,0,31,33,0,0,0,0
220405,1,1,1990,10,10,10,10,10,10,10,10,10,10
220406,1,1,1990,28,28,28,28,28,28,28,28,28,28
220406,2,1,1990,0,0,0,0,0,0,0,0,0,0
220406,3,1,1990,0,0,0,0,0,0,0,0,3,7
220407,1,1,1990,0,0,0,0,0,0,0,0,0,0
220407,2,1,1990,0,0,0,0,0,0,0,0,0,0
220408,1,1,1990,20,29,31,12,34,17,21,2,0,11
220409,1,1,1990,0,0,15,0,4,19,0,0,0,11
220409,2,1,1990,0,0,0,0,0,0,0,0,0,0
220410,1,1,1990,0,0,0,0,21,0,0,0,0,13
220411,0,1,1990,6,6,0,27,0,14,8,18,23,12
220411,1,1,1990,0,4,0,0,12,0,0,10,11,0
220412,1,1,1990,21,12,7,12,36,19,7,18,9,18
220413,1,1,1990,0,29,29,19,21,18,5,14,0,13
220414,1,1,1990,24,24,24,24,24,24,24,24,24,24
220416,1,1,1990,16,16,16,16,16,16,16,16,16,16
220417,1,1,1990,0,0,0,0,0,0,0,0,0,11
220418,1,1,1990,8,8,8,8,8,8,8,8,8,8
220419,1,1,1990,0,0,0,0,0,0,0,0,0,0
220419,2,1,1990,0,0,0,0,0,0,0,0,0,0
220419,3,1,1990,0,0,0,0,0,0,0,0,0,0
220420,1,1,1990,19,13,22,7,3,23,5,17,5,6
220421,1,1,1990,0,0,0,0,0,0,0,0,0,0
220421,2,1,1990,0,0,0,0,0,0,0,0,0,0
220422,0,1,1990,37,23,21,0,37,11,0,0,23,15
220422,1,1,1990,0,0,0,0,0,0,0,0,0,0
220422,2,1,1990,0,0,0,0,0,0,0,9,0,0
220423,1,1,1990,0,0,0,0,0,0,0,0,0,0
220424,1,1,1990,18,18,18,18,18,18,18,18,18,18
220425,1,1,1990,0,0,0,0,0,0,0,0,0,0
220425,2,1,1990,0,0,0,0,0,0,0,0,0,0
220426,1,1,1990,0,0,0,0,0,0,0,0,0,0
220426,2,1,1990,0,0,0,0,0,0,0,0,0,0
220427,1,1,1990,22,30,13,9,15,23,11,25,14,23
220428,1,1,1990,0,0,0,0,0,0,0,0,0,0
220429,1,1,1990,0,0,0,0,0,0,0,0,0,0
220430,1,1,1990,18,18,18,18,18,18,18,18,18,18
220430,2,1,1990,0,0,0,0,0,0,0,0,0,0
220431,0,1,1990,0,0,0,0,0,0,0,0,0,0
220431,1,1,1990,0,0,0,0,0,0,0,0,0,0
220432,1,1,1990,0,0,0,0,0,0,0,0,0,0
220433,1,1,1990,19,19,19,19,19,19,19,19,19,19
220434,1,1,1990,23,23,23,23,23,23,23,23,23,23
220435,1,1,1990,3,3,3,3,3,3,3,3,3,3
220436,1,1,1990,0,0,0,0,0,0,0,0,0,0
220436,2,1,1990,0,0,0,0,0,0,0,0,0,0
220437,1,1,1990,0,0,0,0,0,0,0,0,0,0
220437,2,1,1990,0,0,0,0,0,0,0,0,0,0
220438,1,1,1990,0,0,0,0,0,8,13,0,0,0
220438,2,1,1990,0,0,5,0,0,0,0,0,0,0
220439,1,1,1990,0,0,0,0,0,0,8,0,0,0
220440,1,1,1990,14,9,14,18,24,0,13,0,5,10
220441,0,1,1990,1,1,1,1,1,1,1,1,1,1
220441,1,1,1990,0,0,0,0,0,0,0,0,0,0
220442,1,1,1990,29,29,29,29,29,29,29,29,29,29
220443,1,1,1990,14,14,14,14,14,14,14,14,14,14
220444,1,1,1990,28,28,28,28,28,28,28,28,28,28
220445,1,1,1990,0,0,0,0,0,0,0,0,0,0
220446,1,1,1990,0,0,0,0,0,0,0,0,0,0
220446,2,1,1990,0,0,0,0,0,0,0,0,0,0
220447,1,1,1990,8,8,8,8,8,8,8,8,8,8
220448,0,1,1990,0,0,0,0,0,0,0,0,0,0
220448,1,1,1990,0,0,0,0,0,0,0,0,0,0
220449,1,1,1990,20,20,20,20,20,20,20,20,20,20
220450,1,1,1990,14,18,29,0,3,29,13,30,24,0
220451,0,1,1990,18,18,18,18,18,18,18,18,18,18
220451,1,1,1990,0,0,0,0,0,0,0,0,0,0
220452,1,1,1990,0,0,0,0,0,0,0,0,0,0
220453,0,1,1990,0,0,0,0,0,0,0,0,0,0
220453,1,1,1990,0,0,0,0,0,0,0,0,0,0
220454,1,1,1990,0,0,13,4,23,0,12,0,16,13
220454,2,1,1990,0,0,20,0,0,0,11,0,0,8
220455,1,1,1990,0,0,0,0,0,0,0,0,0,0
220456,1,1,1990,0,0,0,0,0,0,0,0,0,0
220457,1,1,1990,0,0,0,0,0,0,0,0,0,0
220457,2,1,1990,0,0,0,0,0,0,0,0,0,0
220458,1,1,1990,15,15,15,15,15,15,15,15,15,15
220459,1,1,1990,0,0,0,0,0,0,0,0,0,0
220460,1,1,1990,12,12,12,12,12,12,12,12,12,12
220461,1,1,1990,1,1,1,1,1,1,1,1,1,1
220462,0,1,1990,0,0,0,0,0,0,0,0,0,0
220462,1,1,1990,22,22,22,22,22,22,22,22,22,22
220463,1,1,1990,8,0,0,0,0,0,9,0,0,19
220463,2,1,1990,0,0,0,0,0,0,0,0,0,0
220464,1,1,1990,0,0,0,0,0,0,0,0,0,0
220464,2,1,1990,0,0,0,0,0,0,0,0,0,0
220465,1,1,1990,0,0,0,0,0,0,0,0,0,0
220466,1,1,1990,0,0,0,0,0,0,0,0,0,0
220467,1,1,1990,11,0,0,17,0,0,18,0,10,12
220468,1,1,1990,0,0,0,0,0,0,0,0,0,0
220468,2,1,1990,0,7,27,0,0,9,0,0,0,0
220469,1,1,1990,0,0,0,0,0,0,0,0,0,0
220469,2,1,1990,7,0,0,0,0,0,0,0,0,0
220471,0,1,1990,0,0,0,23,10,0,28,3,0,19
220471,1,1,1990,1,1,1,1,1,1,1,1,1,1
220472,1,1,1990,0,0,0,0,0,0,0,0,0,0
220472,2,1,1990,0,0,0,0,0,0,0,0,0,0
220473,1,1,1990,27,11,31,0,10,26,22,16,21,23
220473,2,1,1990,0,0,0,0,0,11,0,0,0,6
220474,0,1,1990,0,0,0,0,0,0,0,0,0,0
220474,1,1,1990,0,0,0,0,0,0,0,0,0,0
220475,1,1,1990,0,0,0,0,0,0,0,0,0,0
220475,2,1,1990,16,16,16,16,16,16,16,16,16,16
220476,1,1,1990,18,11,30,0,12,0,13,0,17,24
220477,1,1,1990,0,0,0,0,0,0,0,5,0,0
220477,2,1,1990,0,0,0,0,0,0,0,0,0,0
220478,1,1,1990,0,0,16,0,0,0,0,0,0,0
220478,2,1,1990,0,26,0,0,0,0,0,0,0,0
220478,3,1,1990,0,0,0,0,0,0,0,0,0,0
220479,1,1,1990,19,19,19,19,19,19,19,19,19,19
220480,1,1,1990,0,9,0,6,5,0,0,0,0,0
220481,1,1,1990,0,0,0,0,0,0,0,0,0,0
220482,0,1,1990,0,0,0,0,0,0,0,0,0,0
220482,1,1,1990,0,0,0,0,0,0,0,0,0,0
220483,1,1,1990,0,0,11,11,9,0,0,0,0,0
220483,2,1,1990,0,0,0,0,0,0,0,0,0,0
220484,0,1,1990,30,30,30,30,30,30,30,30,30,30
220484,1,1,1990,1,1,1,1,1,1,1,1,1,1
220485,1,1,1990,26,26,26,26,26,26,26,26,26,26
220486,1,1,1990,8,8,8,8,8,8,8,8,8,8
220487,0,1,1990,0,0,0,0,0,0,0,0,0,0
220487,1,1,1990,0,0,0,0,0,0,0,0,0,0
220488,1,1,1990,0,9,17,0,30,0,15,0,0,13
220489,0,1,1990,20,20,20,20,20,20,20,20,20,20
220489,1,1,1990,0,0,0,0,0,0,0,0,0,0
220490,1,1,1990,0,0,0,0,0,0,0,0,0,0
220490,2,1,1990,0,0,0,0,0,0,0,0,0,0
220491,0,1,1990,33,33,33,33,33,33,33,33,33,33
220491,1,1,1990,8,8,8,8,8,8,8,8,8,8
220493,1,1,1990,35,35,35,35,35,35,35,35,35,35
220494,1,1,1990,0,0,0,0,10,0,0,0,0,0
220494,2,1,1990,0,0,0,0,0,0,0,0,0,0
220495,0,1,1990,12,12,12,12,12,12,12,12,12,12
220495,1,1,1990,0,0,0,0,0,0,0,0,0,0
220496,1,1,1990,0,0,0,20,0,0,0,0,0,0
220497,1,1,1990,0,0,23,0,0,0,13,0,0,0
220498,0,1,1990,23,23,23,23,23,23,23,23,23,23
220498,1,1,1990,26,0,0,0,0,0,0,0,0,0
220499,0,1,1990,21,0,0,0,0,0,0,0,0,0
220499,1,1,1990,0,0,0,0,0,0,0,0,0,0
220500,0,1,1990,0,0,0,0,0,0,0,0,0,0
220500,0,2,1990,0,0,0,0,0,0,0,0,0,0
220500,1,1,1990,0,0,0,0,0,0,0,0,0,0
220501,1,1,1990,0,0,0,0,0,0,0,0,0,0
220501,2,1,1990,8,8,8,8,8,8,8,8,8,8
220502,0,1,1990,19,19,19,19,19,19,19,19,19,19
220502,1,1,1990,0,0,0,0,0,0,0,0,0,0
220503,0,1,1990,0,0,0,0,0,0,0,0,0,0
220503,1,1,1990,0,5,0,0,0,0,0,0,0,0
220504,1,1,1990,0,0,0,0,0,0,0,0,0,0
220504,2,1,1990,0,0,0,0,0,0,0,0,0,0
220504,3,1,1990,0,0,0,0,0,0,0,0,0,0
220505,1,1,1990,0,0,18,19,13,0,31,21,9,0
220506,0,1,1990,0,0,0,0,0,0,0,0,0,0
220506,1,1,1990,13,3,24,4,16,12,26,21,14,17
220507,1,1,1990,0,0,0,0,0,0,0,0,0,0
220507,2,1,1990,0,0,0,0,0,0,0,0,0,0
220508,1,1,1990,14,12,8,7,10,15,9,16,4,3
220509,1,1,1990,20,20,20,20,20,20,20,20,20,20
220510,1,1,1990,0,0,0,0,0,0,0,0,0,0
220511,0,1,1990,0,0,0,0,0,0,0,0,0,0
220511,1,1,1990,0,0,0,0,0,0,0,19,0,0
220512,1,1,1990,0,0,29,12,9,0,22,0,0,0
220513,1,1,1990,21,21,21,21,21,21,21,21,21,21
220514,1,1,1990,0,0,0,0,0,0,0,0,0,0
220514,2,1,1990,5,0,30,29,0,35,25,0,0,0
220515,1,1,1990,27,27,27,27,27,27,27,27,27,27
220516,0,1,1990,23,23,23,23,23,23,23,23,23,23
220516,1,1,1990,25,0,0,0,14,7,4,7,21,8
220517,1,1,1990,0,0,0,0,0,0,0,0,0,0
220517,2,1,1990,0,0,0,0,0,0,0,0,0,0
220518,1,1,1990,0,0,0,0,0,0,0,0,0,0
220519,1,1,1990,11,18,14,11,7,15,17,1,4,26
220520,1,1,1990,0,0,0,0,0,0,0,0,0,0
220521,1,1,1990,14,8,0,0,14,0,0,0,24,0
220522,1,1,1990,17,17,17,17,17,17,17,17,17,17
220523,1,1,1990,20,20,20,20,20,20,20,20,20,20
220523,2,1,1990,0,0,0,0,0,0,0,0,0,0
220524,1,1,1990,0,0,0,0,0,0,0,0,0,0
220524,2,1,1990,0,0,0,0,0,0,0,0,0,0
220525,1,1,1990,3,3,3,3,3,3,3,3,3,3
220526,1,1,1990,15,15,15,15,15,15,15,15,15,15
220526,2,1,1990,16,16,16,16,16,16,16,16,16,16
220527,1,1,1990,7,7,7,7,7,7,7,7,7,7
220528,1,1,1990,0,0,0,0,0,0,0,0,0,0
220529,1,1,1990,10,23,18,23,14,16,13,16,19,38
220529,2,1,1990,0,0,0,0,0,0,0,0,0,0
220530,1,1,1990,18,18,18,18,18,18,18,18,18,18
220531,1,1,1990,0,0,0,0,0,0,0,0,0,0
220531,2,1,1990,0,0,0,0,0,0,0,0,0,0
220532,0,1,1990,0,0,0,0,0,0,0,0,0,0
220532,1,1,1990,0,0,0,0,0,0,0,0,0,0
220533,1,1,1990,0,0,0,0,0,0,0,0,0,0
220533,2,1,1990,17,0,0,0,20,0,13,0,0,0
220534,1,1,1990,20,0,25,19,11,0,0,0,0,0
220535,1,1,1990,0,0,0,0,18,0,0,42,0,0
220535,2,1,1990,0,0,0,0,0,0,0,0,0,0
220535,3,1,1990,0,0,0,12,0,0,0,0,0,0
220535,4,1,1990,16,0,0,0,0,0,0,0,0,0
220536,1,1,1990,0,0,0,0,0,0,0,0,0,0
220536,2,1,1990,0,0,0,0,0,10,0,0,0,0
220537,0,1,1990,0,0,0,0,0,0,0,0,0,0
220537,1,1,1990,0,0,0,0,0,0,0,0,0,0
220538,1,1,1990,6,6,6,6,6,6,6,6,6,6
220539,1,1,1990,12,7,14,10,16,24,11,14,9,18
220540,1,1,1990,0,0,10,30,30,27,7,6,19,14
220540,2,1,1990,19,4,10,3,1,12,10,14,14,0
220541,1,1,1990,15,15,15,15,15,15,15,15,15,15
220542,1,1,1990,11,11,11,11,11,11,11,11,11,11
220543,0,1,1990,0,0,0,0,0,0,0,0,0,0
220543,1,1,1990,0,0,0,0,0,0,0,0,0,0
220544,1,1,1990,11,11,11,11,11,11,11,11,11,11
220544,2,1,1990,0,0,0,0,0,0,0,0,0,0
220545,0,1,1990,0,0,0,28,5,0,20,27,0,21
220545,0,2,1990,0,0,0,17,40,0,0,0,0,15
220545,1,1,1990,22,22,22,22,22,22,22,22,22,22
220546,0,1,1990,0,0,0,0,0,0,0,0,0,0
220546,1,1,1990,0,0,0,0,0,0,0,0,12,0
220547,1,1,1990,29,29,29,29,29,29,29,29,29,29
220548,1,1,1990,14,14,14,14,14,14,14,14,14,14
220549,1,1,1990,9,9,9,9,9,9,9,9,9,9
220550,1,1,1990,12,2,0,21,9,0,0,22,0,14
220550,2,1,1990,0,0,0,0,0,0,0,0,0,0
220551,1,1,1990,19,19,19,19,19,19,19,19,19,19
220552,0,1,1990,33,33,33,33,33,33,33,33,33,33
220552,1,1,1990,0,0,0,0,0,0,0,0,0,0
220553,0,1,1990,22,14,23,0,0,0,23,0,22,44
220553,1,1,1990,0,0,0,0,0,0,0,0,0,0
220554,1,1,1990,20,20,20,20,20,20,20,20,20,20
220555,1,1,1990,11,11,11,11,11,11,11,11,11,11
220556,1,1,1990,12,12,12,12,12,12,12,12,12,12
220556,2,1,1990,0,0,0,0,0,0,0,12,0,0
220557,1,1,1990,29,29,29,29,29,29,29,29,29,29
220558,1,1,1990,8,8,8,8,8,8,8,8,8,8
220559,1,1,1990,15,15,15,15,15,15,15,15,15,15
220559,2,1,1990,0,0,0,0,0,0,0,0,0,0
220561,1,1,1990,9,32,13,9,11,27,20,34,18,17
220562,1,1,1990,0,0,0,0,0,0,0,0,0,0
220562,2,1,1990,16,16,16,16,16,16,16,16,16,16
220563,1,1,1990,0,0,0,3,11,0,0,0,26,0
220564,1,1,1990,12,12,12,12,12,12,12,12,12,12
220565,1,1,1990,17,17,17,17,17,17,17,17,17,17
220566,1,1,1990,0,0,0,0,0,0,0,0,0,0
220566,2,1,1990,17,16,0,0,12,0,43,22,9,7
220567,1,1,1990,9,9,9,9,9,9,9,9,9,9
220568,1,1,1990,23,23,23,23,23,23,23,23,23,23
220569,1,1,1990,12,12,12,12,12,12,12,12,12,12
220570,1,1,1990,9,9,9,9,9,9,9,9,9,9
220570,2,1,1990,0,0,0,0,0,0,0,0,0,0
220571,1,1,1990,25,25,25,25,25,25,25,25,25,25
220572,1,1,1990,0,0,0,0,0,0,0,0,0,0
220572,2,1,1990,2,2,2,2,2,2,2,2,2,2
220573,1,1,1990,0,0,0,0,0,0,0,0,0,0
220573,2,1,1990,0,0,0,0,0,0,0,0,0,0
220573,3,1,1990,0,0,0,0,0,0,0,0,0,0
220573,4,1,1990,0,0,0,0,0,0,0,0,0,0
220574,1,1,1990,13,13,13,13,13,13,13,13,13,13
220575,0,1,1990,35,35,35,35,35,35,35,35,35,35
220575,1,1,1990,0,0,0,0,0,0,0,0,0,0
220576,1,1,1990,20,20,20,20,20,20,20,20,20,20
220577,1,1,1990,36,36,36,36,36,36,36,36,36,36
220578,1,1,1990,23,23,23,23,23,23,23,23,23,23
220579,1,1,1990,4,4,4,4,4,4,4,4,4,4
220580,1,1,1990,0,0,0,0,0,0,0,0,0,0
220581,1,1,1990,17,17,17,17,17,17,17,17,17,17
220581,2,1,1990,0,14,11,0,0,0,0,0,0,0
220581,3,1,1990,0,0,0,0,0,0,0,0,0,0
220582,1,1,1990,15,15,15,15,15,15,15,15,15,15
220583,1,1,1990,0,0,0,0,0,0,0,0,0,0
220583,2,1,1990,0,0,0,0,0,0,0,0,0,0
220584,1,1,1990,0,0,0,0,0,0,0,0,0,0
220584,2,1,1990,0,0,0,0,0,0,0,0,0,0
220585,1,1,1990,0,0,0,0,0,0,0,0,0,0
220585,2,1,1990,0,0,8,0,0,0,0,0,0,0
220585,3,1,1990,0,0,0,0,0,0,0,0,0,0
220585,4,1,1990,0,0,0,0,0,0,0,0,0,0
220586,1,1,1990,0,0,0,0,0,0,0,0,0,0
220586,2,1,1990,0,0,0,0,0,0,0,0,0,0
220587,1,1,1990,0,0,0,0,0,0,0,0,0,0
220587,2,1,1990,17,0,0,0,0,0,0,0,0,0
220588,1,1,1990,20,20,20,20,20,20,20,20,20,20
220589,1,1,1990,0,0,0,0,0,0,0,0,0,0
220589,2,1,1990,4,4,4,4,4,4,4,4,4,4
220590,0,1,1990,25,25,25,25,25,25,25,25,25,25
220590,1,1,1990,0,0,0,0,0,0,0,0,0,0
220591,1,1,1990,3,3,3,3,3,3,3,3,3,3
220592,1,1,1990,17,17,17,17,17,17,17,17,17,17
220593,1,1,1990,14,14,14,14,14,14,14,14,14,14
220594,1,1,1990,10,10,10,10,10,10,10,10,10,10
220594,2,1,1990,0,0,0,0,0,0,0,0,0,0
220595,1,1,1990,0,0,0,0,0,0,0,0,0,0
220595,2,1,1990,0,0,0,0,0,0,0,0,0,2
220596,1,1,1990,15,15,15,15,15,15,15,15,15,15
220597,1,1,1990,0,0,0,0,0,0,0,0,0,0
220597,2,1,1990,14,14,14,14,14,14,14,14,14,14
220598,0,1,1990,0,0,0,0,0,0,0,0,0,0
220598,1,1,1990,0,0,0,0,0,0,0,0,0,0
220599,0,1,1990,0,0,0,0,0,0,0,0,0,0
220599,1,1,1990,0,0,0,0,0,0,0,0,0,0
220600,1,1,1990,0,0,0,0,0,0,0,0,0,0
220600,2,1,1990,8,0,0,0,0,0,0,0,0,0
220601,1,1,1990,7,7,7,7,7,7,7,7,7,7
220602,1,1,1990,23,23,23,23,23,23,23,23,23,23
220603,1,1,1990,0,0,0,0,0,0,0,0,0,0
220604,0,1,1990,17,0,0,34,0,0,0,19,0,0
220604,0,2,1990,0,0,38,0,0,0,0,0,0,0
220604,0,3,1990,0,0,0,0,0,0,0,0,0,0
220604,1,1,1990,0,0,0,0,0,0,0,0,0,0
220605,1,1,1990,0,0,0,0,0,0,0,0,0,0
220605,2,1,1990,16,0,26,11,0,0,13,0,16,0
220606,0,1,1990,35,4,9,0,15,32,28,17,45,0
220606,1,1,1990,0,0,0,0,17,0,0,6,17,15
220607,0,1,1990,0,0,48,0,29,0,0,0,15,0
220607,1,1,1990,23,0,10,15,0,0,0,0,0,7
220608,1,1,1990,13,13,13,13,13,13,13,13,13,13
220609,1,1,1990,18,7,22,13,33,15,27,14,0,0
220610,1,1,1990,14,14,14,14,14,14,14,14,14,14
220611,1,1,1990,0,0,0,0,0,0,0,0,0,0
220612,1,1,1990,32,10,0,0,0,0,19,0,0,19
220613,1,1,1990,0,0,13,0,0,0,0,0,0,0
220614,1,1,1990,0,0,0,0,0,0,0,0,0,0
220614,2,1,1990,0,0,0,0,0,0,0,0,0,0
220615,1,1,1990,0,5,0,0,0,0,0,0,0,0
220615,2,1,1990,0,0,0,0,0,0,0,0,0,0
220616,1,1,1990,0,0,0,0,0,0,0,10,0,0
220617,1,1,1990,22,22,22,22,22,22,22,22,22,22
220618,1,1,1990,10,10,10,10,10,10,10,10,10,10
220619,1,1,1990,17,17,17,17,17,17,17,17,17,17
220619,2,1,1990,0,0,0,0,0,0,0,0,0,0
220620,1,1,1990,21,22,18,18,14,0,21,32,7,20
220621,1,1,1990,0,0,0,0,0,0,0,10,12,0
220622,1,1,1990,5,5,5,5,5,5,5,5,5,5
220623,1,1,1990,0,0,0,0,0,0,0,0,0,0
220624,1,1,1990,0,0,0,0,0,0,0,0,0,0
220624,2,1,1990,0,0,0,0,0,0,28,0,0,0
220625,1,1,1990,0,0,0,0,0,0,0,0,0,0
220626,1,1,1990,5,20,15,20,0,9,0,0,14,0
220627,1,1,1990,0,0,0,0,0,0,0,0,0,0
220628,1,1,1990,2,2,2,2,2,2,2,2,2,2
220629,1,1,1990,6,11,0,0,10,18,19,0,0,5
220630,1,1,1990,21,16,18,12,23,10,22,16,18,10
220631,1,1,1990,29,29,29,29,29,29,29,29,29,29
220631,2,1,1990,0,0,0,0,0,0,0,0,0,0
220632,0,1,1990,26,26,26,26,26,26,26,26,26,26
220632,1,1,1990,4,4,4,4,4,4,4,4,4,4
220633,1,1,1990,28,28,28,28,28,28,28,28,28,28
220634,1,1,1990,0,0,0,0,0,0,0,0,0,0
220634,2,1,1990,0,0,0,0,0,0,0,0,0,0
220635,0,1,1990,0,0,0,41,29,0,0,29,22,24
220635,1,1,1990,5,0,0,0,0,30,11,0,0,10
220636,0,1,1990,0,0,0,0,0,0,0,0,0,0
220636,1,1,1990,0,0,0,0,0,0,0,0,0,0
220638,1,1,1990,0,0,0,0,0,0,0,0,0,0
220638,2,1,1990,0,0,0,0,0,0,0,0,0,0
220639,1,1,1990,19,19,19,19,19,19,19,19,19,19
220639,2,1,1990,1,1,1,1,1,1,1,1,1,1
220640,1,1,1990,25,0,0,0,4,0,0,8,0,0
220640,2,1,1990,0,0,25,8,18,13,0,24,5,0
220641,1,1,1990,16,16,16,16,16,16,16,16,16,16
220642,0,1,1990,11,3,15,29,20,26,8,12,13,22
220642,1,1,1990,0,0,0,0,0,0,0,0,0,0
220643,1,1,1990,22,24,22,13,15,27,28,23,19,21
220644,1,1,1990,17,17,17,17,17,17,17,17,17,17
220645,1,1,1990,15,15,15,15,15,15,15,15,15,15
220646,1,1,1990,0,0,0,0,0,0,0,0,0,0
220646,2,1,1990,0,0,0,0,0,0,0,0,0,0
220647,1,1,1990,17,17,17,17,17,17,17,17,17,17
220648,1,1,1990,31,19,4,17,9,16,13,16,15,13
220649,1,1,1990,0,0,0,0,0,0,0,0,0,0
220649,2,1,1990,0,0,0,0,0,0,0,0,0,0
220650,0,1,1990,2,2,2,2,2,2,2,2,2,2
220650,1,1,1990,29,13,0,0,0,11,0,0,5,15
220651,0,1,1990,0,0,0,0,0,0,0,0,0,0
220651,1,1,1990,0,0,0,0,0,0,0,0,0,0
220652,1,1,1990,19,19,19,19,19,19,19,19,19,19
220653,0,1,1990,0,0,0,0,0,29,0,0,20,0
220653,1,1,1990,23,23,23,23,23,23,23,23,23,23
220654,0,1,1990,21,24,23,23,9,21,25,13,0,14
220654,1,1,1990,19,20,0,14,0,0,19,17,11,27
220655,1,1,1990,27,27,27,27,27,27,27,27,27,27
220656,1,1,1990,5,5,5,5,5,5,5,5,5,5
220657,1,1,1990,0,17,11,35,14,0,15,24,0,0
220657,2,1,1990,0,0,0,0,0,0,0,0,0,0
220658,0,1,1990,0,0,0,0,9,0,0,0,0,0
220658,1,1,1990,0,0,0,0,0,0,0,0,0,0