ST_CASE,VEH_NO,PER_NO,YEAR,P1,P2,P3,P4,P5,P6,P7,P8,P9,P10
240469,2,1,1990,0,0,0,17,13,0,0,0,0,16
240470,1,1,1990,9,9,9,9,9,9,9,9,9,9
240471,1,1,1990,17,17,17,17,17,17,17,17,17,17
240472,1,1,1990,15,15,15,15,15,15,15,15,15,15
240473,1,1,1990,0,0,0,0,0,0,0,0,0,0
240474,1,1,1990,0,0,0,0,0,0,0,0,0,0
240474,2,1,1990,0,0,0,0,0,0,0,0,0,0
240476,1,1,1990,6,0,0,0,9,0,7,0,0,9
240476,2,1,1990,12,12,12,12,12,12,12,12,12,12
240476,3,1,1990,0,9,0,0,0,0,0,19,27,0
240476,4,1,1990,0,0,0,0,0,0,0,0,0,0
240477,1,1,1990,29,29,29,29,29,29,29,29,29,29
240478,1,1,1990,16,17,25,23,15,16,9,6,17,13
240479,1,1,1990,0,0,0,0,0,0,0,0,0,0
240479,2,1,1990,0,0,0,0,0,0,0,0,0,0
240480,1,1,1990,0,0,0,0,0,0,0,0,0,0
240481,1,1,1990,0,0,0,0,0,0,0,0,0,0
240481,2,1,1990,0,0,0,0,0,0,0,0,0,0
240482,1,1,1990,0,0,0,0,0,0,0,0,0,0
240482,2,1,1990,0,0,0,0,0,0,0,0,0,10
240483,0,1,1990,0,0,26,0,18,27,14,35,26,28
240483,1,1,1990,0,0,0,0,0,0,0,0,0,0
240484,1,1,1990,0,0,0,0,0,0,0,0,0,0
240484,2,1,1990,14,0,0,0,17,0,0,0,0,0
240485,0,1,1990,0,0,0,0,0,0,0,0,0,0
240485,0,2,1990,0,0,0,0,0,0,0,0,0,0
240485,1,1,1990,0,0,0,0,0,0,0,0,0,0
240486,1,1,1990,0,0,0,0,0,0,0,0,0,0
240486,2,1,1990,0,0,0,0,0,0,0,0,0,0
240487,0,1,1990,24,24,24,24,24,24,24,24,24,24
240487,1,1,1990,0,0,0,0,0,0,0,0,4,0
240488,1,1,1990,9,23,0,0,0,24,5,0,22,6
240489,1,1,1990,0,0,9,22,18,9,0,0,0,4
240489,2,1,1990,0,0,0,0,0,0,0,0,0,0
240490,1,1,1990,29,29,29,29,29,29,29,29,29,29
240491,1,1,1990,1,1,1,1,1,1,1,1,1,1
240492,1,1,1990,0,4,0,0,0,0,0,7,0,10
240492,2,1,1990,0,0,0,0,0,0,7,5,0,0
240493,1,1,1990,0,0,0,0,0,0,0,0,0,0
240493,2,1,1990,0,0,0,0,0,0,0,0,0,0
240494,1,1,1990,0,0,0,0,0,0,0,0,0,0
240495,1,1,1990,0,0,0,0,0,0,0,0,0,0
240495,2,1,1990,0,0,0,0,0,0,0,0,0,0
240496,0,1,1990,0,0,0,0,0,0,0,0,0,0
240496,1,1,1990,0,0,0,0,0,0,0,0,0,0
240498,1,1,1990,0,0,0,0,0,6,0,17,17,15
240498,2,1,1990,15,9,9,25,0,0,10,0,0,23
240499,1,1,1990,0,0,0,0,0,0,0,0,0,0
240499,2,1,1990,0,0,0,0,2,0,0,0,0,0
240500,1,1,1990,0,0,0,0,0,0,0,0,0,0
240500,2,1,1990,14,14,14,14,14,14,14,14,14,14
240501,1,1,1990,0,0,0,0,0,0,0,0,0,0
240502,1,1,1990,24,25,34,22,17,0,22,41,22,12
240503,0,1,1990,0,20,0,0,0,0,0,0,0,6
240503,1,1,1990,0,22,0,0,0,0,0,0,0,0
240504,0,1,1990,0,0,15,0,0,0,39,0,0,0
240504,1,1,1990,0,0,0,0,0,0,0,0,0,0
240505,1,1,1990,0,0,0,0,0,0,0,0,0,0
240505,2,1,1990,0,0,0,0,0,0,0,0,0,0
240506,1,1,1990,13,13,13,13,13,13,13,13,13,13
240507,0,1,1990,2,2,2,2,2,2,2,2,2,2
240507,0,2,1990,0,0,27,23,0,0,19,0,0,0
240507,1,1,1990,0,0,0,0,0,0,0,0,0,0
240509,1,1,1990,0,0,0,0,0,0,0,0,0,0
240509,2,1,1990,0,0,0,0,0,0,0,0,0,0
240510,1,1,1990,0,0,0,0,0,0,0,0,0,0
240510,2,1,1990,0,0,0,0,0,0,0,0,0,0
240510,3,1,1990,0,0,0,0,0,0,0,0,0,0
240511,1,1,1990,19,19,19,19,19,19,19,19,19,19
240512,1,1,1990,23,23,23,23,23,23,23,23,23,23
240513,1,1,1990,16,16,16,16,16,16,16,16,16,16
240514,1,1,1990,5,5,5,5,5,5,5,5,5,5
240515,1,1,1990,23,23,23,23,23,23,23,23,23,23
240515,2,1,1990,0,0,0,0,0,0,0,0,2,0
240516,1,1,1990,0,0,0,0,0,0,0,0,0,0
240516,2,1,1990,0,0,0,0,0,0,0,0,0,0
240517,0,1,1990,0,0,0,0,0,0,0,0,0,0
240517,1,1,1990,0,0,0,0,0,0,0,0,0,0
240518,1,1,1990,7,7,7,7,7,7,7,7,7,7
240519,1,1,1990,0,0,0,0,0,0,0,0,0,0
240520,1,1,1990,22,15,0,0,26,29,11,0,0,0
240521,1,1,1990,17,17,17,17,17,17,17,17,17,17
240522,1,1,1990,0,0,0,0,0,0,0,0,12,0
240522,2,1,1990,0,0,0,0,0,0,0,0,0,0
240522,3,1,1990,0,0,0,0,0,0,0,0,0,0
240523,1,1,1990,0,0,0,0,5,20,0,0,0,36
240523,2,1,1990,0,0,0,0,0,0,0,0,0,0
240523,3,1,1990,0,0,0,0,0,0,0,0,0,0
240524,1,1,1990,19,19,19,19,19,19,19,19,19,19
240525,1,1,1990,15,15,15,15,15,15,15,15,15,15
240526,1,1,1990,17,17,17,17,17,17,17,17,17,17
240526,2,1,1990,0,0,0,0,0,0,0,0,0,0
240527,1,1,1990,10,10,10,10,10,10,10,10,10,10
240527,2,1,1990,0,0,0,0,0,0,0,0,0,0
240528,0,1,1990,0,0,7,19,0,0,0,14,13,0
240528,1,1,1990,0,0,0,0,0,0,0,0,0,10
240529,1,1,1990,0,0,0,0,0,0,0,0,0,0
240529,2,1,1990,0,0,0,0,0,0,0,0,0,0
240530,1,1,1990,0,9,0,0,0,0,0,0,2,0
240531,1,1,1990,19,19,19,19,19,19,19,19,19,19
240532,1,1,1990,0,0,0,0,0,0,0,0,0,0
240532,2,1,1990,0,0,0,0,0,0,0,0,0,0
240533,1,1,1990,0,0,0,0,0,0,0,0,0,0
240533,2,1,1990,0,0,0,0,0,0,0,0,0,0
240533,3,1,1990,0,0,0,0,0,0,20,0,0,0
240534,1,1,1990,7,7,7,7,7,7,7,7,7,7
240535,1,1,1990,15,12,0,16,10,10,13,19,4,5
240536,1,1,1990,0,0,0,0,0,0,0,0,0,0
240536,2,1,1990,0,0,0,0,0,0,0,0,0,0
240537,1,1,1990,0,0,0,0,0,0,0,0,0,0
240538,0,1,1990,0,0,15,0,38,0,0,0,0,0
240538,1,1,1990,0,0,0,0,0,0,0,0,19,0
240538,2,1,1990,0,0,0,0,0,0,0,0,0,0
240539,0,1,1990,28,28,28,28,28,28,28,28,28,28
240539,1,1,1990,0,0,0,0,0,0,0,0,0,0
240540,1,1,1990,0,0,0,0,0,0,0,0,0,0
240541,1,1,1990,16,16,16,16,16,16,16,16,16,16
240542,1,1,1990,0,0,0,0,0,0,0,0,0,0
240543,0,1,1990,21,21,21,21,21,21,21,21,21,21
240543,1,1,1990,0,0,0,0,0,0,0,0,0,11
240544,1,1,1990,10,6,0,14,0,4,11,0,0,0
240544,2,1,1990,0,0,0,0,0,0,0,0,0,0
240545,1,1,1990,0,0,0,0,0,0,0,0,0,0
240545,2,1,1990,0,0,0,0,0,0,0,0,0,0
240545,3,1,1990,0,0,0,0,0,0,0,0,0,0
240546,1,1,1990,0,0,0,0,0,0,0,0,0,0
240546,2,1,1990,0,0,0,0,0,0,0,0,0,0
240547,1,1,1990,9,5,0,0,0,0,0,4,10,0
240547,2,1,1990,35,0,0,0,0,0,0,0,0,0
240548,1,1,1990,0,0,0,0,0,0,0,0,0,0
240548,2,1,1990,0,0,0,0,0,0,0,0,0,0
240549,1,1,1990,0,0,0,0,0,0,0,0,0,0
240550,1,1,1990,29,29,29,29,29,29,29,29,29,29
240550,2,1,1990,0,0,24,0,0,14,0,0,0,0
240551,1,1,1990,0,0,0,0,0,0,0,0,0,0
240551,2,1,1990,0,0,0,0,0,0,0,0,0,0
240552,1,1,1990,19,19,19,19,19,19,19,19,19,19
240552,2,1,1990,0,0,2,0,0,0,0,0,0,0
240553,1,1,1990,0,0,0,0,0,0,0,0,0,0
240555,1,1,1990,18,18,18,18,18,18,18,18,18,18
240556,1,1,1990,14,14,14,14,14,14,14,14,14,14
240556,2,1,1990,0,0,0,0,0,0,0,0,22,0
240558,1,1,1990,0,0,0,0,0,0,0,0,0,0
240558,2,1,1990,0,0,0,0,0,0,0,0,0,0
240559,1,1,1990,17,17,17,17,17,17,17,17,17,17
240560,0,1,1990,0,0,15,0,18,0,0,0,0,0
240560,0,2,1990,0,0,0,0,0,0,0,0,0,0
240560,1,1,1990,0,0,0,0,0,0,0,0,0,0
240561,1,1,1990,0,0,0,0,0,0,0,0,0,0
240562,0,1,1990,17,17,17,17,17,17,17,17,17,17
240562,1,1,1990,0,11,24,17,17,0,0,0,9,0
240563,1,1,1990,0,0,0,0,0,0,0,0,0,0
240564,1,1,1990,0,0,0,0,0,0,0,0,0,0
240565,1,1,1990,0,0,0,0,0,0,0,0,0,0
240565,2,1,1990,0,0,0,0,0,0,0,0,0,0
240566,1,1,1990,0,0,0,0,0,0,0,0,0,0
240566,2,1,1990,0,0,0,0,0,0,0,0,0,0
240567,1,1,1990,14,14,14,14,14,14,14,14,14,14
240568,1,1,1990,0,0,0,0,0,0,0,0,0,0
240569,1,1,1990,0,0,0,0,0,0,0,0,0,0
240569,2,1,1990,0,0,0,0,0,0,0,0,0,0
240570,1,1,1990,0,0,0,0,0,0,0,21,0,0
240571,0,1,1990,11,11,11,11,11,11,11,11,11,11
240571,1,1,1990,0,28,0,0,0,0,0,0,0,9
240572,1,1,1990,23,23,23,23,23,23,23,23,23,23
240572,2,1,1990,0,0,0,0,0,0,0,0,0,0
240573,1,1,1990,0,0,0,0,0,0,0,0,0,0
240573,2,1,1990,0,0,0,0,0,0,0,0,0,0
240573,3,1,1990,0,0,0,0,0,0,0,0,0,0
240574,1,1,1990,9,0,0,0,0,0,0,7,0,0
240574,2,1,1990,0,0,4,0,0,0,0,0,0,0
240575,1,1,1990,0,0,0,0,0,0,0,0,0,0
240576,1,1,1990,15,15,15,15,15,15,15,15,15,15
240577,0,1,1990,36,13,0,18,22,0,44,14,0,14
240577,1,1,1990,0,0,0,0,0,0,0,0,0,0
240577,2,1,1990,0,0,0,0,0,0,0,0,0,0
240578,1,1,1990,0,0,0,0,0,0,0,0,0,0
240579,1,1,1990,0,0,0,0,0,0,0,0,0,0
240579,2,1,1990,0,0,11,0,0,0,0,0,0,0
240580,0,1,1990,0,0,4,13,0,0,0,15,22,17
240580,1,1,1990,0,0,0,8,0,0,13,0,0,31
240580,2,1,1990,0,0,16,16,0,12,13,7,0,0
240580,3,1,1990,0,32,0,7,0,14,0,0,11,0
240581,0,1,1990,24,0,31,10,18,0,0,15,0,0
240581,1,1,1990,0,0,0,0,0,0,0,14,0,0
240582,1,1,1990,9,6,0,13,32,0,0,13,0,0
240582,2,1,1990,0,0,0,0,0,10,0,0,0,0
240583,1,1,1990,5,5,5,5,5,5,5,5,5,5
240584,1,1,1990,0,0,0,0,0,0,0,0,0,0
240584,2,1,1990,0,0,0,0,0,0,20,0,0,0
240585,1,1,1990,20,20,20,20,20,20,20,20,20,20
240586,1,1,1990,19,14,19,7,10,9,0,17,12,17
240587,1,1,1990,0,0,0,0,0,0,0,0,0,0
240587,2,1,1990,0,0,0,0,0,0,0,0,0,0
240588,0,1,1990,22,22,22,22,22,22,22,22,22,22
240588,1,1,1990,0,0,11,0,0,0,0,0,0,0
240588,2,1,1990,20,0,0,18,18,0,0,11,14,19
240589,1,1,1990,9,9,9,9,9,9,9,9,9,9
240589,2,1,1990,0,0,19,0,0,0,0,0,0,0
240590,1,1,1990,17,17,17,17,17,17,17,17,17,17
240591,1,1,1990,0,0,0,0,0,0,0,0,0,0
240592,0,1,1990,0,0,0,0,0,0,0,0,0,0
240592,1,1,1990,17,0,0,0,0,0,0,0,12,0
240593,0,1,1990,0,0,0,0,0,0,0,0,0,0
240593,1,1,1990,0,0,0,0,0,0,0,0,0,7
240594,1,1,1990,0,0,0,0,0,0,0,0,0,0
240595,0,1,1990,0,0,0,0,0,0,0,0,0,0
240595,1,1,1990,0,0,0,0,0,0,0,0,0,0
240596,1,1,1990,0,0,0,0,0,0,0,0,0,0
240596,2,1,1990,0,0,0,0,0,0,0,0,0,0
240597,0,1,1990,0,0,0,0,0,0,0,0,0,0
240597,1,1,1990,0,0,0,0,0,0,0,0,0,0
240598,0,1,1990,0,0,0,0,0,0,0,0,0,0
240598,1,1,1990,0,0,0,0,0,0,0,0,0,0
240599,1,1,1990,8,8,8,8,8,8,8,8,8,8
240600,1,1,1990,5,34,11,11,5,15,22,11,18,20
240601,0,1,1990,33,33,33,33,33,33,33,33,33,33
240601,1,1,1990,0,0,0,0,0,0,0,0,0,0
240602,0,1,1990,0,0,0,0,0,0,0,0,0,0
240602,1,1,1990,0,10,0,0,0,0,0,0,0,0
240603,1,1,1990,17,17,17,17,17,17,17,17,17,17
240604,0,1,1990,4,4,4,4,4,4,4,4,4,4
240604,1,1,1990,0,0,0,0,11,0,0,0,0,0
240605,1,1,1990,8,8,8,8,8,8,8,8,8,8
240606,1,1,1990,17,13,0,10,9,7,18,18,9,5
240607,0,1,1990,21,21,21,21,21,21,21,21,21,21
240607,1,1,1990,0,0,0,0,0,0,0,0,0,16
240608,1,1,1990,0,0,0,0,0,0,0,0,0,0
240609,1,1,1990,18,18,18,18,18,18,18,18,18,18
240609,2,1,1990,0,0,0,0,0,0,0,0,0,0
240610,0,1,1990,33,33,33,33,33,33,33,33,33,33
240610,1,1,1990,0,0,0,0,0,0,0,0,0,0
240612,1,1,1990,0,0,0,0,0,0,0,0,0,0
240612,2,1,1990,0,0,0,0,0,0,0,0,0,0
240613,1,1,1990,19,19,19,19,19,19,19,19,19,19
240614,0,1,1990,0,0,0,0,0,0,0,0,0,0
240614,1,1,1990,0,0,0,0,0,0,0,0,0,0
240615,1,1,1990,0,0,0,0,0,0,0,0,0,0
240616,1,1,1990,0,0,0,0,0,0,0,0,0,0
240616,2,1,1990,0,0,0,0,0,0,0,0,0,0
240617,1,1,1990,0,0,13,0,0,0,0,6,0,0
240617,2,1,1990,0,0,0,0,0,0,0,0,12,0
240617,3,1,1990,0,0,0,0,0,0,0,0,0,0
240618,1,1,1990,0,0,15,0,0,0,0,0,0,0
240618,2,1,1990,0,0,0,0,0,0,0,0,0,0
240619,1,1,1990,0,0,0,0,0,0,0,0,0,0
240620,1,1,1990,15,15,15,15,15,15,15,15,15,15
240621,1,1,1990,24,24,24,24,24,24,24,24,24,24
240622,1,1,1990,0,0,0,0,0,0,0,0,0,0
240623,1,1,1990,0,0,0,0,0,0,0,0,0,0
240624,1,1,1990,22,22,22,22,22,22,22,22,22,22
240625,1,1,1990,17,17,17,17,17,17,17,17,17,17
240626,1,1,1990,0,0,0,0,0,0,0,0,0,0
240627,1,1,1990,0,0,0,0,0,0,0,0,0,0
240627,2,1,1990,0,0,0,0,0,0,0,0,0,0
240628,1,1,1990,0,0,0,0,0,0,0,0,0,0
240629,1,1,1990,0,0,0,13,21,16,0,0,0,20
240629,2,1,1990,0,0,0,0,0,0,0,0,12,0
240630,1,1,1990,0,0,0,0,0,0,0,0,0,0
240630,2,1,1990,20,0,0,26,20,0,0,5,0,14
240631,0,1,1990,14,14,14,14,14,14,14,14,14,14
240631,1,1,1990,0,0,0,0,0,0,0,0,0,0
240632,1,1,1990,0,0,0,0,0,0,0,0,0,0
240632,2,1,1990,17,0,0,0,0,0,0,0,0,0
240633,1,1,1990,0,0,0,0,0,0,0,0,25,11
240633,2,1,1990,0,0,0,0,0,0,0,0,0,0
240634,1,1,1990,0,0,0,0,0,0,0,0,0,0
240634,2,1,1990,0,0,0,0,0,0,0,0,0,0
240635,1,1,1990,0,0,0,0,0,0,0,0,0,0
240635,2,1,1990,0,0,0,0,0,0,0,0,0,0
240636,1,1,1990,0,0,0,0,0,0,0,0,0,0
240636,2,1,1990,16,4,0,0,0,0,0,0,0,0
240637,0,1,1990,0,0,0,0,0,0,0,0,0,0
240637,1,1,1990,0,0,0,0,0,0,0,0,0,0
240639,1,1,1990,7,7,7,7,7,7,7,7,7,7
240639,2,1,1990,0,0,0,0,0,0,0,0,0,0
240639,3,1,1990,0,0,14,0,0,0,0,0,0,0
240640,1,1,1990,0,0,0,0,0,0,0,0,0,0
240640,2,1,1990,0,0,0,0,0,0,0,0,0,0
240641,0,1,1990,0,0,0,0,0,0,0,0,0,0
240641,1,1,1990,0,0,0,0,0,0,0,0,0,0
240642,1,1,1990,0,0,0,0,0,0,0,0,0,0
240642,2,1,1990,0,0,0,0,0,0,0,0,0,0
240643,1,1,1990,21,21,21,21,21,21,21,21,21,21
240644,1,1,1990,13,10,19,14,18,10,23,17,10,12
240645,1,1,1990,20,20,20,20,20,20,20,20,20,20
240646,1,1,1990,8,0,0,0,0,0,6,0,0,0
240647,1,1,1990,16,16,16,16,16,16,16,16,16,16
240648,1,1,1990,0,0,0,0,0,0,0,0,0,0
240648,2,1,1990,0,0,0,0,0,0,0,0,0,0
240649,1,1,1990,0,0,0,0,0,0,0,0,0,0
240649,2,1,1990,0,0,0,0,0,0,0,0,0,0
240650,1,1,1990,17,17,17,17,17,17,17,17,17,17
240650,2,1,1990,0,0,0,0,0,0,0,0,0,0
240651,1,1,1990,15,15,15,15,15,15,15,15,15,15
240651,2,1,1990,0,0,0,0,0,0,0,0,0,0
240652,1,1,1990,2,2,2,2,2,2,2,2,2,2
240653,1,1,1990,8,8,8,8,8,8,8,8,8,8
240654,0,1,1990,0,0,24,0,5,0,0,0,0,0
240654,1,1,1990,0,0,0,0,0,0,5,20,0,0
240656,1,1,1990,0,0,0,0,0,0,0,0,0,0
240657,0,1,1990,27,27,27,27,27,27,27,27,27,27
240657,1,1,1990,16,0,0,22,0,16,10,0,0,0
240658,0,1,1990,11,35,0,23,0,6,8,23,23,24
240658,1,1,1990,20,0,0,0,0,0,0,0,0,0
240659,1,1,1990,0,0,0,12,8,0,7,14,0,0
240660,1,1,1990,0,0,0,0,0,0,0,0,0,0
240661,1,1,1990,0,0,0,0,0,0,0,0,0,0
240661,2,1,1990,0,0,17,0,18,0,0,0,0,0
240661,3,1,1990,0,0,0,0,0,0,0,0,0,0
240662,1,1,1990,13,13,13,13,13,13,13,13,13,13
240663,1,1,1990,1,1,1,1,1,1,1,1,1,1
240663,2,1,1990,0,0,0,0,0,0,0,0,0,0
240664,1,1,1990,0,18,0,0,0,10,0,2,12,14
240665,1,1,1990,0,0,0,0,0,0,0,0,0,0
240665,2,1,1990,14,0,0,0,0,0,0,0,0,0
240665,3,1,1990,0,0,0,0,0,0,0,0,0,0
240665,4,1,1990,0,0,0,0,0,0,0,0,0,0
240665,5,1,1990,0,0,0,0,0,0,0,0,0,0
240667,2,1,1990,0,0,0,0,0,0,0,0,0,0
240668,1,1,1990,5,5,5,5,5,5,5,5,5,5
240668,2,1,1990,0,0,0,0,0,0,0,0,0,0
240669,1,1,1990,0,0,0,0,0,0,0,0,0,0
240669,2,1,1990,0,0,0,0,0,0,0,0,16,0
240670,0,1,1990,0,0,0,0,0,0,0,0,0,0
240670,1,1,1990,0,0,0,0,0,0,0,0,0,0
240671,0,1,1990,0,0,0,0,0,0,0,0,0,0
240671,1,1,1990,0,0,0,0,0,0,0,0,0,0
240672,1,1,1990,0,0,0,0,0,0,0,0,0,0
240672,2,1,1990,0,0,0,0,0,0,0,0,0,0
240673,1,1,1990,0,0,0,0,0,0,0,0,0,0
240673,2,1,1990,0,0,0,0,0,0,0,0,0,0
240674,0,1,1990,28,28,28,28,28,28,28,28,28,28
240674,1,1,1990,0,0,0,0,0,0,0,0,0,0
240675,0,1,1990,0,0,0,0,0,0,0,0,0,0
240675,1,1,1990,0,0,0,0,0,0,0,0,0,0
240676,1,1,1990,0,17,0,18,22,0,0,16,0,19
240677,1,1,1990,0,0,0,0,0,0,0,0,0,0
240678,1,1,1990,0,0,0,0,0,0,0,0,0,0
240678,2,1,1990,0,0,0,0,0,0,0,0,0,0
240679,0,1,1990,17,17,17,17,17,17,17,17,17,17
240679,1,1,1990,0,0,0,0,0,0,0,0,0,0
240680,1,1,1990,0,0,0,0,0,0,0,0,0,0
240680,2,1,1990,0,0,0,0,0,0,0,0,19,0
240681,1,1,1990,14,14,14,14,14,14,14,14,14,14
240682,0,1,1990,26,26,26,26,26,26,26,26,26,26
240682,1,1,1990,0,0,0,0,0,0,17,13,0,0
240683,1,1,1990,0,0,0,0,0,0,0,0,0,0
240683,2,1,1990,0,0,0,0,0,0,0,0,0,0
240684,0,1,1990,0,0,0,0,0,0,0,0,0,0
240684,1,1,1990,0,0,14,0,0,0,0,0,0,0
240685,0,1,1990,0,0,0,0,0,0,0,0,0,0
240685,1,1,1990,0,0,0,0,0,0,0,0,0,0
240686,1,1,1990,18,18,18,18,18,18,18,18,18,18
240687,0,1,1990,0,0,0,0,0,0,0,0,0,0
240687,1,1,1990,0,0,0,0,0,0,0,0,0,0
240688,1,1,1990,0,0,7,0,0,0,0,0,0,0
240688,2,1,1990,0,0,0,0,0,0,0,0,0,0
240689,1,1,1990,13,0,9,0,0,8,13,0,0,0
240690,1,1,1990,0,0,0,0,0,0,0,0,0,0
240690,2,1,1990,0,0,0,0,0,0,0,0,0,5
240691,1,1,1990,0,0,0,0,0,0,0,0,0,19
250001,0,1,1990,0,0,0,0,0,0,0,0,0,0
250001,1,1,1990,0,0,0,0,0,0,0,0,0,17
250002,1,1,1990,0,0,0,0,0,0,0,0,0,0
250003,1,1,1990,0,0,0,0,0,0,0,0,0,0
250004,1,1,1990,0,0,0,0,0,0,0,0,0,0
250005,1,1,1990,0,0,0,0,0,0,0,0,0,0
250005,2,1,1990,0,14,18,0,0,0,29,0,0,0
250006,0,1,1990,0,0,0,0,0,0,0,0,0,0
250006,1,1,1990,0,0,0,0,0,0,0,0,0,0
250007,0,1,1990,0,0,0,0,0,0,0,0,0,0
250007,1,1,1990,17,0,0,0,23,0,0,17,0,13
250008,1,1,1990,0,0,0,13,0,24,16,8,22,0
250009,1,1,1990,0,0,0,0,0,0,0,0,0,0
250009,2,1,1990,0,0,0,0,0,0,0,0,0,0
250010,0,1,1990,0,0,0,0,0,0,0,0,0,0
250010,1,1,1990,10,17,16,16,0,0,18,0,0,0
250011,1,1,1990,0,0,0,0,0,0,0,0,0,0
250011,2,1,1990,14,17,21,26,16,0,0,0,37,27
250013,0,1,1990,0,0,0,0,0,0,0,0,0,0
250013,1,1,1990,0,38,0,0,0,0,0,0,0,7
250014,1,1,1990,0,0,0,0,0,0,0,0,0,0
250014,2,1,1990,0,0,16,0,0,0,0,0,0,0
250015,1,1,1990,0,21,0,9,0,0,22,0,23,20
250016,1,1,1990,0,0,0,0,23,0,0,0,0,0
250016,2,1,1990,11,11,11,11,11,11,11,11,11,11
250017,1,1,1990,0,0,0,0,0,0,0,0,0,0
250018,1,1,1990,17,17,17,17,17,17,17,17,17,17
250019,1,1,1990,0,0,0,0,0,0,0,0,0,0
250019,2,1,1990,19,0,0,0,0,9,0,0,18,0
250020,0,1,1990,0,10,0,17,0,14,25,13,0,25
250020,1,1,1990,0,0,0,0,0,0,0,0,0,0
250021,0,1,1990,2,2,2,2,2,2,2,2,2,2
250021,1,1,1990,15,0,0,0,0,8,0,8,0,0
250022,1,1,1990,22,20,0,5,13,21,26,12,16,21
250023,1,1,1990,19,19,19,19,19,19,19,19,19,19
250024,1,1,1990,0,0,0,0,0,0,0,0,0,0
250024,2,1,1990,0,0,0,0,0,0,0,0,0,0
250025,0,1,1990,0,0,0,0,0,0,0,0,0,0
250025,1,1,1990,0,21,0,0,20,0,19,0,4,23
250026,1,1,1990,23,23,23,23,23,23,23,23,23,23
250027,0,1,1990,12,0,0,0,0,0,0,0,18,0
250027,1,1,1990,0,0,0,0,0,0,0,0,0,27
250028,0,1,1990,13,13,13,13,13,13,13,13,13,13
250028,1,1,1990,0,0,21,0,0,0,15,14,0,0
250029,1,1,1990,15,10,30,19,30,11,5,6,14,4
250029,2,1,1990,0,0,0,0,0,0,0,0,12,0
250030,1,1,1990,28,28,28,28,28,28,28,28,28,28
250031,1,1,1990,4,4,4,4,4,4,4,4,4,4
250032,1,1,1990,0,0,0,0,0,0,0,0,0,0
250033,1,1,1990,0,0,0,0,0,0,0,0,0,0
250033,2,1,1990,0,0,0,0,0,0,0,0,0,0
250034,1,1,1990,0,10,21,23,20,32,29,0,2,11
250035,0,1,1990,0,0,0,0,0,0,0,0,0,0
250035,1,1,1990,0,0,0,0,0,0,0,8,27,0
250035,2,1,1990,9,12,0,0,0,0,0,0,0,0
250036,1,1,1990,0,0,0,0,0,0,0,0,0,0
250037,1,1,1990,20,20,20,20,20,20,20,20,20,20
250039,1,1,1990,45,0,0,0,0,0,17,0,0,0
250039,2,1,1990,0,0,0,0,0,0,0,0,0,0
250040,1,1,1990,14,14,14,14,14,14,14,14,14,14
250041,0,1,1990,38,17,28,17,12,0,23,11,20,3
250041,0,2,1990,10,10,10,10,10,10,10,10,10,10
250042,0,1,1990,2,2,2,2,2,2,2,2,2,2
250042,1,1,1990,16,0,0,6,0,17,0,0,0,0
250043,1,1,1990,25,6,0,0,12,12,29,10,0,0
250044,1,1,1990,4,4,4,4,4,4,4,4,4,4
250045,0,1,1990,0,0,0,0,0,0,0,0,0,0
250045,1,1,1990,0,26,0,0,0,0,0,0,13,12
250046,1,1,1990,0,0,0,0,0,0,0,0,0,0
250047,1,1,1990,0,0,0,0,0,0,0,0,0,0
250047,2,1,1990,0,0,28,0,0,0,0,9,13,0
250048,1,1,1990,0,0,0,0,0,0,0,0,0,0
250048,2,1,1990,0,0,0,0,0,6,5,0,0,0
250049,1,1,1990,20,0,0,0,0,17,0,0,0,0
250049,2,1,1990,0,0,9,0,0,0,0,0,0,0
250050,1,1,1990,9,9,9,9,9,9,9,9,9,9
250050,2,1,1990,0,0,0,0,0,0,0,0,22,0
250051,0,1,1990,16,16,16,16,16,16,16,16,16,16
250051,1,1,1990,4,19,0,0,28,0,0,0,0,0
250052,0,1,1990,0,8,27,0,34,0,25,0,27,26
250052,1,1,1990,13,8,16,0,0,0,0,0,31,7
250053,0,1,1990,28,28,28,28,28,28,28,28,28,28
250053,1,1,1990,8,7,11,19,16,15,0,0,13,0
250054,0,1,1990,0,0,0,0,0,0,0,0,0,0
250054,1,1,1990,0,21,21,17,10,8,0,4,14,10
250055,1,1,1990,0,0,0,0,0,0,0,0,0,0
250055,2,1,1990,0,0,0,0,0,0,0,0,0,0
250057,0,1,1990,0,0,0,0,0,0,0,0,0,0
250057,1,1,1990,15,0,0,0,17,0,0,0,0,11
250058,0,1,1990,38,38,38,38,38,38,38,38,38,38
250058,1,1,1990,0,19,0,0,0,0,0,0,0,0
250059,0,1,1990,30,30,30,30,30,30,30,30,30,30
250059,1,1,1990,18,19,0,22,16,16,20,0,14,24
250060,0,1,1990,30,30,30,30,30,30,30,30,30,30
250060,1,1,1990,20,25,5,0,0,0,8,8,0,17
250061,1,1,1990,0,0,22,26,8,16,0,16,0,16
250062,0,1,1990,0,0,0,0,0,0,0,0,0,0
250062,1,1,1990,0,0,0,0,0,0,0,10,0,0
250063,1,1,1990,0,0,6,11,0,0,15,0,0,0
250063,2,1,1990,14,0,0,0,0,0,0,0,0,0
250064,1,1,1990,0,0,0,0,0,0,0,0,0,0