ST_CASE,VEH_NO,PER_NO,YEAR,P1,P2,P3,P4,P5,P6,P7,P8,P9,P10
250065,1,1,1990,17,17,17,17,17,17,17,17,17,17
250065,2,1,1990,0,0,0,0,0,0,0,10,0,0
250066,0,1,1990,19,0,32,24,15,12,18,3,3,35
250066,1,1,1990,0,0,0,0,0,0,0,0,0,0
250067,0,1,1990,0,0,0,0,0,0,0,4,0,0
250067,1,1,1990,0,0,0,0,0,0,0,0,0,0
250068,1,1,1990,35,15,24,8,19,6,13,11,22,10
250069,1,1,1990,0,0,0,0,0,9,0,0,0,17
250069,2,1,1990,2,2,2,2,2,2,2,2,2,2
250070,1,1,1990,11,11,11,11,11,11,11,11,11,11
250071,1,1,1990,18,18,18,18,18,18,18,18,18,18
250071,2,1,1990,0,0,0,0,0,0,26,0,0,0
250072,1,1,1990,0,0,0,0,0,0,0,0,0,0
250073,1,1,1990,27,12,25,19,40,11,22,14,9,19
250074,1,1,1990,0,0,0,0,0,0,17,11,18,16
250075,0,1,1990,0,0,0,0,0,0,0,0,0,0
250075,1,1,1990,26,0,0,0,0,0,8,0,0,0
250076,1,1,1990,0,0,0,0,0,0,9,12,0,0
250077,1,1,1990,0,0,0,0,0,0,0,0,0,0
250078,1,1,1990,15,15,15,15,15,15,15,15,15,15
250078,2,1,1990,0,0,0,0,0,0,0,0,7,2
250079,0,1,1990,0,0,0,0,0,0,0,0,0,0
250079,1,1,1990,0,0,0,0,0,0,0,0,0,0
250080,0,1,1990,0,0,0,0,0,0,0,0,0,0
250080,1,1,1990,11,8,31,17,19,18,27,11,26,6
250081,0,1,1990,0,0,0,0,0,0,0,0,0,0
250081,1,1,1990,0,0,0,0,33,11,0,0,0,14
250082,1,1,1990,21,21,21,21,21,21,21,21,21,21
250083,1,1,1990,0,0,0,0,0,0,0,0,0,0
250084,0,1,1990,0,0,0,0,0,0,0,0,0,0
250084,1,1,1990,0,15,0,0,0,20,21,0,0,0
250085,0,1,1990,0,0,0,0,0,0,0,0,0,0
250085,1,1,1990,0,0,31,12,10,9,25,0,8,8
250086,0,1,1990,0,0,0,0,0,0,0,0,0,0
250086,1,1,1990,0,0,0,0,22,0,0,0,0,0
250087,1,1,1990,25,0,0,0,0,0,0,0,0,0
250087,2,1,1990,0,12,0,0,0,0,0,0,0,0
250088,1,1,1990,16,16,16,16,16,16,16,16,16,16
250089,0,1,1990,48,0,5,21,16,0,8,11,0,0
250089,1,1,1990,12,14,17,14,16,15,30,12,0,12
250090,0,1,1990,2,2,2,2,2,2,2,2,2,2
250090,1,1,1990,20,0,0,0,0,0,0,0,0,0
250091,1,1,1990,0,11,0,0,0,0,0,16,0,0
250091,2,1,1990,0,0,0,0,0,0,0,0,0,0
250092,0,1,1990,8,8,8,8,8,8,8,8,8,8
250092,1,1,1990,32,19,19,10,15,20,27,27,10,25
250093,1,1,1990,0,0,0,0,0,0,0,0,0,0
250093,2,1,1990,17,0,0,0,0,0,0,0,0,0
250094,1,1,1990,0,0,0,0,0,0,0,0,0,0
250094,2,1,1990,0,0,0,0,0,0,0,0,0,0
250095,1,1,1990,0,0,0,0,0,0,0,0,0,0
250095,2,1,1990,10,18,14,0,0,0,14,0,0,0
250096,0,1,1990,0,0,0,0,0,0,0,0,0,0
250096,1,1,1990,0,0,0,0,0,0,0,0,0,0
250097,1,1,1990,0,21,0,0,22,0,0,16,17,0
250097,2,1,1990,12,0,0,29,10,11,0,0,0,0
250098,0,1,1990,0,0,0,0,0,0,0,0,0,0
250098,1,1,1990,3,19,0,0,10,27,0,0,8,0
250099,0,1,1990,17,17,17,17,17,17,17,17,17,17
250099,1,1,1990,0,18,13,14,13,0,0,0,17,0
250100,1,1,1990,0,0,0,0,0,0,0,0,0,0
250100,2,1,1990,0,20,0,19,16,13,0,0,0,6
250101,0,1,1990,0,0,0,0,0,0,0,0,0,0
250101,1,1,1990,0,4,25,25,27,24,26,0,0,0
250102,1,1,1990,26,26,26,26,26,26,26,26,26,26
250103,1,1,1990,0,0,0,0,0,5,36,30,0,0
250103,2,1,1990,0,15,4,0,11,0,0,24,16,0
250104,0,1,1990,0,0,0,0,0,0,0,0,0,0
250104,0,2,1990,0,0,0,0,35,0,0,0,0,0
250104,1,1,1990,17,12,19,0,21,22,26,13,22,0
250105,0,1,1990,0,0,0,0,0,0,0,0,0,0
250105,1,1,1990,0,0,18,0,0,0,11,14,0,0
250106,0,1,1990,0,0,0,0,0,0,0,0,0,0
250106,1,1,1990,0,0,0,0,0,0,8,0,0,0
250108,1,1,1990,21,21,21,21,21,21,21,21,21,21
250110,1,1,1990,0,0,0,0,0,0,0,0,0,0
250110,2,1,1990,0,0,0,0,0,0,0,14,0,0
250111,0,1,1990,28,28,28,28,28,28,28,28,28,28
250111,1,1,1990,0,0,0,0,0,0,0,0,0,0
250112,1,1,1990,13,13,13,13,13,13,13,13,13,13
250113,1,1,1990,5,17,11,22,15,9,38,0,32,25
250114,0,1,1990,0,0,0,0,0,0,0,0,0,0
250114,1,1,1990,0,0,0,13,0,0,19,0,16,1
250115,1,1,1990,0,0,0,0,0,0,0,0,0,0
250115,2,1,1990,0,0,0,0,0,0,0,0,0,0
250116,0,1,1990,8,8,8,8,8,8,8,8,8,8
250116,1,1,1990,0,0,10,3,0,0,11,20,0,0
250117,1,1,1990,24,24,24,24,24,24,24,24,24,24
250118,1,1,1990,18,26,11,8,24,16,23,19,16,14
250119,1,1,1990,0,0,21,0,0,0,0,0,0,0
250120,1,1,1990,0,0,0,0,0,0,0,0,0,0
250121,1,1,1990,20,20,20,20,20,20,20,20,20,20
250122,0,1,1990,0,0,0,0,0,0,0,0,0,0
250122,1,1,1990,0,0,0,0,0,0,0,0,0,0
250123,1,1,1990,0,0,0,0,0,0,0,0,0,0
250124,1,1,1990,21,21,21,21,21,21,21,21,21,21
250125,1,1,1990,0,0,0,0,0,0,0,0,0,0
250126,1,1,1990,15,27,22,11,41,23,15,17,17,16
250127,1,1,1990,0,0,0,0,0,0,0,0,0,0
250128,0,1,1990,6,6,6,6,6,6,6,6,6,6
250128,1,1,1990,0,0,8,0,0,0,9,23,0,0
250129,1,1,1990,26,26,26,26,26,26,26,26,26,26
250130,1,1,1990,0,29,0,0,0,0,0,0,0,0
250130,2,1,1990,0,0,0,0,0,0,0,0,0,0
250131,0,1,1990,10,10,10,10,10,10,10,10,10,10
250131,1,1,1990,13,7,23,16,28,15,20,17,19,20
250133,1,1,1990,0,0,0,0,0,0,0,0,0,0
250134,1,1,1990,10,0,0,5,0,0,0,0,0,0
250134,2,1,1990,0,0,0,0,8,0,0,0,0,6
250135,1,1,1990,0,0,0,0,0,0,0,0,0,0
250135,2,1,1990,0,0,0,0,0,0,0,0,0,0
250136,1,1,1990,10,10,10,10,10,10,10,10,10,10
250137,1,1,1990,0,0,0,22,0,12,22,14,0,8
250138,0,1,1990,0,0,0,0,0,0,0,0,0,0
250138,1,1,1990,0,0,0,0,0,0,0,3,9,0
250139,1,1,1990,0,16,0,12,17,4,0,20,12,0
250139,2,1,1990,3,3,3,3,3,3,3,3,3,3
250140,1,1,1990,0,0,0,0,0,0,0,0,0,0
250141,1,1,1990,26,0,0,23,0,17,29,22,18,0
250143,0,1,1990,0,0,0,0,0,0,0,0,0,0
250143,1,1,1990,0,0,0,0,0,23,14,11,0,0
250144,1,1,1990,0,0,0,0,0,0,0,0,0,0
250145,1,1,1990,21,21,21,21,21,21,21,21,21,21
250146,1,1,1990,19,19,19,19,19,19,19,19,19,19
250147,0,1,1990,0,0,32,0,0,0,0,0,0,0
250147,1,1,1990,0,0,0,0,0,0,0,0,0,0
250148,0,1,1990,0,0,0,0,0,0,0,0,0,0
250148,1,1,1990,0,24,0,15,20,21,11,17,0,11
250149,1,1,1990,17,0,0,0,0,0,0,0,0,0
250149,2,1,1990,25,7,13,17,0,0,0,10,0,0
250150,1,1,1990,0,0,0,0,0,0,0,0,0,0
250152,1,1,1990,0,0,0,0,0,0,0,0,0,0
250153,1,1,1990,11,0,0,0,11,0,0,5,7,12
250153,2,1,1990,0,0,0,0,0,21,0,0,8,0
250154,0,1,1990,0,0,0,0,0,0,0,0,0,0
250154,1,1,1990,0,0,0,0,0,0,15,0,0,0
250155,0,1,1990,0,0,0,0,0,0,0,0,0,0
250155,1,1,1990,0,0,31,0,0,0,0,0,0,0
250156,1,1,1990,0,0,0,0,0,0,0,0,0,0
250158,1,1,1990,0,0,21,0,20,0,0,0,0,0
250158,2,1,1990,0,0,0,0,0,0,0,0,0,0
250159,1,1,1990,19,19,19,19,19,19,19,19,19,19
250160,0,1,1990,0,0,0,0,0,0,0,0,0,0
250160,1,1,1990,16,4,0,16,0,0,12,0,14,0
250161,1,1,1990,0,0,0,0,0,0,0,0,0,0
250162,1,1,1990,0,0,0,0,0,0,0,0,0,0
250162,2,1,1990,0,0,0,0,0,0,0,0,0,0
250162,3,1,1990,0,0,0,0,18,0,0,0,0,16
250163,1,1,1990,18,18,18,18,18,18,18,18,18,18
250164,1,1,1990,6,12,6,17,12,18,21,16,30,16
250165,1,1,1990,1,1,1,1,1,1,1,1,1,1
250166,1,1,1990,7,7,7,7,7,7,7,7,7,7
250166,2,1,1990,0,18,6,16,0,0,0,6,14,0
250166,3,1,1990,0,0,4,0,5,0,0,0,22,0
250167,1,1,1990,0,0,0,0,0,0,0,20,0,10
250168,1,1,1990,0,0,0,0,0,0,0,0,0,0
250168,2,1,1990,0,0,0,0,0,0,0,0,0,0
250169,1,1,1990,0,0,16,6,0,0,0,16,0,0
250170,1,1,1990,0,15,0,0,0,0,17,18,0,0
250171,0,1,1990,0,0,19,0,0,21,0,0,28,0
250171,1,1,1990,0,13,0,0,11,0,9,19,10,0
250172,0,1,1990,0,0,0,0,0,0,0,0,0,0
250172,1,1,1990,0,0,0,0,0,0,10,0,0,0
250172,2,1,1990,13,0,0,0,0,0,0,0,0,0
250173,1,1,1990,16,16,16,16,16,16,16,16,16,16
250173,2,1,1990,0,0,0,0,0,0,0,0,0,0
250173,3,1,1990,0,12,20,0,0,4,0,0,0,16
250174,0,1,1990,0,0,0,0,0,0,0,0,0,0
250175,1,1,1990,0,0,0,0,0,0,0,0,0,0
250175,2,1,1990,0,0,0,0,0,0,16,19,0,0
250176,1,1,1990,0,0,0,0,0,0,0,0,0,0
250176,2,1,1990,0,0,0,0,0,23,0,0,0,0
250177,1,1,1990,0,15,16,0,8,13,16,7,22,6
250178,1,1,1990,26,17,32,12,10,15,14,13,12,9
250179,1,1,1990,17,0,0,0,0,0,0,0,0,0
250179,2,1,1990,0,0,0,0,0,0,0,0,0,0
250180,1,1,1990,29,29,29,29,29,29,29,29,29,29
250180,2,1,1990,0,0,0,0,0,0,0,0,0,0
250181,0,1,1990,25,25,25,25,25,25,25,25,25,25
250181,1,1,1990,0,0,9,0,0,0,0,0,18,0
250182,0,1,1990,11,11,11,11,11,11,11,11,11,11
250182,1,1,1990,0,2,23,32,0,4,0,18,0,0
250183,1,1,1990,0,14,28,27,24,23,18,25,11,0
250183,2,1,1990,8,0,0,0,8,0,0,19,0,15
250184,1,1,1990,0,23,0,12,0,18,27,0,24,16
250185,1,1,1990,16,16,16,16,16,16,16,16,16,16
250186,0,1,1990,0,0,0,0,0,0,0,0,0,0
250186,1,1,1990,0,0,0,0,0,0,0,0,0,0
250187,1,1,1990,11,11,11,11,11,11,11,11,11,11
250188,1,1,1990,11,11,11,11,11,11,11,11,11,11
250189,1,1,1990,0,0,0,0,0,0,0,0,0,0
250189,2,1,1990,0,0,0,0,0,0,0,0,0,0
250190,1,1,1990,10,0,0,0,8,8,9,0,6,11
250191,1,1,1990,17,0,0,8,0,23,0,22,17,14
250191,2,1,1990,0,0,0,0,0,0,0,0,0,0
250192,1,1,1990,12,18,14,0,19,19,0,0,6,11
250193,1,1,1990,0,10,0,0,16,0,0,0,0,0
250193,2,1,1990,15,0,14,16,18,12,13,4,22,0
250194,1,1,1990,12,12,12,12,12,12,12,12,12,12
250194,2,1,1990,6,0,0,0,0,12,0,0,0,0
250195,1,1,1990,0,0,0,0,0,0,0,0,0,0
250196,1,1,1990,9,9,9,9,9,9,9,9,9,9
250196,2,1,1990,0,0,0,0,0,0,0,0,0,0
250197,1,1,1990,15,15,15,15,15,15,15,15,15,15
250198,1,1,1990,18,18,18,18,18,18,18,18,18,18
250199,1,1,1990,26,23,0,14,0,4,14,7,13,13
250200,1,1,1990,0,0,0,0,0,0,0,0,0,0
250200,2,1,1990,0,0,0,0,0,0,0,0,9,0
250201,1,1,1990,18,18,18,18,18,18,18,18,18,18
250202,1,1,1990,0,0,0,23,6,21,15,19,13,20
250202,2,1,1990,0,0,0,0,7,17,0,0,0,0
250203,1,1,1990,0,0,0,0,0,0,0,0,0,0
250204,1,1,1990,0,0,0,0,17,0,0,0,0,0
250204,2,1,1990,0,0,0,0,0,0,12,0,0,0
250205,1,1,1990,0,0,0,0,0,0,0,0,0,0
250205,2,1,1990,14,14,14,14,14,14,14,14,14,14
250206,1,1,1990,7,7,7,7,7,7,7,7,7,7
250207,1,1,1990,7,15,13,0,0,0,0,0,0,0
250208,1,1,1990,18,0,27,0,0,22,0,0,0,0
250209,1,1,1990,1,1,1,1,1,1,1,1,1,1
250210,1,1,1990,25,25,25,25,25,25,25,25,25,25
250211,1,1,1990,18,18,18,18,18,18,18,18,18,18
250212,1,1,1990,0,0,0,0,0,0,0,0,0,0
250213,0,1,1990,19,19,19,19,19,19,19,19,19,19
250213,1,1,1990,9,17,7,32,19,14,22,23,21,22
250214,1,1,1990,19,11,26,16,17,19,23,31,15,17
250215,1,1,1990,9,9,9,9,9,9,9,9,9,9
250216,1,1,1990,0,0,0,0,0,0,0,0,0,0
250217,1,1,1990,0,6,17,0,14,0,0,26,27,0
250217,2,1,1990,13,0,12,3,0,0,0,0,0,6
250219,0,1,1990,0,0,0,0,0,0,0,0,0,0
250219,0,2,1990,0,0,0,0,0,0,0,0,0,0
250219,0,3,1990,13,17,0,0,0,0,0,13,0,0
250219,1,1,1990,0,14,14,0,0,11,19,0,16,0
250220,1,1,1990,0,0,25,0,0,0,19,0,0,0
250221,1,1,1990,0,0,0,0,0,0,0,0,0,0
250221,2,1,1990,0,0,0,0,0,0,0,0,0,0
250222,0,1,1990,0,0,0,13,11,25,11,24,14,9
250222,1,1,1990,16,0,0,10,23,19,7,0,18,25
250222,2,1,1990,0,6,0,0,20,0,0,0,0,15
250222,3,1,1990,8,11,0,0,0,0,21,12,0,12
250223,1,1,1990,0,0,0,0,0,0,0,0,0,0
250223,2,1,1990,0,0,0,0,0,0,0,0,0,0
250224,1,1,1990,1,1,1,1,1,1,1,1,1,1
250225,1,1,1990,0,0,0,0,0,0,11,21,0,0
250225,2,1,1990,0,0,0,0,0,0,0,0,0,0
250226,0,1,1990,0,0,0,0,0,0,0,30,0,0
250226,1,1,1990,0,0,0,0,0,0,0,0,0,0
250227,0,1,1990,6,0,24,0,12,0,22,0,16,0
250227,1,1,1990,0,0,0,0,0,11,0,19,22,0
250228,0,1,1990,0,0,0,0,0,0,0,0,0,0
250228,1,1,1990,0,0,0,0,0,0,0,0,0,0
250229,1,1,1990,0,0,0,0,0,0,0,0,0,29
250229,2,1,1990,0,0,0,0,0,26,0,0,12,18
250230,1,1,1990,0,14,0,21,0,0,0,0,12,0
250231,1,1,1990,0,0,0,0,0,0,0,0,0,0
250231,2,1,1990,0,0,0,0,0,0,8,0,0,0
250231,3,1,1990,0,15,0,0,0,0,0,0,0,11
250232,1,1,1990,9,9,9,9,9,9,9,9,9,9
250233,1,1,1990,22,22,22,22,22,22,22,22,22,22
250234,1,1,1990,20,16,14,9,21,21,20,16,21,13
250234,2,1,1990,0,0,0,0,0,0,0,0,0,5
250235,1,1,1990,0,13,0,0,0,0,9,0,7,22
250235,2,1,1990,18,18,18,18,18,18,18,18,18,18
250236,1,1,1990,0,0,0,0,0,0,20,0,0,0
250236,2,1,1990,0,0,0,0,0,0,0,0,0,0
250236,3,1,1990,0,0,0,0,0,0,19,0,0,0
250237,1,1,1990,16,7,16,20,18,8,13,0,10,30
250237,2,1,1990,0,0,0,0,0,0,0,0,0,0
250238,0,1,1990,0,0,0,0,0,0,0,0,0,0
250238,1,1,1990,0,13,0,0,0,0,0,12,0,0
250239,1,1,1990,0,0,0,0,0,0,0,0,0,14
250239,2,1,1990,0,0,0,0,0,0,0,0,0,0
250240,1,1,1990,0,0,0,0,0,0,0,0,0,0
250241,1,1,1990,0,0,0,0,0,0,0,0,0,0
250242,0,1,1990,0,0,0,0,0,0,0,0,0,0
250242,1,1,1990,5,0,0,0,0,0,0,0,0,0
250243,1,1,1990,16,16,16,16,16,16,16,16,16,16
250244,1,1,1990,17,18,5,11,10,12,26,12,0,15
250244,2,1,1990,0,0,27,14,8,0,0,0,33,0
250245,0,1,1990,0,0,0,0,0,0,0,0,0,0
250245,1,1,1990,10,5,13,17,35,0,0,0,23,0
250246,1,1,1990,0,0,0,0,0,0,0,0,0,14
250247,1,1,1990,0,0,0,0,0,0,0,0,0,0
250247,2,1,1990,0,0,0,0,0,0,0,0,0,0
250248,1,1,1990,10,11,15,10,8,32,7,20,16,0
250249,1,1,1990,0,0,0,0,0,0,0,0,0,24
250249,2,1,1990,0,0,0,0,0,0,0,0,0,0
250250,1,1,1990,11,11,11,11,11,11,11,11,11,11
250250,2,1,1990,0,0,11,0,0,13,0,0,0,0
250251,1,1,1990,0,0,0,0,0,0,0,0,0,0
250251,2,1,1990,0,0,0,0,0,0,0,0,0,0
250252,1,1,1990,18,18,18,18,18,18,18,18,18,18
250253,0,1,1990,0,0,0,0,0,0,0,0,0,0
250253,1,1,1990,19,0,3,16,8,17,0,0,19,0
250254,1,1,1990,0,0,0,0,0,0,0,0,0,0
250254,2,1,1990,0,0,0,0,0,0,0,0,0,0
250254,3,1,1990,0,0,0,0,0,0,0,0,0,0
250255,1,1,1990,3,3,3,3,3,3,3,3,3,3
250255,2,1,1990,0,0,6,38,0,0,23,0,11,14
250256,1,1,1990,23,23,23,23,23,23,23,23,23,23
250256,2,1,1990,30,16,5,0,8,5,14,0,0,0
250257,1,1,1990,0,0,0,0,7,0,0,0,0,0
250257,2,1,1990,0,0,31,0,0,0,0,6,0,0
250258,0,1,1990,0,0,0,0,0,0,0,0,0,0
250258,1,1,1990,0,0,0,0,0,0,0,4,0,0
250259,1,1,1990,0,0,0,0,0,0,0,0,0,0
250260,1,1,1990,0,0,0,0,0,0,0,0,0,0
250260,2,1,1990,0,0,0,0,0,13,20,0,17,0
250261,1,1,1990,0,0,0,0,0,0,0,0,0,0
250262,1,1,1990,25,25,25,25,25,25,25,25,25,25
250263,1,1,1990,15,15,15,15,15,15,15,15,15,15
250264,0,1,1990,0,0,0,0,0,0,0,0,0,0
250264,1,1,1990,11,0,16,19,10,0,0,0,0,9
250265,1,1,1990,14,10,20,0,0,14,5,0,6,18
250266,0,1,1990,36,36,36,36,36,36,36,36,36,36
250266,1,1,1990,24,0,0,8,5,8,17,22,14,0
250267,1,1,1990,0,10,0,0,0,0,15,4,0,0
250267,2,1,1990,0,0,0,0,0,0,0,0,0,0
250269,1,1,1990,17,17,17,17,17,17,17,17,17,17
250269,2,1,1990,0,0,0,0,0,25,0,0,17,0
250270,1,1,1990,11,11,11,11,11,11,11,11,11,11
250271,1,1,1990,8,8,8,8,8,8,8,8,8,8
250271,2,1,1990,12,0,0,0,0,24,0,0,23,0
250272,1,1,1990,5,24,15,13,7,17,16,12,25,10
250273,1,1,1990,24,24,24,24,24,24,24,24,24,24
250274,1,1,1990,20,20,20,20,20,20,20,20,20,20
250275,1,1,1990,18,7,0,17,11,5,10,11,7,6
250276,0,1,1990,0,0,0,0,0,0,0,0,0,0
250276,1,1,1990,0,0,0,20,4,0,15,25,0,0
250277,0,1,1990,34,34,34,34,34,34,34,34,34,34
250277,1,1,1990,0,10,22,0,0,9,11,0,0,0
250278,1,1,1990,0,17,0,14,0,0,0,0,0,0
250278,2,1,1990,0,0,0,17,0,0,0,0,0,0
250279,1,1,1990,23,6,29,27,24,28,9,8,7,9
250280,1,1,1990,0,0,0,0,0,0,0,0,0,0
250280,2,1,1990,0,10,0,0,0,0,0,0,0,0
250281,1,1,1990,0,0,0,0,0,0,0,0,0,0
250281,2,1,1990,0,0,0,0,0,0,0,0,0,0
250282,1,1,1990,15,15,15,15,15,15,15,15,15,15
250283,1,1,1990,15,13,20,18,28,16,42,15,23,26
250283,2,1,1990,16,16,16,16,16,16,16,16,16,16
250284,1,1,1990,21,0,24,20,34,36,30,24,23,23
250285,0,1,1990,0,0,0,0,0,0,0,0,0,0
250285,1,1,1990,0,0,0,0,0,0,0,0,0,0
250287,1,1,1990,20,20,20,20,20,20,20,20,20,20
250288,1,1,1990,0,35,21,11,0,25,0,0,13,0
250289,1,1,1990,17,7,13,31,24,36,21,10,10,20
250290,0,1,1990,6,6,6,6,6,6,6,6,6,6
250290,1,1,1990,0,26,17,0,0,0,17,0,0,19
250291,0,1,1990,0,0,0,0,0,0,0,0,0,0
250291,1,1,1990,0,0,0,18,4,0,0,0,0,0
250292,1,1,1990,0,24,0,9,0,10,11,0,0,7
250292,2,1,1990,0,18,0,11,15,16,0,13,0,0
250293,1,1,1990,0,0,0,0,0,0,0,0,0,0
250294,0,1,1990,0,0,0,0,0,0,0,0,0,0
250294,1,1,1990,0,0,0,0,0,0,0,0,0,0
250295,1,1,1990,0,0,0,0,0,0,0,0,0,0
250296,1,1,1990,0,0,0,0,0,0,0,0,13,0
250296,2,1,1990,0,0,0,0,0,0,0,9,0,0
250297,1,1,1990,0,0,0,0,31,0,0,9,0,22
250297,2,1,1990,0,0,0,0,0,0,0,0,0,0
250298,1,1,1990,25,25,25,25,25,25,25,25,25,25
250299,1,1,1990,21,16,5,18,0,13,0,0,17,0
250299,2,1,1990,0,0,0,0,0,0,0,0,0,0
250300,0,1,1990,0,0,0,0,0,0,0,0,0,0
250300,1,1,1990,0,0,0,0,0,0,0,25,0,0
250301,0,1,1990,25,25,25,25,25,25,25,25,25,25
250301,1,1,1990,17,15,0,17,10,0,0,14,0,12
250302,1,1,1990,0,0,0,0,0,0,0,0,0,0
250302,2,1,1990,0,0,0,0,0,0,5,0,0,0
250303,0,1,1990,1,1,1,1,1,1,1,1,1,1
250303,0,2,1990,17,12,0,9,0,0,0,14,47,30
250303,1,1,1990,25,20,34,21,18,23,24,26,13,8
250303,2,1,1990,0,13,14,20,0,0,22,0,14,0
250304,1,1,1990,0,0,32,0,0,0,11,0,0,0
250304,2,1,1990,20,14,0,8,23,9,9,8,6,10
250305,1,1,1990,0,13,0,0,0,0,0,0,0,0
250305,2,1,1990,0,0,14,0,0,0,0,0,0,0
250306,1,1,1990,6,21,15,32,12,28,13,0,29,8
250307,1,1,1990,0,33,0,27,0,0,24,0,17,39
250308,1,1,1990,0,0,0,0,0,0,0,0,0,0
250309,1,1,1990,14,7,11,13,15,29,12,14,10,23
250310,1,1,1990,0,0,22,11,12,15,0,13,22,0
250310,2,1,1990,0,0,0,0,0,0,0,0,0,0
250311,1,1,1990,30,30,30,30,30,30,30,30,30,30
250312,0,1,1990,0,0,0,0,0,0,0,0,0,0
250312,1,1,1990,3,7,0,18,11,26,0,23,7,10
250313,1,1,1990,32,23,11,22,20,14,26,19,23,6
250314,1,1,1990,17,17,17,17,17,17,17,17,17,17
250315,0,1,1990,0,0,0,6,0,0,0,20,24,0
250315,1,1,1990,0,0,11,0,7,10,10,19,11,0
250316,1,1,1990,0,0,0,0,0,0,0,0,0,0
250317,0,1,1990,0,0,0,0,0,0,0,0,0,0
250317,1,1,1990,0,17,17,23,11,0,17,21,11,0
250318,1,1,1990,28,28,28,28,28,28,28,28,28,28
250319,0,1,1990,12,12,12,12,12,12,12,12,12,12
250319,1,1,1990,11,0,16,24,19,10,21,2,17,15
250319,2,1,1990,0,26,0,11,0,0,0,17,15,11
250320,1,1,1990,0,0,0,0,0,0,0,0,0,0
250320,2,1,1990,0,0,0,0,0,0,0,0,0,0
250321,1,1,1990,15,21,14,10,12,18,15,11,11,15
250322,1,1,1990,8,8,8,8,8,8,8,8,8,8
250323,1,1,1990,0,0,0,0,0,0,0,0,0,0
250323,2,1,1990,0,0,0,0,0,0,0,0,0,0
250323,3,1,1990,0,0,0,0,0,17,0,23,0,0
250324,1,1,1990,11,11,11,11,11,11,11,11,11,11
250325,0,1,1990,0,0,0,0,0,0,0,0,0,0
250325,1,1,1990,0,0,0,0,0,0,0,0,0,0
250326,0,1,1990,0,0,0,0,0,0,0,0,0,0
250326,1,1,1990,0,0,0,0,0,0,0,0,0,0
250328,1,1,1990,23,31,29,19,17,7,22,19,10,14
250329,1,1,1990,37,37,37,37,37,37,37,37,37,37
250329,2,1,1990,0,0,0,0,0,0,0,0,0,26
250330,1,1,1990,0,18,0,0,18,15,0,26,30,6
250331,1,1,1990,7,0,0,21,0,0,0,19,13,15
250332,0,1,1990,0,0,0,24,0,0,0,0,0,0
250332,1,1,1990,15,0,0,0,0,0,0,0,11,0
250333,1,1,1990,17,17,17,17,17,17,17,17,17,17
250334,1,1,1990,0,0,0,0,0,0,0,0,0,0
250335,1,1,1990,15,15,17,35,15,0,15,12,33,0
250336,1,1,1990,0,0,0,0,0,0,0,0,0,0
250337,1,1,1990,20,14,16,7,0,9,5,0,15,24
250338,1,1,1990,30,30,30,30,30,30,30,30,30,30
250339,1,1,1990,6,16,10,7,4,16,19,17,16,0
250340,1,1,1990,0,0,0,0,0,0,0,0,0,0
250341,1,1,1990,0,0,0,0,0,0,0,0,0,0
250341,2,1,1990,0,0,7,0,0,28,22,0,0,23
250342,1,1,1990,0,0,0,0,0,0,0,0,0,0
250342,2,1,1990,0,0,0,0,0,0,0,0,0,0
250343,1,1,1990,0,0,0,0,0,6,18,0,0,0
250343,2,1,1990,0,0,0,0,0,0,0,0,22,0
250344,0,1,1990,11,0,0,0,0,0,0,11,0,0
250344,1,1,1990,14,16,0,0,0,17,0,13,0,19
250345,1,1,1990,23,23,23,23,23,23,23,23,23,23
250346,1,1,1990,0,0,0,0,0,0,0,0,0,0
250348,1,1,1990,12,12,12,24,7,4,11,0,9,5
250349,1,1,1990,0,0,0,0,0,0,0,0,0,0
250349,2,1,1990,0,0,0,0,0,0,0,0,0,0
250350,1,1,1990,0,0,0,0,0,0,0,0,0,0
250350,2,1,1990,12,12,12,12,12,12,12,12,12,12
250351,0,1,1990,16,16,16,16,16,16,16,16,16,16
250351,1,1,1990,16,0,0,12,21,0,0,0,0,0
250352,1,1,1990,20,20,20,20,20,20,20,20,20,20
250353,1,1,1990,32,32,32,32,32,32,32,32,32,32
250354,1,1,1990,11,11,11,11,11,11,11,11,11,11
250355,1,1,1990,14,14,14,14,14,14,14,14,14,14
250356,1,1,1990,20,0,15,8,11,10,26,17,15,10
250357,1,1,1990,0,0,0,0,0,0,0,0,0,0
250358,0,1,1990,0,0,0,0,0,0,0,0,0,0
250358,1,1,1990,0,16,19,5,17,12,27,0,20,13
250359,0,1,1990,0,0,0,0,0,0,0,0,0,0
250359,1,1,1990,0,0,0,0,0,0,0,0,0,0