ST_CASE,VEH_NO,PER_NO,YEAR,P1,P2,P3,P4,P5,P6,P7,P8,P9,P10
250360,1,1,1990,0,9,25,9,0,0,0,15,0,9
250360,2,1,1990,9,6,0,0,7,0,0,30,0,9
250361,1,1,1990,6,12,15,0,0,4,9,0,0,0
250361,2,1,1990,20,20,20,20,20,20,20,20,20,20
250362,1,1,1990,0,0,10,0,0,0,0,0,0,0
250362,2,1,1990,0,0,0,7,0,0,0,16,6,0
250363,1,1,1990,22,24,30,9,11,14,12,18,20,10
250364,1,1,1990,12,12,12,12,12,12,12,12,12,12
250365,0,1,1990,0,0,0,0,0,0,0,0,0,0
250365,1,1,1990,13,11,0,0,0,11,10,14,0,24
250366,1,1,1990,0,0,0,10,0,9,4,19,0,5
250367,1,1,1990,0,0,0,0,0,0,0,0,0,0
250367,2,1,1990,0,10,0,0,0,0,0,0,0,0
250367,3,1,1990,0,0,0,0,0,6,0,0,0,0
250368,1,1,1990,0,25,0,8,30,36,0,14,19,10
250369,0,1,1990,0,0,0,0,0,0,0,0,0,0
250369,1,1,1990,0,0,0,4,0,0,0,0,0,19
250370,1,1,1990,23,21,0,9,10,15,12,32,10,11
250371,1,1,1990,26,26,26,26,26,26,26,26,26,26
250372,1,1,1990,0,0,0,0,0,0,15,0,0,12
250372,2,1,1990,3,5,20,25,6,14,0,0,17,18
250373,0,1,1990,0,0,0,0,0,0,0,0,0,0
250373,1,1,1990,0,0,0,0,0,0,0,0,0,0
250374,0,1,1990,0,0,0,0,28,27,0,0,0,0
250374,1,1,1990,16,0,0,31,5,9,0,22,22,0
250375,0,1,1990,0,0,0,0,0,0,0,0,0,0
250375,1,1,1990,0,0,0,0,0,0,0,0,0,0
250376,1,1,1990,3,3,3,3,3,3,3,3,3,3
250377,0,1,1990,0,0,0,0,0,0,0,0,0,0
250377,1,1,1990,0,0,0,0,0,11,0,0,0,0
250378,1,1,1990,0,0,0,0,0,0,0,0,0,0
250379,1,1,1990,28,28,28,28,28,28,28,28,28,28
250379,2,1,1990,18,12,0,22,36,29,22,0,0,0
250380,1,1,1990,1,1,1,1,1,1,1,1,1,1
250380,2,1,1990,0,0,0,0,0,0,0,0,0,0
250381,1,1,1990,0,0,0,0,0,0,0,17,0,0
250382,1,1,1990,3,3,3,3,3,3,3,3,3,3
250382,2,1,1990,0,0,0,0,0,0,0,0,0,0
250383,0,1,1990,22,22,22,22,22,22,22,22,22,22
250383,1,1,1990,0,0,0,25,0,0,17,0,0,0
250384,1,1,1990,11,11,11,11,11,11,11,11,11,11
250385,1,1,1990,0,0,0,0,0,0,0,0,0,0
250386,1,1,1990,0,0,0,0,0,0,0,0,0,5
250386,2,1,1990,0,0,0,0,0,0,0,0,0,0
250388,1,1,1990,20,38,10,16,17,26,22,17,32,22
250388,2,1,1990,24,24,24,24,24,24,24,24,24,24
250389,1,1,1990,0,0,0,0,0,0,0,0,0,0
250390,1,1,1990,14,14,14,14,14,14,14,14,14,14
250391,1,1,1990,16,16,16,16,16,16,16,16,16,16
250392,0,1,1990,22,24,23,34,27,0,0,31,4,27
250392,1,1,1990,16,24,0,0,14,0,10,8,0,0
250393,1,1,1990,6,6,6,6,6,6,6,6,6,6
250394,1,1,1990,29,29,29,29,29,29,29,29,29,29
250395,1,1,1990,0,0,0,0,0,0,0,0,0,0
250395,2,1,1990,0,0,0,0,0,0,0,0,0,0
250396,1,1,1990,21,21,21,21,21,21,21,21,21,21
250397,1,1,1990,11,11,11,11,11,11,11,11,11,11
250398,1,1,1990,0,21,10,11,16,0,14,0,26,22
250399,1,1,1990,0,0,11,22,14,0,0,21,0,0
250400,1,1,1990,0,0,21,23,14,33,27,0,2,11
250401,0,1,1990,0,0,0,0,0,0,0,0,0,0
250401,1,1,1990,10,0,0,0,0,0,0,0,0,0
250402,0,1,1990,0,0,0,0,0,0,0,0,0,0
250402,1,1,1990,17,23,31,17,10,16,13,15,0,19
250403,1,1,1990,9,9,9,9,9,9,9,9,9,9
250404,1,1,1990,0,20,0,0,12,11,17,11,0,0
250404,2,1,1990,11,16,15,5,4,13,3,9,15,8
250405,1,1,1990,0,0,0,0,0,0,0,0,0,2
250405,2,1,1990,0,0,0,0,0,0,0,0,0,0
250406,1,1,1990,24,24,24,24,24,24,24,24,24,24
250407,0,1,1990,0,0,0,0,0,0,0,0,0,0
250407,0,2,1990,0,0,0,0,0,0,0,0,0,0
250407,0,3,1990,0,0,11,0,0,0,0,0,0,0
250407,0,4,1990,0,0,0,0,0,0,0,0,0,0
250407,0,5,1990,0,0,0,18,0,22,0,0,18,0
250407,1,1,1990,0,0,0,0,0,0,0,0,0,0
250408,1,1,1990,21,21,0,8,16,0,0,0,0,0
250409,0,1,1990,0,0,0,0,0,0,0,0,0,0
250409,1,1,1990,0,0,0,0,0,0,0,0,0,0
250410,1,1,1990,21,21,21,21,21,21,21,21,21,21
250411,0,1,1990,0,0,0,0,0,0,0,0,0,0
250411,1,1,1990,0,9,0,0,0,19,0,0,0,0
250412,1,1,1990,5,5,5,5,5,5,5,5,5,5
250413,1,1,1990,33,18,18,13,7,12,0,7,16,7
250414,1,1,1990,0,0,0,0,0,0,19,0,0,0
250414,2,1,1990,0,0,0,0,0,0,0,0,0,0
250415,1,1,1990,0,4,0,0,0,0,0,34,0,0
250415,2,1,1990,0,0,0,0,0,0,0,0,0,0
250416,1,1,1990,4,0,11,19,0,0,0,4,0,0
250417,1,1,1990,18,18,18,18,18,18,18,18,18,18
250418,1,1,1990,0,0,0,0,0,9,0,0,0,0
250418,2,1,1990,0,0,0,0,0,0,0,0,0,0
250419,1,1,1990,17,14,0,0,0,9,0,0,0,0
250419,2,1,1990,13,13,13,13,13,13,13,13,13,13
250420,1,1,1990,14,0,5,0,0,0,0,0,0,0
250420,2,1,1990,0,7,0,0,0,0,0,0,0,0
250421,1,1,1990,0,0,0,0,0,0,0,0,0,0
250422,1,1,1990,0,28,6,17,30,13,9,0,11,9
250423,0,1,1990,0,0,0,0,0,0,0,0,0,0
250423,1,1,1990,0,0,0,0,0,0,9,0,0,0
250424,0,1,1990,0,0,0,0,0,0,0,0,0,0
250424,1,1,1990,0,0,0,0,0,0,0,0,0,0
250425,1,1,1990,0,0,0,0,0,0,0,0,0,0
250425,2,1,1990,24,24,24,24,24,24,24,24,24,24
250426,1,1,1990,21,21,21,21,21,21,21,21,21,21
250427,1,1,1990,4,4,4,4,4,4,4,4,4,4
250428,1,1,1990,17,36,8,23,20,23,22,26,12,19
250429,1,1,1990,12,24,17,13,24,21,5,9,0,9
250430,1,1,1990,0,0,0,0,0,0,0,0,0,0
250432,1,1,1990,0,8,8,0,0,0,15,15,17,0
250433,1,1,1990,25,17,17,30,3,23,14,27,14,8
250434,1,1,1990,10,11,8,10,0,22,16,6,11,5
250434,2,1,1990,0,0,0,0,12,12,0,0,0,9
250435,1,1,1990,16,16,16,16,16,16,16,16,16,16
250436,1,1,1990,0,0,0,0,0,10,0,0,0,0
250436,2,1,1990,0,0,0,0,0,0,0,0,0,0
250436,3,1,1990,0,0,0,0,0,0,0,0,0,0
250436,4,1,1990,9,0,0,0,0,0,0,24,0,0
250437,1,1,1990,25,22,20,17,10,13,0,4,44,20
250438,1,1,1990,44,44,44,44,44,44,44,44,44,44
250438,2,1,1990,0,0,0,0,0,11,0,0,0,0
250439,0,1,1990,0,0,0,0,0,0,0,0,0,0
250439,1,1,1990,0,16,0,0,0,0,0,0,0,0
250440,1,1,1990,0,7,0,0,0,9,0,0,0,22
250440,2,1,1990,0,0,22,0,0,0,0,0,6,0
250441,1,1,1990,0,0,0,0,0,0,0,0,0,0
250441,2,1,1990,0,0,0,0,0,0,0,0,0,0
250441,3,1,1990,0,0,8,8,0,0,0,0,0,0
250442,1,1,1990,25,25,25,25,25,25,25,25,25,25
250443,1,1,1990,0,0,0,0,20,0,0,0,23,0
250443,2,1,1990,0,7,0,0,0,0,0,0,0,0
250444,0,1,1990,24,16,0,0,0,0,0,0,0,0
250444,1,1,1990,15,15,0,8,3,19,5,21,38,20
250445,1,1,1990,0,0,0,0,0,17,0,0,0,0
250445,2,1,1990,0,0,0,0,0,0,0,0,0,0
250446,1,1,1990,0,0,0,0,0,0,0,0,0,0
250446,2,1,1990,0,0,0,0,0,0,0,0,0,0
250448,1,1,1990,0,0,0,11,0,0,12,0,0,0
250448,2,1,1990,0,0,0,0,0,0,0,0,0,0
250449,1,1,1990,5,6,16,13,7,0,14,31,13,17
250450,0,1,1990,0,0,0,0,0,0,0,0,0,0
250450,1,1,1990,0,0,23,0,0,0,0,0,0,0
250451,1,1,1990,8,12,9,29,23,5,19,23,26,20
250452,1,1,1990,10,10,10,10,10,10,10,10,10,10
250453,0,1,1990,0,0,0,0,14,0,0,0,0,0
250453,1,1,1990,0,0,4,0,0,0,0,0,0,0
250454,0,1,1990,2,2,2,2,2,2,2,2,2,2
250454,1,1,1990,0,0,0,0,19,14,0,0,0,0
250455,1,1,1990,21,21,21,21,21,21,21,21,21,21
250456,1,1,1990,12,29,0,14,5,0,0,18,15,27
250457,1,1,1990,19,14,2,20,13,9,0,14,0,28
250458,1,1,1990,0,0,0,0,0,0,0,0,0,0
250459,1,1,1990,13,13,13,13,13,13,13,13,13,13
250460,1,1,1990,0,0,0,0,0,0,0,0,0,0
250460,2,1,1990,0,0,0,0,0,0,0,0,0,0
250461,1,1,1990,0,0,0,13,0,0,13,0,0,16
250462,1,1,1990,0,0,0,0,0,0,0,0,0,0
250463,1,1,1990,0,0,0,0,0,0,0,0,0,0
250464,1,1,1990,24,0,12,30,22,12,22,9,21,13
250464,2,1,1990,0,0,0,0,0,0,0,0,0,0
250464,3,1,1990,15,0,0,0,0,0,0,20,0,0
250465,1,1,1990,14,22,14,31,22,0,0,11,15,18
250466,1,1,1990,20,20,20,20,20,20,20,20,20,20
250466,2,1,1990,0,0,7,0,0,0,0,16,0,0
250467,0,1,1990,0,0,0,0,0,0,0,0,0,0
250467,1,1,1990,0,0,14,0,0,0,0,16,0,0
250468,1,1,1990,26,26,26,26,26,26,26,26,26,26
250469,0,1,1990,0,0,0,0,0,0,0,0,0,0
250469,1,1,1990,0,0,0,17,0,0,0,0,20,0
250470,1,1,1990,11,0,0,0,5,0,15,14,0,9
250470,2,1,1990,0,0,0,0,0,0,0,0,0,0
250471,1,1,1990,21,21,21,21,21,21,21,21,21,21
250472,1,1,1990,13,14,0,0,0,0,0,0,0,0
250473,1,1,1990,0,0,0,0,0,0,0,0,0,0
250473,2,1,1990,0,0,0,0,0,0,0,0,0,0
250474,1,1,1990,0,0,0,0,0,0,0,0,0,0
250474,2,1,1990,13,0,0,0,9,0,4,0,24,18
250474,3,1,1990,0,12,0,0,0,0,0,0,0,0
250475,1,1,1990,19,19,19,19,19,19,19,19,19,19
250475,2,1,1990,0,0,0,0,0,0,0,0,9,0
250476,1,1,1990,10,10,10,10,10,10,10,10,10,10
250476,2,1,1990,10,10,10,10,10,10,10,10,10,10
250477,0,1,1990,0,0,8,19,0,0,0,11,0,0
250477,0,2,1990,1,1,1,1,1,1,1,1,1,1
250477,1,1,1990,0,0,0,0,0,0,0,0,0,0
250478,1,1,1990,0,0,0,0,0,0,0,0,0,0
250478,2,1,1990,35,35,35,35,35,35,35,35,35,35
250479,0,1,1990,0,0,0,0,0,0,0,0,0,0
250479,1,1,1990,0,0,0,0,0,0,14,0,0,0
250480,1,1,1990,0,0,0,0,0,0,0,0,0,0
250481,1,1,1990,0,0,0,0,0,0,0,0,0,0
250481,2,1,1990,21,0,15,0,11,0,0,13,9,0
250482,1,1,1990,0,0,0,0,0,0,0,0,0,0
250482,2,1,1990,0,0,20,0,0,0,0,0,0,0
250483,1,1,1990,0,0,0,0,0,0,0,0,0,0
250484,1,1,1990,1,1,1,1,1,1,1,1,1,1
250484,2,1,1990,0,0,14,0,0,0,0,0,0,0
250485,1,1,1990,20,20,20,20,20,20,20,20,20,20
250486,1,1,1990,20,20,20,20,20,20,20,20,20,20
250487,1,1,1990,22,4,13,19,22,30,27,32,15,24
250488,1,1,1990,3,20,16,0,30,16,33,20,7,20
250489,0,1,1990,11,11,11,11,11,11,11,11,11,11
250489,1,1,1990,14,10,16,17,21,27,20,11,32,14
250490,1,1,1990,0,0,0,0,0,0,0,0,0,0
250490,2,1,1990,0,0,4,0,0,0,29,0,0,0
250491,1,1,1990,0,0,0,0,0,0,0,0,0,0
250491,2,1,1990,0,0,0,0,9,0,0,0,0,0
250492,1,1,1990,0,10,0,0,0,13,11,17,15,0
250493,1,1,1990,23,23,23,23,23,23,23,23,23,23
250494,1,1,1990,17,17,17,17,17,17,17,17,17,17
250496,1,1,1990,7,13,10,0,13,18,8,12,21,29
250499,1,1,1990,24,0,0,16,0,15,0,10,27,0
250500,1,1,1990,0,0,0,0,0,0,0,0,0,0
250500,2,1,1990,0,0,0,0,0,0,0,0,0,0
250501,1,1,1990,0,0,0,0,0,0,0,0,0,0
250502,1,1,1990,18,18,21,21,9,16,12,15,12,9
250503,0,1,1990,30,30,30,30,30,30,30,30,30,30
250503,1,1,1990,12,0,0,18,5,14,0,6,0,0
250503,2,1,1990,20,13,11,8,0,19,13,0,13,21
250503,3,1,1990,7,7,31,0,0,0,0,12,25,0
250504,1,1,1990,0,0,0,0,0,0,21,33,15,0
250504,2,1,1990,0,0,0,0,0,0,0,0,0,0
250505,1,1,1990,0,13,3,0,0,35,18,10,12,17
250506,1,1,1990,17,12,30,10,7,13,4,0,20,27
250507,1,1,1990,21,21,21,21,21,21,21,21,21,21
250507,2,1,1990,11,10,21,12,10,20,22,12,11,17
250508,1,1,1990,0,0,0,0,0,0,0,0,0,0
250508,2,1,1990,22,22,22,22,22,22,22,22,22,22
250509,1,1,1990,16,6,22,20,15,18,8,19,15,9
250510,1,1,1990,25,25,25,25,25,25,25,25,25,25
250511,0,1,1990,0,0,0,0,0,0,0,0,0,0
250511,1,1,1990,0,0,15,0,0,0,0,0,22,0
250512,1,1,1990,12,21,0,33,14,0,9,0,14,34
250514,1,1,1990,0,6,0,25,20,14,18,16,14,36
250514,2,1,1990,0,0,5,22,0,0,13,16,0,0
250515,1,1,1990,0,0,0,0,0,0,0,0,0,0
250516,0,1,1990,0,0,0,0,0,0,0,0,0,0
250516,1,1,1990,22,0,0,13,0,0,15,0,0,0
250517,1,1,1990,0,0,0,0,0,0,0,0,0,0
250517,2,1,1990,8,0,0,0,0,0,0,0,0,0
250517,3,1,1990,0,0,0,0,0,0,0,4,0,14
250518,0,1,1990,0,0,0,0,0,0,0,0,0,0
250518,1,1,1990,0,18,0,0,0,0,0,0,0,0
250519,0,1,1990,4,4,4,4,4,4,4,4,4,4
250519,1,1,1990,16,0,15,0,29,0,0,0,0,0
250520,1,1,1990,0,0,0,0,0,0,0,0,0,0
250521,0,1,1990,0,0,0,0,0,0,0,0,0,0
250521,1,1,1990,0,0,0,0,0,0,0,0,0,0
250521,2,1,1990,0,0,0,0,0,0,0,0,0,0
250522,0,1,1990,2,2,2,2,2,2,2,2,2,2
250522,1,1,1990,0,0,0,0,0,0,0,16,28,0
250523,1,1,1990,6,0,0,0,0,0,10,0,0,9
250523,2,1,1990,15,7,0,0,0,20,7,16,12,6
250524,1,1,1990,0,0,0,0,0,0,0,0,0,0
250525,0,1,1990,0,0,0,0,0,0,0,0,0,0
250525,1,1,1990,20,0,28,22,27,0,22,32,6,30
250526,0,1,1990,0,0,0,0,0,0,0,0,0,0
250526,1,1,1990,0,0,4,0,0,0,0,0,0,0
250527,1,1,1990,0,0,0,0,0,0,0,0,0,0
250528,1,1,1990,0,0,0,9,0,0,0,0,0,0
250528,2,1,1990,0,0,0,0,0,0,0,0,0,0
250529,0,1,1990,12,12,0,0,0,0,0,0,0,15
250529,1,1,1990,0,26,0,0,0,0,0,22,0,0
250530,1,1,1990,0,0,0,0,0,0,0,0,0,0
250530,2,1,1990,22,17,10,9,13,27,14,7,5,14
250531,0,1,1990,16,16,16,16,16,16,16,16,16,16
250531,1,1,1990,0,15,0,13,0,0,0,0,0,25
250532,1,1,1990,22,22,22,22,22,22,22,22,22,22
250533,1,1,1990,2,2,2,2,2,2,2,2,2,2
250533,2,1,1990,13,0,0,0,0,0,9,0,13,0
250534,1,1,1990,0,0,0,0,5,0,0,6,0,0
250534,2,1,1990,0,7,0,0,0,0,13,0,0,0
250535,1,1,1990,25,15,0,24,11,3,0,26,12,13
250536,0,1,1990,10,14,0,0,0,0,23,30,43,12
250536,1,1,1990,15,25,16,0,15,0,0,0,0,0
250537,0,1,1990,0,0,0,0,0,0,0,0,0,0
250537,1,1,1990,0,6,0,0,0,0,0,0,0,0
250538,1,1,1990,0,0,0,0,0,0,0,0,0,0
250539,1,1,1990,0,0,0,0,0,17,16,0,13,30
250539,2,1,1990,0,0,11,0,0,0,3,0,17,0
250540,1,1,1990,8,10,0,0,18,0,0,0,0,21
250540,2,1,1990,6,0,0,0,0,23,0,21,15,21
250540,3,1,1990,0,0,0,0,0,0,4,0,0,0
250541,1,1,1990,14,17,10,10,6,15,11,28,16,21
250542,1,1,1990,19,19,19,19,19,19,19,19,19,19
250542,2,1,1990,0,0,0,0,0,17,0,0,0,0
250543,1,1,1990,0,0,0,0,0,0,0,0,0,0
250543,2,1,1990,0,0,0,0,0,0,0,0,0,0
250544,1,1,1990,21,20,0,15,13,24,33,10,43,20
250545,0,1,1990,18,31,37,40,4,0,0,23,12,15
250545,1,1,1990,30,19,28,0,43,19,25,22,0,10
250546,1,1,1990,22,5,10,16,3,0,8,11,8,17
250547,0,1,1990,0,0,0,0,0,0,0,0,0,0
250547,1,1,1990,0,0,0,0,0,0,0,0,0,0
250548,1,1,1990,0,0,0,0,0,0,0,0,0,0
250548,2,1,1990,0,0,0,0,0,0,0,0,9,0
250549,1,1,1990,0,0,0,0,0,0,0,0,0,0
250549,2,1,1990,0,0,0,0,0,0,0,0,0,0
250550,1,1,1990,15,15,15,15,15,15,15,15,15,15
250550,2,1,1990,0,11,20,0,0,0,0,8,10,16
250551,1,1,1990,21,25,25,23,13,0,17,7,13,7
250551,2,1,1990,0,0,0,0,0,0,0,0,0,0
250552,1,1,1990,0,0,0,0,0,0,0,0,0,0
250552,2,1,1990,0,0,0,0,0,0,0,0,0,0
250553,0,1,1990,21,21,21,21,21,21,21,21,21,21
250553,1,1,1990,22,21,0,0,6,0,13,0,17,0
250554,0,1,1990,0,0,0,0,0,0,0,0,0,0
250554,1,1,1990,21,21,0,0,0,0,0,0,0,0
250555,1,1,1990,0,0,0,0,0,0,0,0,0,5
250555,2,1,1990,0,0,0,0,0,0,12,0,0,0
250556,1,1,1990,9,9,9,9,9,9,9,9,9,9
250557,1,1,1990,28,28,28,28,28,28,28,28,28,28
250558,1,1,1990,0,0,0,0,0,0,0,0,0,0
250559,1,1,1990,0,0,0,0,0,0,0,0,0,0
250559,2,1,1990,0,0,0,0,0,0,0,0,0,0
250559,3,1,1990,0,0,0,0,26,0,0,0,0,0
250560,1,1,1990,15,0,0,0,0,0,0,0,20,0
250560,2,1,1990,0,0,0,0,0,0,0,0,0,0
250560,3,1,1990,0,0,12,0,0,0,0,0,0,0
250561,1,1,1990,8,8,8,8,8,8,8,8,8,8
250562,1,1,1990,0,0,0,0,0,0,3,0,0,0
250562,2,1,1990,0,0,0,0,0,0,0,6,0,0
250562,3,1,1990,0,0,0,0,0,9,0,0,0,4
250563,1,1,1990,0,0,0,0,0,0,0,0,0,0
250563,2,1,1990,0,0,0,0,0,0,25,0,0,0
250564,1,1,1990,0,0,0,0,0,0,0,0,0,0
250564,2,1,1990,0,0,0,0,0,0,0,0,0,0
250564,3,1,1990,0,0,0,22,0,0,15,10,20,0
250565,1,1,1990,17,17,17,17,17,17,17,17,17,17
250565,2,1,1990,0,0,0,5,0,0,0,0,0,0
250566,0,1,1990,22,22,22,22,22,22,22,22,22,22
250566,1,1,1990,36,2,14,9,26,36,5,11,11,10
250567,0,1,1990,0,0,0,0,0,0,0,0,0,0
250567,1,1,1990,0,21,10,0,0,0,0,0,0,0
260001,1,1,1990,14,14,14,14,14,14,14,14,14,14
260001,2,1,1990,0,0,0,0,0,0,0,0,0,0
260002,1,1,1990,0,0,0,17,0,0,0,0,0,0
260002,2,1,1990,0,0,0,0,0,0,0,0,0,0
260003,1,1,1990,0,0,0,0,0,0,0,0,0,0
260003,2,1,1990,0,0,0,0,0,0,0,0,0,0
260004,0,1,1990,12,0,0,0,0,0,0,14,0,29
260004,1,1,1990,0,0,0,0,0,0,0,0,0,0
260005,1,1,1990,17,17,17,17,17,17,17,17,17,17
260006,1,1,1990,0,0,0,0,0,0,0,0,0,12
260006,2,1,1990,0,0,0,0,0,0,0,0,0,0
260007,0,1,1990,0,14,0,5,0,0,0,0,16,31
260007,1,1,1990,0,0,0,0,0,0,0,0,0,0
260008,0,1,1990,37,20,14,16,0,40,31,20,22,18
260009,1,1,1990,22,22,22,22,22,22,22,22,22,22
260010,1,1,1990,18,18,18,18,18,18,18,18,18,18
260011,1,1,1990,0,0,0,0,0,0,0,0,0,0
260011,2,1,1990,0,0,0,0,0,0,0,0,0,0
260012,1,1,1990,19,20,15,8,7,17,21,11,23,27
260013,1,1,1990,0,0,0,0,0,0,0,0,0,0
260014,1,1,1990,0,0,0,0,0,0,0,0,0,0
260015,1,1,1990,3,3,3,3,3,3,3,3,3,3
260016,1,1,1990,0,0,0,0,0,0,0,0,0,0
260016,2,1,1990,0,0,0,0,0,0,0,0,0,0
260016,3,1,1990,0,0,0,0,0,0,0,0,0,0
260017,1,1,1990,0,0,0,0,0,0,0,0,0,0
260017,2,1,1990,0,0,0,0,0,0,0,0,0,0
260018,1,1,1990,0,0,0,0,0,0,0,0,0,0
260019,1,1,1990,0,0,0,0,0,0,0,0,0,0
260019,2,1,1990,0,0,0,0,0,0,0,0,0,0
260020,0,1,1990,0,0,0,0,0,27,0,0,0,0
260020,1,1,1990,0,0,0,0,0,0,0,0,0,0
260021,1,1,1990,23,23,23,23,23,23,23,23,23,23
260021,2,1,1990,0,0,0,0,0,0,0,0,12,0
260022,1,1,1990,0,0,0,0,0,0,0,0,0,0
260023,0,1,1990,0,0,0,0,0,0,0,0,0,0
260023,1,1,1990,0,0,0,0,0,0,0,0,0,0
260024,1,1,1990,0,0,0,0,0,0,0,0,0,0
260024,2,1,1990,0,0,0,0,0,0,0,0,0,0
260025,1,1,1990,23,14,24,19,23,28,10,25,10,7
260026,1,1,1990,0,0,0,0,0,0,0,0,0,0
260026,2,1,1990,0,18,0,0,0,0,0,0,0,0
260027,1,1,1990,0,0,0,0,0,0,0,0,0,0
260027,2,1,1990,0,0,0,0,0,0,0,0,0,0
260028,1,1,1990,0,0,0,0,0,0,0,0,0,0
260028,2,1,1990,0,0,0,0,0,0,0,0,0,0
260029,1,1,1990,0,0,0,0,0,0,0,0,0,0
260029,2,1,1990,0,0,0,0,0,0,0,0,0,0
260030,1,1,1990,0,0,0,0,0,0,0,0,0,0
260031,1,1,1990,0,0,0,0,0,0,0,0,0,0
260031,2,1,1990,0,0,0,0,0,0,0,0,0,0
260032,1,1,1990,0,0,0,18,0,0,21,0,0,0
260033,1,1,1990,24,24,24,24,24,24,24,24,24,24
260033,2,1,1990,0,0,0,0,0,0,0,0,0,0
260034,1,1,1990,23,23,23,23,23,23,23,23,23,23
260035,1,1,1990,0,0,0,0,0,0,0,0,0,0
260035,2,1,1990,0,0,0,0,0,0,0,0,0,0
260035,3,1,1990,0,0,0,0,0,0,0,0,0,0
260036,1,1,1990,0,0,0,0,0,0,0,11,0,0
260036,2,1,1990,0,0,0,0,0,0,0,0,0,0
260037,1,1,1990,0,0,0,0,0,0,0,0,0,0
260037,2,1,1990,28,6,8,2,12,10,15,10,6,5
260038,1,1,1990,19,19,19,19,19,19,19,19,19,19
260039,0,1,1990,14,14,14,14,14,14,14,14,14,14
260039,1,1,1990,0,24,0,0,17,0,0,0,0,20
260040,1,1,1990,21,21,21,21,21,21,21,21,21,21
260041,1,1,1990,0,0,0,0,0,0,0,0,0,0
260041,2,1,1990,0,0,0,0,0,0,0,0,0,0
260042,0,1,1990,0,0,0,15,0,0,0,0,0,0
260042,0,2,1990,0,16,33,0,16,0,0,0,0,0
260042,1,1,1990,0,0,16,0,0,0,0,0,0,0
260043,1,1,1990,22,22,22,22,22,22,22,22,22,22
260044,1,1,1990,0,0,0,0,0,0,0,0,0,0
260044,2,1,1990,0,0,0,0,0,0,0,0,0,0
260045,1,1,1990,0,15,9,5,8,10,0,20,2,0
260045,2,1,1990,0,0,0,0,0,0,9,0,0,0
260046,1,1,1990,0,0,0,0,0,0,0,0,0,0
260046,2,1,1990,0,0,0,0,0,0,0,0,0,0
260047,1,1,1990,0,0,0,0,0,0,3,0,0,0
260047,2,1,1990,0,0,0,0,0,0,0,0,0,0
260048,1,1,1990,6,6,6,6,6,6,6,6,6,6
260049,1,1,1990,0,0,0,0,0,0,0,0,0,0
260049,2,1,1990,0,0,0,0,0,0,0,0,0,0
260050,1,1,1990,0,0,0,0,0,0,0,0,0,0
260050,2,1,1990,0,0,0,0,0,0,0,0,0,0
260051,1,1,1990,0,0,0,0,0,0,0,0,0,0
260051,2,1,1990,0,0,0,0,0,0,0,0,0,0
260052,1,1,1990,27,27,27,27,27,27,27,27,27,27
260054,1,1,1990,0,0,0,0,0,0,0,0,0,0
260054,2,1,1990,0,0,0,0,16,0,0,0,0,0
260055,1,1,1990,0,0,0,0,0,0,0,0,0,0
260055,2,1,1990,0,0,0,0,0,0,0,0,0,0
260056,0,1,1990,0,5,0,0,0,0,0,0,0,0
260056,1,1,1990,0,0,0,0,0,0,0,0,0,0
260057,1,1,1990,0,0,0,0,0,0,0,0,0,0
260057,2,1,1990,0,0,0,0,24,0,0,0,0,0
260058,0,1,1990,16,0,0,0,0,0,19,0,14,0
260058,1,1,1990,0,5,0,0,0,0,0,0,0,0
260059,1,1,1990,0,0,0,0,0,21,0,0,13,17
260059,2,1,1990,0,0,0,0,0,0,0,0,0,0
260060,1,1,1990,0,0,0,0,0,0,0,0,8,0
260061,1,1,1990,9,0,20,25,0,20,14,13,0,16
260062,1,1,1990,0,0,0,0,0,0,0,0,0,0
260062,2,1,1990,0,0,10,7,23,0,0,18,10,17
260063,1,1,1990,0,0,0,0,0,0,0,0,0,20
260064,1,1,1990,13,13,24,0,17,0,0,0,0,6
260064,2,1,1990,0,0,0,0,0,0,0,0,0,0
260065,0,1,1990,0,0,0,0,0,0,0,0,8,0
260065,1,1,1990,0,0,0,0,0,0,0,0,0,0
260066,0,1,1990,20,20,20,20,20,20,20,20,20,20
260066,1,1,1990,0,0,0,6,17,0,0,13,0,20
260067,1,1,1990,12,12,12,12,12,12,12,12,12,12
260068,1,1,1990,0,0,0,0,0,0,0,0,0,0
260068,2,1,1990,0,0,0,0,0,0,0,0,0,0
260069,0,1,1990,25,25,25,25,25,25,25,25,25,25
260069,1,1,1990,0,0,14,0,0,0,0,0,0,0
260070,1,1,1990,19,19,19,19,19,19,19,19,19,19
260070,2,1,1990,0,0,0,0,0,0,0,0,0,0
260071,0,1,1990,33,33,33,33,33,33,33,33,33,33
260071,1,1,1990,12,7,30,6,8,22,34,0,9,12
260072,1,1,1990,0,0,0,0,0,0,0,0,0,0
260073,1,1,1990,0,0,0,0,0,0,0,0,0,0
260074,0,1,1990,13,13,13,13,13,13,13,13,13,13