ST_CASE,VEH_NO,PER_NO,YEAR,P1,P2,P3,P4,P5,P6,P7,P8,P9,P10
260074,1,1,1990,0,0,0,0,0,0,5,0,16,4
260075,0,1,1990,21,21,21,21,21,21,21,21,21,21
260075,1,1,1990,23,11,18,6,18,0,9,26,0,17
260076,1,1,1990,0,5,9,29,14,26,30,18,10,37
260077,1,1,1990,0,0,0,0,0,0,0,0,0,0
260077,2,1,1990,0,0,0,0,0,0,0,0,0,0
260078,1,1,1990,0,0,0,0,0,0,0,0,0,0
260078,2,1,1990,0,0,0,0,0,0,0,0,0,0
260079,1,1,1990,8,8,8,8,8,8,8,8,8,8
260079,2,1,1990,8,0,0,0,0,0,0,0,0,0
260080,1,1,1990,13,13,13,13,13,13,13,13,13,13
260081,1,1,1990,21,21,21,21,21,21,21,21,21,21
260082,1,1,1990,0,0,0,0,0,0,0,0,0,0
260082,2,1,1990,0,0,0,0,0,0,0,0,0,0
260082,3,1,1990,0,0,0,0,0,0,20,0,0,0
260083,1,1,1990,0,0,3,0,0,0,0,0,0,0
260083,2,1,1990,0,0,0,0,0,0,0,0,0,0
260084,1,1,1990,2,2,2,2,2,2,2,2,2,2
260084,2,1,1990,0,0,0,0,0,0,0,0,0,0
260085,1,1,1990,0,0,0,0,0,0,0,0,0,0
260085,2,1,1990,0,0,0,0,0,0,0,0,7,3
260086,1,1,1990,17,17,17,17,17,17,17,17,17,17
260086,2,1,1990,0,0,0,0,0,10,0,0,0,0
260087,1,1,1990,15,15,15,15,15,15,15,15,15,15
260087,2,1,1990,0,0,0,0,0,0,0,0,0,0
260088,0,1,1990,0,0,0,0,0,0,0,0,0,0
260088,0,2,1990,0,9,30,14,16,0,17,0,0,0
260088,1,1,1990,0,0,0,0,0,0,0,0,0,0
260089,1,1,1990,0,0,0,0,0,0,0,0,0,0
260089,2,1,1990,0,0,0,0,0,0,0,0,0,0
260090,0,1,1990,19,19,19,19,19,19,19,19,19,19
260090,1,1,1990,0,0,13,0,0,0,0,0,0,0
260091,1,1,1990,0,0,0,0,0,0,0,0,0,0
260091,2,1,1990,0,0,0,0,0,0,0,0,0,0
260091,3,1,1990,0,0,0,0,0,0,0,0,0,0
260092,1,1,1990,11,11,11,11,11,11,11,11,11,11
260093,1,1,1990,0,0,0,0,0,0,0,0,0,0
260093,2,1,1990,0,0,0,0,0,0,0,0,0,0
260094,1,1,1990,29,29,29,29,29,29,29,29,29,29
260095,1,1,1990,19,19,19,19,19,19,19,19,19,19
260096,0,1,1990,0,0,0,0,0,0,0,0,0,0
260096,1,1,1990,0,0,0,0,0,0,0,0,0,0
260097,1,1,1990,26,26,26,26,26,26,26,26,26,26
260097,2,1,1990,0,0,0,0,0,0,0,0,0,0
260098,1,1,1990,0,0,0,0,0,0,0,0,0,0
260098,2,1,1990,0,0,0,0,0,0,0,0,0,0
260099,1,1,1990,0,0,0,0,8,3,0,0,0,13
260099,2,1,1990,0,0,0,0,0,0,0,0,0,0
260100,1,1,1990,13,13,13,13,13,13,13,13,13,13
260100,2,1,1990,26,26,26,26,26,26,26,26,26,26
260101,1,1,1990,0,0,0,0,0,0,0,0,0,0
260101,2,1,1990,0,0,0,0,0,0,0,0,0,0
260102,1,1,1990,0,0,0,0,0,0,0,0,0,0
260102,2,1,1990,0,0,0,0,0,0,0,0,0,0
260103,0,1,1990,0,0,0,0,0,0,0,0,0,0
260103,1,1,1990,0,0,0,0,0,0,0,0,0,0
260105,1,1,1990,0,0,0,0,0,0,0,0,0,0
260105,2,1,1990,0,0,0,0,0,0,0,0,0,0
260106,1,1,1990,10,21,24,14,25,24,11,15,27,29
260106,2,1,1990,0,0,0,0,0,0,0,0,0,0
260107,1,1,1990,0,0,0,0,0,0,0,0,0,0
260107,2,1,1990,0,0,0,0,0,0,0,0,19,0
260108,0,1,1990,0,0,0,0,0,0,0,0,0,0
260108,1,1,1990,0,0,0,0,0,0,0,0,0,0
260108,2,1,1990,0,0,0,21,0,0,0,0,0,0
260109,1,1,1990,26,26,26,26,26,26,26,26,26,26
260110,0,1,1990,0,0,0,0,0,0,0,0,0,0
260110,0,2,1990,0,0,29,0,0,0,0,0,0,0
260110,1,1,1990,0,0,0,0,0,0,0,0,0,0
260111,1,1,1990,18,13,12,10,15,17,25,13,23,34
260112,0,1,1990,0,45,0,0,0,0,0,0,0,0
260112,1,1,1990,0,0,0,0,0,0,19,0,0,0
260114,0,1,1990,0,0,0,30,0,22,0,0,13,0
260114,1,1,1990,0,0,0,0,0,0,0,0,0,0
260115,0,1,1990,0,22,0,0,0,0,0,0,0,0
260115,1,1,1990,0,0,0,0,0,0,0,0,0,0
260115,2,1,1990,0,0,0,0,0,0,0,0,0,0
260116,1,1,1990,17,17,17,17,17,17,17,17,17,17
260116,2,1,1990,4,0,0,0,0,0,0,0,0,0
260118,1,1,1990,25,25,25,25,25,25,25,25,25,25
260119,1,1,1990,0,0,0,0,0,0,0,0,0,0
260119,2,1,1990,0,0,0,0,0,0,0,0,0,0
260119,3,1,1990,0,0,0,0,0,0,0,0,0,0
260120,1,1,1990,14,14,14,14,14,14,14,14,14,14
260120,2,1,1990,0,0,0,0,0,0,0,0,0,0
260120,3,1,1990,0,0,17,0,0,0,0,0,0,0
260121,1,1,1990,0,0,0,0,0,0,0,0,0,0
260121,2,1,1990,0,0,0,0,0,0,29,0,0,0
260122,1,1,1990,7,7,7,7,7,7,7,7,7,7
260122,2,1,1990,0,0,13,0,0,0,0,0,0,0
260123,1,1,1990,0,0,0,0,0,8,0,0,0,0
260123,2,1,1990,0,0,0,0,0,0,0,0,0,0
260124,1,1,1990,0,0,0,0,0,0,0,0,0,0
260124,2,1,1990,12,0,0,11,0,0,0,0,0,0
260125,1,1,1990,0,0,0,0,11,0,0,0,0,0
260126,1,1,1990,11,11,11,11,11,11,11,11,11,11
260126,2,1,1990,0,0,0,0,0,0,0,0,0,0
260127,1,1,1990,0,0,0,0,0,0,0,0,0,0
260127,2,1,1990,0,0,0,0,0,0,0,0,0,15
260128,1,1,1990,20,25,17,16,20,8,23,4,26,14
260129,0,1,1990,25,37,0,0,0,0,20,0,0,0
260129,1,1,1990,0,0,0,0,0,0,0,0,0,0
260130,1,1,1990,1,1,1,1,1,1,1,1,1,1
260130,2,1,1990,0,0,0,0,0,16,0,0,7,0
260131,1,1,1990,0,0,0,0,0,0,0,0,0,0
260131,2,1,1990,0,0,0,0,0,0,0,0,0,0
260132,1,1,1990,0,0,0,0,0,0,19,0,0,0
260132,2,1,1990,0,17,0,6,0,0,0,0,0,0
260133,1,1,1990,17,17,17,17,17,17,17,17,17,17
260134,1,1,1990,16,16,16,16,16,16,16,16,16,16
260135,0,1,1990,0,0,0,0,0,0,0,0,0,0
260135,1,1,1990,17,16,9,0,10,0,10,24,7,6
260136,1,1,1990,0,0,0,0,0,0,0,0,0,0
260136,2,1,1990,0,0,0,0,0,0,0,0,0,0
260137,1,1,1990,30,20,9,23,29,7,15,7,32,32
260138,1,1,1990,19,19,19,19,19,19,19,19,19,19
260138,2,1,1990,0,0,0,12,0,0,0,0,0,0
260139,1,1,1990,0,0,0,0,0,0,0,0,0,0
260139,2,1,1990,0,0,0,0,0,0,0,0,0,0
260140,1,1,1990,0,0,0,0,0,0,0,0,0,0
260140,2,1,1990,0,0,0,0,0,0,0,0,0,0
260141,1,1,1990,0,0,0,0,0,0,0,0,0,0
260141,2,1,1990,0,0,0,0,0,0,0,0,0,0
260142,1,1,1990,0,0,0,0,0,0,0,0,0,0
260142,2,1,1990,0,0,0,11,0,0,0,0,0,0
260143,1,1,1990,0,0,0,0,0,0,0,0,0,0
260143,2,1,1990,0,0,0,0,0,0,0,0,0,0
260144,1,1,1990,0,0,0,0,0,0,0,0,0,0
260144,2,1,1990,0,0,0,0,0,0,0,0,0,0
260145,1,1,1990,5,5,5,5,5,5,5,5,5,5
260145,2,1,1990,0,0,0,0,0,0,0,0,0,0
260146,1,1,1990,22,15,31,25,8,0,32,16,36,34
260147,1,1,1990,8,0,0,0,0,0,0,0,7,0
260148,1,1,1990,15,15,15,15,15,15,15,15,15,15
260148,2,1,1990,0,0,0,0,0,0,0,0,0,0
260149,1,1,1990,0,29,0,0,0,0,0,0,0,0
260150,1,1,1990,0,16,13,0,0,0,0,0,0,16
260151,1,1,1990,21,21,21,21,21,21,21,21,21,21
260152,1,1,1990,16,16,16,16,16,16,16,16,16,16
260153,1,1,1990,0,0,0,0,0,0,0,0,0,0
260153,2,1,1990,0,0,0,0,0,0,0,0,0,0
260154,1,1,1990,23,23,23,23,23,23,23,23,23,23
260155,1,1,1990,9,9,9,9,9,9,9,9,9,9
260156,1,1,1990,10,10,10,10,10,10,10,10,10,10
260157,1,1,1990,0,0,0,0,0,0,0,0,0,0
260157,2,1,1990,0,0,0,0,0,0,0,0,0,0
260158,1,1,1990,0,0,0,0,0,0,0,0,0,0
260158,2,1,1990,0,0,0,0,0,0,0,0,0,0
260158,3,1,1990,0,0,0,0,0,0,0,0,0,0
260159,1,1,1990,2,2,2,2,2,2,2,2,2,2
260159,2,1,1990,0,0,0,0,0,10,0,0,0,0
260160,1,1,1990,25,25,25,25,25,25,25,25,25,25
260160,2,1,1990,0,0,0,0,0,0,0,0,0,0
260161,1,1,1990,11,11,11,11,11,11,11,11,11,11
260162,1,1,1990,0,0,0,0,0,0,0,0,0,0
260163,0,1,1990,8,0,0,0,37,36,16,7,0,11
260163,1,1,1990,0,0,0,6,0,0,0,27,0,21
260164,0,1,1990,24,36,6,0,6,29,19,16,25,31
260164,1,1,1990,0,0,0,0,0,0,0,0,0,0
260165,1,1,1990,0,0,0,0,0,0,0,0,0,0
260166,0,1,1990,0,0,0,0,0,0,0,0,0,0
260166,1,1,1990,0,0,0,0,0,0,0,0,0,0
260167,1,1,1990,18,18,18,18,18,18,18,18,18,18
260167,2,1,1990,0,0,0,0,0,0,0,0,0,0
260168,1,1,1990,0,0,0,0,0,0,0,0,0,0
260169,1,1,1990,0,0,0,0,0,0,0,13,0,0
260169,2,1,1990,0,0,0,0,0,0,0,0,0,0
260170,1,1,1990,20,20,20,20,20,20,20,20,20,20
260171,0,1,1990,0,0,0,0,0,0,8,0,0,0
260171,1,1,1990,0,0,0,0,0,0,0,0,0,0
260172,1,1,1990,0,0,0,0,0,0,0,0,0,0
260172,2,1,1990,0,0,0,0,0,0,0,0,0,0
260173,1,1,1990,0,0,20,0,0,0,0,0,0,0
260173,2,1,1990,0,0,0,0,0,0,0,0,0,0
260174,1,1,1990,21,21,21,21,21,21,21,21,21,21
260174,2,1,1990,0,0,0,0,0,0,0,0,0,0
260175,1,1,1990,17,23,23,6,20,38,22,20,20,0
260176,1,1,1990,22,22,22,22,22,22,22,22,22,22
260177,0,1,1990,0,0,0,0,0,0,0,0,0,0
260177,1,1,1990,0,0,0,0,0,5,0,0,0,0
260178,1,1,1990,20,20,20,20,20,20,20,20,20,20
260178,2,1,1990,0,0,0,0,0,0,0,0,0,0
260179,1,1,1990,0,0,0,0,0,0,0,0,0,0
260179,2,1,1990,0,0,0,0,0,0,0,0,0,0
260180,1,1,1990,0,0,10,0,0,0,0,0,14,0
260180,2,1,1990,0,0,0,0,0,0,0,4,0,0
260181,1,1,1990,0,0,0,0,0,0,0,0,0,0
260181,2,1,1990,0,0,0,0,0,0,0,0,0,0
260182,1,1,1990,0,0,0,0,0,0,0,0,0,0
260182,2,1,1990,0,0,0,0,0,0,0,0,0,0
260183,1,1,1990,18,0,0,0,0,0,8,0,0,0
260184,1,1,1990,0,0,0,0,0,0,0,0,0,0
260184,2,1,1990,0,0,0,0,0,0,0,0,0,0
260185,1,1,1990,0,0,0,0,0,0,0,0,0,0
260186,0,1,1990,25,0,0,0,16,0,16,18,9,20
260186,1,1,1990,19,0,0,18,0,0,4,12,10,19
260187,1,1,1990,0,0,0,0,0,0,0,0,0,0
260187,2,1,1990,0,0,0,0,0,0,0,0,0,0
260187,3,1,1990,0,0,0,0,0,0,0,0,0,0
260188,1,1,1990,16,16,16,16,16,16,16,16,16,16
260188,2,1,1990,0,0,0,0,0,0,0,0,0,0
260189,1,1,1990,0,0,0,0,0,0,0,0,0,0
260190,1,1,1990,0,0,0,0,6,0,0,0,0,0
260190,2,1,1990,19,13,0,17,12,26,16,16,9,11
260191,1,1,1990,18,18,18,18,18,18,18,18,18,18
260192,1,1,1990,12,12,12,12,12,12,12,12,12,12
260192,2,1,1990,0,0,0,0,0,0,0,5,0,0
260193,1,1,1990,0,0,0,0,0,0,0,0,0,0
260193,2,1,1990,25,25,25,25,25,25,25,25,25,25
260194,1,1,1990,24,24,24,24,24,24,24,24,24,24
260195,1,1,1990,0,0,0,0,0,0,0,0,0,0
260195,2,1,1990,0,0,0,0,0,0,0,0,0,0
260196,1,1,1990,0,0,0,0,0,0,0,0,0,0
260196,2,1,1990,0,0,0,0,0,0,0,0,0,0
260197,1,1,1990,4,4,4,4,4,4,4,4,4,4
260197,2,1,1990,10,10,10,10,10,10,10,10,10,10
260198,0,1,1990,0,20,0,0,0,0,0,5,0,0
260198,0,2,1990,30,18,0,0,15,10,0,0,0,15
260198,1,1,1990,0,0,0,0,0,0,0,0,0,5
260199,1,1,1990,16,16,16,16,16,16,16,16,16,16
260200,1,1,1990,15,15,15,15,15,15,15,15,15,15
260201,0,1,1990,0,0,0,0,0,0,0,0,0,0
260201,0,2,1990,0,0,0,0,0,0,0,0,0,0
260201,1,1,1990,13,0,0,0,0,0,0,0,0,0
260202,1,1,1990,13,13,13,13,13,13,13,13,13,13
260203,1,1,1990,0,0,0,0,0,0,0,0,0,0
260203,2,1,1990,14,0,0,0,0,0,0,0,0,0
260204,0,1,1990,0,0,0,0,0,0,0,0,0,0
260204,1,1,1990,0,0,0,0,0,0,0,0,0,0
260205,1,1,1990,27,27,27,27,27,27,27,27,27,27
260206,1,1,1990,0,0,0,0,0,0,0,0,0,0
260207,1,1,1990,0,0,0,0,0,0,0,0,13,0
260207,2,1,1990,0,0,0,0,0,0,0,0,0,0
260208,1,1,1990,0,0,0,0,0,0,0,0,0,0
260209,1,1,1990,24,24,24,24,24,24,24,24,24,24
260210,1,1,1990,5,5,5,5,5,5,5,5,5,5
260210,2,1,1990,0,0,0,0,0,0,0,0,0,0
260211,1,1,1990,0,0,0,0,0,0,0,0,0,0
260211,2,1,1990,0,0,0,0,0,0,0,0,0,0
260212,1,1,1990,0,0,0,0,0,0,0,0,0,0
260212,2,1,1990,0,0,0,0,0,0,0,0,0,0
260212,3,1,1990,0,0,0,0,0,0,0,0,0,0
260212,4,1,1990,0,0,0,0,0,0,0,0,0,0
260213,1,1,1990,0,0,0,0,0,0,0,0,0,0
260213,2,1,1990,0,0,0,0,0,0,0,0,0,0
260214,1,1,1990,0,0,0,0,0,0,0,0,20,0
260214,2,1,1990,0,0,0,0,0,0,0,0,0,0
260214,3,1,1990,0,0,0,0,0,0,0,0,0,0
260215,1,1,1990,0,0,0,0,0,0,0,0,0,0
260215,2,1,1990,0,0,0,0,0,0,0,0,0,0
260216,1,1,1990,0,0,0,0,0,0,0,0,0,0
260216,2,1,1990,0,0,0,0,0,0,0,0,0,0
260217,1,1,1990,19,19,19,19,19,19,19,19,19,19
260218,1,1,1990,28,28,28,28,28,28,28,28,28,28
260219,1,1,1990,10,10,10,10,10,10,10,10,10,10
260220,1,1,1990,32,32,32,32,32,32,32,32,32,32
260220,2,1,1990,0,0,0,0,0,0,0,0,0,0
260221,1,1,1990,0,0,0,0,0,0,0,0,0,0
260221,2,1,1990,13,13,13,13,13,13,13,13,13,13
260222,1,1,1990,0,0,0,0,0,0,0,0,0,0
260222,2,1,1990,0,0,0,0,0,0,0,0,0,0
260223,1,1,1990,0,0,0,0,0,0,0,0,0,0
260223,2,1,1990,0,0,0,0,0,0,0,0,0,0
260224,1,1,1990,28,28,28,28,28,28,28,28,28,28
260225,1,1,1990,22,22,22,22,22,22,22,22,22,22
260225,2,1,1990,0,0,0,0,0,0,0,0,0,0
260226,1,1,1990,0,0,0,0,0,0,0,0,0,0
260227,1,1,1990,21,21,21,21,21,21,21,21,21,21
260228,1,1,1990,29,29,29,29,29,29,29,29,29,29
260228,2,1,1990,0,0,0,0,0,0,0,0,0,0
260229,1,1,1990,0,0,0,0,0,15,0,0,0,0
260229,2,1,1990,0,0,0,0,0,0,0,0,0,0
260230,1,1,1990,11,0,9,0,0,0,0,0,0,18
260231,0,1,1990,31,7,19,29,0,0,26,19,33,17
260231,1,1,1990,20,20,20,20,20,20,20,20,20,20
260232,0,1,1990,27,27,27,27,27,27,27,27,27,27
260232,1,1,1990,0,0,0,0,0,0,0,0,0,0
260233,1,1,1990,13,25,26,20,26,12,10,27,12,13
260234,1,1,1990,0,0,0,0,0,0,0,0,0,0
260234,2,1,1990,0,0,0,0,0,0,21,0,0,0
260235,1,1,1990,0,0,0,0,0,0,0,0,0,0
260235,2,1,1990,0,0,0,0,0,0,0,0,0,0
260236,0,1,1990,36,24,0,20,27,20,4,0,22,27
260236,1,1,1990,0,12,19,13,5,12,8,16,14,14
260237,1,1,1990,4,4,4,4,4,4,4,4,4,4
260237,2,1,1990,0,0,0,0,0,0,0,0,0,0
260237,3,1,1990,0,0,0,0,0,0,0,0,0,0
260237,4,1,1990,0,0,0,0,0,0,0,0,0,9
260238,1,1,1990,0,0,0,0,0,7,0,0,0,0
260239,1,1,1990,13,13,13,13,13,13,13,13,13,13
260239,2,1,1990,12,12,12,12,12,12,12,12,12,12
260240,1,1,1990,0,0,0,0,0,0,0,0,16,0
260240,2,1,1990,0,0,12,0,0,0,0,0,0,0
260240,3,1,1990,0,0,0,0,0,0,0,0,0,0
260241,1,1,1990,21,21,21,21,21,21,21,21,21,21
260242,1,1,1990,11,11,11,11,11,11,11,11,11,11
260242,2,1,1990,0,10,14,0,24,0,0,18,0,22
260243,1,1,1990,28,28,28,28,28,28,28,28,28,28
260244,1,1,1990,1,1,1,1,1,1,1,1,1,1
260245,1,1,1990,33,11,28,16,15,15,12,11,13,20
260245,2,1,1990,16,8,21,30,15,30,14,12,13,9
260246,1,1,1990,27,29,29,23,14,15,14,30,20,0
260247,1,1,1990,0,0,0,0,0,0,0,0,0,0
260247,2,1,1990,0,0,0,0,0,0,0,0,0,0
260247,3,1,1990,0,0,0,0,0,0,0,0,0,0
260248,1,1,1990,0,0,0,0,0,0,0,0,0,0
260248,2,1,1990,0,0,0,0,0,0,0,0,0,0
260249,1,1,1990,0,0,0,0,0,0,0,0,0,0
260249,2,1,1990,0,0,0,0,0,0,0,0,0,0
260250,1,1,1990,0,0,0,0,0,0,0,0,0,0
260251,1,1,1990,0,0,0,0,0,0,0,0,0,0
260251,2,1,1990,0,0,0,0,0,0,0,0,0,0
260252,0,1,1990,0,0,0,0,0,0,0,0,0,0
260252,1,1,1990,0,0,0,0,0,0,0,0,0,0
260253,1,1,1990,0,0,0,0,0,11,0,0,0,0
260253,2,1,1990,4,4,4,4,4,4,4,4,4,4
260254,1,1,1990,4,4,4,4,4,4,4,4,4,4
260255,1,1,1990,0,0,0,0,0,0,0,0,0,0
260256,1,1,1990,29,29,29,29,29,29,29,29,29,29
260257,0,1,1990,0,0,0,0,0,0,0,0,0,0
260257,1,1,1990,0,0,0,0,0,0,15,0,0,0
260258,1,1,1990,27,27,27,27,27,27,27,27,27,27
260258,2,1,1990,0,0,0,0,0,0,8,0,0,0
260259,1,1,1990,10,10,10,10,10,10,10,10,10,10
260260,1,1,1990,22,22,22,22,22,22,22,22,22,22
260261,1,1,1990,0,0,0,0,0,0,0,0,0,0
260261,2,1,1990,0,0,0,0,0,0,0,0,0,0
260262,1,1,1990,33,33,33,33,33,33,33,33,33,33
260262,2,1,1990,5,5,5,5,5,5,5,5,5,5
260263,1,1,1990,17,5,0,0,25,12,4,19,0,0
260264,1,1,1990,20,20,20,20,20,20,20,20,20,20
260265,1,1,1990,11,11,11,11,11,11,11,11,11,11
260266,1,1,1990,0,0,0,0,0,0,0,0,0,0
260266,2,1,1990,0,0,0,0,0,0,0,0,0,0
260267,0,1,1990,21,0,0,0,0,0,0,0,0,0
260267,1,1,1990,0,0,0,0,0,0,0,18,0,0
260268,1,1,1990,16,16,16,16,16,16,16,16,16,16
260268,2,1,1990,0,0,0,0,0,0,0,0,0,0
260269,1,1,1990,0,0,0,0,0,0,0,0,0,0
260269,2,1,1990,0,0,0,0,0,0,0,0,0,10
260270,1,1,1990,0,0,0,0,0,0,0,0,0,0
260270,2,1,1990,0,0,0,0,0,0,0,0,0,0
260271,1,1,1990,0,0,0,0,0,0,0,0,0,18
260271,2,1,1990,0,0,0,0,0,0,0,0,0,0
260272,1,1,1990,0,0,0,0,0,0,0,0,0,0
260272,2,1,1990,0,0,0,0,0,0,0,0,0,0
260272,3,1,1990,0,0,0,0,0,0,0,0,0,0
260272,4,1,1990,0,0,0,0,0,0,0,0,0,0
260272,5,1,1990,0,0,0,0,0,0,0,0,0,0
260272,6,1,1990,0,0,0,0,0,0,0,0,0,0
260272,7,1,1990,0,0,0,0,0,0,0,0,0,0
260272,8,1,1990,0,0,0,0,0,0,0,0,0,24
260272,9,1,1990,0,0,0,0,0,0,4,0,0,0
260272,10,1,1990,0,0,0,0,0,0,0,0,0,0
260272,11,1,1990,0,0,0,0,0,0,0,0,0,0
260272,12,1,1990,0,0,0,0,0,0,0,0,0,0
260274,1,1,1990,10,8,0,5,0,0,0,10,0,0
260274,2,1,1990,0,0,0,0,0,0,0,0,0,0
260274,3,1,1990,0,0,0,0,0,0,0,0,0,0
260275,0,1,1990,0,0,0,15,0,0,0,0,0,0
260275,1,1,1990,0,19,16,0,0,0,0,0,0,15
260276,1,1,1990,0,0,0,0,0,0,0,0,0,0
260277,1,1,1990,30,30,30,30,30,30,30,30,30,30
260277,2,1,1990,16,0,0,0,0,0,0,0,0,0
260278,1,1,1990,29,10,14,14,16,17,23,8,16,19
260278,2,1,1990,0,0,0,0,0,0,0,23,0,0
260279,1,1,1990,13,13,13,13,13,13,13,13,13,13
260280,1,1,1990,0,8,18,22,19,12,28,14,10,12
260280,2,1,1990,0,0,0,0,8,0,0,0,0,0
260281,1,1,1990,0,0,0,0,0,0,0,0,0,0
260282,1,1,1990,17,17,17,17,17,17,17,17,17,17
260283,1,1,1990,0,0,0,0,0,0,0,0,0,0
260283,2,1,1990,0,0,8,0,0,0,0,34,0,0
260284,1,1,1990,35,35,35,35,35,35,35,35,35,35
260285,1,1,1990,19,0,0,18,5,0,15,0,0,5
260285,2,1,1990,0,0,0,0,0,0,0,0,0,0
260286,1,1,1990,5,5,5,5,5,5,5,5,5,5
260287,1,1,1990,0,0,0,0,0,0,0,0,0,0
260287,2,1,1990,0,0,0,0,0,0,0,0,0,0
260288,1,1,1990,23,23,23,23,23,23,23,23,23,23
260289,1,1,1990,20,20,20,20,20,20,20,20,20,20
260290,1,1,1990,0,0,0,0,0,0,0,0,0,0
260290,2,1,1990,0,0,0,0,0,0,0,0,0,0
260291,0,1,1990,0,0,0,0,0,0,0,0,0,0
260291,0,2,1990,0,0,0,0,0,0,0,0,0,0
260291,0,3,1990,0,0,0,0,0,0,0,0,0,0
260291,1,1,1990,0,0,0,0,0,0,0,0,0,0
260292,1,1,1990,21,21,21,21,21,21,21,21,21,21
260293,0,1,1990,30,30,30,30,30,30,30,30,30,30
260293,1,1,1990,0,0,0,0,0,0,0,0,0,0
260294,0,1,1990,18,18,18,18,18,18,18,18,18,18
260294,1,1,1990,0,0,6,0,0,0,0,0,0,0
260295,1,1,1990,0,0,0,10,22,0,0,10,0,0
260295,2,1,1990,0,0,0,0,0,0,0,0,0,0
260296,1,1,1990,0,0,0,0,0,0,0,0,0,0
260296,2,1,1990,0,0,0,0,0,0,0,0,0,0
260297,1,1,1990,2,2,2,2,2,2,2,2,2,2
260297,2,1,1990,0,0,0,0,0,0,0,0,0,0
260298,0,1,1990,0,0,0,0,0,0,0,0,0,0
260298,1,1,1990,0,0,0,0,0,0,0,0,0,0
260299,1,1,1990,28,28,28,28,28,28,28,28,28,28
260300,1,1,1990,20,20,20,20,20,20,20,20,20,20
260301,0,1,1990,0,0,0,0,0,0,0,0,0,0
260301,1,1,1990,0,0,0,0,0,0,0,0,0,0
260302,1,1,1990,23,16,9,11,23,15,24,15,14,11
260303,1,1,1990,0,0,0,0,0,0,0,0,0,0
260303,2,1,1990,0,0,0,0,0,0,0,0,0,0
260304,1,1,1990,0,0,0,0,0,0,0,0,0,0
260304,2,1,1990,0,0,0,0,0,0,0,0,0,0
260305,1,1,1990,0,0,0,11,0,0,0,13,0,0
260305,2,1,1990,0,0,0,12,9,0,0,0,0,0
260306,1,1,1990,27,27,27,27,27,27,27,27,27,27
260307,1,1,1990,14,14,14,14,14,14,14,14,14,14
260307,2,1,1990,0,0,0,0,0,0,0,0,17,0
260308,1,1,1990,0,0,0,0,0,0,0,0,0,0
260308,2,1,1990,0,0,0,0,0,0,0,0,0,0
260309,1,1,1990,0,0,0,0,13,18,0,21,0,0
260310,1,1,1990,0,13,0,0,0,0,0,0,0,0
260310,2,1,1990,9,0,0,0,0,0,0,0,0,0
260311,1,1,1990,0,0,0,0,0,0,0,0,0,0
260311,2,1,1990,0,0,0,0,0,0,0,0,0,0
260312,1,1,1990,0,0,0,0,0,0,0,0,0,0
260312,2,1,1990,35,9,9,10,0,15,23,19,8,1
260313,1,1,1990,20,20,20,20,20,20,20,20,20,20
260313,2,1,1990,12,12,12,12,12,12,12,12,12,12
260314,1,1,1990,16,21,12,11,11,11,14,19,21,0
260314,2,1,1990,0,0,0,10,0,11,0,0,0,0
260316,1,1,1990,6,0,0,0,0,0,0,0,0,0
260316,2,1,1990,0,0,0,0,0,0,0,0,0,0
260317,0,1,1990,17,17,17,17,17,17,17,17,17,17
260317,1,1,1990,22,19,0,15,21,17,11,8,12,24
260318,0,1,1990,0,0,0,0,0,0,0,0,0,0
260318,1,1,1990,10,10,10,10,10,10,10,10,10,10
260319,1,1,1990,22,18,20,19,20,27,13,23,0,11
260320,1,1,1990,0,0,0,0,0,0,0,0,0,0
260320,2,1,1990,0,7,0,8,0,0,14,0,0,10
260321,1,1,1990,0,0,0,0,0,0,0,0,0,0
260321,2,1,1990,0,0,0,0,0,0,0,0,0,0
260321,3,1,1990,0,0,0,0,0,0,0,0,0,0
260321,4,1,1990,0,0,0,0,0,0,0,0,0,0
260322,0,1,1990,0,0,0,0,0,0,0,0,0,0
260322,1,1,1990,0,0,0,0,0,0,0,0,0,0
260323,0,1,1990,0,0,0,0,13,0,14,0,0,0
260323,1,1,1990,0,0,12,0,0,0,0,0,0,0
260324,1,1,1990,0,0,0,0,0,0,0,0,0,0
260325,0,1,1990,0,0,0,0,0,0,0,0,0,0
260325,1,1,1990,0,0,0,0,0,0,0,0,0,0
260326,1,1,1990,11,11,11,11,11,11,11,11,11,11
260326,2,1,1990,0,0,0,0,0,0,0,5,0,0
260327,0,1,1990,0,0,0,0,0,0,0,0,0,0
260327,1,1,1990,0,0,0,0,0,0,0,0,0,0
260328,1,1,1990,25,25,25,25,25,25,25,25,25,25
260328,2,1,1990,12,12,12,12,12,12,12,12,12,12
260329,1,1,1990,0,0,0,0,0,0,0,0,0,0
260329,2,1,1990,0,0,0,0,0,0,0,0,0,0
260330,0,1,1990,0,0,0,0,0,0,0,0,0,0
260330,1,1,1990,0,0,0,0,0,0,0,0,0,0
260331,1,1,1990,0,0,0,0,0,0,0,0,0,0
260332,0,1,1990,0,0,0,0,0,0,0,0,0,0
260332,1,1,1990,0,0,0,0,0,0,0,0,0,0