ST_CASE,VEH_NO,PER_NO,YEAR,P1,P2,P3,P4,P5,P6,P7,P8,P9,P10
260592,2,1,1990,0,0,0,0,0,0,0,0,0,0
260593,1,1,1990,16,16,16,16,16,16,16,16,16,16
260594,1,1,1990,0,0,0,7,0,0,0,0,0,0
260594,2,1,1990,1,1,1,1,1,1,1,1,1,1
260595,1,1,1990,17,17,17,17,17,17,17,17,17,17
260596,1,1,1990,10,10,10,10,10,10,10,10,10,10
260596,2,1,1990,7,0,0,0,0,0,0,0,0,0
260597,1,1,1990,0,2,0,0,0,0,0,0,0,0
260597,2,1,1990,0,0,9,0,24,17,0,18,0,0
260598,0,1,1990,0,0,0,0,0,0,0,0,0,0
260598,1,1,1990,0,0,0,0,0,0,0,13,0,0
260599,1,1,1990,24,24,24,24,24,24,24,24,24,24
260601,1,1,1990,11,11,11,11,11,11,11,11,11,11
260602,1,1,1990,0,0,0,0,0,0,0,0,0,0
260602,2,1,1990,0,0,0,0,0,0,0,0,0,0
260603,1,1,1990,0,0,0,0,0,0,0,0,0,0
260603,2,1,1990,0,0,0,0,0,0,0,0,0,0
260604,1,1,1990,8,8,8,8,8,8,8,8,8,8
260605,1,1,1990,16,16,16,16,16,16,16,16,16,16
260606,1,1,1990,5,5,5,5,5,5,5,5,5,5
260607,1,1,1990,0,0,0,0,0,0,0,0,0,0
260608,1,1,1990,0,15,0,21,0,20,10,0,0,0
260609,1,1,1990,18,18,18,18,18,18,18,18,18,18
260609,2,1,1990,0,0,0,0,0,0,0,0,0,0
260610,1,1,1990,23,23,23,23,23,23,23,23,23,23
260611,1,1,1990,0,0,0,0,0,0,0,0,0,0
260611,2,1,1990,22,22,22,22,22,22,22,22,22,22
260611,3,1,1990,0,0,0,0,0,0,0,0,0,0
260612,0,1,1990,0,0,0,0,0,0,0,0,0,0
260612,1,1,1990,0,0,0,0,0,0,0,0,0,0
260613,1,1,1990,0,0,0,0,0,0,0,0,0,0
260613,2,1,1990,0,0,0,0,0,0,0,0,0,0
260614,1,1,1990,15,15,15,15,15,15,15,15,15,15
260615,1,1,1990,0,0,0,0,0,0,0,0,0,0
260615,2,1,1990,0,0,0,0,6,0,0,0,0,0
260616,1,1,1990,0,0,0,0,0,0,0,0,0,0
260616,2,1,1990,0,0,0,0,0,0,0,0,0,0
260616,3,1,1990,0,0,0,0,0,0,0,0,0,0
260617,1,1,1990,24,0,0,0,0,0,0,0,0,0
260618,1,1,1990,0,0,0,0,0,0,0,0,0,0
260618,2,1,1990,0,0,0,0,0,0,0,0,0,0
260619,0,1,1990,0,0,0,0,0,0,0,0,0,0
260619,1,1,1990,0,0,0,0,0,0,0,0,0,0
260620,1,1,1990,0,0,0,0,0,0,0,0,0,0
260620,2,1,1990,0,0,0,0,0,0,0,0,0,0
260622,1,1,1990,0,0,0,0,0,0,0,0,0,0
260622,2,1,1990,0,0,0,0,0,0,0,0,0,0
260623,1,1,1990,8,0,0,0,0,0,0,8,0,0
260624,1,1,1990,12,12,12,12,12,12,12,12,12,12
260625,1,1,1990,0,0,0,0,0,0,0,0,0,0
260627,1,1,1990,0,0,0,0,0,0,0,0,0,0
260628,1,1,1990,10,0,0,0,0,0,0,0,0,0
260628,2,1,1990,0,0,0,0,0,0,0,0,0,0
260629,1,1,1990,9,7,38,32,16,21,36,14,24,15
260630,1,1,1990,0,0,0,0,0,0,0,0,0,0
260630,2,1,1990,0,0,0,0,0,0,0,0,0,0
260631,0,1,1990,0,0,0,0,0,0,0,0,0,0
260631,0,2,1990,0,0,0,0,0,0,0,0,0,0
260631,1,1,1990,0,0,16,0,12,25,0,14,20,0
260632,1,1,1990,0,0,0,0,0,0,0,0,0,0
260632,2,1,1990,0,0,0,0,0,0,0,0,0,0
260633,0,1,1990,27,27,27,27,27,27,27,27,27,27
260633,1,1,1990,19,11,0,0,0,0,15,14,23,0
260634,1,1,1990,0,0,0,0,0,0,0,0,0,0
260635,0,1,1990,0,0,0,0,0,0,0,0,0,0
260635,1,1,1990,0,0,0,0,0,0,0,0,0,8
260636,1,1,1990,18,18,18,18,18,18,18,18,18,18
260637,1,1,1990,23,23,23,23,23,23,23,23,23,23
260638,1,1,1990,0,0,0,0,0,0,0,0,0,0
260638,2,1,1990,0,0,0,5,0,0,0,0,0,0
260639,1,1,1990,0,0,0,0,0,0,0,0,0,0
260639,2,1,1990,0,0,0,0,0,0,0,10,0,0
260640,1,1,1990,0,0,0,0,0,0,0,26,0,0
260640,2,1,1990,0,0,0,0,0,0,0,0,0,0
260640,3,1,1990,0,0,0,0,0,0,0,0,0,0
260641,1,1,1990,0,0,0,0,0,0,0,0,0,0
260641,2,1,1990,0,0,0,0,0,0,0,0,0,0
260642,1,1,1990,0,0,0,0,0,0,0,0,0,0
260643,0,1,1990,7,7,7,7,7,7,7,7,7,7
260643,1,1,1990,0,0,0,0,0,0,0,4,0,0
260644,1,1,1990,12,12,12,12,12,12,12,12,12,12
260645,1,1,1990,0,0,0,0,0,0,0,0,0,0
260646,1,1,1990,0,0,0,0,0,0,0,0,0,0
260646,2,1,1990,0,0,0,0,0,0,0,0,0,0
260647,1,1,1990,28,28,28,28,28,28,28,28,28,28
260647,2,1,1990,0,0,4,0,0,0,0,0,0,0
260648,1,1,1990,0,0,0,0,0,0,0,0,0,0
260648,2,1,1990,0,0,0,0,0,0,0,0,0,0
260649,1,1,1990,26,26,26,26,26,26,26,26,26,26
260650,1,1,1990,0,0,0,0,0,0,0,0,0,0
260650,2,1,1990,0,0,0,0,0,0,0,0,0,0
260650,3,1,1990,0,0,0,0,0,0,0,0,0,0
260651,1,1,1990,35,35,35,35,35,35,35,35,35,35
260652,1,1,1990,0,0,0,0,0,0,0,0,0,0
260652,2,1,1990,0,0,0,0,0,0,0,0,0,0
260652,3,1,1990,0,0,0,0,0,0,0,0,0,0
260653,1,1,1990,0,0,0,0,0,0,0,0,0,0
260653,2,1,1990,0,0,0,0,0,0,0,0,0,0
260654,1,1,1990,2,2,2,2,2,2,2,2,2,2
260654,2,1,1990,0,0,0,0,0,0,0,0,0,0
260655,0,1,1990,19,19,19,19,19,19,19,19,19,19
260655,1,1,1990,0,0,0,0,0,0,0,0,0,0
260657,1,1,1990,11,11,11,11,11,11,11,11,11,11
260657,2,1,1990,15,15,15,15,15,15,15,15,15,15
260658,1,1,1990,0,0,20,0,12,8,9,14,0,19
260658,2,1,1990,4,0,0,0,0,0,0,0,0,0
260659,0,1,1990,11,11,11,11,11,11,11,11,11,11
260659,1,1,1990,11,9,14,20,10,0,13,17,0,24
260660,1,1,1990,15,15,15,15,15,15,15,15,15,15
260661,1,1,1990,16,13,7,22,7,13,38,15,8,15
260662,1,1,1990,18,12,0,0,0,0,0,6,0,0
260663,1,1,1990,26,26,26,26,26,26,26,26,26,26
260663,2,1,1990,0,0,0,0,0,15,0,0,0,0
260664,0,1,1990,0,0,0,0,0,0,0,0,0,0
260664,1,1,1990,0,0,0,0,0,0,0,0,0,0
260665,1,1,1990,40,40,40,40,40,40,40,40,40,40
260666,0,1,1990,0,0,0,0,0,0,0,0,0,0
260666,1,1,1990,0,0,0,0,0,0,0,0,0,0
260667,1,1,1990,17,17,17,17,17,17,17,17,17,17
260668,1,1,1990,0,0,0,0,0,0,0,0,0,0
260668,2,1,1990,0,0,0,0,0,0,0,0,0,0
260669,1,1,1990,0,0,0,0,0,0,0,0,0,0
260670,1,1,1990,23,23,23,23,23,23,23,23,23,23
260670,2,1,1990,15,0,0,0,4,0,0,0,0,0
260671,1,1,1990,12,12,12,12,12,12,12,12,12,12
260672,1,1,1990,25,25,25,25,25,25,25,25,25,25
260673,1,1,1990,23,23,23,23,23,23,23,23,23,23
260674,1,1,1990,0,0,0,0,0,0,0,0,0,0
260675,1,1,1990,0,0,0,0,0,0,0,0,0,0
260675,2,1,1990,0,0,0,0,0,0,0,0,0,3
260676,1,1,1990,0,0,0,0,0,0,0,0,0,0
260676,2,1,1990,0,0,0,0,0,0,0,0,0,0
260677,1,1,1990,20,10,16,13,17,17,15,18,18,12
260678,1,1,1990,24,24,24,24,24,24,24,24,24,24
260679,1,1,1990,0,0,0,0,0,0,0,0,17,0
260679,2,1,1990,0,0,0,0,0,0,0,0,0,0
260680,1,1,1990,0,0,0,0,0,0,0,0,0,0
260680,2,1,1990,0,0,0,0,0,12,0,0,0,0
260681,0,1,1990,31,19,18,21,27,23,14,28,8,8
260681,1,1,1990,9,0,6,0,0,0,0,0,0,0
260682,1,1,1990,0,0,0,0,0,0,0,0,0,0
260682,2,1,1990,0,0,0,0,0,0,0,0,0,0
260683,1,1,1990,0,0,0,0,0,0,0,0,0,0
260683,2,1,1990,18,18,18,18,18,18,18,18,18,18
260684,1,1,1990,0,0,0,0,0,0,0,0,0,6
260684,2,1,1990,0,0,0,0,0,0,0,4,0,0
260684,3,1,1990,0,0,0,0,0,0,0,0,0,0
260685,1,1,1990,0,0,0,0,0,0,0,0,0,0
260686,1,1,1990,15,15,15,15,15,15,15,15,15,15
260686,2,1,1990,0,0,0,0,0,0,0,0,0,0
260687,1,1,1990,8,8,8,8,8,8,8,8,8,8
260687,2,1,1990,0,0,0,0,0,0,0,0,0,0
260688,1,1,1990,0,0,0,0,0,0,0,0,0,0
260688,2,1,1990,0,0,0,0,0,0,0,0,0,0
260689,1,1,1990,2,2,2,2,2,2,2,2,2,2
260689,2,1,1990,0,0,0,0,0,0,0,0,0,0
260690,1,1,1990,23,19,33,29,8,19,37,10,0,10
260691,1,1,1990,23,23,23,23,23,23,23,23,23,23
260691,2,1,1990,15,15,15,15,15,15,15,15,15,15
260692,1,1,1990,22,22,22,22,22,22,22,22,22,22
260693,1,1,1990,0,0,0,0,0,0,0,0,0,0
260693,2,1,1990,0,0,0,0,0,0,0,0,0,0
260694,0,1,1990,0,20,0,0,0,0,0,0,0,0
260694,1,1,1990,17,17,17,17,17,17,17,17,17,17
260695,1,1,1990,0,0,0,0,0,0,0,0,0,0
260695,2,1,1990,0,0,0,0,0,0,0,0,0,0
260695,3,1,1990,0,0,0,0,0,0,0,0,0,0
260696,0,1,1990,0,0,0,0,0,0,35,7,0,0
260696,1,1,1990,7,7,7,7,7,7,7,7,7,7
260697,0,1,1990,16,0,0,0,0,0,0,0,0,0
260697,1,1,1990,0,0,0,0,0,0,0,0,0,0
260698,1,1,1990,5,0,0,0,0,0,0,0,0,0
260698,2,1,1990,0,0,0,0,0,0,0,13,0,0
260699,1,1,1990,31,31,31,31,31,31,31,31,31,31
260700,0,1,1990,0,0,20,0,0,0,0,0,0,0
260700,1,1,1990,0,0,0,0,0,0,0,0,0,0
260701,1,1,1990,28,28,28,28,28,28,28,28,28,28
260702,1,1,1990,30,30,30,30,30,30,30,30,30,30
260704,0,1,1990,0,0,0,0,0,0,0,0,0,0
260704,1,1,1990,0,0,0,0,0,0,0,0,0,0
260704,2,1,1990,0,0,0,0,0,0,0,0,0,0
260705,1,1,1990,14,14,14,14,14,14,14,14,14,14
260706,1,1,1990,23,23,23,23,23,23,23,23,23,23
260707,1,1,1990,1,1,1,1,1,1,1,1,1,1
260708,1,1,1990,20,20,20,20,20,20,20,20,20,20
260709,1,1,1990,10,0,0,0,0,0,0,0,0,0
260709,2,1,1990,0,0,0,0,5,0,0,0,0,13
260709,3,1,1990,0,0,0,0,0,0,0,0,0,0
260710,1,1,1990,10,21,15,0,20,22,15,0,34,21
260711,1,1,1990,7,7,7,7,7,7,7,7,7,7
260711,2,1,1990,0,0,0,0,0,0,0,0,0,0
260711,3,1,1990,0,0,0,0,0,0,0,0,0,0
260712,1,1,1990,18,0,5,0,0,0,0,0,0,0
260712,2,1,1990,0,0,0,0,0,0,0,0,0,0
260713,1,1,1990,22,11,13,23,14,13,36,13,33,21
260714,1,1,1990,0,0,0,0,0,0,0,0,0,0
260715,1,1,1990,25,25,25,25,25,25,25,25,25,25
260716,1,1,1990,0,0,0,0,0,0,0,0,0,0
260716,2,1,1990,0,1,0,0,0,19,0,0,0,0
260717,0,1,1990,22,22,22,22,22,22,22,22,22,22
260717,1,1,1990,19,0,15,7,24,13,21,21,35,13
260718,1,1,1990,14,14,14,14,14,14,14,14,14,14
260719,1,1,1990,14,14,14,14,14,14,14,14,14,14
260720,0,1,1990,24,25,9,24,11,12,0,21,15,18
260720,1,1,1990,17,17,17,17,17,17,17,17,17,17
260721,1,1,1990,30,30,30,30,30,30,30,30,30,30
260721,2,1,1990,0,0,0,0,0,0,0,0,0,0
260722,1,1,1990,0,0,0,0,0,0,0,0,0,0
260722,2,1,1990,0,0,0,0,0,0,0,0,0,0
260723,1,1,1990,0,5,0,0,0,0,0,0,0,0
260723,2,1,1990,0,0,0,0,0,0,0,0,0,0
260724,1,1,1990,30,0,0,0,0,0,0,0,0,0
260725,1,1,1990,0,0,0,0,0,0,0,0,0,0
260725,2,1,1990,3,3,3,3,3,3,3,3,3,3
260726,1,1,1990,22,17,14,20,20,13,29,31,8,20
260727,1,1,1990,0,0,0,0,0,0,0,0,0,0
260727,2,1,1990,0,0,0,0,0,0,8,0,0,0
260728,1,1,1990,0,0,0,0,0,0,0,0,0,0
260728,2,1,1990,0,0,0,0,0,0,0,0,0,0
260729,1,1,1990,29,21,32,22,20,0,13,34,22,23
260730,1,1,1990,2,2,2,2,2,2,2,2,2,2
260730,2,1,1990,0,0,0,0,0,0,7,0,0,0
260731,1,1,1990,6,6,6,6,6,6,6,6,6,6
260732,1,1,1990,8,8,8,8,8,8,8,8,8,8
260733,0,1,1990,0,0,0,0,0,0,7,28,0,0
260733,1,1,1990,0,0,0,0,0,0,0,0,0,0
260734,1,1,1990,9,9,9,9,9,9,9,9,9,9
260734,2,1,1990,7,7,7,7,7,7,7,7,7,7
260735,1,1,1990,0,0,0,0,0,0,0,0,0,0
260735,2,1,1990,0,0,0,0,0,0,0,0,0,0
260736,1,1,1990,13,13,13,13,13,13,13,13,13,13
260737,1,1,1990,10,10,10,10,10,10,10,10,10,10
260738,1,1,1990,0,0,0,0,0,0,0,11,0,0
260738,2,1,1990,0,0,0,0,0,0,0,0,8,0
260739,1,1,1990,3,3,3,3,3,3,3,3,3,3
260739,2,1,1990,0,0,0,0,0,0,0,0,0,0
260740,0,1,1990,0,0,0,0,0,0,0,0,0,0
260740,1,1,1990,0,11,0,19,9,15,0,0,0,7
260741,1,1,1990,24,24,24,24,24,24,24,24,24,24
260742,1,1,1990,26,26,26,26,26,26,26,26,26,26
260743,1,1,1990,0,0,0,0,0,0,0,0,0,0
260743,2,1,1990,0,0,0,0,0,0,0,0,0,0
260744,1,1,1990,18,18,18,18,18,18,18,18,18,18
260744,2,1,1990,9,16,0,6,28,9,10,23,0,6
260745,1,1,1990,13,13,13,13,13,13,13,13,13,13
260745,2,1,1990,0,0,0,0,0,0,0,0,0,0
260745,3,1,1990,0,0,0,0,0,0,0,0,13,0
260746,1,1,1990,0,0,0,0,0,0,0,0,0,0
260747,0,1,1990,0,4,0,0,0,22,23,0,0,0
260747,1,1,1990,19,19,19,19,19,19,19,19,19,19
260748,1,1,1990,13,10,0,20,19,13,20,21,7,4
260749,0,1,1990,0,0,0,0,0,0,0,0,0,0
260749,1,1,1990,0,0,0,0,0,0,0,0,0,0
260750,0,1,1990,3,9,28,29,4,23,23,12,26,22
260750,1,1,1990,0,0,0,0,0,0,0,0,0,0
260751,0,1,1990,23,46,19,32,18,33,25,26,15,21
260751,1,1,1990,0,0,0,0,0,0,0,0,0,0
260752,1,1,1990,0,0,0,0,12,0,0,0,0,0
260752,2,1,1990,20,20,20,20,20,20,20,20,20,20
260752,3,1,1990,12,12,12,12,12,12,12,12,12,12
260753,1,1,1990,17,17,17,17,17,17,17,17,17,17
260754,1,1,1990,0,0,0,0,0,0,0,0,0,0
260755,1,1,1990,0,20,11,5,14,14,14,9,23,6
260755,2,1,1990,1,1,1,1,1,1,1,1,1,1
260756,1,1,1990,17,16,10,15,28,13,26,8,19,26
260757,0,1,1990,0,32,27,0,15,18,18,25,35,20
260757,1,1,1990,0,0,0,0,19,0,0,0,0,0
260758,1,1,1990,18,7,10,15,20,16,19,25,6,11
260758,2,1,1990,0,0,0,0,0,0,0,0,0,0
260759,1,1,1990,8,0,0,0,0,0,0,0,0,0
260760,1,1,1990,27,18,20,13,21,18,22,20,35,13
260761,1,1,1990,0,17,0,0,12,8,0,22,0,0
260762,0,1,1990,0,0,0,0,0,0,0,0,0,0
260762,1,1,1990,0,0,0,0,0,0,0,11,0,0
260763,1,1,1990,0,0,0,0,0,0,0,0,0,0
260764,1,1,1990,0,0,0,0,0,0,0,0,0,0
260765,1,1,1990,12,12,12,12,12,12,12,12,12,12
260766,1,1,1990,2,2,2,2,2,2,2,2,2,2
260766,2,1,1990,0,14,13,0,6,11,0,22,0,0
260767,0,1,1990,0,0,0,0,0,0,0,0,0,18
260767,1,1,1990,11,0,0,0,0,19,0,0,0,0
260768,0,1,1990,0,0,0,0,0,0,0,0,0,0
260768,0,2,1990,0,0,0,0,0,0,0,0,0,0
260768,1,1,1990,15,15,15,15,15,15,15,15,15,15
260769,1,1,1990,13,13,13,13,13,13,13,13,13,13
260769,2,1,1990,0,13,0,0,0,0,0,0,0,0
260770,1,1,1990,10,10,10,10,10,10,10,10,10,10
260770,2,1,1990,0,0,0,0,0,0,0,0,0,0
260771,1,1,1990,23,11,16,17,22,0,0,0,17,0
260771,2,1,1990,0,0,0,0,0,0,0,0,0,0
260772,1,1,1990,0,0,0,0,0,0,0,0,6,0
260772,2,1,1990,0,0,0,0,0,0,0,0,0,0
260773,1,1,1990,0,0,0,0,0,0,0,0,0,0
260774,1,1,1990,18,18,18,18,18,18,18,18,18,18
260775,1,1,1990,0,0,0,0,0,0,0,0,0,0
260776,1,1,1990,0,0,0,0,0,0,0,0,0,0
260777,1,1,1990,3,26,16,21,9,0,0,16,11,25
260778,1,1,1990,9,9,9,9,9,9,9,9,9,9
260779,1,1,1990,24,13,11,26,24,27,18,26,26,17
260780,1,1,1990,21,21,21,21,21,21,21,21,21,21
260781,1,1,1990,32,0,15,21,14,14,0,15,0,0
260782,1,1,1990,0,4,0,0,0,0,0,13,0,8
260782,2,1,1990,0,4,0,0,0,22,0,0,0,0
260783,1,1,1990,0,0,0,0,0,0,25,11,17,0
260784,1,1,1990,15,17,17,16,12,25,14,19,34,9
260785,0,1,1990,0,0,0,0,0,0,0,0,0,0
260785,1,1,1990,0,0,0,0,0,0,0,0,0,0
260786,0,1,1990,0,0,42,0,0,33,0,0,0,31
260786,1,1,1990,0,0,0,0,0,0,0,0,0,0
260787,1,1,1990,1,1,1,1,1,1,1,1,1,1
260787,2,1,1990,0,0,0,7,0,0,0,0,0,0
260788,1,1,1990,26,26,26,26,26,26,26,26,26,26
260789,1,1,1990,0,0,0,0,0,0,0,0,0,0
260790,0,1,1990,0,0,0,0,0,0,0,0,0,0
260790,1,1,1990,0,0,0,0,0,0,0,0,0,0
260791,1,1,1990,21,21,21,21,21,21,21,21,21,21
260791,2,1,1990,0,0,0,0,0,0,0,0,0,0
260792,1,1,1990,0,0,0,0,12,0,0,0,0,0
260792,2,1,1990,0,0,0,0,0,0,0,0,0,0
260793,0,1,1990,7,0,0,0,0,0,0,0,0,0
260793,0,2,1990,0,15,0,26,16,17,0,0,0,26
260793,1,1,1990,14,14,14,14,14,14,14,14,14,14
260794,1,1,1990,27,27,27,27,27,27,27,27,27,27
260794,2,1,1990,0,15,0,0,0,0,0,0,0,10
260795,1,1,1990,11,11,11,11,11,11,11,11,11,11
260795,2,1,1990,7,7,7,7,7,7,7,7,7,7
260797,1,1,1990,30,30,30,30,30,30,30,30,30,30
260797,2,1,1990,0,0,0,0,0,0,0,0,15,0
260798,1,1,1990,0,0,0,0,0,0,0,0,0,0
260798,2,1,1990,0,0,0,0,0,0,0,0,0,0
260799,1,1,1990,0,0,0,0,0,0,0,0,0,0
260799,2,1,1990,0,0,0,0,0,0,0,0,0,0
260800,0,1,1990,15,15,15,15,15,15,15,15,15,15
260800,1,1,1990,14,11,0,9,0,0,13,0,23,14
260801,1,1,1990,0,0,0,0,7,0,0,0,0,0
260801,2,1,1990,0,0,0,0,0,0,0,0,0,0
260802,1,1,1990,9,17,0,17,2,4,0,6,0,13
260802,2,1,1990,0,0,0,0,0,0,0,0,0,0
260802,3,1,1990,0,0,0,0,0,0,0,0,0,0
260804,1,1,1990,27,27,27,27,27,27,27,27,27,27
260804,2,1,1990,0,6,0,0,0,0,0,0,0,0
260805,1,1,1990,13,13,13,13,13,13,13,13,13,13
260806,0,1,1990,23,23,23,23,23,23,23,23,23,23
260806,1,1,1990,0,0,0,20,0,0,0,0,0,0
260807,1,1,1990,26,26,26,26,26,26,26,26,26,26
260807,2,1,1990,8,8,8,8,8,8,8,8,8,8
260808,1,1,1990,0,0,0,0,0,0,0,0,0,0
260808,2,1,1990,0,0,0,0,0,0,0,0,0,0
260809,0,1,1990,0,25,0,0,0,0,13,0,0,12
260809,1,1,1990,15,15,15,15,15,15,15,15,15,15
260810,1,1,1990,0,0,0,0,0,0,0,0,0,0
260810,2,1,1990,0,0,0,0,0,0,0,0,0,0
260811,1,1,1990,9,9,9,9,9,9,9,9,9,9
260811,2,1,1990,0,0,0,0,0,0,0,0,0,0
260812,1,1,1990,0,0,0,0,0,0,0,0,0,0
260812,2,1,1990,0,0,0,0,0,0,0,0,0,0
260813,1,1,1990,16,16,16,16,16,16,16,16,16,16
260814,1,1,1990,33,33,33,33,33,33,33,33,33,33
260815,1,1,1990,16,16,16,16,16,16,16,16,16,16
260816,1,1,1990,0,0,0,0,0,0,0,0,0,0
260817,1,1,1990,0,0,0,0,0,0,0,0,0,0
260817,2,1,1990,0,0,0,0,0,0,0,0,0,0
260818,1,1,1990,0,0,0,0,0,0,0,0,0,0
260818,2,1,1990,0,0,0,0,0,0,0,0,0,0
260819,1,1,1990,20,20,20,20,20,20,20,20,20,20
260820,0,1,1990,4,4,4,4,4,4,4,4,4,4
260820,1,1,1990,17,22,0,0,20,37,0,17,0,20
260821,1,1,1990,0,0,0,0,0,0,0,0,0,0
260821,2,1,1990,0,0,0,0,0,0,0,0,0,0
260822,1,1,1990,0,0,0,0,0,0,0,0,0,0
260822,2,1,1990,0,0,0,0,0,0,2,0,0,0
260823,0,1,1990,0,0,0,0,0,0,0,0,0,0
260823,1,1,1990,10,0,13,23,7,24,0,15,11,14
260824,1,1,1990,10,26,11,16,12,19,21,8,17,17
260825,1,1,1990,14,14,14,14,14,14,14,14,14,14
260826,0,1,1990,0,0,0,0,0,0,0,0,0,0
260826,2,1,1990,0,0,0,14,0,0,0,0,0,0
260827,1,1,1990,19,19,19,19,19,19,19,19,19,19
260828,1,1,1990,20,20,20,20,20,20,20,20,20,20
260829,1,1,1990,19,19,19,19,19,19,19,19,19,19
260830,1,1,1990,6,6,6,6,6,6,6,6,6,6
260831,0,1,1990,25,25,25,25,25,25,25,25,25,25
260831,1,1,1990,12,12,12,12,12,12,12,12,12,12
260832,1,1,1990,0,0,0,0,0,0,0,0,0,0
260832,2,1,1990,0,0,0,0,0,0,0,0,0,0
260833,1,1,1990,0,0,0,0,0,0,0,0,0,0
260833,2,1,1990,0,0,0,0,0,0,0,0,0,0
260834,1,1,1990,19,19,19,19,19,19,19,19,19,19
260834,2,1,1990,0,0,0,0,0,0,0,0,0,0
260835,0,1,1990,17,15,34,29,27,10,22,18,17,21
260835,1,1,1990,0,0,0,0,0,0,0,0,0,0
260836,1,1,1990,19,19,19,19,19,19,19,19,19,19
260837,1,1,1990,0,0,0,0,0,0,0,0,0,0
260837,2,1,1990,13,0,0,0,0,0,0,0,0,0
260839,0,1,1990,23,23,23,23,23,23,23,23,23,23
260839,1,1,1990,17,20,21,21,0,0,19,0,0,6
260840,1,1,1990,24,24,24,24,24,24,24,24,24,24
260840,2,1,1990,11,11,11,11,11,11,11,11,11,11
260840,3,1,1990,0,0,0,0,0,0,0,0,0,0
260840,4,1,1990,0,0,0,0,0,0,0,0,0,0
260841,1,1,1990,6,0,0,0,0,0,0,0,0,0
260842,1,1,1990,11,11,11,11,11,11,11,11,11,11
260843,1,1,1990,30,13,22,21,32,15,27,0,8,30
260843,2,1,1990,0,0,0,0,0,0,0,0,0,0
260844,1,1,1990,0,0,0,0,0,0,0,0,0,0
260845,0,1,1990,0,0,0,0,0,0,0,0,0,0
260845,1,1,1990,0,0,0,0,0,0,0,0,0,0
260846,1,1,1990,18,18,18,18,18,18,18,18,18,18
260847,1,1,1990,19,19,19,19,19,19,19,19,19,19
260847,2,1,1990,0,0,0,0,0,0,0,0,0,0
260848,1,1,1990,0,0,0,0,0,0,0,0,0,0
260848,2,1,1990,0,0,0,0,0,0,0,0,0,0
260849,1,1,1990,0,0,0,0,0,0,0,0,0,0
260849,2,1,1990,0,0,0,0,0,0,0,0,0,0
260850,0,1,1990,16,19,5,31,13,14,18,13,27,21
260850,0,2,1990,31,12,0,21,0,0,9,11,25,13
260850,1,1,1990,0,0,0,0,0,0,0,0,0,0
260851,1,1,1990,0,0,0,0,0,13,0,0,0,0
260851,2,1,1990,0,0,0,0,0,0,0,0,0,0
260852,1,1,1990,0,0,0,0,0,0,0,0,0,0
260852,2,1,1990,11,11,11,11,11,11,11,11,11,11
260853,1,1,1990,0,0,0,0,0,0,0,0,0,0
260853,2,1,1990,0,0,0,0,0,0,0,0,0,0
260854,1,1,1990,11,11,11,11,11,11,11,11,11,11
260856,0,1,1990,0,0,0,0,0,0,0,0,0,0
260856,1,1,1990,3,3,3,3,3,3,3,3,3,3
260857,1,1,1990,5,8,10,9,26,7,5,31,15,10
260858,1,1,1990,16,13,21,27,22,25,28,15,14,19
260859,0,1,1990,0,0,0,0,0,0,0,0,0,0
260859,1,1,1990,18,18,18,18,18,18,18,18,18,18
260859,2,1,1990,22,3,15,0,0,7,0,0,14,0
260860,1,1,1990,12,0,9,16,10,0,18,20,8,14
260860,2,1,1990,0,0,0,0,0,0,0,0,0,0
260861,1,1,1990,0,0,0,0,0,0,18,0,0,0
260862,1,1,1990,27,27,27,27,27,27,27,27,27,27
260863,1,1,1990,0,0,0,0,0,0,0,0,0,0
260864,1,1,1990,18,18,18,18,18,18,18,18,18,18
260864,2,1,1990,0,0,0,0,0,0,0,0,0,0
260865,1,1,1990,0,0,0,0,0,0,0,0,0,0
260865,2,1,1990,0,0,0,0,0,0,0,0,0,0
260865,3,1,1990,0,0,0,0,0,0,0,0,0,0
260865,4,1,1990,0,0,0,0,0,0,0,0,0,0
260866,1,1,1990,0,0,0,0,0,0,0,0,0,0
260867,1,1,1990,0,0,0,0,0,0,0,0,0,0
260867,2,1,1990,0,0,0,0,0,0,0,0,0,0
260867,3,1,1990,0,0,0,0,0,0,0,0,0,0
260868,1,1,1990,0,0,0,0,0,0,0,0,18,0
260869,1,1,1990,0,0,0,0,0,0,0,0,0,0
260869,2,1,1990,0,0,0,0,0,0,0,0,0,0
260870,1,1,1990,27,27,27,27,27,27,27,27,27,27
260870,2,1,1990,0,0,0,0,0,0,0,0,0,13
260871,2,1,1990,0,0,0,0,0,0,0,0,0,0
260872,1,1,1990,18,18,18,18,18,18,18,18,18,18
260873,1,1,1990,13,13,13,13,13,13,13,13,13,13