ST_CASE,VEH_NO,PER_NO,YEAR,P1,P2,P3,P4,P5,P6,P7,P8,P9,P10
260873,2,1,1990,0,0,0,13,0,0,0,0,8,0
260874,1,1,1990,17,17,17,17,17,17,17,17,17,17
260875,1,1,1990,29,29,29,29,29,29,29,29,29,29
260876,1,1,1990,0,0,0,0,0,0,0,0,0,0
260876,2,1,1990,0,0,0,0,0,0,0,0,0,0
260876,3,1,1990,0,0,0,0,0,16,0,0,0,0
260877,1,1,1990,0,0,0,0,0,0,0,0,0,0
260878,1,1,1990,0,0,0,0,0,0,0,0,0,0
260878,2,1,1990,0,0,0,0,0,0,0,0,0,0
260879,1,1,1990,0,0,0,0,0,0,0,0,0,0
260879,2,1,1990,0,0,0,0,0,0,0,0,0,0
260880,1,1,1990,0,8,0,0,0,0,0,0,0,0
260880,2,1,1990,0,0,0,0,13,0,0,0,0,0
260881,0,1,1990,7,7,7,7,7,7,7,7,7,7
260881,1,1,1990,12,13,14,0,13,28,13,10,21,18
260882,0,1,1990,0,0,0,0,0,0,0,0,0,0
260882,1,1,1990,0,0,17,8,0,0,13,0,0,0
260883,1,1,1990,12,12,12,12,12,12,12,12,12,12
260884,1,1,1990,0,0,0,0,0,0,0,0,0,0
260884,2,1,1990,6,6,6,6,6,6,6,6,6,6
260885,0,1,1990,43,22,0,0,21,0,4,0,20,33
260885,0,2,1990,0,0,0,0,0,0,0,0,17,16
260885,1,1,1990,10,23,14,8,33,0,24,19,17,9
260886,1,1,1990,0,0,0,0,0,0,0,0,0,0
260886,2,1,1990,0,0,0,0,14,0,0,0,0,0
260887,1,1,1990,12,0,0,22,0,0,0,0,6,15
260888,1,1,1990,0,0,0,0,0,0,0,0,0,0
260888,2,1,1990,31,15,17,20,25,15,16,0,17,32
260889,0,1,1990,0,0,0,0,0,0,0,0,0,0
260889,1,1,1990,1,1,1,1,1,1,1,1,1,1
260890,1,1,1990,18,18,18,18,18,18,18,18,18,18
260891,1,1,1990,20,20,20,20,20,20,20,20,20,20
260891,2,1,1990,0,0,4,0,0,0,0,0,0,0
260892,1,1,1990,0,0,0,0,0,0,0,0,0,0
260892,2,1,1990,1,1,1,1,1,1,1,1,1,1
260893,1,1,1990,23,19,11,15,36,14,25,17,12,17
260894,1,1,1990,18,5,7,35,20,23,23,20,10,13
260894,2,1,1990,6,0,0,0,0,0,0,12,0,0
260894,3,1,1990,0,0,0,0,0,0,0,0,0,0
260895,1,1,1990,0,0,0,0,0,0,0,0,0,0
260895,2,1,1990,7,7,7,7,7,7,7,7,7,7
260896,1,1,1990,0,0,0,0,0,0,0,0,14,0
260896,2,1,1990,0,0,0,0,0,0,16,0,0,0
260897,1,1,1990,0,0,0,0,0,0,0,0,0,0
260897,2,1,1990,0,0,0,0,0,0,0,0,0,0
260897,3,1,1990,0,0,0,0,0,0,0,0,0,0
260898,1,1,1990,36,36,36,36,36,36,36,36,36,36
260899,1,1,1990,0,0,0,0,0,0,0,0,0,0
260899,2,1,1990,0,0,0,0,0,0,0,0,0,0
260900,1,1,1990,0,0,0,0,0,0,0,0,0,0
260900,2,1,1990,0,0,0,0,0,0,0,0,0,0
260901,1,1,1990,0,0,0,0,0,0,9,0,0,0
260901,2,1,1990,15,8,11,8,6,0,0,5,13,10
260902,1,1,1990,0,9,0,0,0,0,0,0,0,0
260902,2,1,1990,0,0,0,0,0,0,0,0,0,0
260903,1,1,1990,0,0,0,0,0,0,0,0,0,0
260903,2,1,1990,0,0,0,0,0,0,0,0,0,0
260904,1,1,1990,0,0,0,0,0,0,0,0,0,0
260904,2,1,1990,0,0,0,0,0,0,0,0,0,0
260905,0,1,1990,0,0,0,0,0,0,0,0,0,0
260905,1,1,1990,0,0,0,0,0,0,0,0,0,0
260906,1,1,1990,0,0,0,0,0,0,0,0,0,0
260906,2,1,1990,0,0,0,0,0,0,0,0,0,0
260907,1,1,1990,28,28,28,28,28,28,28,28,28,28
260908,1,1,1990,14,14,14,14,14,14,14,14,14,14
260909,1,1,1990,11,0,0,0,0,0,0,0,0,0
260909,2,1,1990,14,14,14,14,14,14,14,14,14,14
260910,0,1,1990,0,41,9,29,0,29,0,0,0,0
260910,1,1,1990,0,0,0,0,0,0,0,0,0,0
260911,1,1,1990,0,0,0,0,0,0,0,0,0,0
260911,2,1,1990,0,0,0,0,0,0,0,0,0,0
260912,1,1,1990,13,19,3,16,23,15,24,34,12,13
260913,1,1,1990,17,17,17,17,17,17,17,17,17,17
260914,1,1,1990,0,0,0,0,0,0,0,0,0,0
260914,2,1,1990,0,0,0,0,0,0,0,0,0,0
260915,1,1,1990,7,7,7,7,7,7,7,7,7,7
260915,2,1,1990,0,0,0,0,0,0,0,0,0,0
260916,1,1,1990,16,16,16,16,16,16,16,16,16,16
260916,2,1,1990,0,0,7,0,0,0,0,0,7,16
260917,1,1,1990,0,0,0,0,0,0,0,0,0,0
260917,2,1,1990,0,0,0,0,0,0,0,0,0,0
260918,1,1,1990,0,0,0,0,0,0,0,0,0,0
260918,2,1,1990,0,0,0,0,0,0,0,0,0,0
260919,1,1,1990,1,1,1,1,1,1,1,1,1,1
260920,1,1,1990,4,4,4,4,4,4,4,4,4,4
260920,2,1,1990,0,0,0,0,0,0,0,0,0,0
260921,1,1,1990,0,0,0,0,0,0,0,0,0,0
260922,1,1,1990,0,0,0,0,0,0,0,0,0,0
260922,2,1,1990,0,0,0,0,0,0,0,0,0,0
260923,1,1,1990,38,32,8,0,0,0,13,0,16,25
260924,1,1,1990,0,0,0,0,0,0,0,0,0,0
260924,2,1,1990,0,0,0,0,0,0,0,0,0,0
260925,0,1,1990,19,19,19,19,19,19,19,19,19,19
260925,1,1,1990,0,0,0,0,0,0,0,0,0,0
260926,1,1,1990,17,0,0,0,0,0,13,0,0,23
260927,0,1,1990,0,0,0,0,0,0,0,0,0,0
260927,0,2,1990,0,0,11,0,0,0,0,14,0,0
260927,1,1,1990,0,0,0,0,0,0,0,0,0,0
260927,2,1,1990,0,3,0,0,0,0,0,0,0,0
260928,1,1,1990,1,1,1,1,1,1,1,1,1,1
260928,2,1,1990,0,0,0,0,0,0,0,0,0,0
260929,1,1,1990,12,12,12,12,12,12,12,12,12,12
260930,1,1,1990,0,0,0,0,0,0,0,0,0,0
260930,2,1,1990,0,0,0,0,0,0,0,0,0,0
260931,1,1,1990,11,11,11,11,11,11,11,11,11,11
260931,2,1,1990,12,12,12,12,12,12,12,12,12,12
260932,1,1,1990,19,19,19,19,19,19,19,19,19,19
260932,2,1,1990,0,0,0,0,0,0,0,0,0,0
260933,1,1,1990,19,19,19,19,19,19,19,19,19,19
260933,2,1,1990,0,0,0,0,0,0,0,0,0,0
260933,3,1,1990,0,0,0,0,0,0,0,0,0,0
260934,1,1,1990,17,17,17,17,17,17,17,17,17,17
260935,1,1,1990,0,0,0,0,0,0,0,0,0,0
260935,2,1,1990,0,0,0,0,0,0,0,0,0,0
260936,1,1,1990,5,5,5,5,5,5,5,5,5,5
260936,2,1,1990,0,0,16,0,0,0,0,0,14,0
260937,1,1,1990,29,29,29,29,29,29,29,29,29,29
260938,0,1,1990,0,0,0,0,0,0,0,0,0,0
260938,1,1,1990,0,0,18,0,0,0,0,0,0,0
260939,1,1,1990,0,12,0,0,0,0,0,3,0,0
260940,0,1,1990,0,0,0,0,0,0,0,0,0,0
260940,0,2,1990,0,0,0,0,0,0,0,0,0,0
260940,1,1,1990,0,0,0,0,0,0,0,0,0,0
260940,2,1,1990,0,0,0,0,0,0,0,0,0,0
260941,1,1,1990,0,0,0,0,0,0,0,0,0,0
260942,0,1,1990,0,0,0,0,0,0,0,0,0,0
260942,1,1,1990,0,0,0,0,0,0,0,0,0,0
260943,1,1,1990,0,0,0,0,0,0,0,0,0,0
260943,2,1,1990,0,0,0,0,0,0,0,0,0,0
260943,3,1,1990,0,0,0,0,0,0,0,0,0,0
260944,0,1,1990,33,33,33,33,33,33,33,33,33,33
260944,1,1,1990,0,0,0,0,0,0,0,0,0,0
260945,1,1,1990,0,0,0,0,20,0,0,0,0,0
260945,2,1,1990,0,0,0,0,0,0,0,0,0,0
260946,1,1,1990,0,0,0,0,0,0,0,0,0,0
260946,2,1,1990,0,0,0,0,0,0,0,0,0,0
260947,1,1,1990,0,0,0,0,0,6,0,0,0,0
260947,2,1,1990,0,7,0,0,0,0,0,0,0,0
260948,1,1,1990,0,0,0,15,0,0,0,0,0,0
260948,2,1,1990,0,0,0,0,0,0,0,0,0,0
260949,1,1,1990,2,2,2,2,2,2,2,2,2,2
260949,2,1,1990,0,0,0,0,0,0,0,0,0,0
260950,0,1,1990,0,0,0,0,0,0,0,0,0,0
260951,1,1,1990,15,15,15,15,15,15,15,15,15,15
260951,2,1,1990,0,0,0,0,0,0,0,0,0,0
260952,1,1,1990,17,17,17,17,17,17,17,17,17,17
260952,2,1,1990,0,0,0,0,0,0,0,0,0,0
260953,1,1,1990,0,0,0,0,0,0,0,0,0,0
260954,1,1,1990,16,16,16,16,16,16,16,16,16,16
260954,2,1,1990,0,0,0,0,0,0,0,0,0,0
260955,1,1,1990,19,19,19,19,19,19,19,19,19,19
260955,2,1,1990,0,0,0,0,0,0,0,0,0,0
260956,1,1,1990,30,30,30,30,30,30,30,30,30,30
260956,2,1,1990,0,0,0,12,0,0,0,0,0,0
260957,1,1,1990,0,15,0,0,0,0,0,0,0,16
260958,1,1,1990,0,0,0,0,0,0,0,0,0,0
260958,2,1,1990,0,0,0,0,0,0,0,0,0,0
260959,1,1,1990,0,0,0,0,0,0,0,0,0,0
260959,2,1,1990,0,0,0,0,0,0,0,0,0,0
260960,0,1,1990,35,35,35,35,35,35,35,35,35,35
260960,1,1,1990,0,0,0,0,0,0,0,0,0,6
260961,1,1,1990,0,0,0,0,0,0,0,0,0,0
260963,1,1,1990,19,19,19,19,19,19,19,19,19,19
260964,1,1,1990,0,0,0,0,0,0,0,0,0,0
260965,1,1,1990,0,0,0,0,0,0,0,0,0,0
260966,0,1,1990,0,0,0,0,0,0,0,0,0,0
260966,1,1,1990,20,20,20,20,20,20,20,20,20,20
260967,1,1,1990,23,23,23,23,23,23,23,23,23,23
260967,2,1,1990,0,20,0,0,0,0,0,23,14,0
260968,1,1,1990,21,13,15,0,36,8,21,12,11,13
260969,1,1,1990,0,0,0,0,0,0,0,0,0,0
260969,2,1,1990,0,0,0,0,0,13,0,0,0,0
260970,1,1,1990,0,0,0,0,0,0,0,0,0,0
260970,2,1,1990,0,0,0,0,0,0,0,0,0,0
260970,3,1,1990,0,0,0,0,0,0,0,0,0,0
260970,4,1,1990,0,0,0,0,0,0,0,0,0,0
260972,1,1,1990,20,20,20,20,20,20,20,20,20,20
260972,2,1,1990,0,0,24,0,0,0,0,0,0,0
260973,0,1,1990,11,11,11,11,11,11,11,11,11,11
260973,1,1,1990,14,0,0,0,0,0,0,14,0,0
260974,1,1,1990,30,30,30,30,30,30,30,30,30,30
260975,1,1,1990,0,0,0,0,0,0,0,0,0,0
260975,2,1,1990,5,0,0,14,0,0,0,0,4,0
260976,0,1,1990,0,0,0,0,0,0,0,0,0,0
260976,1,1,1990,0,0,0,0,0,4,0,0,0,0
260977,1,1,1990,0,0,0,0,0,0,0,0,0,0
260977,2,1,1990,0,0,0,0,0,0,0,0,0,0
260978,1,1,1990,0,0,0,0,0,0,0,0,0,0
260978,2,1,1990,0,0,0,0,0,0,0,0,0,0
260979,0,1,1990,0,0,0,0,0,0,0,0,0,0
260979,1,1,1990,0,10,0,6,0,0,0,0,0,0
260980,1,1,1990,4,4,4,4,4,4,4,4,4,4
260981,0,1,1990,4,4,4,4,4,4,4,4,4,4
260981,1,1,1990,0,0,0,0,0,0,0,0,0,0
260982,0,1,1990,9,6,0,0,26,38,0,0,11,13
260982,1,1,1990,23,23,23,23,23,23,23,23,23,23
260982,2,1,1990,0,0,0,0,0,0,0,0,0,0
260983,1,1,1990,39,24,21,4,21,20,18,20,18,27
260984,0,1,1990,0,0,0,0,0,0,0,0,0,0
260984,1,1,1990,22,22,22,22,22,22,22,22,22,22
260985,1,1,1990,0,0,0,0,0,0,0,0,0,0
260985,2,1,1990,0,0,0,0,0,0,0,0,0,0
260985,3,1,1990,0,0,0,0,0,0,0,0,0,0
260986,1,1,1990,0,0,0,0,0,0,0,0,0,0
260986,2,1,1990,0,0,0,0,0,0,0,0,0,0
260987,1,1,1990,16,16,16,16,16,16,16,16,16,16
260988,1,1,1990,11,11,11,11,11,11,11,11,11,11
260989,1,1,1990,0,0,0,0,0,0,0,0,0,0
260990,1,1,1990,0,0,0,0,0,0,0,0,0,0
260990,2,1,1990,0,0,0,0,0,0,0,0,0,0
260991,0,1,1990,26,26,26,26,26,26,26,26,26,26
260991,1,1,1990,0,0,0,0,0,0,0,0,0,0
260992,0,1,1990,0,0,0,20,0,46,0,0,0,0
260992,1,1,1990,0,0,0,0,0,0,0,0,18,0
260993,1,1,1990,0,0,0,0,0,0,0,0,0,0
260993,2,1,1990,0,0,0,0,0,0,0,0,0,0
260994,1,1,1990,26,26,26,26,26,26,26,26,26,26
260994,2,1,1990,0,0,0,0,0,0,0,0,0,0
260995,0,1,1990,24,0,0,9,0,23,0,13,0,0
260995,1,1,1990,0,0,0,0,0,0,0,0,0,0
260996,1,1,1990,33,33,33,33,33,33,33,33,33,33
260996,2,1,1990,0,0,0,0,0,0,0,0,0,0
260996,3,1,1990,0,0,0,0,13,0,17,0,16,11
260997,1,1,1990,2,9,26,23,0,13,0,16,18,19
260997,2,1,1990,0,0,0,19,0,0,0,0,0,0
260998,1,1,1990,24,24,24,24,24,24,24,24,24,24
260999,1,1,1990,0,0,0,0,0,0,0,0,0,0
260999,2,1,1990,0,0,0,0,0,17,0,0,0,0
261000,1,1,1990,35,22,12,21,12,9,10,21,21,0
261001,0,1,1990,0,0,37,52,0,14,14,0,38,0
261001,1,1,1990,0,0,0,13,0,0,0,0,0,0
261002,1,1,1990,8,0,0,0,0,0,0,0,0,0
261003,1,1,1990,0,0,0,0,0,0,0,0,0,0
261004,1,1,1990,10,10,10,10,10,10,10,10,10,10
261004,2,1,1990,3,3,3,3,3,3,3,3,3,3
261005,1,1,1990,5,5,5,5,5,5,5,5,5,5
261006,0,1,1990,0,0,0,0,0,0,0,0,0,25
261006,1,1,1990,0,0,0,0,0,0,0,0,0,0
261007,0,1,1990,22,15,0,0,0,0,35,0,0,0
261007,0,2,1990,45,9,38,27,12,0,0,10,23,24
261007,1,1,1990,14,14,14,14,14,14,14,14,14,14
261007,2,1,1990,0,11,5,0,0,21,0,0,0,0
261008,1,1,1990,0,0,0,0,0,0,0,0,0,0
261008,2,1,1990,0,0,0,0,0,0,12,0,0,8
261008,3,1,1990,0,0,0,0,0,0,0,0,0,0
261009,1,1,1990,22,22,20,12,9,17,14,13,4,17
261010,1,1,1990,0,0,0,0,0,0,0,12,0,0
261011,1,1,1990,0,0,0,0,0,0,0,0,0,0
261011,2,1,1990,10,10,10,10,10,10,10,10,10,10
261012,1,1,1990,0,0,0,0,0,0,0,0,0,0
261013,1,1,1990,29,29,29,29,29,29,29,29,29,29
261013,2,1,1990,0,0,0,0,0,0,0,0,0,0
261014,1,1,1990,0,0,0,0,0,0,0,0,0,0
261014,2,1,1990,0,0,0,0,0,0,0,0,0,0
261015,1,1,1990,0,0,0,0,0,0,0,0,0,0
261015,2,1,1990,0,0,0,0,0,0,0,0,0,0
261016,1,1,1990,19,0,6,8,10,17,0,12,7,0
261017,1,1,1990,0,0,0,0,0,0,0,0,0,0
261017,2,1,1990,0,0,0,0,0,0,0,0,0,0
261018,1,1,1990,0,0,0,0,0,0,0,0,0,0
261018,2,1,1990,0,0,0,0,0,0,0,0,0,0
261019,1,1,1990,0,0,0,0,0,0,0,0,0,0
261019,2,1,1990,0,0,0,0,0,0,0,0,0,0
261020,1,1,1990,4,4,4,4,4,4,4,4,4,4
261020,2,1,1990,0,0,0,0,0,0,0,0,0,0
261020,3,1,1990,0,0,0,0,0,0,0,0,0,0
261020,4,1,1990,0,0,0,0,0,0,0,0,0,0
261020,5,1,1990,0,0,0,0,0,0,0,0,0,0
261020,6,1,1990,0,0,0,0,0,0,0,0,0,0
261021,1,1,1990,0,0,0,0,0,0,0,0,0,0
261021,2,1,1990,0,0,0,0,0,0,0,0,0,0
261022,1,1,1990,1,1,1,1,1,1,1,1,1,1
261023,1,1,1990,14,0,12,0,35,21,0,22,15,15
261024,0,1,1990,0,0,0,0,0,0,0,0,0,0
261024,1,1,1990,0,0,17,9,0,0,0,0,0,0
261025,1,1,1990,13,22,22,21,7,15,22,23,15,25
261025,2,1,1990,8,0,0,5,0,2,0,6,0,17
261026,1,1,1990,0,0,0,0,0,0,0,0,0,0
261026,2,1,1990,0,0,0,0,0,7,0,0,0,14
261028,1,1,1990,0,0,0,0,0,0,0,0,0,0
261029,1,1,1990,20,20,20,20,20,20,20,20,20,20
261030,1,1,1990,9,9,9,9,9,9,9,9,9,9
261031,1,1,1990,11,11,11,11,11,11,11,11,11,11
261031,2,1,1990,0,0,0,0,0,0,0,0,0,0
261032,1,1,1990,0,7,0,0,0,0,0,0,0,0
261032,2,1,1990,0,0,0,0,0,0,0,0,0,0
261033,1,1,1990,0,0,0,0,0,0,0,0,0,0
261033,2,1,1990,0,0,0,0,0,0,0,0,0,0
261034,0,1,1990,0,0,0,0,0,0,0,0,0,0
261034,1,1,1990,2,2,2,2,2,2,2,2,2,2
261035,1,1,1990,0,0,0,0,0,0,0,0,0,0
261035,2,1,1990,0,0,0,0,0,0,0,21,0,0
261036,1,1,1990,0,0,0,0,0,0,0,0,0,0
261036,2,1,1990,0,0,0,0,0,0,0,0,0,0
261037,1,1,1990,30,30,30,30,30,30,30,30,30,30
261038,0,1,1990,0,0,0,0,0,0,0,0,0,0
261038,1,1,1990,0,0,0,0,0,0,0,0,0,0
261039,1,1,1990,0,0,0,0,0,0,0,0,0,0
261039,2,1,1990,0,0,0,0,0,0,0,0,0,0
261040,1,1,1990,0,0,0,0,0,0,0,0,0,26
261041,1,1,1990,19,19,19,19,19,19,19,19,19,19
261042,1,1,1990,22,22,22,22,22,22,22,22,22,22
261043,1,1,1990,17,17,17,17,17,17,17,17,17,17
261043,2,1,1990,0,0,0,0,0,0,0,0,0,0
261044,1,1,1990,16,16,16,16,16,16,16,16,16,16
261044,2,1,1990,0,0,0,21,20,8,0,21,0,0
261045,1,1,1990,18,18,18,18,18,18,18,18,18,18
261046,1,1,1990,22,22,22,22,22,22,22,22,22,22
261047,1,1,1990,0,0,0,0,0,0,0,0,0,0
261047,2,1,1990,0,0,0,0,0,0,0,0,0,0
261048,0,1,1990,0,0,0,0,0,0,0,0,0,0
261048,1,1,1990,0,0,0,0,0,0,0,0,0,0
261049,1,1,1990,0,0,0,0,0,0,0,0,0,0
261049,2,1,1990,0,0,0,0,0,0,0,0,0,0
261050,1,1,1990,17,17,17,17,17,17,17,17,17,17
261050,2,1,1990,0,0,0,0,0,0,0,0,0,0
261051,1,1,1990,0,0,0,0,0,0,0,0,0,0
261051,2,1,1990,0,0,0,0,0,0,0,0,0,0
261052,1,1,1990,0,0,0,0,0,0,0,0,0,0
261052,2,1,1990,0,0,0,0,0,0,0,0,0,0
261053,1,1,1990,8,8,8,8,8,8,8,8,8,8
261054,1,1,1990,23,23,23,23,23,23,23,23,23,23
261055,1,1,1990,0,0,0,0,0,0,0,0,0,0
261055,2,1,1990,0,0,0,0,0,0,0,0,0,0
261056,1,1,1990,0,0,0,0,0,0,0,0,0,0
261056,2,1,1990,0,0,0,0,0,0,0,0,0,0
261057,1,1,1990,30,30,30,30,30,30,30,30,30,30
261057,2,1,1990,0,0,0,0,0,0,0,0,0,0
261058,1,1,1990,27,27,27,27,27,27,27,27,27,27
261059,1,1,1990,19,0,6,10,14,0,20,0,0,0
261060,1,1,1990,25,25,25,25,25,25,25,25,25,25
261061,1,1,1990,20,20,20,20,20,20,20,20,20,20
261062,1,1,1990,0,0,0,0,0,15,0,0,0,0
261062,2,1,1990,15,0,18,0,0,13,0,0,0,6
261063,1,1,1990,0,0,0,0,0,0,0,0,0,0
261063,2,1,1990,0,0,0,0,0,0,0,0,0,0
261064,0,1,1990,0,0,0,0,0,0,0,0,0,0
261064,1,1,1990,0,0,0,0,0,0,0,0,0,0
261065,1,1,1990,19,19,19,19,19,19,19,19,19,19
261066,1,1,1990,29,29,29,29,29,29,29,29,29,29
261067,1,1,1990,25,25,25,25,25,25,25,25,25,25
261068,1,1,1990,0,0,0,0,0,0,0,0,0,0
261068,2,1,1990,0,0,0,0,0,0,0,0,0,0
261069,1,1,1990,0,0,0,26,0,0,0,0,0,0
261070,1,1,1990,0,0,0,0,0,0,0,0,0,0
261070,2,1,1990,0,0,0,0,0,0,0,0,0,0
261071,0,1,1990,0,0,0,0,0,0,0,0,0,0
261071,1,1,1990,0,0,0,0,0,0,0,0,0,0
261072,1,1,1990,0,0,0,0,0,0,0,0,0,0
261072,2,1,1990,0,0,0,0,0,0,0,0,0,0
261073,1,1,1990,30,30,30,30,30,30,30,30,30,30
261074,1,1,1990,0,0,18,0,0,8,0,0,0,0
261075,1,1,1990,0,0,0,0,0,0,0,0,0,0
261076,1,1,1990,0,0,0,0,0,0,0,0,0,0
261076,2,1,1990,0,0,0,0,0,0,0,0,0,0
261077,1,1,1990,0,0,0,0,0,0,0,0,0,0
261078,1,1,1990,15,15,15,15,15,15,15,15,15,15
261078,2,1,1990,0,0,15,0,0,0,0,0,16,18
261079,1,1,1990,14,22,24,0,22,18,34,18,11,18
261079,2,1,1990,0,0,0,0,0,0,0,0,0,0
261080,1,1,1990,29,29,29,29,29,29,29,29,29,29
261081,1,1,1990,0,0,0,0,0,0,0,0,0,0
261081,2,1,1990,0,0,0,0,0,0,0,0,0,0
261083,1,1,1990,0,10,0,0,0,0,0,0,0,0
261083,2,1,1990,0,0,0,0,0,0,0,0,0,0
261084,1,1,1990,8,8,8,8,8,8,8,8,8,8
261085,1,1,1990,0,0,0,0,0,0,0,0,0,0
261086,1,1,1990,0,0,0,0,0,0,0,0,0,0
261087,0,1,1990,23,23,23,23,23,23,23,23,23,23
261087,1,1,1990,16,16,16,16,16,16,16,16,16,16
261087,2,1,1990,19,21,8,9,15,0,16,19,16,8
261088,1,1,1990,0,0,0,0,0,0,0,0,0,0
261088,2,1,1990,0,0,0,0,0,0,0,0,0,0
261089,1,1,1990,14,15,9,0,0,0,0,0,0,0
261089,2,1,1990,0,0,0,0,7,0,0,0,0,6
261090,1,1,1990,13,13,13,13,13,13,13,13,13,13
261091,1,1,1990,0,0,0,0,0,0,0,0,0,0
261092,1,1,1990,0,0,0,0,0,0,0,0,0,0
261093,1,1,1990,14,14,14,14,14,14,14,14,14,14
261094,0,1,1990,0,0,0,0,0,0,0,0,0,0
261094,1,1,1990,0,0,0,0,0,0,0,0,0,0
261095,1,1,1990,17,17,17,17,17,17,17,17,17,17
261095,2,1,1990,0,0,0,0,0,0,0,0,0,0
261096,1,1,1990,15,15,15,15,15,15,15,15,15,15
261097,1,1,1990,0,0,0,0,0,0,0,0,0,0
261097,2,1,1990,0,0,0,0,0,0,0,0,0,0
261098,1,1,1990,10,10,10,10,10,10,10,10,10,10
261099,0,1,1990,0,0,0,0,0,0,0,0,0,0
261099,1,1,1990,0,0,0,0,0,0,0,0,0,0
261100,1,1,1990,0,0,0,0,0,0,0,0,0,0
261100,2,1,1990,0,0,0,0,0,0,0,0,0,0
261101,1,1,1990,0,0,8,0,11,0,0,0,0,0
261101,2,1,1990,0,0,0,0,0,0,0,0,0,0
261102,1,1,1990,0,0,0,0,0,0,0,0,0,0
261102,2,1,1990,0,0,0,0,9,0,0,17,0,0
261103,1,1,1990,8,8,8,8,8,8,8,8,8,8
261103,2,1,1990,0,0,0,0,0,0,0,0,0,0
261104,1,1,1990,0,0,0,0,0,0,0,0,0,0
261104,2,1,1990,9,23,12,3,15,17,21,22,11,11
261105,1,1,1990,0,0,0,0,0,0,0,0,0,0
261106,1,1,1990,0,0,0,0,0,0,0,0,0,0
261106,2,1,1990,0,0,0,0,0,0,0,0,0,0
261106,3,1,1990,0,0,0,0,0,0,0,0,0,0
261107,1,1,1990,0,0,0,0,0,0,0,0,0,0
261108,1,1,1990,0,0,0,0,0,0,0,0,0,0
261108,2,1,1990,0,6,0,6,24,0,0,0,0,0
261109,1,1,1990,0,0,0,0,0,0,0,0,0,0
261109,2,1,1990,0,0,0,0,0,0,0,0,0,0
261109,3,1,1990,0,0,0,9,0,0,0,0,0,0
261110,1,1,1990,0,0,0,0,0,3,0,0,0,0
261110,2,1,1990,0,0,0,0,0,0,0,0,0,0
261111,1,1,1990,26,26,26,26,26,26,26,26,26,26
261112,1,1,1990,0,0,0,0,0,0,0,0,0,0
261112,2,1,1990,0,0,0,0,0,0,0,0,0,0
261113,1,1,1990,0,0,0,0,0,0,0,0,0,0
261114,1,1,1990,0,0,0,0,0,0,0,0,0,0
261114,2,1,1990,0,0,0,0,0,0,0,0,0,0
261115,1,1,1990,0,0,0,0,0,0,0,0,0,0
261115,2,1,1990,0,0,0,0,0,0,0,0,0,0
261116,0,1,1990,0,0,0,0,0,0,0,0,0,0
261116,1,1,1990,0,0,0,0,0,0,0,0,0,0
261117,1,1,1990,0,0,0,0,0,0,0,0,0,0
261117,2,1,1990,0,0,0,0,0,0,0,0,0,0
261118,1,1,1990,0,0,0,0,0,0,0,0,0,0
261118,2,1,1990,0,0,0,0,0,0,0,0,0,0
261119,1,1,1990,8,8,8,8,8,8,8,8,8,8
261120,1,1,1990,27,27,27,27,27,27,27,27,27,27
261121,1,1,1990,0,0,0,0,0,0,0,0,0,0
261121,2,1,1990,0,0,0,0,0,0,0,0,0,0
261122,0,1,1990,0,0,0,0,0,0,0,0,0,0
261122,1,1,1990,0,0,0,0,0,0,0,0,0,0
261123,1,1,1990,9,9,9,9,9,9,9,9,9,9
261124,1,1,1990,25,25,25,25,25,25,25,25,25,25
261125,1,1,1990,0,0,0,0,0,0,0,0,0,0
261126,1,1,1990,0,0,0,0,0,0,0,0,0,0
261126,2,1,1990,0,0,0,0,0,0,0,0,0,0
261127,1,1,1990,0,0,0,0,0,0,0,0,0,0
261127,2,1,1990,0,0,0,0,0,0,0,0,0,0
261128,1,1,1990,0,0,0,0,10,17,8,0,0,0
261129,0,1,1990,0,0,12,0,0,0,0,0,0,0
261129,1,1,1990,0,0,0,0,0,33,0,0,0,0
261130,1,1,1990,17,14,26,0,0,11,37,10,18,0
261131,0,1,1990,15,15,15,15,15,15,15,15,15,15
261131,1,1,1990,0,0,0,0,0,0,0,0,0,0
261132,1,1,1990,37,0,0,0,6,0,0,0,0,0
261132,2,1,1990,0,0,0,0,0,0,0,0,0,0
261133,0,1,1990,0,0,0,0,0,0,0,0,0,0
261133,1,1,1990,0,0,0,0,0,0,27,26,0,0
261134,0,1,1990,0,0,0,0,0,0,0,0,0,0
261134,1,1,1990,0,0,0,0,0,16,0,0,0,0
261135,0,1,1990,0,0,0,0,0,0,0,0,0,0
261135,1,1,1990,28,0,0,0,0,0,0,5,19,0
261136,1,1,1990,29,29,29,29,29,29,29,29,29,29
261137,1,1,1990,0,0,0,0,0,0,0,0,0,0
261137,2,1,1990,0,0,0,0,0,0,0,0,0,0
261138,0,1,1990,0,0,0,0,0,0,0,0,0,0
261138,1,1,1990,0,0,0,0,0,0,0,0,0,0
261139,1,1,1990,0,0,8,0,0,0,17,0,0,0
261140,1,1,1990,0,0,0,0,0,0,0,0,0,0
261140,2,1,1990,12,12,12,12,12,12,12,12,12,12
261141,1,1,1990,12,0,0,0,0,0,0,0,3,0
261142,1,1,1990,0,15,0,0,0,0,0,0,0,33
261142,2,1,1990,0,0,0,0,0,0,0,0,0,0
261143,0,1,1990,0,0,0,0,0,0,0,36,0,0