ST_CASE,VEH_NO,PER_NO,YEAR,P1,P2,P3,P4,P5,P6,P7,P8,P9,P10
261143,1,1,1990,0,0,0,0,0,0,0,0,0,0
261144,1,1,1990,0,0,0,0,0,0,0,0,0,0
261144,2,1,1990,0,0,0,0,0,0,0,20,0,0
261145,1,1,1990,0,0,0,0,0,0,0,0,0,0
261145,2,1,1990,0,0,0,0,0,0,0,0,0,0
261146,1,1,1990,22,22,22,22,22,22,22,22,22,22
261146,2,1,1990,0,0,0,0,0,0,19,0,0,0
261147,1,1,1990,0,0,0,0,0,0,0,0,0,0
261148,1,1,1990,0,15,0,0,0,0,0,0,0,0
261148,2,1,1990,0,0,0,0,0,0,0,0,0,0
261149,1,1,1990,19,19,19,19,19,19,19,19,19,19
261150,0,1,1990,0,34,14,0,8,27,0,15,19,23
261150,1,1,1990,0,0,0,0,0,0,0,0,0,0
261150,2,1,1990,0,0,0,0,0,0,0,0,0,0
261151,0,1,1990,25,25,25,25,25,25,25,25,25,25
261151,1,1,1990,23,16,9,34,16,26,20,24,25,6
261152,1,1,1990,0,0,0,0,0,0,0,0,0,0
261153,0,1,1990,0,0,24,0,0,0,0,0,0,0
261153,1,1,1990,0,0,0,0,0,0,0,0,0,0
261154,1,1,1990,0,0,0,0,0,0,0,0,0,0
261155,1,1,1990,27,27,27,27,27,27,27,27,27,27
261156,1,1,1990,0,0,0,0,0,0,0,0,0,0
261156,2,1,1990,0,0,0,0,0,0,0,0,0,0
261156,3,1,1990,0,0,0,0,0,0,0,0,0,0
261159,1,1,1990,0,0,12,0,0,0,0,0,0,0
261159,2,1,1990,5,0,19,0,18,0,0,0,0,0
261159,3,1,1990,0,0,0,0,0,0,15,0,0,0
261160,1,1,1990,0,0,0,0,0,0,0,0,0,0
261160,2,1,1990,0,0,0,0,0,0,0,0,6,0
261161,1,1,1990,24,24,24,24,24,24,24,24,24,24
261162,1,1,1990,11,7,20,27,15,30,18,32,26,27
261163,1,1,1990,21,21,21,21,21,21,21,21,21,21
261164,1,1,1990,8,11,12,0,18,0,12,11,0,0
261165,1,1,1990,18,33,19,8,13,13,16,0,17,10
261165,2,1,1990,0,0,0,0,0,0,23,0,0,0
261166,1,1,1990,0,23,12,19,18,20,18,21,26,8
261167,0,1,1990,0,0,0,0,0,0,0,0,0,0
261167,1,1,1990,0,0,0,0,0,0,0,0,0,0
261168,1,1,1990,0,0,0,0,0,0,0,0,0,0
261168,2,1,1990,0,0,0,0,0,0,0,0,0,0
261169,1,1,1990,30,8,14,23,19,32,8,9,14,24
261170,0,1,1990,0,0,0,0,0,0,0,0,0,0
261170,1,1,1990,0,0,0,0,0,0,0,0,12,0
261171,1,1,1990,15,15,15,15,15,15,15,15,15,15
261171,2,1,1990,0,0,0,0,23,6,0,0,17,0
261172,1,1,1990,22,22,22,22,22,22,22,22,22,22
261173,1,1,1990,8,8,8,8,8,8,8,8,8,8
261174,1,1,1990,25,25,25,25,25,25,25,25,25,25
261175,1,1,1990,0,0,0,0,0,11,0,0,0,0
261175,2,1,1990,0,0,10,0,0,0,0,0,0,0
261176,1,1,1990,8,8,8,8,8,8,8,8,8,8
261177,1,1,1990,22,22,22,22,22,22,22,22,22,22
261178,1,1,1990,21,21,21,21,21,21,21,21,21,21
261179,1,1,1990,23,23,23,23,23,23,23,23,23,23
261180,1,1,1990,0,21,0,11,6,14,0,4,18,0
261181,1,1,1990,0,0,0,0,0,0,0,0,0,0
261182,1,1,1990,0,0,0,0,0,0,8,0,0,0
261183,1,1,1990,0,0,0,0,0,0,0,0,0,0
261183,2,1,1990,0,0,0,0,0,0,0,0,0,0
261184,1,1,1990,0,0,0,0,0,0,0,0,0,0
261184,2,1,1990,0,0,0,0,0,0,0,0,0,0
261185,0,1,1990,0,0,0,0,0,0,0,0,0,0
261185,1,1,1990,0,0,0,0,0,0,0,0,0,0
261186,1,1,1990,18,18,18,18,18,18,18,18,18,18
261186,2,1,1990,0,0,0,6,0,0,0,0,0,0
261187,1,1,1990,0,0,0,0,0,0,0,0,0,0
261187,2,1,1990,0,0,0,0,0,0,0,0,0,0
261188,1,1,1990,15,15,15,15,15,15,15,15,15,15
261189,0,1,1990,0,0,0,0,24,0,0,0,0,6
261189,1,1,1990,0,0,0,0,0,0,0,0,0,0
261190,0,1,1990,0,0,0,0,0,0,0,0,0,0
261190,1,1,1990,0,0,0,0,0,0,0,0,0,0
261190,2,1,1990,0,0,0,0,0,16,0,0,0,0
261191,1,1,1990,14,9,16,13,17,13,17,10,10,14
261192,1,1,1990,27,27,27,27,27,27,27,27,27,27
261193,1,1,1990,0,0,0,0,0,0,0,0,0,0
261193,2,1,1990,0,0,0,0,0,0,0,0,0,0
261194,1,1,1990,20,20,20,20,20,20,20,20,20,20
261194,2,1,1990,20,20,20,20,20,20,20,20,20,20
261195,1,1,1990,0,0,0,0,0,0,0,0,0,0
261195,2,1,1990,0,0,0,0,0,0,0,0,0,0
261196,0,1,1990,0,0,0,0,0,0,0,0,0,0
261196,1,1,1990,0,0,0,0,0,0,0,0,0,0
261197,1,1,1990,0,0,0,0,0,0,0,0,0,0
261197,2,1,1990,0,0,0,0,0,0,0,0,0,0
261198,1,1,1990,7,11,11,20,11,10,29,11,13,34
261199,0,1,1990,31,31,31,31,31,31,31,31,31,31
261199,1,1,1990,0,0,0,0,0,0,0,0,0,0
261200,1,1,1990,18,0,0,0,25,0,0,0,0,0
261201,1,1,1990,0,0,0,0,0,0,0,0,0,0
261201,2,1,1990,0,0,0,0,0,0,0,0,0,0
261202,0,1,1990,0,41,22,0,0,0,0,20,0,0
261202,0,2,1990,0,0,0,0,0,0,0,0,0,0
261202,1,1,1990,0,0,0,0,0,0,0,0,19,0
261203,1,1,1990,2,2,2,2,2,2,2,2,2,2
261204,1,1,1990,24,24,24,24,24,24,24,24,24,24
261205,1,1,1990,12,12,12,12,12,12,12,12,12,12
261206,1,1,1990,0,0,0,0,7,0,0,0,0,0
261206,2,1,1990,0,0,0,0,0,0,0,0,0,0
261207,1,1,1990,22,22,22,22,22,22,22,22,22,22
261208,1,1,1990,0,0,0,0,0,0,0,0,0,0
261208,2,1,1990,0,0,0,0,0,0,0,0,0,0
261209,1,1,1990,29,29,29,29,29,29,29,29,29,29
261210,1,1,1990,18,18,18,18,18,18,18,18,18,18
261211,1,1,1990,11,11,11,11,11,11,11,11,11,11
261212,1,1,1990,0,0,0,0,0,0,0,0,15,0
261212,2,1,1990,0,0,0,0,0,0,26,0,0,0
261213,1,1,1990,9,9,9,9,9,9,9,9,9,9
261214,1,1,1990,14,14,14,14,14,14,14,14,14,14
261214,2,1,1990,0,0,11,0,0,0,0,0,0,0
261215,1,1,1990,37,37,37,37,37,37,37,37,37,37
261216,1,1,1990,0,0,0,0,0,0,0,0,0,0
261216,2,1,1990,0,0,0,0,0,0,0,0,0,0
261217,1,1,1990,0,0,0,0,0,0,0,7,0,14
261217,2,1,1990,0,0,0,0,0,0,0,8,0,0
261218,0,1,1990,0,0,0,0,0,0,0,0,0,0
261218,1,1,1990,0,0,0,0,0,0,0,0,0,0
261219,0,1,1990,30,35,0,12,0,0,0,0,0,0
261219,1,1,1990,18,18,18,18,18,18,18,18,18,18
261220,1,1,1990,10,10,10,10,10,10,10,10,10,10
261220,2,1,1990,0,0,0,0,0,0,0,0,0,0
261221,1,1,1990,0,0,0,18,0,0,0,0,18,20
261222,1,1,1990,25,9,6,27,17,32,6,16,19,15
261223,1,1,1990,18,18,18,18,18,18,18,18,18,18
261223,2,1,1990,0,0,0,0,0,0,0,0,0,0
261224,0,1,1990,0,0,0,0,0,0,0,0,0,0
261224,1,1,1990,0,21,0,0,0,16,17,0,11,14
261224,2,1,1990,0,15,0,0,0,0,18,10,0,0
261226,1,1,1990,0,0,0,0,0,0,0,0,0,0
261226,2,1,1990,0,0,0,0,0,0,0,0,0,0
261227,1,1,1990,0,0,0,0,0,0,0,0,0,0
261227,2,1,1990,18,16,17,0,4,19,21,4,12,23
261228,1,1,1990,0,0,0,0,0,0,0,0,0,0
261228,2,1,1990,0,0,0,0,0,0,0,0,0,29
261229,1,1,1990,6,6,6,6,6,6,6,6,6,6
261230,0,1,1990,0,0,0,0,0,0,0,0,0,0
261230,1,1,1990,0,0,0,0,0,0,0,0,0,0
261231,1,1,1990,10,10,10,10,10,10,10,10,10,10
261232,1,1,1990,27,27,27,27,27,27,27,27,27,27
261232,2,1,1990,0,0,0,0,0,0,0,0,0,0
261233,1,1,1990,26,14,0,0,0,0,7,0,0,0
261234,1,1,1990,0,0,0,0,0,0,0,0,0,0
261234,2,1,1990,0,0,0,0,0,0,0,0,0,0
261234,3,1,1990,0,0,0,0,0,0,0,0,0,0
261235,1,1,1990,0,0,0,0,0,0,0,0,0,0
261235,2,1,1990,0,0,0,0,0,0,0,0,0,0
261236,1,1,1990,37,37,37,37,37,37,37,37,37,37
261237,1,1,1990,19,19,19,19,19,19,19,19,19,19
261238,1,1,1990,0,0,14,0,12,0,0,0,0,0
261240,1,1,1990,0,0,0,0,0,0,0,0,0,0
261240,2,1,1990,0,0,0,0,0,0,0,0,0,0
261241,0,1,1990,0,0,0,0,11,18,0,0,0,0
261241,1,1,1990,0,0,0,0,0,0,0,0,0,0
261242,1,1,1990,0,0,0,0,0,0,0,0,0,0
261242,2,1,1990,0,0,0,0,0,0,0,0,14,0
261243,1,1,1990,20,20,20,20,20,20,20,20,20,20
261243,2,1,1990,0,0,0,26,0,0,0,0,0,0
261243,3,1,1990,0,0,0,0,0,24,0,0,0,0
261244,1,1,1990,0,0,0,0,0,0,0,0,0,0
261244,2,1,1990,0,0,0,0,0,0,0,0,0,0
261245,1,1,1990,14,14,14,14,14,14,14,14,14,14
261245,2,1,1990,0,0,0,0,0,0,0,0,0,0
261246,1,1,1990,0,0,0,0,0,0,0,0,0,0
261246,2,1,1990,0,0,0,0,0,0,0,0,0,0
261247,0,1,1990,19,19,19,19,19,19,19,19,19,19
261247,1,1,1990,0,0,0,0,0,0,0,0,0,0
261248,1,1,1990,0,0,0,0,0,0,0,0,0,0
261248,2,1,1990,0,0,0,0,0,0,0,0,0,0
261249,1,1,1990,0,0,0,0,0,0,0,0,0,0
261249,2,1,1990,0,0,0,0,0,0,0,0,0,0
261250,1,1,1990,0,0,0,0,0,0,0,0,0,0
261250,2,1,1990,0,0,0,0,0,0,0,0,0,0
261251,1,1,1990,0,0,0,0,0,0,0,0,0,0
261251,2,1,1990,0,0,0,0,0,0,0,0,0,0
261252,1,1,1990,23,23,23,23,23,23,23,23,23,23
261253,1,1,1990,0,0,0,0,0,0,11,0,0,0
261253,2,1,1990,0,0,0,0,0,0,0,0,0,0
261253,3,1,1990,0,0,0,0,0,0,0,0,0,0
261254,1,1,1990,0,0,13,0,0,11,6,8,0,0
261255,0,1,1990,0,0,0,0,0,0,0,0,0,0
261255,1,1,1990,0,0,0,0,0,0,0,0,0,0
261256,1,1,1990,14,25,22,12,20,34,25,20,26,12
261257,0,1,1990,0,0,0,0,0,0,0,0,0,0
261257,1,1,1990,11,17,15,27,19,11,0,15,33,21
261259,1,1,1990,0,0,0,0,0,0,0,0,0,0
261259,2,1,1990,0,0,0,0,0,0,0,0,0,0
261260,1,1,1990,12,12,12,12,12,12,12,12,12,12
261261,1,1,1990,27,27,27,27,27,27,27,27,27,27
261262,1,1,1990,0,0,0,0,0,0,0,0,0,0
261262,2,1,1990,35,0,0,0,0,0,0,0,0,0
261263,1,1,1990,0,0,0,0,0,0,0,0,0,0
261263,2,1,1990,0,0,0,0,0,0,0,0,0,0
261263,3,1,1990,0,0,0,0,0,0,0,0,0,0
261264,0,1,1990,0,0,0,0,0,0,0,0,0,0
261264,0,2,1990,0,36,0,0,0,0,0,0,0,0
261264,1,1,1990,0,0,0,0,0,0,0,0,0,0
261265,1,1,1990,0,0,0,0,0,0,0,33,12,0
261265,2,1,1990,0,0,0,0,0,0,0,0,0,0
261266,1,1,1990,0,0,0,0,0,0,0,0,0,0
261266,2,1,1990,0,0,0,0,0,0,0,0,0,0
261267,1,1,1990,43,43,43,43,43,43,43,43,43,43
261268,1,1,1990,0,0,0,0,0,0,0,0,0,0
261268,2,1,1990,0,0,0,0,0,0,0,0,0,0
261269,0,1,1990,0,0,0,0,0,0,0,0,0,0
261269,1,1,1990,3,3,3,3,3,3,3,3,3,3
261270,0,1,1990,1,1,1,1,1,1,1,1,1,1
261270,1,1,1990,8,8,8,8,8,8,8,8,8,8
261271,1,1,1990,27,27,27,27,27,27,27,27,27,27
261271,2,1,1990,0,5,0,0,0,0,26,0,0,0
261272,1,1,1990,0,0,0,0,0,0,0,0,0,0
261272,2,1,1990,0,0,0,0,0,0,0,0,0,0
261273,1,1,1990,0,0,0,0,0,0,0,0,0,0
261274,0,1,1990,0,0,0,0,0,0,0,0,0,0
261274,1,1,1990,0,0,0,0,0,0,0,0,0,0
261275,1,1,1990,32,32,32,32,32,32,32,32,32,32
261275,3,1,1990,0,0,0,0,0,0,0,0,0,0
261276,0,1,1990,0,0,0,0,14,24,0,0,0,3
261276,1,1,1990,0,17,0,0,0,0,0,0,0,0
261277,1,1,1990,16,16,16,16,16,16,16,16,16,16
261277,2,1,1990,0,0,0,0,0,0,0,0,0,0
261278,1,1,1990,19,19,19,19,19,19,19,19,19,19
261279,1,1,1990,0,0,0,0,0,0,0,0,0,0
261280,1,1,1990,20,20,20,20,20,20,20,20,20,20
261280,2,1,1990,0,0,0,0,0,0,0,7,0,0
261281,0,1,1990,24,24,24,24,24,24,24,24,24,24
261281,1,1,1990,0,0,0,0,0,0,0,0,0,0
261282,1,1,1990,24,24,24,24,24,24,24,24,24,24
261283,0,1,1990,0,0,0,0,0,0,0,0,0,0
261283,1,1,1990,0,0,0,0,0,0,0,0,0,0
261284,1,1,1990,0,0,0,0,0,0,0,0,0,0
261285,0,1,1990,0,0,0,0,0,0,0,0,0,0
261285,0,2,1990,0,0,0,0,0,0,0,0,0,0
261285,1,1,1990,0,0,0,0,0,0,0,0,0,0
261285,2,1,1990,0,0,0,0,0,0,0,0,0,0
261286,1,1,1990,0,0,0,0,0,0,0,0,0,0
261286,2,1,1990,0,0,0,0,0,0,0,0,0,0
261287,1,1,1990,5,15,37,36,16,20,14,15,22,31
261287,2,1,1990,0,0,0,0,0,0,0,0,0,0
261287,3,1,1990,0,0,0,0,0,0,0,0,0,0
261288,1,1,1990,28,28,28,28,28,28,28,28,28,28
261289,1,1,1990,0,0,0,0,0,0,0,0,0,0
261290,0,1,1990,0,0,0,13,0,0,0,0,0,22
261290,1,1,1990,0,0,0,0,0,0,0,0,0,0
261291,1,1,1990,0,0,0,0,0,0,0,0,0,0
261292,1,1,1990,21,21,21,21,21,21,21,21,21,21
261292,2,1,1990,0,0,0,0,0,0,0,0,0,0
261293,1,1,1990,5,0,16,11,0,11,2,24,25,5
261293,2,1,1990,15,4,14,30,19,7,0,3,15,9
261293,3,1,1990,0,0,0,0,0,0,0,0,0,0
261294,1,1,1990,0,0,0,0,0,0,0,0,0,0
261294,2,1,1990,0,0,0,0,0,0,0,0,0,0
261294,3,1,1990,0,0,0,0,0,0,0,0,0,0
261295,1,1,1990,0,0,0,0,0,0,0,27,0,0
261295,2,1,1990,0,0,0,20,0,0,0,0,0,0
261296,1,1,1990,0,0,0,0,0,0,0,0,0,0
261296,2,1,1990,0,0,0,0,0,0,0,0,0,0
261296,3,1,1990,0,0,0,0,0,0,0,0,0,0
261297,1,1,1990,0,0,0,0,0,0,0,0,0,0
261297,2,1,1990,4,0,0,0,0,0,0,0,0,0
261297,3,1,1990,0,0,0,0,0,0,0,0,0,0
261298,0,1,1990,24,24,24,24,24,24,24,24,24,24
261298,1,1,1990,0,0,0,0,0,0,0,0,0,0
261299,1,1,1990,26,26,26,26,26,26,26,26,26,26
261299,2,1,1990,0,0,12,0,0,0,0,0,0,0
261300,1,1,1990,0,0,0,8,0,0,0,0,0,0
261300,2,1,1990,0,0,0,0,0,0,0,0,0,0
261301,1,1,1990,0,3,0,0,0,0,0,0,0,0
261301,2,1,1990,0,0,0,11,0,0,0,0,0,0
261302,1,1,1990,15,15,15,15,15,15,15,15,15,15
261303,0,1,1990,12,12,12,12,12,12,12,12,12,12
261303,1,1,1990,18,2,0,16,10,18,0,0,12,0
261304,1,1,1990,0,0,0,0,0,0,0,0,0,0
261305,1,1,1990,0,0,11,0,11,0,0,0,0,0
261306,1,1,1990,0,0,0,0,0,9,0,0,0,0
261307,1,1,1990,26,26,26,26,26,26,26,26,26,26
261308,1,1,1990,22,22,22,22,22,22,22,22,22,22
261309,0,1,1990,0,0,0,0,0,0,0,0,0,0
261309,1,1,1990,0,11,7,0,0,0,0,0,0,0
261310,1,1,1990,0,0,0,0,0,0,0,0,0,0
261311,0,1,1990,0,42,0,0,0,0,0,0,0,0
261311,1,1,1990,0,0,0,0,0,0,0,0,0,0
261312,1,1,1990,13,15,14,33,15,17,21,3,17,4
261312,2,1,1990,0,0,0,0,0,0,0,0,0,0
261313,1,1,1990,11,11,11,11,11,11,11,11,11,11
261313,2,1,1990,0,0,0,0,0,0,0,0,0,0
261314,1,1,1990,1,1,1,1,1,1,1,1,1,1
261314,2,1,1990,0,0,0,0,0,0,0,0,0,0
261315,1,1,1990,0,0,13,11,0,0,0,0,14,0
261316,1,1,1990,0,0,0,0,0,0,0,0,0,0
261317,0,1,1990,0,9,38,14,24,23,25,20,29,11
261317,1,1,1990,1,1,1,1,1,1,1,1,1,1
261318,0,1,1990,0,0,0,0,0,0,0,0,0,0
261318,1,1,1990,0,0,0,0,0,0,0,0,0,0
261319,1,1,1990,28,13,5,27,17,13,24,14,20,18
261320,1,1,1990,11,11,11,11,11,11,11,11,11,11
261320,2,1,1990,0,0,0,0,0,0,0,0,0,0
261321,1,1,1990,0,0,0,7,0,5,26,17,0,0
261322,1,1,1990,9,9,9,9,9,9,9,9,9,9
261323,1,1,1990,0,0,0,0,0,0,0,0,0,0
261323,2,1,1990,0,0,0,0,14,0,0,0,0,0
261324,1,1,1990,19,19,19,19,19,19,19,19,19,19
261325,1,1,1990,0,0,0,0,0,0,0,0,0,0
261326,1,1,1990,0,0,0,0,0,0,0,0,0,0
261326,2,1,1990,0,0,0,17,0,0,0,0,0,0
261327,0,1,1990,0,0,0,0,0,0,0,0,0,0
261327,1,1,1990,0,0,0,0,0,0,0,0,0,0
261328,1,1,1990,0,0,0,0,0,0,0,0,0,0
261328,2,1,1990,0,0,0,0,0,11,0,11,0,0
261329,0,1,1990,7,21,0,0,4,0,12,13,24,4
261329,1,1,1990,0,0,0,0,0,0,0,0,0,0
261330,0,1,1990,23,23,23,23,23,23,23,23,23,23
261330,1,1,1990,0,0,0,0,0,0,0,0,0,0
261331,0,1,1990,25,25,25,25,25,25,25,25,25,25
261331,1,1,1990,0,0,0,0,0,0,0,0,0,0
261332,0,1,1990,28,28,28,28,28,28,28,28,28,28
261332,1,1,1990,13,13,13,13,13,13,13,13,13,13
261333,1,1,1990,13,13,13,13,13,13,13,13,13,13
261333,2,1,1990,0,0,0,0,0,0,0,0,0,0
261334,0,1,1990,24,24,24,24,24,24,24,24,24,24
261334,1,1,1990,0,0,0,0,0,0,0,0,0,0
261335,1,1,1990,6,23,6,12,7,9,16,5,4,19
261336,1,1,1990,0,0,0,0,0,0,0,0,0,0
261337,1,1,1990,0,0,0,0,0,0,0,0,0,0
261338,1,1,1990,15,12,26,37,17,9,17,13,27,17
261339,0,1,1990,40,27,10,15,21,15,7,11,4,11
261339,0,2,1990,20,16,29,23,0,14,15,43,30,42
261339,1,1,1990,2,2,2,2,2,2,2,2,2,2
261340,1,1,1990,0,0,0,0,0,0,0,0,13,0
261340,2,1,1990,0,0,0,0,0,0,0,0,0,0
261340,3,1,1990,0,0,0,0,0,0,0,0,0,0
261340,4,1,1990,0,0,0,0,0,0,0,0,0,0
261341,1,1,1990,0,0,0,0,0,0,0,0,0,0
261341,2,1,1990,0,0,0,0,0,0,0,0,0,0
261342,1,1,1990,0,0,0,13,0,0,0,0,0,0
261342,2,1,1990,0,0,0,0,0,0,0,0,0,0
261343,1,1,1990,0,0,0,0,0,0,0,0,10,12
261343,2,1,1990,0,0,0,0,0,0,0,0,0,0
261345,1,1,1990,15,15,15,15,15,15,15,15,15,15
261345,2,1,1990,0,0,0,0,0,0,0,0,0,16
261346,0,1,1990,0,0,0,0,0,0,0,0,0,0
261346,1,1,1990,0,0,0,0,0,0,0,0,0,0
261347,1,1,1990,22,22,22,22,22,22,22,22,22,22
261348,1,1,1990,25,0,0,0,0,0,0,0,0,0
261348,2,1,1990,0,0,0,0,0,0,0,0,0,0
261348,3,1,1990,0,0,0,0,0,0,15,0,0,0
261349,1,1,1990,0,0,0,0,0,0,0,0,0,0
261349,2,1,1990,0,20,0,0,15,0,0,0,0,0
261350,1,1,1990,15,15,15,15,15,15,15,15,15,15
261350,2,1,1990,26,0,20,15,21,3,20,26,26,26
261351,0,1,1990,0,0,0,0,0,0,0,0,0,0
261351,1,1,1990,1,1,1,1,1,1,1,1,1,1
261352,1,1,1990,17,17,17,17,17,17,17,17,17,17
261353,1,1,1990,0,0,0,0,0,0,0,0,0,0
261353,2,1,1990,0,0,0,0,0,0,0,0,0,0
261354,1,1,1990,0,0,0,0,0,0,0,0,0,0
261355,0,1,1990,0,16,0,0,0,11,0,0,0,0
261355,1,1,1990,9,16,14,0,0,9,27,19,0,5
261356,1,1,1990,16,16,16,16,16,16,16,16,16,16
261356,2,1,1990,5,5,5,5,5,5,5,5,5,5
261357,1,1,1990,0,0,7,0,0,0,0,0,0,0
261357,2,1,1990,0,0,0,0,0,0,0,0,0,0
261358,1,1,1990,0,0,0,0,0,0,0,0,0,0
261358,2,1,1990,0,0,0,0,0,0,0,0,0,0
261359,1,1,1990,18,21,12,15,20,16,15,12,15,14
261360,0,1,1990,26,26,26,26,26,26,26,26,26,26
261360,1,1,1990,0,0,0,0,0,0,0,0,0,0
261361,1,1,1990,17,17,17,17,17,17,17,17,17,17
261362,1,1,1990,21,21,21,21,21,21,21,21,21,21
261362,2,1,1990,0,0,0,0,0,0,0,0,0,0
261363,1,1,1990,0,0,0,0,0,0,0,0,0,0
261363,2,1,1990,0,0,0,0,0,0,0,0,0,0
261363,3,1,1990,0,0,0,0,0,0,0,0,0,0
261364,0,1,1990,18,0,19,17,30,23,20,12,25,17
261364,1,1,1990,0,18,11,13,18,11,7,13,25,18
261365,1,1,1990,0,0,0,0,0,0,0,0,0,0
261365,2,1,1990,0,0,0,0,0,0,0,0,0,0
261366,1,1,1990,0,0,0,0,0,0,0,0,0,0
261366,2,1,1990,20,0,0,0,0,0,0,0,0,5
261367,1,1,1990,14,25,22,0,15,21,10,7,25,26
261368,1,1,1990,0,0,0,0,0,0,0,0,0,0
261368,2,1,1990,0,0,0,0,0,0,0,0,0,0
261369,1,1,1990,0,0,0,0,0,0,0,0,0,0
261369,2,1,1990,9,0,0,0,0,0,0,0,0,0
261369,3,1,1990,0,0,0,0,0,0,0,0,0,0
261370,1,1,1990,0,0,0,0,0,0,0,0,0,0
261371,1,1,1990,0,0,0,0,0,0,0,0,0,0
261371,2,1,1990,0,0,0,0,0,0,0,0,0,0
261372,1,1,1990,13,20,23,10,0,8,2,30,10,20
261372,2,1,1990,0,0,0,0,0,0,0,0,0,0
261373,1,1,1990,22,22,22,22,22,22,22,22,22,22
261374,1,1,1990,0,0,0,0,0,0,0,0,0,0
261375,1,1,1990,21,21,21,21,21,21,21,21,21,21
261376,0,1,1990,0,0,0,0,0,0,0,0,0,0
261376,1,1,1990,9,0,0,0,0,0,0,0,0,0
261377,1,1,1990,20,13,0,11,16,23,12,16,17,0
261377,2,1,1990,0,0,0,0,0,0,0,0,0,0
261378,1,1,1990,0,0,0,0,0,0,0,0,0,0
261378,2,1,1990,0,0,0,0,0,0,0,0,0,0
261379,1,1,1990,20,20,20,20,20,20,20,20,20,20
261379,2,1,1990,0,0,0,15,0,0,0,0,0,0
261380,0,1,1990,0,0,0,0,0,0,0,0,0,6
261380,1,1,1990,0,0,0,0,0,0,0,0,0,0
261381,1,1,1990,0,0,0,0,0,0,0,0,0,0
261381,2,1,1990,0,0,0,0,0,0,0,0,0,0
261382,0,1,1990,0,0,0,0,0,0,0,0,0,0
261382,1,1,1990,0,0,0,0,0,0,0,0,0,10
261383,1,1,1990,0,13,0,17,0,8,0,20,0,0
261384,0,1,1990,0,0,0,0,0,9,0,0,0,0
261384,0,2,1990,0,0,0,0,0,0,0,0,0,0
261384,1,1,1990,0,0,19,0,0,0,0,0,0,0
261385,1,1,1990,0,0,0,0,0,0,0,0,0,0
261385,2,1,1990,0,0,0,0,0,19,0,0,0,0
261385,3,1,1990,0,0,0,0,0,0,0,0,0,0
261386,0,1,1990,0,0,0,0,6,0,23,35,0,27
261386,1,1,1990,0,13,0,0,31,15,0,0,0,0
261387,1,1,1990,18,18,18,18,18,18,18,18,18,18
261388,1,1,1990,3,3,3,3,3,3,3,3,3,3
261389,1,1,1990,12,12,11,13,13,11,4,22,0,14
261390,1,1,1990,0,0,0,0,0,0,0,0,0,0
261390,2,1,1990,0,0,0,0,0,0,0,0,0,0
261390,3,1,1990,0,0,0,0,0,0,0,0,0,0
261390,4,1,1990,7,0,0,16,0,0,0,0,0,0
261391,0,1,1990,0,0,0,0,0,0,0,0,0,0
261391,1,1,1990,0,0,0,0,0,0,0,0,0,0
261391,3,1,1990,0,0,0,0,0,0,0,0,0,0
261392,0,1,1990,0,0,0,0,0,0,0,0,0,0
261392,1,1,1990,0,0,0,0,0,0,0,0,0,0
261393,1,1,1990,0,0,0,0,0,0,0,0,0,0
261394,1,1,1990,34,34,34,34,34,34,34,34,34,34
261394,2,1,1990,0,0,0,0,0,0,0,0,0,0
261394,3,1,1990,0,0,0,0,0,0,0,0,0,0
261395,1,1,1990,15,15,15,15,15,15,15,15,15,15
261395,2,1,1990,3,3,3,3,3,3,3,3,3,3
261396,0,1,1990,13,13,13,13,13,13,13,13,13,13
261396,0,2,1990,35,11,14,7,47,12,17,19,23,3
261396,1,1,1990,11,17,13,8,14,6,19,13,5,13
261397,1,1,1990,0,0,0,0,0,0,0,0,0,0
261397,2,1,1990,0,0,0,0,0,0,0,0,0,0
261398,1,1,1990,0,0,0,0,0,10,0,5,0,0
261398,2,1,1990,0,0,0,0,0,0,0,0,0,0
261399,1,1,1990,0,21,21,0,0,0,0,0,0,0
261399,2,1,1990,0,0,0,0,0,0,0,0,0,0
261400,1,1,1990,0,0,0,0,0,0,0,0,0,0
261400,2,1,1990,0,0,0,0,0,0,0,0,0,0
261401,1,1,1990,18,16,36,14,24,31,25,20,0,8
261402,1,1,1990,13,13,13,13,13,13,13,13,13,13
261402,2,1,1990,0,0,0,0,0,0,0,0,0,0
261403,1,1,1990,18,18,18,18,18,18,18,18,18,18
261404,1,1,1990,28,0,4,0,0,0,0,0,0,0
261404,2,1,1990,0,0,0,0,0,0,0,0,0,0
261405,1,1,1990,16,7,16,26,14,13,5,16,18,5
261405,2,1,1990,0,0,8,0,21,0,0,11,11,0
261406,0,1,1990,0,0,0,0,0,0,0,0,0,0
261406,1,1,1990,0,0,0,0,0,0,0,0,0,0
261407,1,1,1990,16,22,22,14,26,7,25,43,21,0
261407,2,1,1990,0,10,0,0,0,0,0,0,0,0
261408,1,1,1990,0,0,0,0,0,0,24,0,0,0
261409,1,1,1990,2,2,2,2,2,2,2,2,2,2
261410,1,1,1990,0,0,0,0,0,0,0,0,0,0