ST_CASE,VEH_NO,PER_NO,YEAR,P1,P2,P3,P4,P5,P6,P7,P8,P9,P10
261410,2,1,1990,9,9,9,9,9,9,9,9,9,9
261411,1,1,1990,0,0,0,0,0,0,0,0,0,0
261411,2,1,1990,0,0,17,8,0,0,0,0,0,0
261412,1,1,1990,7,7,7,7,7,7,7,7,7,7
261412,2,1,1990,0,0,0,0,0,0,0,0,0,0
261413,1,1,1990,0,0,0,0,0,0,0,0,0,0
261413,2,1,1990,0,0,0,0,0,0,0,0,0,0
261414,1,1,1990,0,0,0,0,0,0,0,0,0,0
261414,2,1,1990,3,0,0,0,0,0,0,0,0,0
261414,3,1,1990,0,0,0,0,0,0,0,0,0,0
261414,4,1,1990,0,0,0,0,0,0,0,0,0,0
261414,5,1,1990,0,0,0,0,0,9,0,0,0,0
261415,1,1,1990,23,23,23,23,23,23,23,23,23,23
261415,2,1,1990,12,9,0,17,5,16,0,0,25,14
261416,1,1,1990,0,0,0,0,0,0,0,0,0,0
261417,1,1,1990,0,0,0,0,0,0,0,0,0,7
261417,2,1,1990,0,0,0,0,0,0,0,0,0,0
261418,0,1,1990,0,0,0,0,0,0,0,11,0,14
261418,1,1,1990,18,17,3,9,13,26,0,11,8,19
261419,1,1,1990,0,0,0,0,0,0,0,0,0,0
261419,2,1,1990,0,0,0,0,0,0,0,0,0,0
261420,1,1,1990,0,0,0,0,0,0,0,0,0,0
261420,2,1,1990,0,0,0,0,0,0,0,0,0,0
261421,1,1,1990,0,0,0,0,0,20,0,0,0,0
261421,2,1,1990,0,0,0,0,0,18,0,0,0,0
261422,0,1,1990,24,24,24,24,24,24,24,24,24,24
261422,1,1,1990,0,0,0,0,0,0,0,0,0,0
261423,1,1,1990,0,0,0,0,0,0,0,0,0,0
261423,2,1,1990,0,0,0,0,0,0,0,0,0,0
261424,1,1,1990,0,0,0,0,0,12,0,0,0,0
261425,1,1,1990,26,23,0,25,14,37,25,15,0,20
261426,1,1,1990,0,0,0,0,0,0,0,0,0,0
261427,1,1,1990,0,0,0,0,0,0,0,0,0,0
261427,2,1,1990,0,0,0,0,0,0,0,0,0,0
261428,1,1,1990,0,17,0,19,0,0,16,13,16,24
261428,2,1,1990,0,0,0,0,14,0,0,19,0,0
261429,1,1,1990,0,0,0,0,0,0,0,0,0,0
261430,0,1,1990,0,0,0,0,0,0,0,0,0,0
261430,1,1,1990,0,0,0,0,0,0,0,0,13,0
261431,1,1,1990,0,0,0,0,0,0,0,0,0,0
261432,0,1,1990,11,0,0,19,0,25,28,0,35,0
261432,1,1,1990,22,9,2,0,11,5,25,0,7,17
270001,1,1,1990,17,17,17,17,17,17,17,17,17,17
270001,2,1,1990,5,5,5,5,5,5,5,5,5,5
270002,1,1,1990,0,0,0,0,0,0,0,0,0,0
270002,2,1,1990,0,0,0,0,2,0,0,0,0,0
270003,0,1,1990,0,0,0,0,0,0,0,0,0,0
270003,1,1,1990,0,0,0,0,0,0,0,0,0,0
270004,1,1,1990,0,0,0,0,0,0,0,0,0,0
270004,2,1,1990,0,0,0,12,0,0,0,0,0,0
270005,0,1,1990,0,0,0,0,0,0,0,0,0,0
270005,1,1,1990,0,0,0,0,0,0,0,0,0,0
270006,1,1,1990,15,15,15,15,15,15,15,15,15,15
270007,1,1,1990,0,0,0,0,0,0,0,0,0,0
270008,1,1,1990,5,5,5,5,5,5,5,5,5,5
270008,2,1,1990,20,20,20,20,20,20,20,20,20,20
270009,1,1,1990,0,0,0,0,0,0,0,0,0,0
270009,2,1,1990,0,0,0,0,0,0,0,0,0,0
270009,3,1,1990,0,0,0,0,0,0,0,0,0,0
270010,1,1,1990,0,0,0,0,0,0,0,0,0,0
270010,2,1,1990,0,0,0,0,0,0,0,0,0,0
270011,1,1,1990,0,0,0,0,0,0,0,0,0,0
270011,2,1,1990,21,21,21,21,21,21,21,21,21,21
270012,1,1,1990,0,0,0,0,0,0,0,0,0,0
270013,1,1,1990,16,16,16,16,16,16,16,16,16,16
270014,1,1,1990,15,3,16,14,19,13,9,17,32,18
270014,2,1,1990,10,10,10,10,10,10,10,10,10,10
270015,1,1,1990,0,0,0,0,0,0,0,0,0,0
270015,2,1,1990,0,0,0,0,0,0,0,0,0,0
270016,1,1,1990,34,34,34,34,34,34,34,34,34,34
270017,1,1,1990,15,15,15,15,15,15,15,15,15,15
270018,1,1,1990,0,0,0,0,18,14,0,0,0,0
270019,1,1,1990,0,0,0,0,0,0,0,0,0,0
270020,0,1,1990,0,0,0,0,0,0,0,0,0,0
270020,1,1,1990,0,0,0,0,0,0,0,0,0,0
270021,1,1,1990,33,33,33,33,33,33,33,33,33,33
270021,2,1,1990,0,0,0,0,0,0,0,0,0,0
270022,1,1,1990,0,0,0,0,0,0,0,0,0,0
270023,0,1,1990,0,0,0,0,0,0,0,0,0,0
270023,1,1,1990,0,0,0,0,0,0,0,0,0,0
270024,1,1,1990,14,14,14,14,14,14,14,14,14,14
270025,1,1,1990,0,0,0,0,0,0,0,19,0,0
270026,0,1,1990,0,0,0,0,0,0,0,0,0,0
270026,1,1,1990,0,0,0,0,0,0,0,0,0,0
270027,1,1,1990,0,0,0,0,0,0,0,0,0,0
270028,1,1,1990,0,0,0,0,0,0,0,0,0,0
270028,2,1,1990,0,0,0,0,0,0,0,0,0,0
270029,1,1,1990,10,23,18,5,11,5,19,8,13,22
270029,2,1,1990,0,0,0,0,0,0,0,0,0,0
270030,1,1,1990,0,0,0,0,0,0,0,0,0,0
270030,2,1,1990,0,0,0,0,0,0,0,0,0,0
270031,1,1,1990,18,18,18,18,18,18,18,18,18,18
270032,1,1,1990,5,5,5,5,5,5,5,5,5,5
270033,1,1,1990,17,17,17,17,17,17,17,17,17,17
270034,0,1,1990,16,16,16,16,16,16,16,16,16,16
270034,1,1,1990,0,0,0,0,0,0,0,0,0,0
270035,1,1,1990,0,0,0,0,0,0,0,0,0,0
270035,2,1,1990,0,0,0,0,0,0,0,0,0,0
270035,3,1,1990,0,0,0,0,0,0,0,0,0,13
270036,1,1,1990,0,0,0,0,0,0,0,0,0,0
270037,1,1,1990,25,15,16,8,12,13,11,20,15,10
270038,1,1,1990,21,0,0,14,0,0,5,0,6,6
270038,2,1,1990,0,0,0,0,0,0,0,0,0,0
270039,1,1,1990,7,7,7,7,7,7,7,7,7,7
270040,1,1,1990,19,19,19,19,19,19,19,19,19,19
270041,1,1,1990,0,0,0,0,0,0,0,0,0,0
270041,2,1,1990,16,19,25,28,12,16,6,17,14,17
270042,1,1,1990,2,2,2,2,2,2,2,2,2,2
270042,2,1,1990,0,0,0,0,0,0,21,0,0,0
270043,1,1,1990,0,0,0,0,0,0,0,0,0,0
270044,1,1,1990,18,25,0,29,18,0,16,8,19,0
270045,1,1,1990,0,0,0,0,0,0,0,0,0,0
270045,2,1,1990,0,0,0,0,0,0,0,0,0,0
270046,1,1,1990,0,0,0,0,0,0,0,0,0,0
270046,2,1,1990,0,0,0,0,0,0,0,0,0,0
270047,1,1,1990,0,0,0,0,0,0,0,0,0,0
270047,2,1,1990,0,0,0,0,0,0,0,0,0,0
270048,1,1,1990,26,26,26,26,26,26,26,26,26,26
270049,1,1,1990,1,1,1,1,1,1,1,1,1,1
270049,2,1,1990,0,0,0,0,0,0,0,0,0,0
270050,1,1,1990,21,21,21,21,21,21,21,21,21,21
270050,2,1,1990,9,9,9,9,9,9,9,9,9,9
270051,1,1,1990,0,0,0,0,0,0,0,0,0,0
270051,2,1,1990,0,0,0,0,0,0,0,0,0,0
270052,1,1,1990,21,21,21,21,21,21,21,21,21,21
270052,2,1,1990,6,6,6,6,6,6,6,6,6,6
270053,0,1,1990,0,0,0,0,0,0,0,0,0,0
270053,1,1,1990,0,0,0,0,0,0,0,0,0,0
270054,0,1,1990,0,0,0,0,0,0,0,0,0,0
270054,1,1,1990,0,0,0,0,0,0,0,0,0,0
270055,1,1,1990,0,0,0,0,0,0,0,0,0,0
270055,2,1,1990,0,0,0,0,0,0,0,0,0,0
270056,1,1,1990,2,2,2,2,2,2,2,2,2,2
270056,2,1,1990,8,8,8,8,8,8,8,8,8,8
270056,3,1,1990,28,28,28,28,28,28,28,28,28,28
270057,1,1,1990,27,27,27,27,27,27,27,27,27,27
270057,2,1,1990,12,27,23,16,33,19,21,19,17,20
270058,1,1,1990,0,0,0,0,0,0,0,0,0,0
270058,2,1,1990,0,0,0,0,0,4,0,0,0,0
270059,1,1,1990,11,11,11,11,11,11,11,11,11,11
270059,2,1,1990,0,0,0,0,0,0,0,0,0,0
270060,1,1,1990,25,25,25,25,25,25,25,25,25,25
270060,2,1,1990,0,0,11,0,0,0,0,0,2,0
270061,1,1,1990,0,0,0,0,0,0,0,0,0,0
270061,2,1,1990,0,0,0,0,0,0,0,0,0,0
270063,1,1,1990,0,0,0,0,0,0,0,0,0,0
270063,2,1,1990,0,0,0,0,0,0,0,0,0,0
270064,1,1,1990,12,22,21,0,20,19,0,7,8,16
270065,1,1,1990,0,0,0,0,0,0,0,0,0,0
270065,2,1,1990,0,0,0,0,0,0,0,0,0,0
270066,1,1,1990,0,0,0,0,0,0,0,0,0,0
270066,2,1,1990,0,0,0,0,0,0,0,0,0,0
270067,1,1,1990,0,0,0,0,0,0,0,0,0,0
270067,2,1,1990,0,0,0,0,0,0,2,0,0,0
270068,1,1,1990,0,0,0,0,0,0,0,0,0,0
270068,2,1,1990,22,22,22,22,22,22,22,22,22,22
270069,1,1,1990,17,6,10,11,7,25,34,24,17,20
270070,1,1,1990,0,0,0,0,0,0,0,0,0,11
270070,2,1,1990,0,0,0,0,0,0,0,0,0,0
270071,1,1,1990,24,24,24,24,24,24,24,24,24,24
270072,1,1,1990,0,0,0,0,0,0,0,0,0,0
270073,1,1,1990,0,0,0,0,0,0,0,0,0,0
270073,2,1,1990,0,0,0,0,0,0,0,0,0,0
270074,1,1,1990,0,0,0,0,0,0,0,0,0,0
270074,2,1,1990,0,0,0,0,0,0,0,0,0,0
270075,1,1,1990,0,0,0,0,0,0,0,0,0,0
270075,2,1,1990,0,0,0,0,0,0,0,0,0,0
270076,1,1,1990,0,0,0,0,0,0,0,0,0,0
270076,2,1,1990,0,0,0,0,0,0,18,0,0,0
270076,3,1,1990,0,0,0,0,0,0,0,0,0,0
270076,4,1,1990,0,0,0,0,0,0,0,0,0,0
270076,5,1,1990,0,0,0,0,0,0,0,0,0,0
270076,6,1,1990,0,0,0,0,0,0,0,0,0,0
270077,1,1,1990,19,19,19,19,19,19,19,19,19,19
270078,1,1,1990,0,0,0,0,0,0,0,0,0,0
270079,1,1,1990,0,0,0,0,0,0,0,0,0,0
270079,2,1,1990,0,0,0,0,0,0,0,0,0,0
270080,1,1,1990,15,15,15,15,15,15,15,15,15,15
270080,2,1,1990,0,0,0,0,0,0,0,0,0,0
270081,1,1,1990,13,13,13,13,13,13,13,13,13,13
270081,2,1,1990,14,19,28,0,26,11,0,3,0,15
270082,1,1,1990,0,0,0,0,0,0,0,0,0,0
270082,2,1,1990,0,0,0,0,0,0,0,0,0,0
270083,1,2,1990,24,24,24,24,24,24,24,24,24,24
270084,1,1,1990,0,0,0,0,0,0,0,0,0,0
270084,2,1,1990,0,0,0,0,11,0,0,0,0,0
270085,1,1,1990,53,53,53,53,53,53,53,53,53,53
270086,0,1,1990,0,0,0,0,0,0,0,0,0,0
270086,1,1,1990,0,0,0,0,0,0,0,0,0,0
270088,0,1,1990,0,0,0,16,0,30,0,0,20,0
270088,1,1,1990,0,0,0,0,0,0,0,0,0,0
270089,1,1,1990,0,0,0,0,0,0,0,0,0,0
270089,2,1,1990,0,0,0,0,0,0,0,0,0,0
270090,0,1,1990,22,0,0,0,0,0,0,0,0,0
270090,1,1,1990,19,9,9,14,7,18,8,25,5,20
270091,0,1,1990,0,0,0,0,0,0,0,0,0,0
270091,1,1,1990,0,0,7,0,0,0,0,20,0,0
270092,0,1,1990,0,0,0,0,0,49,0,0,34,0
270092,1,1,1990,0,0,0,0,0,0,0,0,0,0
270093,1,1,1990,16,16,16,16,16,16,16,16,16,16
270093,2,1,1990,0,0,0,0,0,0,0,0,0,0
270094,0,1,1990,0,0,0,0,0,0,0,0,0,0
270094,1,1,1990,0,0,0,0,0,0,0,0,0,0
270095,0,1,1990,0,0,0,0,0,0,0,0,0,0
270095,1,1,1990,0,0,0,0,0,0,0,0,0,0
270096,1,1,1990,0,0,0,0,0,0,0,0,0,0
270096,2,1,1990,0,0,0,0,0,0,0,0,0,12
270097,0,1,1990,0,0,0,0,0,0,0,0,0,0
270097,1,1,1990,0,0,0,0,0,0,0,0,0,0
270098,1,1,1990,0,0,0,0,0,0,0,0,0,0
270098,2,1,1990,0,0,0,0,0,0,0,0,0,0
270099,1,1,1990,0,0,0,0,0,0,0,0,0,0
270099,2,1,1990,0,0,0,0,0,0,0,0,0,0
270100,1,1,1990,0,0,0,0,0,0,0,0,0,0
270101,1,1,1990,0,0,0,0,0,0,0,0,0,0
270102,0,1,1990,0,0,0,0,0,0,0,0,0,0
270102,1,1,1990,0,0,0,0,0,17,0,0,0,19
270103,1,1,1990,16,16,16,16,16,16,16,16,16,16
270104,1,1,1990,0,0,12,0,0,0,0,0,0,0
270104,2,1,1990,0,0,0,0,0,0,0,0,0,0
270104,3,1,1990,0,0,0,0,0,0,0,0,0,0
270105,1,1,1990,0,0,0,0,0,0,0,0,0,0
270105,2,1,1990,0,0,0,0,0,0,0,0,0,0
270105,3,1,1990,0,0,0,7,11,0,0,0,0,0
270106,1,1,1990,0,0,0,0,0,0,0,0,0,0
270106,2,1,1990,0,0,0,0,0,0,0,0,0,0
270107,1,1,1990,0,0,0,0,0,0,0,0,0,0
270107,2,1,1990,0,0,0,0,0,0,0,0,0,0
270108,1,1,1990,0,0,21,0,0,0,0,0,0,0
270108,2,1,1990,0,0,0,0,0,0,0,0,5,30
270109,1,1,1990,0,0,0,0,0,0,0,0,0,0
270110,1,1,1990,0,0,0,0,0,29,0,0,0,0
270110,2,1,1990,0,0,0,0,0,0,0,0,0,0
270111,1,1,1990,16,16,16,16,16,16,16,16,16,16
270112,1,1,1990,0,0,0,0,0,0,0,0,0,0
270112,2,1,1990,0,0,0,0,0,0,0,0,0,0
270113,1,1,1990,0,0,0,0,0,0,0,0,0,0
270113,2,1,1990,0,0,0,0,0,0,0,0,0,0
270114,1,1,1990,0,0,0,0,0,0,0,0,0,0
270115,0,1,1990,0,0,0,0,0,0,0,0,0,0
270115,1,1,1990,0,0,0,0,0,0,0,0,0,0
270116,1,1,1990,0,0,0,0,0,0,0,0,0,0
270116,2,1,1990,0,0,0,0,0,0,0,0,0,0
270117,1,1,1990,22,22,22,22,22,22,22,22,22,22
270118,1,1,1990,0,22,0,0,0,0,27,0,0,14
270119,1,1,1990,0,0,0,0,0,0,0,0,0,0
270119,2,1,1990,0,0,0,0,0,0,0,0,0,0
270120,1,1,1990,0,0,0,0,0,0,0,0,0,0
270120,2,1,1990,0,0,0,0,0,0,0,0,0,0
270121,1,1,1990,19,19,19,19,19,19,19,19,19,19
270121,2,1,1990,0,0,0,0,0,0,0,0,0,0
270122,1,1,1990,0,0,0,0,0,0,0,0,0,0
270123,1,1,1990,27,27,27,27,27,27,27,27,27,27
270124,1,1,1990,0,0,0,0,0,0,0,0,0,0
270124,2,1,1990,22,0,19,10,18,0,0,24,0,16
270125,1,1,1990,2,2,2,2,2,2,2,2,2,2
270126,1,1,1990,0,0,0,0,0,0,0,0,0,0
270126,2,1,1990,0,0,0,0,0,0,0,0,0,0
270127,1,1,1990,13,13,13,13,13,13,13,13,13,13
270127,2,1,1990,5,5,5,5,5,5,5,5,5,5
270128,1,1,1990,9,25,13,4,16,0,13,32,17,13
270129,1,1,1990,24,24,24,24,24,24,24,24,24,24
270130,1,1,1990,0,0,0,0,0,0,0,0,0,0
270130,2,1,1990,0,0,0,11,0,5,0,0,0,0
270131,1,1,1990,0,0,0,0,0,0,0,0,0,0
270131,2,1,1990,0,0,0,22,0,0,0,0,0,0
270132,1,1,1990,9,9,9,9,9,9,9,9,9,9
270133,1,1,1990,7,0,5,11,10,14,11,16,21,21
270134,1,1,1990,31,31,31,31,31,31,31,31,31,31
270135,1,1,1990,32,32,32,32,32,32,32,32,32,32
270136,1,1,1990,0,0,0,0,0,0,0,0,0,0
270137,1,1,1990,13,9,0,10,14,8,17,12,8,6
270138,1,1,1990,0,0,0,0,0,0,0,0,0,0
270138,2,1,1990,0,0,0,0,0,0,0,0,0,0
270139,1,1,1990,0,0,0,0,0,0,0,0,0,0
270139,2,1,1990,0,0,0,0,0,0,0,0,0,0
270140,1,1,1990,0,0,0,0,0,0,0,0,0,0
270141,0,1,1990,26,26,26,26,26,26,26,26,26,26
270141,1,1,1990,8,8,8,8,8,8,8,8,8,8
270142,0,1,1990,0,0,0,0,0,0,0,0,0,0
270142,1,1,1990,17,17,17,17,17,17,17,17,17,17
270143,1,1,1990,18,18,18,18,18,18,18,18,18,18
270143,2,1,1990,11,11,11,11,11,11,11,11,11,11
270144,1,1,1990,12,12,12,12,12,12,12,12,12,12
270145,1,1,1990,0,0,0,0,0,0,0,0,0,0
270145,2,1,1990,0,0,0,0,0,0,0,0,0,0
270146,1,1,1990,0,0,0,0,0,0,0,0,0,0
270146,2,1,1990,9,9,9,9,9,9,9,9,9,9
270147,1,1,1990,22,22,22,22,22,22,22,22,22,22
270147,2,1,1990,0,0,0,0,0,0,0,0,0,0
270148,1,1,1990,12,12,12,12,12,12,12,12,12,12
270149,1,1,1990,32,32,32,32,32,32,32,32,32,32
270149,2,1,1990,0,0,0,0,0,0,0,0,0,0
270150,1,1,1990,0,0,0,0,0,0,0,0,0,0
270150,2,1,1990,0,0,0,0,0,0,0,0,0,0
270151,1,1,1990,0,0,0,0,0,0,0,0,0,0
270151,2,1,1990,0,0,0,0,0,0,0,0,0,0
270151,3,1,1990,0,0,0,0,0,0,0,0,0,0
270152,1,1,1990,14,14,14,14,14,14,14,14,14,14
270153,1,1,1990,0,0,0,0,0,2,0,0,0,0
270153,2,1,1990,0,0,0,0,0,0,0,0,0,0
270154,1,1,1990,0,0,0,0,0,0,0,0,0,0
270154,2,1,1990,22,0,0,0,0,0,0,0,0,0
270155,1,1,1990,0,0,0,0,0,0,0,0,0,0
270156,1,1,1990,7,7,7,7,7,7,7,7,7,7
270156,2,1,1990,0,0,16,7,0,15,0,0,12,0
270157,1,1,1990,14,7,0,0,0,0,0,0,0,0
270157,2,1,1990,0,0,0,0,0,0,0,0,0,0
270158,1,1,1990,16,16,16,16,16,16,16,16,16,16
270159,1,1,1990,0,0,0,0,18,0,0,0,0,0
270160,1,1,1990,0,0,0,0,0,0,0,0,0,0
270160,2,1,1990,0,0,0,0,0,0,0,0,0,0
270161,1,1,1990,27,27,27,27,27,27,27,27,27,27
270163,1,1,1990,0,0,0,0,7,0,21,30,0,0
270164,1,1,1990,7,7,7,7,7,7,7,7,7,7
270165,1,1,1990,0,0,0,0,0,0,0,0,0,0
270167,1,1,1990,0,0,0,0,0,0,0,0,0,0
270167,2,1,1990,0,0,0,0,0,0,0,0,0,0
270169,1,1,1990,0,0,0,0,0,0,0,0,0,0
270169,2,1,1990,0,0,10,19,0,0,0,0,0,0
270170,0,1,1990,0,0,0,0,0,0,0,0,0,0
270170,1,1,1990,0,0,0,7,0,0,0,0,0,0
270171,1,1,1990,19,19,19,19,19,19,19,19,19,19
270173,1,1,1990,26,26,26,26,26,26,26,26,26,26
270174,1,1,1990,0,0,0,0,0,0,0,0,0,0
270174,2,1,1990,0,0,0,0,0,0,0,0,0,0
270175,1,1,1990,0,0,0,0,0,0,0,0,0,0
270175,2,1,1990,0,0,0,0,0,0,0,0,13,0
270175,3,1,1990,13,0,21,0,0,0,0,14,0,0
270176,1,1,1990,23,21,14,14,19,25,22,27,0,17
270176,2,1,1990,0,0,11,0,0,0,0,0,0,0
270177,1,1,1990,0,0,0,0,0,0,0,0,0,0
270178,1,1,1990,23,23,23,23,23,23,23,23,23,23
270179,1,1,1990,3,3,3,3,3,3,3,3,3,3
270180,1,1,1990,0,0,0,0,0,0,0,0,0,0
270181,1,1,1990,1,1,1,1,1,1,1,1,1,1
270181,2,1,1990,0,0,0,0,0,0,0,0,0,0
270182,1,1,1990,15,15,15,15,15,15,15,15,15,15
270183,1,1,1990,0,0,0,0,0,0,0,0,0,0
270183,2,1,1990,0,0,0,0,0,0,0,0,0,0
270184,1,1,1990,0,0,0,0,0,0,0,0,0,0
270184,2,1,1990,0,0,0,0,0,0,0,0,0,0
270185,1,1,1990,0,0,0,0,0,0,0,0,0,0
270185,2,1,1990,0,0,0,0,0,0,0,0,0,0
270186,1,1,1990,0,0,0,0,0,0,0,0,0,0
270186,2,1,1990,0,0,0,0,0,0,0,0,0,0
270187,1,1,1990,0,0,0,0,0,0,0,0,0,0
270187,2,1,1990,0,0,0,0,0,0,0,0,0,0
270188,1,2,1990,0,0,0,4,0,15,22,27,23,0
270189,0,1,1990,20,20,20,20,20,20,20,20,20,20
270189,1,1,1990,10,10,10,10,10,10,10,10,10,10
270190,1,1,1990,20,20,20,20,20,20,20,20,20,20
270191,1,1,1990,0,0,0,0,0,0,0,0,0,0
270191,2,1,1990,28,28,28,28,28,28,28,28,28,28
270192,1,1,1990,16,16,16,16,16,16,16,16,16,16
270193,1,1,1990,0,0,0,0,0,0,0,0,0,0
270194,1,1,1990,11,15,10,19,23,22,18,20,4,28
270195,1,1,1990,0,8,6,0,0,0,32,0,8,0
270195,2,1,1990,0,11,8,0,0,0,0,6,0,8
270196,1,1,1990,6,6,6,6,6,6,6,6,6,6
270198,1,1,1990,24,24,24,24,24,24,24,24,24,24
270199,1,1,1990,0,0,0,0,0,0,0,0,0,0
270199,2,1,1990,0,0,0,0,0,0,0,0,0,0
270200,1,1,1990,0,0,0,0,0,0,0,0,0,0
270200,2,1,1990,0,0,0,0,0,21,0,0,0,0
270200,3,1,1990,0,0,0,0,0,0,0,0,0,0
270202,1,1,1990,0,0,0,0,0,0,0,0,0,0
270202,2,1,1990,0,0,0,0,0,0,0,0,0,0
270203,1,1,1990,0,15,0,13,0,24,5,10,35,0
270203,2,1,1990,0,20,8,6,15,0,0,9,7,0
270204,1,1,1990,0,0,0,0,0,0,0,0,0,0
270204,2,1,1990,0,0,0,0,0,0,0,0,0,0
270205,1,1,1990,0,0,0,0,0,0,0,0,0,0
270205,2,1,1990,0,0,0,0,0,0,0,0,0,0
270206,1,1,1990,0,0,0,0,0,0,0,0,0,0
270206,2,1,1990,0,0,0,0,0,0,0,0,0,0
270207,1,1,1990,0,0,0,0,0,0,0,0,0,0
270208,1,1,1990,0,0,0,0,0,0,0,0,0,0
270208,2,1,1990,0,0,0,0,0,0,0,0,0,0
270209,0,1,1990,0,0,0,0,0,0,0,0,0,0
270209,1,1,1990,0,0,0,0,0,0,0,0,0,0
270210,0,1,1990,42,42,42,42,42,42,42,42,42,42
270210,1,1,1990,0,0,0,0,0,0,0,0,0,0
270211,0,1,1990,0,0,0,0,0,0,0,0,0,0
270211,1,1,1990,0,0,0,0,14,0,0,0,0,0
270212,1,1,1990,12,12,12,12,12,12,12,12,12,12
270213,0,1,1990,0,0,0,19,0,0,0,8,9,22
270213,1,1,1990,0,0,0,0,0,0,0,0,0,0
270214,1,1,1990,19,19,19,19,19,19,19,19,19,19
270216,1,1,1990,0,0,0,0,0,0,0,0,0,0
270216,2,1,1990,0,0,0,0,0,0,0,0,0,0
270217,1,1,1990,0,0,0,0,0,0,0,0,0,0
270218,1,1,1990,28,28,28,28,28,28,28,28,28,28
270219,1,1,1990,10,10,10,10,10,10,10,10,10,10
270220,1,1,1990,11,11,11,11,11,11,11,11,11,11
270221,0,1,1990,45,45,45,45,45,45,45,45,45,45
270221,1,1,1990,13,0,0,0,0,0,13,0,0,32
270222,1,1,1990,0,0,0,0,0,0,0,0,0,0
270222,2,1,1990,0,0,0,0,0,0,0,0,0,0
270223,1,1,1990,17,19,13,16,20,11,6,19,13,8
270223,2,1,1990,0,0,0,0,15,0,0,22,0,0
270224,1,1,1990,0,0,0,0,0,0,0,0,0,0
270224,2,1,1990,0,0,0,0,0,0,0,0,0,0
270225,1,1,1990,21,21,21,21,21,21,21,21,21,21
270226,1,1,1990,0,0,0,0,0,0,0,0,0,0
270227,1,1,1990,5,19,4,17,21,27,10,15,14,25
270228,1,1,1990,0,0,0,0,0,0,0,15,0,0
270229,1,1,1990,0,0,14,17,18,16,12,7,17,0
270229,2,1,1990,20,20,20,20,20,20,20,20,20,20
270230,1,1,1990,0,0,0,0,0,0,0,0,0,0
270230,2,1,1990,0,0,0,0,0,0,0,0,0,0
270231,1,1,1990,8,8,8,8,8,8,8,8,8,8
270232,1,1,1990,20,20,20,20,20,20,20,20,20,20
270233,0,1,1990,24,24,24,24,24,24,24,24,24,24
270233,1,1,1990,0,0,0,23,0,0,22,0,0,0
270234,0,1,1990,16,16,16,16,16,16,16,16,16,16
270234,1,1,1990,0,0,0,0,0,0,0,0,0,0
270235,1,1,1990,0,0,0,0,0,0,0,0,0,0
270235,2,1,1990,0,0,0,0,0,0,0,0,0,0
270236,1,1,1990,20,20,20,20,20,20,20,20,20,20
270238,1,1,1990,0,0,0,0,0,0,0,0,0,0
270238,2,1,1990,0,0,0,0,0,0,0,0,0,0
270239,1,1,1990,0,0,0,0,0,0,0,0,0,0
270239,2,1,1990,0,0,0,0,0,0,0,0,0,0
270240,1,1,1990,2,10,0,16,32,12,15,13,11,8
270241,1,1,1990,16,16,16,16,16,16,16,16,16,16
270241,2,1,1990,0,0,0,0,0,0,0,0,0,0
270242,1,1,1990,0,0,0,0,0,0,0,0,0,0
270242,2,1,1990,0,0,0,0,0,0,0,0,0,0
270242,3,1,1990,0,0,0,0,0,0,0,0,0,0
270242,4,1,1990,0,0,0,0,0,0,0,0,0,0
270243,1,1,1990,0,17,0,0,0,0,8,0,0,0
270243,2,1,1990,0,0,0,15,0,0,0,0,0,0
270244,1,1,1990,23,23,23,23,23,23,23,23,23,23
270245,1,1,1990,0,0,0,0,0,0,0,0,0,0
270245,2,1,1990,3,3,3,3,3,3,3,3,3,3
270246,1,1,1990,0,0,0,0,0,0,0,0,0,0
270246,2,1,1990,0,0,0,0,0,0,0,0,0,0
270247,1,1,1990,18,18,18,18,18,18,18,18,18,18
270248,1,1,1990,0,0,0,0,0,0,0,0,0,0
270248,2,1,1990,8,8,8,8,8,8,8,8,8,8
270249,0,1,1990,0,0,0,0,0,0,0,0,0,0
270249,1,1,1990,0,0,0,0,0,0,0,0,0,0
270250,1,1,1990,4,16,0,29,12,9,4,10,13,10
270250,2,1,1990,0,0,28,0,0,0,0,0,18,0
270251,1,1,1990,0,0,0,0,0,0,0,0,0,0
270251,2,1,1990,0,0,0,0,0,0,0,0,0,0
270252,0,1,1990,0,0,25,9,21,0,0,8,0,12
270252,1,1,1990,19,0,0,0,0,0,0,0,0,0
270253,1,1,1990,15,15,15,15,15,15,15,15,15,15
270254,1,1,1990,22,22,22,22,22,22,22,22,22,22
270255,1,1,1990,7,14,27,20,14,20,0,24,33,7
270256,1,1,1990,0,0,0,0,0,0,0,0,0,0
270256,2,1,1990,0,0,0,0,0,0,0,0,0,0
270257,1,1,1990,14,23,6,0,0,0,0,0,14,3
270258,0,1,1990,0,0,0,0,0,7,0,0,0,0
270258,1,1,1990,0,0,0,0,0,0,0,0,0,0
270259,1,1,1990,0,0,0,0,0,0,0,0,0,0
270260,1,1,1990,17,17,17,17,17,17,17,17,17,17
270261,0,1,1990,0,0,0,0,0,0,0,0,0,0
270261,1,1,1990,0,0,0,0,0,0,0,0,0,0
270261,2,1,1990,5,0,0,0,0,13,10,0,24,0
270262,1,1,1990,0,0,0,0,0,0,0,0,0,0