ST_CASE,VEH_NO,PER_NO,YEAR,P1,P2,P3,P4,P5,P6,P7,P8,P9,P10
270263,1,1,1990,9,9,9,9,9,9,9,9,9,9
270264,1,1,1990,3,12,22,15,10,21,20,12,19,3
270265,1,1,1990,0,0,0,0,0,0,0,0,0,0
270265,2,1,1990,0,14,26,0,0,0,0,0,0,0
270266,1,1,1990,18,18,18,18,18,18,18,18,18,18
270267,1,1,1990,12,12,12,12,12,12,12,12,12,12
270268,1,1,1990,0,0,0,0,0,0,0,0,0,0
270268,2,1,1990,0,0,0,0,0,0,0,0,0,0
270269,1,1,1990,19,19,19,19,19,19,19,19,19,19
270270,1,1,1990,0,0,0,0,0,0,0,0,0,0
270271,1,1,1990,9,9,9,9,9,9,9,9,9,9
270272,1,1,1990,16,16,16,16,16,16,16,16,16,16
270273,1,1,1990,17,17,17,17,17,17,17,17,17,17
270273,2,1,1990,8,8,8,8,8,8,8,8,8,8
270274,1,1,1990,15,15,15,15,15,15,15,15,15,15
270274,2,1,1990,0,0,0,0,0,0,0,0,0,0
270275,1,1,1990,0,0,0,0,0,0,0,0,0,0
270275,2,1,1990,0,0,0,0,0,0,0,0,0,0
270276,1,1,1990,29,29,29,29,29,29,29,29,29,29
270276,2,1,1990,0,0,0,0,0,0,0,0,0,0
270277,1,1,1990,0,0,0,0,0,0,0,0,0,0
270277,2,1,1990,0,0,0,0,0,0,0,0,0,0
270278,0,1,1990,0,0,0,0,0,28,0,0,0,0
270278,1,1,1990,0,0,0,0,0,0,0,0,0,0
270279,1,1,1990,19,19,19,19,19,19,19,19,19,19
270280,1,1,1990,0,0,0,0,0,0,0,0,0,0
270281,1,1,1990,0,0,0,0,0,0,0,0,0,0
270282,0,1,1990,6,34,7,10,29,27,18,15,23,11
270282,1,1,1990,16,9,30,3,0,15,7,13,12,7
270283,1,1,1990,0,0,0,0,0,0,0,0,0,0
270283,2,1,1990,0,0,0,0,0,0,0,0,0,0
270284,1,1,1990,22,22,22,22,22,22,22,22,22,22
270285,1,1,1990,0,0,0,0,0,0,0,0,0,0
270286,1,1,1990,0,0,0,0,0,0,0,0,0,0
270286,2,1,1990,6,6,6,6,6,6,6,6,6,6
270287,1,1,1990,11,11,11,11,11,11,11,11,11,11
270287,2,1,1990,0,0,0,0,0,0,0,0,0,0
270288,1,1,1990,0,0,0,0,0,0,0,0,0,0
270288,2,1,1990,0,0,0,0,0,0,0,0,0,0
270289,1,1,1990,0,0,0,0,0,0,0,0,0,0
270289,2,1,1990,0,0,0,0,0,0,0,0,7,0
270291,1,1,1990,0,0,0,0,0,0,0,0,0,0
270291,2,1,1990,0,0,0,0,0,0,0,0,0,0
270292,1,1,1990,11,12,16,17,7,18,18,31,0,16
270293,1,1,1990,15,15,15,15,15,15,15,15,15,15
270294,1,1,1990,12,12,12,12,12,12,12,12,12,12
270295,1,1,1990,0,0,0,0,0,0,0,0,21,0
270296,1,1,1990,0,0,0,0,0,0,0,0,0,0
270296,2,1,1990,0,0,0,0,0,0,0,0,0,0
270296,3,1,1990,0,0,0,0,0,0,0,0,0,0
270297,1,1,1990,0,0,0,0,0,0,0,0,0,0
270297,2,1,1990,0,0,0,0,0,0,0,0,0,0
270298,1,1,1990,0,0,0,0,0,11,0,0,0,14
270298,2,1,1990,0,0,0,0,0,0,0,0,0,0
270299,1,1,1990,0,0,0,0,0,0,0,0,0,0
270299,2,1,1990,0,0,0,0,0,0,0,0,0,0
270300,1,1,1990,0,0,0,0,0,0,0,0,0,0
270301,0,1,1990,0,0,0,0,0,0,0,0,0,0
270301,1,1,1990,0,0,0,0,0,0,0,0,0,0
270302,1,1,1990,0,0,0,0,0,0,0,0,0,0
270303,1,1,1990,0,0,0,0,0,0,0,0,0,0
270303,2,1,1990,11,0,0,0,0,0,0,0,0,0
270304,1,1,1990,0,0,0,0,0,0,0,0,0,0
270304,2,1,1990,0,0,0,0,0,0,0,0,0,0
270305,1,1,1990,0,0,0,0,0,0,8,0,0,0
270305,2,1,1990,0,0,0,0,0,0,0,0,0,0
270306,0,1,1990,0,0,0,0,0,0,0,0,0,0
270306,1,1,1990,0,0,0,0,0,0,0,0,0,0
270307,0,1,1990,26,26,26,26,26,26,26,26,26,26
270307,1,1,1990,0,0,0,9,0,0,0,0,0,0
270309,0,1,1990,0,0,0,0,0,0,0,0,0,0
270309,1,1,1990,0,0,0,0,0,0,0,0,0,0
270310,1,1,1990,21,21,21,21,21,21,21,21,21,21
270311,1,1,1990,0,0,0,0,0,0,0,0,0,0
270311,2,1,1990,0,0,0,0,0,0,0,0,0,0
270312,1,1,1990,0,7,0,0,0,0,0,0,0,0
270312,2,1,1990,0,0,0,0,0,0,0,0,0,0
270313,1,1,1990,0,0,0,0,0,0,0,0,0,0
270314,1,1,1990,16,16,16,16,16,16,16,16,16,16
270314,2,1,1990,0,0,0,0,0,0,0,0,0,0
270315,1,1,1990,0,0,0,14,0,0,0,0,0,0
270315,2,1,1990,0,0,0,0,0,0,0,0,0,0
270316,1,1,1990,46,46,46,46,46,46,46,46,46,46
270317,1,1,1990,0,0,0,0,0,0,0,0,0,0
270318,1,1,1990,26,26,26,26,26,26,26,26,26,26
270318,2,1,1990,0,0,0,0,0,0,0,0,0,0
270319,1,1,1990,0,0,0,0,0,0,9,0,0,0
270319,2,1,1990,0,0,0,0,0,0,0,0,0,0
270320,1,1,1990,0,0,0,0,0,0,0,0,0,0
270320,2,1,1990,0,0,0,0,0,0,0,0,0,0
270321,1,1,1990,29,29,29,29,29,29,29,29,29,29
270322,0,1,1990,0,0,0,0,0,0,0,0,0,0
270322,1,1,1990,19,19,19,19,19,19,19,19,19,19
270323,1,1,1990,11,0,0,0,0,0,0,0,0,0
270323,2,1,1990,25,25,25,25,25,25,25,25,25,25
270324,0,1,1990,0,0,0,0,0,0,0,0,0,0
270324,1,1,1990,0,0,0,0,0,0,0,0,0,0
270325,1,1,1990,0,0,0,0,0,0,0,0,0,0
270325,2,1,1990,0,0,0,0,0,0,0,0,0,0
270326,1,1,1990,5,5,5,5,5,5,5,5,5,5
270326,2,1,1990,0,0,0,0,0,0,0,0,0,0
270327,1,1,1990,14,14,14,14,14,14,14,14,14,14
270328,0,1,1990,0,0,0,0,0,0,0,0,0,0
270328,1,1,1990,0,0,0,0,0,0,0,0,0,0
270329,1,1,1990,0,0,0,0,0,0,0,0,0,0
270329,2,1,1990,0,0,0,0,0,0,0,0,0,0
270330,0,1,1990,0,0,0,0,0,0,0,0,0,0
270330,1,1,1990,0,0,0,0,0,0,0,0,0,0
270331,1,1,1990,0,0,0,12,0,0,0,0,0,0
270331,2,1,1990,0,0,13,0,0,0,0,0,0,0
270332,1,1,1990,17,17,17,17,17,17,17,17,17,17
270333,1,1,1990,27,27,27,27,27,27,27,27,27,27
270334,1,1,1990,0,0,0,0,0,0,0,0,0,16
270335,1,1,1990,0,0,0,0,0,0,0,0,0,0
270335,2,1,1990,15,15,15,15,15,15,15,15,15,15
270336,1,1,1990,0,0,0,0,0,0,0,0,0,0
270336,2,1,1990,0,0,0,0,0,0,0,0,0,0
270337,0,1,1990,0,0,0,0,0,0,0,0,0,0
270337,1,1,1990,0,0,0,0,0,0,0,0,0,0
270338,1,1,1990,0,0,0,0,0,0,0,0,0,0
270339,1,1,1990,26,26,26,26,26,26,26,26,26,26
270339,2,1,1990,0,0,0,0,0,0,0,0,0,0
270340,1,1,1990,2,2,2,2,2,2,2,2,2,2
270341,1,1,1990,2,2,2,2,2,2,2,2,2,2
270341,2,1,1990,0,0,0,0,0,0,0,0,0,0
270342,1,1,1990,15,15,15,15,15,15,15,15,15,15
270342,2,1,1990,0,0,0,0,0,0,0,0,0,0
270343,1,1,1990,0,0,0,0,0,0,0,0,0,0
270343,2,1,1990,0,0,0,0,0,0,0,0,0,0
270343,3,1,1990,0,0,0,0,0,0,0,0,0,0
270344,1,1,1990,0,0,0,0,0,0,0,0,0,0
270344,2,1,1990,28,28,28,28,28,28,28,28,28,28
270345,1,1,1990,24,24,24,24,24,24,24,24,24,24
270346,1,1,1990,24,24,24,24,24,24,24,24,24,24
270347,1,1,1990,45,45,45,45,45,45,45,45,45,45
270348,1,1,1990,1,1,1,1,1,1,1,1,1,1
270349,1,1,1990,0,0,0,0,0,0,0,0,0,0
270350,0,1,1990,8,0,0,0,0,0,0,0,0,0
270350,1,1,1990,0,0,0,0,0,0,0,0,0,0
270351,1,1,1990,29,29,29,29,29,29,29,29,29,29
270351,2,1,1990,0,0,0,0,0,0,0,0,0,0
270352,0,1,1990,34,34,34,34,34,34,34,34,34,34
270352,1,1,1990,11,10,21,16,16,20,14,16,0,10
270353,1,1,1990,0,0,0,0,0,0,0,0,0,6
270353,2,1,1990,0,0,0,0,0,12,0,0,0,0
270354,1,1,1990,12,12,12,12,12,12,12,12,12,12
270354,2,1,1990,17,17,17,17,17,17,17,17,17,17
270355,1,1,1990,0,0,0,0,0,0,0,0,0,0
270356,0,1,1990,19,19,19,19,19,19,19,19,19,19
270356,1,1,1990,0,0,0,0,0,0,0,0,0,0
270357,1,1,1990,9,3,15,6,0,17,5,8,0,17
270358,1,1,1990,8,0,0,0,0,11,0,0,0,0
270359,1,1,1990,0,0,0,0,0,0,0,0,0,0
270359,2,1,1990,0,0,0,0,0,0,0,0,0,0
270360,0,1,1990,0,0,0,0,0,0,0,12,0,0
270360,1,1,1990,16,16,16,16,16,16,16,16,16,16
270361,1,1,1990,22,22,22,22,22,22,22,22,22,22
270362,1,1,1990,0,0,0,0,0,0,0,0,0,0
270363,1,1,1990,0,0,0,0,0,0,0,0,0,0
270364,0,1,1990,0,0,0,0,0,0,0,0,0,0
270364,1,1,1990,0,0,0,0,0,0,0,0,0,0
270365,1,1,1990,0,0,0,0,0,0,0,0,0,0
270365,2,1,1990,0,0,0,0,0,0,0,0,0,0
270366,1,1,1990,0,0,0,0,0,0,0,0,0,0
270366,2,1,1990,0,0,0,0,0,0,0,0,0,0
270367,1,1,1990,0,0,0,0,0,0,0,0,0,0
270367,2,1,1990,0,0,0,0,0,0,0,0,0,0
270368,1,1,1990,23,23,23,23,23,23,23,23,23,23
270370,0,1,1990,0,0,0,0,0,0,0,0,0,0
270370,0,2,1990,0,0,0,0,0,0,0,0,0,0
270370,1,1,1990,0,0,0,0,0,0,0,0,0,0
270371,1,2,1990,18,18,18,18,18,18,18,18,18,18
270372,1,1,1990,0,0,0,0,0,0,0,0,0,0
270373,1,1,1990,27,27,27,27,27,27,27,27,27,27
270374,1,1,1990,24,24,24,24,24,24,24,24,24,24
270375,1,1,1990,23,23,23,23,23,23,23,23,23,23
270376,1,1,1990,13,13,13,13,13,13,13,13,13,13
270376,2,1,1990,23,23,23,23,23,23,23,23,23,23
270377,0,1,1990,34,34,34,34,34,34,34,34,34,34
270377,1,1,1990,9,17,17,27,14,22,6,0,5,10
270378,1,1,1990,4,4,4,4,4,4,4,4,4,4
270379,0,1,1990,0,0,0,0,0,0,0,0,0,0
270379,1,1,1990,0,0,0,0,0,0,0,0,0,0
270380,1,1,1990,0,0,0,0,0,0,0,0,0,0
270380,2,1,1990,0,0,0,0,0,0,0,0,0,0
270381,1,1,1990,12,12,12,12,12,12,12,12,12,12
270382,1,1,1990,0,0,0,0,0,0,0,0,0,0
270383,1,1,1990,0,0,0,0,0,0,0,0,0,0
270383,2,1,1990,0,0,0,0,0,0,0,0,0,0
270384,1,1,1990,0,0,0,0,0,0,0,0,0,0
270384,2,1,1990,0,0,0,0,0,0,0,0,0,0
270385,1,1,1990,0,0,0,0,0,0,0,0,0,0
270385,2,1,1990,0,0,0,0,0,0,0,0,0,9
270386,1,1,1990,0,0,0,29,10,0,7,0,0,17
270386,2,1,1990,7,7,7,7,7,7,7,7,7,7
270387,1,1,1990,0,0,0,0,0,0,0,0,0,0
270387,2,1,1990,0,0,0,0,0,0,0,0,0,0
270388,1,1,1990,0,0,0,0,0,0,0,0,0,0
270389,1,1,1990,14,7,11,18,6,13,30,8,7,0
270390,1,1,1990,19,19,19,19,19,19,19,19,19,19
270391,0,1,1990,0,0,0,0,0,0,0,0,0,0
270391,1,1,1990,0,0,0,0,0,0,0,0,0,0
270391,2,1,1990,0,0,0,0,0,0,0,0,0,0
270391,3,1,1990,0,0,22,0,0,0,0,0,0,0
270392,1,1,1990,2,2,2,2,2,2,2,2,2,2
270392,2,1,1990,0,0,0,0,0,0,0,0,0,0
270393,1,1,1990,12,12,12,12,12,12,12,12,12,12
270393,2,1,1990,0,0,0,0,0,0,0,0,0,0
270394,1,1,1990,0,0,0,0,0,0,0,0,0,0
270394,2,1,1990,0,0,0,0,0,0,0,0,0,0
270395,1,1,1990,0,0,0,0,0,0,0,0,0,0
270395,2,1,1990,0,0,0,0,0,0,0,0,0,0
270396,1,1,1990,0,0,6,0,0,0,4,0,0,0
270396,2,1,1990,0,0,0,0,0,0,0,0,0,0
270396,3,1,1990,0,0,0,0,0,0,0,0,0,0
270397,1,1,1990,5,15,28,15,23,20,17,0,0,10
270398,1,1,1990,23,23,23,23,23,23,23,23,23,23
270399,1,1,1990,22,22,22,22,22,22,22,22,22,22
270400,0,1,1990,6,0,0,0,0,0,11,0,0,0
270400,1,1,1990,6,6,6,6,6,6,6,6,6,6
270401,1,1,1990,20,20,20,20,20,20,20,20,20,20
270403,1,1,1990,23,23,23,23,23,23,23,23,23,23
270403,2,1,1990,2,2,2,2,2,2,2,2,2,2
270404,0,1,1990,0,0,0,0,6,4,0,29,0,21
270404,1,1,1990,0,0,0,0,0,0,0,0,0,0
270406,1,1,1990,0,0,0,0,0,0,0,0,0,0
270406,2,1,1990,0,0,0,0,0,0,0,0,0,11
270406,3,1,1990,0,0,0,0,0,0,0,0,0,0
270407,1,1,1990,0,0,0,0,0,0,0,0,0,0
270408,1,1,1990,0,0,0,0,0,0,0,0,0,0
270408,2,1,1990,0,0,0,0,0,0,0,0,23,0
270408,3,1,1990,0,0,0,0,0,0,0,0,0,0
270409,1,1,1990,0,0,0,0,0,0,0,0,0,0
270409,2,1,1990,0,17,0,0,0,0,0,8,0,0
270410,1,1,1990,0,0,0,0,0,0,0,0,0,0
270410,2,1,1990,0,0,0,0,0,0,0,0,0,0
270411,1,1,1990,0,0,0,0,0,0,0,0,0,0
270411,2,1,1990,0,0,0,0,0,0,0,0,0,0
270412,1,1,1990,0,0,0,0,0,0,0,0,0,0
270413,1,1,1990,0,0,0,0,0,0,0,0,0,0
270414,1,1,1990,0,0,0,0,10,0,0,0,0,0
270414,2,1,1990,0,0,0,0,0,0,0,0,0,0
270415,1,1,1990,0,0,0,0,0,0,0,0,0,0
270415,2,1,1990,0,0,0,0,0,0,0,0,0,0
270416,1,1,1990,0,0,23,9,15,0,19,0,0,0
270417,1,1,1990,10,10,10,10,10,10,10,10,10,10
270417,2,1,1990,0,0,0,0,0,0,0,0,0,0
270418,0,1,1990,0,0,0,0,0,0,0,0,0,0
270418,1,1,1990,0,0,0,0,0,0,0,0,0,0
270419,1,1,1990,0,0,0,0,0,0,0,0,0,0
270419,2,1,1990,0,0,0,0,0,0,0,0,0,0
270420,1,1,1990,0,0,0,0,0,0,0,0,0,0
270420,2,1,1990,0,0,0,0,0,0,0,0,0,0
270421,0,1,1990,13,13,20,0,19,30,6,0,24,8
270421,1,1,1990,0,25,16,16,28,10,42,16,25,12
270422,1,1,1990,19,0,0,0,0,0,0,0,0,0
270422,2,1,1990,0,0,0,0,0,0,0,0,0,0
270423,1,1,1990,11,11,11,11,11,11,11,11,11,11
270424,0,1,1990,19,19,19,19,19,19,19,19,19,19
270424,1,1,1990,0,17,11,0,29,8,0,29,12,0
270424,2,1,1990,0,0,17,0,0,0,0,0,0,0
270425,1,1,1990,28,28,28,28,28,28,28,28,28,28
270426,1,1,1990,0,0,0,0,0,0,0,0,0,0
270426,2,1,1990,0,0,0,0,0,0,0,0,0,0
270427,1,1,1990,13,19,20,7,23,23,23,9,11,26
270428,1,1,1990,0,0,0,0,0,0,0,0,0,0
270429,1,1,1990,0,0,0,0,0,0,0,0,0,0
270429,2,1,1990,0,0,0,0,0,0,0,0,0,0
270430,1,1,1990,0,0,0,0,0,0,0,0,0,0
270430,2,1,1990,0,0,0,0,0,0,0,0,0,0
270431,1,1,1990,0,0,0,0,0,0,0,0,0,0
270432,1,1,1990,0,0,0,0,0,0,0,0,0,0
270432,2,1,1990,0,0,0,0,0,0,0,0,0,0
270433,1,1,1990,0,0,0,0,0,0,0,0,0,0
270434,1,1,1990,0,0,0,0,0,0,0,0,0,0
270434,2,1,1990,0,0,0,0,0,0,0,0,0,0
270435,1,1,1990,0,0,0,0,0,0,0,0,0,0
270435,2,1,1990,0,0,0,0,0,0,0,0,0,0
270436,1,1,1990,0,0,0,0,0,0,0,0,0,0
270437,0,1,1990,11,11,11,11,11,11,11,11,11,11
270437,1,1,1990,20,20,20,20,20,20,20,20,20,20
270438,1,1,1990,0,0,0,0,0,0,0,0,0,0
270438,2,1,1990,0,0,0,0,0,0,17,0,0,20
270439,1,1,1990,20,20,20,20,20,20,20,20,20,20
270440,1,1,1990,0,0,0,0,0,18,0,0,0,0
270441,1,1,1990,0,0,0,8,0,0,0,0,16,0
270442,1,1,1990,0,0,0,0,0,0,0,0,0,0
270442,2,1,1990,0,0,0,0,0,0,21,0,0,0
270443,1,1,1990,15,15,15,15,15,15,15,15,15,15
270444,1,1,1990,12,12,12,12,12,12,12,12,12,12
270444,2,1,1990,0,0,0,0,0,0,0,0,8,0
270445,1,1,1990,0,0,0,0,0,0,0,0,0,0
270445,2,1,1990,0,0,0,0,0,0,0,0,0,0
270446,1,1,1990,0,0,8,0,0,0,0,0,3,0
270447,1,1,1990,0,0,0,0,0,0,0,0,0,0
270447,2,1,1990,0,0,0,0,0,0,0,0,0,0
270448,1,1,1990,40,0,12,25,13,18,17,16,15,23
270449,1,1,1990,0,0,0,0,0,0,0,0,0,0
270449,2,1,1990,0,0,0,0,0,0,0,0,0,0
270450,1,1,1990,0,0,0,0,0,0,0,0,0,0
270450,2,1,1990,0,0,0,0,0,0,0,0,0,0
270451,1,1,1990,0,0,0,0,0,0,0,0,0,0
270451,2,1,1990,0,0,0,0,0,0,0,0,0,0
270452,1,1,1990,6,6,6,6,6,6,6,6,6,6
270453,1,1,1990,0,0,0,0,0,0,0,0,0,0
270453,2,1,1990,0,0,0,0,0,0,0,0,0,0
270454,1,1,1990,0,0,0,0,0,0,0,0,0,0
270455,1,1,1990,0,0,0,0,0,0,0,0,0,0
270455,2,1,1990,0,0,0,0,0,0,0,0,0,0
270456,1,1,1990,0,0,0,0,0,0,0,0,0,0
270456,2,1,1990,0,0,0,0,0,0,0,0,0,0
270457,1,1,1990,0,0,0,0,0,0,0,0,0,0
270457,2,1,1990,0,0,0,0,0,0,0,0,0,0
270458,1,1,1990,0,0,0,0,0,0,0,0,0,0
270458,2,1,1990,0,0,0,10,0,0,0,0,0,0
270459,1,1,1990,23,23,23,23,23,23,23,23,23,23
270460,0,1,1990,0,31,0,0,0,0,11,0,0,0
270460,1,1,1990,0,0,0,0,0,0,0,0,0,0
270461,1,1,1990,0,0,0,0,0,0,0,0,0,0
270461,2,1,1990,0,0,0,0,0,0,0,0,0,0
270461,3,1,1990,0,0,0,0,0,0,0,0,0,0
270462,1,1,1990,16,20,21,14,24,19,25,5,8,10
270463,1,1,1990,0,29,0,16,0,26,0,13,0,13
270464,1,1,1990,0,0,0,0,0,0,0,0,0,0
270464,2,1,1990,0,0,0,0,0,0,0,0,0,0
270464,3,1,1990,0,0,0,0,0,0,0,0,0,0
270465,1,1,1990,0,0,0,0,0,0,0,0,0,0
270465,2,1,1990,13,11,14,11,2,10,24,14,16,9
270465,3,1,1990,0,0,0,0,0,0,0,0,14,0
270466,1,1,1990,0,0,0,0,0,0,0,0,0,0
270466,2,1,1990,0,0,0,0,0,9,0,0,0,0
270467,1,1,1990,0,0,0,0,0,0,0,0,0,0
270467,2,1,1990,0,0,0,0,0,0,0,0,0,0
270468,1,1,1990,15,13,15,8,25,21,9,21,0,16
270469,0,1,1990,30,30,30,30,30,30,30,30,30,30
270469,1,1,1990,15,14,9,18,11,0,0,8,13,20
270470,1,1,1990,0,0,0,0,0,0,6,0,0,0
270470,2,1,1990,0,0,0,0,12,0,25,0,0,0
270471,1,1,1990,7,15,20,29,27,7,16,19,20,10
270472,0,1,1990,0,0,0,0,0,0,0,0,0,0
270472,1,1,1990,0,0,0,0,0,0,0,0,0,0
270473,1,1,1990,0,0,0,0,0,0,0,0,0,0
270473,2,1,1990,5,5,5,5,5,5,5,5,5,5
270473,3,1,1990,0,0,0,0,0,0,0,0,0,0
270474,1,1,1990,19,19,19,19,19,19,19,19,19,19
270475,0,1,1990,0,0,25,9,0,19,0,0,0,0
270475,1,1,1990,0,0,0,0,0,0,0,0,0,0
270476,1,1,1990,0,0,0,0,0,0,0,0,0,15
270476,2,1,1990,0,16,20,21,16,22,18,0,0,11
270477,0,1,1990,14,14,14,14,14,14,14,14,14,14
270477,1,1,1990,0,0,0,0,11,0,16,0,0,6
270478,1,1,1990,0,0,0,0,0,0,0,0,0,0
270478,2,1,1990,0,0,0,0,0,0,0,0,0,0
270479,0,1,1990,0,0,0,0,0,0,0,0,0,0
270479,0,2,1990,0,0,0,0,0,0,0,0,0,0
270479,1,1,1990,7,7,7,7,7,7,7,7,7,7
270481,1,1,1990,0,0,0,0,0,0,0,0,0,0
270481,2,1,1990,0,0,0,0,0,0,0,0,0,0
270482,1,1,1990,16,16,16,16,16,16,16,16,16,16
270483,1,1,1990,0,0,0,0,0,0,0,0,0,19
270483,2,1,1990,0,0,0,0,0,0,0,0,0,0
270484,1,1,1990,0,0,0,0,0,0,0,0,0,0
270485,0,1,1990,0,0,0,0,0,0,0,0,0,0
270485,1,1,1990,0,0,0,0,0,0,0,0,0,0
270486,0,1,1990,0,21,0,0,42,0,0,0,0,0
270486,1,1,1990,5,5,5,5,5,5,5,5,5,5
270487,0,1,1990,0,0,0,0,0,0,5,0,0,0
270487,0,2,1990,0,0,0,0,0,0,0,0,0,0
270487,1,1,1990,0,0,0,0,0,0,0,0,0,0
270488,1,1,1990,0,0,0,0,0,0,0,0,0,0
270488,2,1,1990,0,0,0,0,0,0,0,0,0,0
270489,0,1,1990,0,0,0,0,0,0,0,7,0,0
270489,1,1,1990,0,0,0,0,0,0,0,0,0,0
270490,1,1,1990,0,0,0,0,0,0,0,0,0,0
270491,1,1,1990,0,0,0,0,0,0,0,0,0,0
270492,1,1,1990,0,0,9,0,0,0,0,0,0,0
270493,1,1,1990,4,4,4,4,4,4,4,4,4,4
270494,1,1,1990,0,0,0,0,0,0,0,0,0,0
270495,1,1,1990,0,0,0,0,0,0,0,0,0,0
270496,1,1,1990,0,0,0,0,0,0,0,0,0,0
270496,2,1,1990,0,0,0,10,0,3,10,0,0,0
270497,0,1,1990,0,0,0,0,0,0,0,0,0,0
270497,1,1,1990,0,0,0,0,0,0,0,0,0,0
270498,1,1,1990,0,0,0,0,0,0,0,0,0,0
270499,1,1,1990,22,6,17,34,11,22,37,5,26,13
270500,0,1,1990,0,0,0,0,0,0,0,0,0,0
270500,1,1,1990,0,0,0,0,0,0,0,0,0,0
270501,1,1,1990,12,13,9,19,24,16,28,40,31,14
270502,1,1,1990,0,0,0,0,0,0,0,0,0,0
270502,2,1,1990,0,0,0,0,0,0,0,0,0,0
270503,1,1,1990,0,0,0,0,0,0,0,0,0,0
270503,2,1,1990,0,0,0,0,0,0,22,0,0,0
270504,1,1,1990,0,0,0,0,0,0,0,0,0,0
270504,2,1,1990,0,0,0,0,0,0,0,0,0,0
270505,1,1,1990,0,0,0,0,0,0,0,0,0,0
270505,2,1,1990,0,0,0,0,0,0,0,0,0,0
270506,1,1,1990,0,0,0,0,0,0,0,0,0,0
270506,2,1,1990,0,0,0,0,0,0,0,0,0,0
270507,1,1,1990,19,19,19,19,19,19,19,19,19,19
270508,1,1,1990,25,4,0,0,0,6,19,0,5,17
270508,2,1,1990,0,0,0,0,0,0,0,0,0,0
270509,1,1,1990,19,19,19,19,19,19,19,19,19,19
270510,1,1,1990,0,0,0,0,0,0,0,0,0,0
270510,2,1,1990,0,0,0,0,0,0,0,0,0,0
270510,3,1,1990,0,0,0,0,0,0,0,0,0,0
270511,1,1,1990,7,32,14,29,23,26,24,19,11,13
270511,2,1,1990,11,6,10,15,9,22,15,10,19,16
270512,1,1,1990,17,7,0,3,12,15,14,18,14,19
270512,2,1,1990,0,0,25,0,0,15,0,0,0,0
270513,1,1,1990,0,0,0,0,0,0,0,0,0,0
270513,2,1,1990,0,0,0,0,0,0,0,0,0,0
270514,0,1,1990,0,0,0,0,0,0,0,0,0,0
270514,1,1,1990,0,0,0,0,0,0,0,0,0,0
270515,1,1,1990,27,0,0,25,15,12,22,18,0,4
270516,1,1,1990,0,0,0,0,0,0,0,0,0,0
270516,2,1,1990,0,0,0,0,0,0,0,0,0,0
270517,0,1,1990,2,2,2,2,2,2,2,2,2,2
270517,1,1,1990,0,0,0,0,0,0,0,0,0,0
280001,1,1,1990,0,0,0,0,0,0,0,0,0,0
280001,2,1,1990,0,0,0,0,0,0,0,0,0,0
280002,1,1,1990,0,0,0,0,0,0,0,0,0,0
280002,2,1,1990,0,0,0,0,0,0,0,0,0,0
280003,1,1,1990,0,0,0,0,0,0,0,0,0,0
280004,1,1,1990,0,0,0,0,0,0,0,0,0,0
280004,2,1,1990,6,6,6,6,6,6,6,6,6,6
280005,1,1,1990,0,0,0,0,0,0,0,0,0,0
280006,1,1,1990,0,0,0,0,0,0,0,0,0,0
280006,2,1,1990,0,0,0,0,0,0,0,19,0,0
280007,1,1,1990,0,0,0,0,0,0,0,0,0,0
280007,2,1,1990,0,0,0,0,0,0,0,0,0,0
280008,1,1,1990,11,31,14,23,32,5,10,10,0,0
280009,1,1,1990,0,0,0,0,0,0,0,0,0,4
280010,1,1,1990,21,21,21,21,21,21,21,21,21,21
280011,1,1,1990,0,0,8,0,0,0,0,0,0,0
280012,0,1,1990,30,30,30,30,30,30,30,30,30,30
280012,1,1,1990,0,0,0,0,0,0,0,0,13,3
280013,1,1,1990,15,15,15,15,15,15,15,15,15,15
280014,1,1,1990,12,20,21,0,10,0,0,0,0,0
280015,0,1,1990,0,0,0,0,0,0,0,0,0,0
280015,1,1,1990,0,0,0,12,0,0,0,0,0,0
280016,0,1,1990,10,10,10,10,10,10,10,10,10,10
280016,1,1,1990,0,0,0,0,0,0,0,0,0,0
280017,0,1,1990,0,0,0,0,0,0,0,0,0,0
280017,0,2,1990,0,0,0,0,0,0,0,0,0,0
280017,1,1,1990,0,0,0,0,0,0,0,0,0,0
280018,0,1,1990,0,0,0,0,0,0,0,0,0,0
280018,1,1,1990,0,0,0,17,0,0,0,0,0,0
280019,0,1,1990,0,0,0,0,0,0,18,32,26,11
280019,1,1,1990,16,0,0,0,0,0,0,0,0,10
280020,1,1,1990,15,0,10,10,20,0,0,0,9,0
280021,1,1,1990,21,21,21,21,21,21,21,21,21,21
280022,1,1,1990,20,0,0,19,26,0,0,0,24,0
280023,0,1,1990,0,0,0,0,0,19,0,0,0,0
280023,0,2,1990,0,0,0,0,0,0,0,0,0,0
280023,0,3,1990,0,18,15,0,23,0,0,0,0,0
280023,1,1,1990,15,15,15,15,15,15,15,15,15,15
280024,1,1,1990,0,0,16,8,0,0,0,9,0,0
280025,1,1,1990,13,0,0,25,0,0,0,0,0,0
280026,1,1,1990,0,0,0,0,0,0,0,0,0,29
280027,1,1,1990,0,0,0,0,0,0,31,0,0,0
280028,0,1,1990,0,0,0,0,0,0,0,0,0,0
280028,1,1,1990,0,0,0,0,0,0,0,0,0,0
280029,0,1,1990,0,0,0,0,0,0,0,0,0,0
280029,1,1,1990,0,0,0,0,0,0,0,0,0,0
280030,1,1,1990,0,0,0,0,0,0,0,0,0,0