ST_CASE,VEH_NO,PER_NO,YEAR,P1,P2,P3,P4,P5,P6,P7,P8,P9,P10
280030,2,1,1990,0,0,0,0,0,0,23,0,0,0
280031,1,1,1990,16,16,16,16,16,16,16,16,16,16
280032,0,1,1990,0,0,0,0,0,29,20,0,28,0
280032,1,1,1990,0,0,0,0,0,0,0,0,0,11
280033,1,1,1990,0,0,0,0,0,0,0,0,0,0
280033,2,1,1990,0,0,0,0,0,0,0,0,0,0
280034,1,1,1990,35,35,35,35,35,35,35,35,35,35
280035,1,1,1990,0,0,0,0,0,0,0,0,0,4
280036,1,1,1990,8,8,8,8,8,8,8,8,8,8
280036,2,1,1990,0,0,24,0,0,17,0,0,15,0
280037,1,1,1990,0,0,0,16,0,0,0,0,19,22
280038,1,1,1990,0,0,0,0,0,0,0,0,0,19
280038,2,1,1990,0,0,25,0,0,0,19,0,0,0
280039,1,1,1990,11,11,11,11,11,11,11,11,11,11
280040,1,1,1990,9,0,6,0,0,0,19,0,0,0
280041,1,1,1990,0,0,0,0,0,3,0,0,0,0
280041,2,1,1990,0,0,0,0,6,0,0,0,0,0
280042,1,1,1990,0,0,0,0,0,0,20,0,0,20
280042,2,1,1990,0,17,0,0,0,0,0,21,0,0
280043,1,1,1990,0,0,0,8,0,0,36,18,0,0
280044,1,1,1990,0,0,0,0,0,0,0,0,0,0
280045,1,1,1990,0,0,0,0,0,0,0,0,0,0
280045,2,1,1990,0,0,0,0,0,0,0,0,0,0
280046,1,1,1990,0,0,0,0,0,0,0,0,0,0
280047,1,1,1990,0,11,42,17,0,0,0,0,62,0
280048,1,1,1990,0,0,0,0,0,0,0,0,0,0
280048,2,1,1990,35,0,6,10,0,7,8,0,0,0
280049,1,1,1990,15,15,15,15,15,15,15,15,15,15
280049,2,1,1990,0,0,0,0,0,0,0,0,0,0
280050,1,1,1990,0,12,0,0,0,0,8,16,21,23
280051,1,1,1990,0,0,0,0,0,0,0,0,0,0
280051,2,1,1990,0,0,0,0,0,0,0,0,0,0
280052,1,1,1990,12,12,12,12,12,12,12,12,12,12
280053,1,1,1990,0,0,0,0,0,0,0,0,0,0
280053,2,1,1990,7,7,7,7,7,7,7,7,7,7
280054,1,1,1990,0,0,0,0,0,0,0,0,0,0
280054,2,1,1990,26,26,26,26,26,26,26,26,26,26
280055,1,1,1990,0,0,0,0,0,0,0,0,0,0
280056,0,1,1990,0,0,0,0,0,0,0,0,0,0
280056,1,1,1990,0,0,0,0,0,0,0,0,0,0
280057,1,1,1990,0,0,0,0,0,0,0,0,0,0
280057,2,1,1990,19,19,19,19,19,19,19,19,19,19
280058,1,1,1990,0,0,0,0,0,0,0,0,0,0
280059,1,1,1990,12,15,7,17,0,0,9,0,15,0
280061,1,1,1990,4,0,0,0,0,0,0,0,0,0
280062,1,1,1990,0,0,0,0,0,0,0,0,0,0
280063,1,1,1990,0,0,0,0,0,0,0,0,0,0
280063,2,1,1990,0,0,0,0,0,0,0,0,0,0
280064,1,1,1990,24,0,15,7,0,0,13,7,0,0
280065,1,1,1990,19,19,19,19,19,19,19,19,19,19
280065,2,1,1990,0,0,0,0,0,0,0,0,0,0
280066,1,1,1990,0,0,0,0,0,0,0,0,0,0
280066,2,1,1990,0,0,0,0,0,0,0,0,0,0
280067,1,1,1990,0,0,0,0,0,0,0,0,0,0
280067,2,1,1990,0,0,0,0,0,0,0,0,0,0
280068,1,1,1990,15,0,0,0,0,0,0,0,0,0
280068,2,1,1990,6,6,6,6,6,6,6,6,6,6
280069,1,1,1990,0,0,0,0,0,0,0,0,0,0
280069,2,1,1990,0,0,0,0,0,0,0,0,0,0
280070,1,1,1990,21,21,21,21,21,21,21,21,21,21
280072,1,1,1990,0,0,0,0,0,3,0,0,0,0
280073,1,1,1990,0,0,0,0,0,0,0,0,0,0
280073,2,1,1990,0,0,0,21,0,0,0,0,0,0
280074,1,1,1990,6,6,6,6,6,6,6,6,6,6
280075,1,1,1990,0,0,0,0,0,0,0,0,0,0
280075,2,1,1990,0,0,0,0,0,0,0,0,0,0
280076,1,1,1990,0,0,15,21,8,0,13,12,4,9
280077,1,1,1990,1,1,1,1,1,1,1,1,1,1
280078,1,1,1990,14,14,14,14,14,14,14,14,14,14
280079,1,1,1990,0,0,0,0,0,0,0,0,0,0
280079,2,1,1990,34,34,34,34,34,34,34,34,34,34
280080,1,1,1990,20,20,20,20,20,20,20,20,20,20
280080,2,1,1990,17,17,17,17,17,17,17,17,17,17
280081,1,1,1990,0,0,0,0,0,0,0,0,0,0
280082,0,1,1990,0,0,0,0,0,0,0,0,0,0
280082,1,1,1990,0,0,0,0,0,0,0,0,0,0
280083,1,1,1990,29,29,29,29,29,29,29,29,29,29
280084,0,1,1990,0,0,0,0,0,0,0,0,0,0
280084,1,1,1990,0,0,0,0,0,0,0,0,0,0
280085,1,1,1990,0,0,0,0,0,0,0,0,0,0
280085,2,1,1990,0,0,0,0,0,0,0,0,0,0
280086,1,1,1990,13,0,18,0,0,27,15,0,14,0
280087,1,1,1990,8,8,8,8,8,8,8,8,8,8
280088,1,1,1990,0,0,0,0,0,0,0,0,0,0
280088,2,1,1990,0,0,0,0,0,0,0,0,0,0
280089,1,1,1990,5,0,0,0,0,0,0,0,0,1
280090,0,1,1990,19,19,19,19,19,19,19,19,19,19
280090,1,1,1990,0,0,0,0,0,0,0,0,0,0
280091,1,1,1990,11,11,11,11,11,11,11,11,11,11
280092,1,1,1990,11,11,11,11,11,11,11,11,11,11
280093,1,1,1990,0,0,0,0,0,0,0,0,0,0
280094,1,1,1990,0,0,0,0,0,0,0,17,0,0
280094,2,1,1990,0,0,0,0,0,0,0,0,0,0
280095,1,1,1990,0,0,0,0,0,0,0,0,0,0
280096,1,1,1990,22,22,22,22,22,22,22,22,22,22
280097,1,1,1990,0,0,0,0,0,0,0,0,0,0
280098,0,1,1990,0,18,4,0,24,0,0,0,25,21
280098,1,1,1990,0,0,0,0,0,0,0,0,0,0
280099,1,1,1990,0,0,0,0,0,0,0,0,0,0
280100,1,1,1990,34,34,34,34,34,34,34,34,34,34
280101,1,1,1990,9,9,9,9,9,9,9,9,9,9
280102,1,1,1990,0,0,0,0,0,0,0,0,0,0
280102,2,1,1990,0,0,0,0,0,0,0,0,0,0
280103,1,1,1990,49,0,0,16,0,0,38,0,0,0
280104,1,1,1990,0,0,0,0,0,0,0,0,0,0
280105,1,1,1990,27,27,27,27,27,27,27,27,27,27
280105,2,1,1990,0,0,0,0,0,0,0,0,0,0
280106,1,1,1990,0,0,0,0,0,0,0,0,0,0
280106,2,1,1990,0,0,0,0,0,0,0,0,0,0
280107,1,1,1990,0,0,0,0,0,0,0,0,0,0
280108,1,1,1990,0,0,0,0,0,0,0,0,1,0
280109,1,1,1990,0,0,0,0,0,0,0,0,0,0
280109,2,1,1990,20,20,20,20,20,20,20,20,20,20
280111,0,1,1990,0,10,0,0,0,0,0,0,0,0
280111,1,1,1990,0,8,0,0,0,0,0,9,0,0
280112,1,1,1990,0,0,0,0,0,0,0,0,0,0
280112,2,1,1990,0,0,0,0,0,0,0,0,0,0
280112,3,1,1990,0,0,0,0,0,0,0,0,0,0
280113,1,1,1990,0,0,0,0,0,0,0,0,0,0
280113,2,1,1990,0,0,0,0,0,0,0,0,0,0
280113,3,1,1990,0,0,0,0,0,0,0,0,0,0
280114,1,1,1990,0,10,0,0,0,0,0,0,10,0
280115,1,1,1990,18,18,18,18,18,18,18,18,18,18
280116,1,1,1990,0,0,0,0,0,0,0,0,0,0
280116,2,1,1990,12,2,0,0,0,0,0,0,0,0
280116,3,1,1990,0,0,0,0,0,0,0,0,0,0
280116,4,1,1990,0,21,12,0,0,0,16,4,9,0
280116,5,1,1990,0,0,0,0,0,0,0,0,0,0
280116,6,1,1990,0,0,0,0,0,0,0,0,0,0
280116,7,1,1990,0,0,0,0,0,0,0,0,0,0
280117,1,1,1990,0,0,0,0,0,0,0,0,0,0
280117,2,1,1990,0,0,0,0,0,0,0,0,0,0
280117,3,1,1990,0,0,0,0,0,0,0,0,0,0
280118,1,1,1990,0,0,0,0,0,0,0,0,0,0
280118,2,1,1990,0,0,0,0,0,0,0,0,0,0
280118,3,1,1990,0,0,0,0,0,0,0,0,0,0
280119,1,1,1990,0,0,0,0,0,0,0,0,0,0
280120,1,1,1990,0,0,0,0,0,0,0,0,0,0
280121,1,1,1990,0,0,0,0,8,0,0,0,0,10
280121,2,1,1990,21,17,27,26,11,26,21,13,11,0
280122,1,1,1990,15,15,15,15,15,15,15,15,15,15
280123,1,1,1990,0,0,0,0,0,0,19,0,0,0
280123,2,1,1990,0,0,0,0,0,0,0,0,0,0
280124,1,1,1990,0,0,0,0,0,4,0,0,0,0
280125,1,1,1990,0,0,0,0,0,0,0,0,0,0
280125,2,1,1990,0,0,0,0,0,0,0,0,0,0
280126,1,1,1990,7,29,7,0,12,0,0,0,0,23
280127,1,1,1990,0,0,0,0,0,6,0,0,0,0
280127,2,1,1990,0,0,0,0,0,0,0,0,0,0
280128,1,1,1990,0,0,3,16,0,17,0,0,32,25
280129,1,1,1990,13,5,13,19,5,0,16,15,9,0
280130,1,1,1990,0,16,0,0,0,29,0,0,0,0
280131,0,1,1990,0,0,0,0,0,0,0,0,0,0
280131,1,1,1990,0,0,0,0,0,0,0,0,0,0
280132,0,1,1990,0,0,0,0,0,0,0,23,0,0
280132,1,1,1990,0,0,0,0,0,0,0,0,0,0
280133,1,1,1990,18,18,18,18,18,18,18,18,18,18
280134,1,1,1990,11,11,11,11,11,11,11,11,11,11
280135,1,1,1990,0,0,0,0,0,0,0,0,0,0
280135,2,1,1990,0,0,0,0,0,0,0,0,0,0
280136,0,1,1990,24,0,0,0,0,17,0,37,0,0
280136,1,1,1990,0,0,0,0,0,0,0,0,0,0
280138,1,1,1990,0,0,0,0,0,0,0,0,0,0
280138,2,1,1990,0,0,0,0,0,0,0,0,0,0
280139,1,1,1990,27,27,27,27,27,27,27,27,27,27
280140,1,1,1990,18,18,18,18,18,18,18,18,18,18
280141,0,1,1990,0,0,0,0,36,0,0,0,25,0
280141,1,1,1990,0,0,0,0,0,0,0,0,0,0
280142,1,1,1990,0,0,0,0,0,0,0,0,0,0
280142,2,1,1990,0,0,0,0,0,0,0,0,0,0
280143,1,1,1990,0,0,0,0,0,0,0,0,0,0
280143,2,1,1990,0,0,0,0,0,0,0,0,0,0
280144,1,1,1990,17,17,17,17,17,17,17,17,17,17
280145,1,1,1990,8,0,23,0,0,6,0,0,0,0
280146,1,1,1990,7,7,7,7,7,7,7,7,7,7
280146,2,1,1990,20,0,0,0,0,0,0,0,0,0
280147,0,1,1990,0,0,0,0,0,0,0,0,0,0
280147,1,1,1990,0,0,0,0,0,0,0,0,0,0
280148,1,1,1990,12,12,12,12,12,12,12,12,12,12
280149,1,1,1990,0,0,31,0,0,0,20,14,13,24
280149,2,1,1990,12,12,12,12,12,12,12,12,12,12
280150,1,1,1990,20,20,20,20,20,20,20,20,20,20
280151,1,1,1990,0,20,0,0,17,9,0,0,10,0
280152,1,1,1990,0,0,0,0,0,0,0,0,0,0
280152,2,1,1990,0,0,0,0,0,0,0,0,0,0
280153,1,1,1990,16,16,16,16,16,16,16,16,16,16
280154,1,1,1990,0,0,0,0,0,0,0,0,0,0
280155,1,1,1990,0,0,0,0,16,0,17,0,0,12
280156,1,1,1990,0,0,0,0,0,0,0,0,0,0
280157,1,1,1990,13,13,13,13,13,13,13,13,13,13
280158,1,1,1990,0,0,0,0,0,0,0,0,0,0
280159,1,1,1990,14,14,14,14,14,14,14,14,14,14
280159,2,1,1990,11,11,11,11,11,11,11,11,11,11
280159,3,1,1990,0,0,0,0,0,0,0,0,0,0
280159,4,1,1990,0,16,15,0,0,0,0,10,15,0
280159,5,1,1990,0,0,0,0,17,0,0,17,0,0
280160,1,1,1990,0,0,0,0,0,0,0,0,0,0
280160,2,1,1990,0,0,0,0,0,0,0,0,0,0
280161,0,1,1990,0,0,20,0,0,0,0,0,7,0
280161,1,1,1990,0,0,0,0,0,0,25,0,0,0
280162,1,1,1990,22,22,22,22,22,22,22,22,22,22
280163,1,1,1990,24,24,24,24,24,24,24,24,24,24
280164,1,1,1990,0,0,0,43,34,0,22,0,0,0
280165,0,1,1990,0,20,0,0,0,0,14,0,0,0
280165,1,1,1990,6,23,21,0,0,0,0,0,15,0
280166,1,1,1990,0,22,0,16,0,7,13,10,0,19
280167,0,1,1990,0,0,0,0,0,0,0,0,0,0
280167,1,1,1990,0,0,0,0,0,0,0,0,0,11
280168,1,1,1990,0,0,0,0,0,0,0,0,0,0
280168,2,1,1990,13,0,0,0,0,0,12,0,0,0
280169,1,1,1990,10,10,10,10,10,10,10,10,10,10
280170,1,1,1990,21,21,21,21,21,21,21,21,21,21
280171,1,1,1990,0,0,0,0,0,0,0,0,0,0
280172,1,1,1990,11,31,0,0,0,0,0,30,15,12
280173,0,1,1990,8,0,0,0,23,0,0,0,0,0
280173,1,1,1990,0,0,25,0,0,0,0,0,0,0
280174,1,1,1990,0,0,0,0,0,0,0,0,0,0
280175,1,1,1990,4,0,4,0,6,21,0,0,0,0
280176,1,1,1990,0,0,0,0,0,0,0,0,0,0
280176,2,1,1990,0,0,0,0,0,0,0,0,0,0
280176,3,1,1990,0,0,0,0,0,0,0,0,0,0
280177,1,1,1990,12,12,12,12,12,12,12,12,12,12
280178,1,1,1990,0,0,0,0,0,0,0,0,0,0
280179,1,1,1990,26,0,0,0,0,25,0,14,11,15
280180,1,1,1990,0,0,0,0,0,0,12,0,0,0
280181,1,1,1990,2,14,12,19,18,15,0,0,4,0
280182,1,1,1990,0,0,0,0,0,0,0,0,0,0
280182,2,1,1990,6,6,6,6,6,6,6,6,6,6
280183,1,1,1990,0,0,0,13,0,0,0,0,0,0
280183,2,1,1990,0,0,0,10,0,0,0,0,0,0
280184,1,1,1990,0,0,0,0,0,0,0,0,0,0
280184,2,1,1990,0,0,0,0,0,0,0,0,0,0
280185,0,1,1990,0,31,0,38,0,0,0,0,0,0
280185,1,1,1990,0,0,0,0,0,0,0,2,0,0
280186,1,1,1990,0,0,0,0,0,0,0,0,0,0
280186,2,1,1990,0,0,0,0,0,0,0,0,0,0
280187,0,1,1990,0,0,0,0,0,7,8,0,0,19
280187,1,1,1990,0,0,0,0,0,0,0,0,0,0
280188,1,1,1990,31,31,31,31,31,31,31,31,31,31
280189,1,1,1990,22,22,22,22,22,22,22,22,22,22
280190,1,1,1990,0,0,0,7,0,0,0,0,0,20
280191,1,1,1990,0,0,0,0,0,0,0,0,0,0
280191,2,1,1990,0,0,0,0,0,0,0,0,0,0
280192,1,1,1990,0,0,0,0,0,0,0,0,0,0
280192,2,1,1990,0,0,0,0,0,0,0,20,0,0
280193,0,1,1990,0,0,0,0,0,0,0,0,0,0
280193,1,1,1990,0,0,0,0,0,0,0,0,0,0
280194,1,1,1990,5,5,5,5,5,5,5,5,5,5
280195,1,1,1990,0,0,0,0,0,0,0,0,0,0
280196,1,1,1990,14,0,0,3,0,0,12,0,0,0
280197,1,1,1990,0,0,0,0,0,0,0,17,11,0
280198,1,1,1990,0,0,0,0,0,0,0,0,0,0
280198,2,1,1990,0,0,0,0,0,0,0,0,0,0
280198,3,1,1990,0,0,0,0,0,0,0,0,0,0
280199,1,1,1990,0,0,0,0,0,0,0,0,0,0
280200,1,1,1990,4,4,4,4,4,4,4,4,4,4
280200,2,1,1990,0,0,0,0,15,0,0,0,0,0
280202,1,1,1990,6,13,0,0,0,0,11,0,0,0
280203,1,1,1990,0,0,0,0,0,0,0,0,0,0
280203,2,1,1990,0,0,0,0,0,0,0,0,0,0
280204,1,1,1990,12,12,12,12,12,12,12,12,12,12
280205,1,1,1990,0,0,0,0,0,0,0,0,0,0
280206,1,1,1990,0,0,0,0,0,0,0,0,0,0
280206,2,1,1990,0,0,0,0,0,0,0,0,0,0
280207,1,1,1990,0,0,0,0,0,0,0,0,0,0
280207,2,1,1990,0,0,0,0,0,0,0,0,0,0
280208,1,1,1990,0,0,0,0,0,0,0,0,0,0
280208,2,1,1990,0,0,0,0,0,0,0,0,0,0
280209,1,1,1990,25,25,25,25,25,25,25,25,25,25
280210,1,1,1990,0,0,0,0,0,0,0,0,0,0
280210,2,1,1990,0,0,0,0,0,0,0,0,0,0
280211,0,1,1990,0,0,0,11,0,0,7,0,0,19
280211,1,1,1990,0,0,0,0,0,0,8,8,0,0
280212,1,1,1990,0,0,0,0,0,0,0,0,0,0
280213,1,1,1990,0,13,11,34,0,9,0,26,12,27
280214,1,1,1990,0,0,0,0,0,0,0,0,0,0
280215,0,1,1990,0,0,13,0,0,16,24,0,22,0
280215,1,1,1990,0,0,0,0,0,0,0,5,0,0
280216,0,1,1990,0,0,0,0,0,0,0,0,0,0
280216,1,1,1990,0,0,0,0,0,0,0,7,0,0
280217,1,1,1990,0,0,0,0,7,2,0,0,0,0
280217,2,1,1990,0,0,0,0,0,0,11,0,0,0
280218,1,1,1990,0,0,0,0,0,0,0,0,0,0
280219,1,1,1990,0,0,0,0,0,0,0,0,0,0
280220,1,1,1990,0,0,0,0,0,0,0,0,0,0
280220,2,1,1990,0,0,0,0,0,0,0,0,0,0
280221,1,1,1990,0,0,0,0,0,0,0,0,0,0
280221,2,1,1990,0,0,0,0,0,0,0,0,0,0
280222,1,1,1990,11,11,11,11,11,11,11,11,11,11
280222,2,1,1990,0,0,0,0,0,10,0,0,0,0
280223,1,1,1990,0,0,0,0,19,0,0,0,0,0
280223,2,1,1990,0,0,0,0,0,0,0,0,0,30
280224,1,1,1990,5,5,5,5,5,5,5,5,5,5
280225,1,1,1990,1,1,1,1,1,1,1,1,1,1
280226,1,1,1990,0,7,0,0,0,0,0,0,0,0
280226,2,1,1990,0,0,0,0,0,0,13,0,0,10
280226,3,1,1990,0,0,16,0,0,0,0,0,0,0
280226,4,1,1990,0,0,0,0,0,0,0,0,0,0
280227,1,1,1990,0,0,0,0,0,0,0,0,0,0
280227,2,1,1990,0,0,0,0,0,0,0,0,0,0
280227,3,1,1990,0,0,0,0,0,0,0,0,0,0
280228,1,1,1990,22,22,22,22,22,22,22,22,22,22
280229,1,1,1990,16,14,20,11,0,5,8,17,28,0
280230,1,1,1990,0,0,0,0,15,0,0,0,0,0
280231,0,1,1990,16,0,0,0,0,0,0,24,17,19
280231,1,1,1990,0,0,0,0,0,9,0,0,0,0
280232,0,1,1990,0,0,0,0,0,0,0,0,0,0
280232,1,1,1990,0,0,0,0,0,0,0,0,14,0
280233,1,1,1990,0,0,0,0,20,0,0,0,0,0
280233,2,1,1990,0,0,0,0,0,0,0,0,0,0
280234,0,1,1990,0,0,21,0,26,0,0,0,31,0
280234,1,1,1990,0,0,0,0,0,0,0,0,0,0
280235,0,1,1990,24,0,36,24,0,22,0,14,22,16
280235,1,1,1990,0,0,0,0,0,0,0,0,0,0
280236,0,1,1990,0,0,0,0,0,0,0,0,0,0
280236,1,1,1990,0,0,19,0,0,17,0,0,0,0
280237,1,1,1990,0,0,0,0,0,0,0,0,0,0
280237,2,1,1990,0,0,0,0,0,0,0,0,0,0
280238,1,1,1990,0,0,0,0,0,0,0,0,0,0
280238,2,1,1990,0,0,0,30,0,0,0,0,0,0
280239,1,1,1990,0,0,0,0,0,0,0,0,0,0
280239,2,1,1990,0,0,0,0,0,0,0,0,0,0
280240,1,1,1990,0,0,15,10,0,0,0,0,18,4
280240,2,1,1990,0,0,0,14,9,0,0,0,0,0
280241,1,1,1990,0,0,12,0,0,0,0,0,0,0
280242,1,1,1990,0,0,0,0,0,0,0,0,0,0
280242,2,1,1990,31,31,31,31,31,31,31,31,31,31
280243,1,1,1990,14,0,0,0,0,34,0,0,9,0
280243,2,1,1990,0,0,0,0,0,0,9,0,0,0
280244,1,1,1990,8,0,0,0,0,0,0,0,0,0
280244,2,1,1990,0,0,0,0,0,0,0,0,0,0
280244,3,1,1990,0,0,0,0,0,0,0,0,0,0
280244,4,1,1990,0,0,0,0,0,0,0,0,0,0
280245,1,1,1990,0,0,0,0,0,0,0,0,0,0
280245,2,1,1990,0,0,0,0,0,0,0,0,0,0
280246,1,1,1990,20,20,20,20,20,20,20,20,20,20
280246,2,1,1990,4,4,4,4,4,4,4,4,4,4
280247,1,1,1990,24,24,24,24,24,24,24,24,24,24
280247,2,1,1990,0,0,0,0,0,0,0,0,0,0
280248,1,1,1990,0,0,0,0,0,0,0,0,0,0
280248,2,1,1990,0,0,0,0,0,0,0,0,0,0
280249,1,1,1990,20,0,0,0,0,0,15,0,25,0
280250,1,1,1990,0,0,0,0,0,19,26,25,0,0
280251,1,1,1990,0,0,0,0,0,0,0,0,0,0
280251,2,1,1990,0,0,0,0,0,0,0,0,0,11
280252,1,1,1990,0,0,0,0,0,0,0,0,0,0
280252,2,1,1990,0,0,0,0,0,0,0,0,0,0
280253,1,1,1990,0,0,0,0,0,0,0,0,0,0
280253,2,1,1990,0,0,0,0,17,0,9,0,0,0
280254,1,1,1990,0,0,0,0,0,0,0,0,0,0
280254,2,1,1990,15,0,0,0,11,0,0,0,0,0
280255,1,1,1990,0,0,0,0,0,0,0,0,10,0
280256,1,1,1990,0,0,0,0,0,0,0,0,0,0
280257,1,1,1990,6,6,6,6,6,6,6,6,6,6
280258,1,1,1990,22,22,22,22,22,22,22,22,22,22
280259,1,1,1990,0,0,0,0,0,0,0,0,0,0
280259,2,1,1990,6,6,6,6,6,6,6,6,6,6
280259,3,1,1990,21,21,21,21,21,21,21,21,21,21
280260,0,1,1990,0,0,0,0,0,0,0,0,0,0
280260,1,1,1990,0,0,0,0,0,0,0,0,0,0
280261,1,1,1990,0,20,0,0,0,0,0,0,0,0
280262,1,1,1990,0,0,0,0,0,0,0,0,0,0
280263,0,1,1990,0,0,0,0,0,0,0,0,0,0
280263,1,1,1990,0,0,0,0,0,0,0,0,0,0
280264,1,1,1990,10,10,10,10,10,10,10,10,10,10
280265,1,1,1990,0,0,0,0,0,0,0,0,0,0
280266,1,1,1990,12,12,12,12,12,12,12,12,12,12
280266,2,1,1990,0,0,0,0,0,0,0,4,0,0
280267,0,1,1990,0,0,0,0,0,0,0,0,0,0
280267,1,1,1990,0,0,0,10,0,0,0,0,0,0
280268,0,1,1990,17,17,17,17,17,17,17,17,17,17
280268,1,1,1990,0,0,0,0,0,0,8,12,0,0
280269,1,1,1990,0,0,0,0,0,0,0,22,0,0
280270,1,1,1990,0,0,0,0,0,0,0,28,0,0
280270,2,1,1990,0,0,9,0,0,0,0,0,0,25
280271,1,1,1990,0,13,16,0,0,0,0,10,0,3
280272,1,1,1990,0,0,0,0,0,0,0,0,0,0
280272,2,1,1990,0,0,0,0,0,0,0,0,0,0
280273,1,1,1990,14,14,14,14,14,14,14,14,14,14
280274,1,1,1990,16,16,16,16,16,16,16,16,16,16
280275,1,1,1990,10,10,10,10,10,10,10,10,10,10
280275,2,1,1990,0,0,0,23,13,12,9,0,15,0
280276,1,1,1990,0,0,0,0,0,0,0,0,0,0
280277,1,1,1990,0,0,0,0,0,0,0,0,0,12
280277,2,1,1990,0,0,0,0,0,0,0,0,0,0
280278,1,1,1990,5,10,0,0,0,17,0,0,0,3
280279,1,1,1990,4,4,4,4,4,4,4,4,4,4
280280,1,1,1990,15,15,15,15,15,15,15,15,15,15
280281,1,1,1990,0,0,0,0,0,0,0,0,0,0
280282,1,1,1990,15,6,0,0,0,0,0,0,0,0
280283,0,1,1990,18,0,0,17,15,0,34,0,23,0
280283,1,1,1990,0,0,0,0,0,0,0,0,0,20
280284,1,1,1990,0,0,1,0,0,0,0,8,0,0
280285,1,1,1990,0,0,0,0,0,0,0,0,0,0
280286,1,1,1990,0,0,0,0,0,0,0,0,0,0
280286,2,1,1990,0,0,0,0,0,0,0,0,0,0
280287,1,1,1990,19,19,19,19,19,19,19,19,19,19
280288,1,1,1990,0,0,0,0,0,0,0,0,0,0
280288,2,1,1990,0,0,0,0,0,0,0,0,0,0
280289,1,1,1990,0,0,0,0,26,0,0,0,0,0
280290,1,1,1990,0,0,0,0,0,0,0,0,0,0
280290,2,1,1990,0,0,0,0,0,0,0,0,0,0
280291,1,1,1990,0,13,14,0,0,0,0,0,0,14
280291,2,1,1990,0,0,0,0,0,0,0,0,0,0
280292,1,1,1990,0,0,0,0,0,0,0,0,0,0
280293,1,1,1990,0,0,0,0,0,0,0,0,0,0
280293,2,1,1990,0,0,0,0,0,0,24,0,0,7
280294,1,1,1990,0,0,0,0,0,0,0,0,0,0
280294,2,1,1990,0,0,0,0,0,0,0,0,0,0
280295,1,1,1990,0,0,0,0,16,9,0,0,0,0
280296,1,1,1990,0,0,0,13,0,0,0,0,0,0
280296,2,1,1990,0,0,0,0,0,0,0,0,9,0
280296,3,1,1990,0,0,0,0,0,0,6,0,0,0
280298,1,1,1990,0,0,0,0,0,0,0,0,0,0
280298,2,1,1990,0,0,23,0,0,0,0,0,0,0
280298,3,1,1990,0,0,0,0,0,0,0,0,0,0
280299,1,1,1990,0,0,0,0,0,0,0,0,0,0
280299,2,1,1990,32,32,32,32,32,32,32,32,32,32
280300,1,1,1990,0,0,0,0,0,0,0,0,0,0
280300,2,1,1990,0,0,0,0,0,0,0,0,0,0
280301,1,1,1990,0,0,0,0,0,0,0,0,0,0
280301,2,1,1990,0,0,0,0,0,0,0,0,0,0
280302,1,1,1990,21,21,21,21,21,21,21,21,21,21
280303,1,1,1990,0,0,0,0,23,0,0,0,0,0
280303,2,1,1990,0,0,0,0,3,0,0,0,0,0
280304,1,1,1990,0,0,0,0,0,0,0,18,0,0
280304,2,1,1990,0,0,0,0,0,0,0,0,0,0
280305,1,1,1990,0,0,0,0,0,0,0,0,0,0
280306,1,1,1990,0,0,0,0,0,0,0,0,0,0
280307,1,1,1990,0,15,0,0,2,0,0,0,0,0
280308,1,1,1990,2,23,21,15,0,0,14,0,24,13
280309,1,1,1990,4,4,4,4,4,4,4,4,4,4
280309,2,1,1990,0,0,0,0,0,0,0,0,0,0
280310,1,1,1990,0,0,0,0,0,0,0,0,0,0
280310,2,1,1990,0,0,0,0,0,3,0,0,0,0
280311,1,1,1990,0,12,31,0,0,26,12,20,2,0
280312,1,1,1990,8,0,13,0,0,0,0,0,10,14
280313,1,1,1990,20,0,0,0,0,0,0,0,0,0
280314,1,1,1990,0,0,0,0,0,0,0,0,0,0
280314,2,1,1990,0,12,0,0,0,0,5,0,0,0
280315,1,1,1990,0,17,0,22,0,0,14,0,0,0
280316,1,1,1990,0,0,0,0,0,0,0,0,0,0
280316,2,1,1990,0,0,0,0,0,0,0,0,0,0
280317,1,1,1990,0,0,0,0,0,0,0,0,0,0
280317,2,1,1990,0,0,0,0,0,0,0,0,0,0
280318,1,1,1990,22,22,22,22,22,22,22,22,22,22
280319,1,1,1990,0,0,0,0,0,0,0,0,0,14
280319,2,1,1990,0,0,0,0,0,0,0,0,0,0
280320,1,1,1990,0,0,0,10,0,0,0,0,0,0
280321,1,1,1990,0,0,0,0,0,0,0,0,0,0
280322,1,1,1990,0,0,0,20,12,0,0,0,0,0
280323,1,1,1990,0,0,11,0,0,0,0,0,0,0
280324,1,1,1990,24,24,24,24,24,24,24,24,24,24
280325,1,1,1990,0,0,0,0,0,0,0,0,0,0
280325,2,1,1990,0,0,0,0,0,0,0,0,0,0
280326,1,1,1990,0,0,0,0,0,0,0,0,0,0
280327,1,1,1990,0,0,0,0,0,0,22,0,0,0
280327,2,1,1990,0,0,0,0,0,0,16,0,0,0
280328,1,1,1990,25,25,25,25,25,25,25,25,25,25
280328,2,1,1990,3,3,3,3,3,3,3,3,3,3
280329,1,1,1990,20,8,0,2,0,16,0,8,0,0
280330,1,1,1990,8,8,8,8,8,8,8,8,8,8
280331,1,1,1990,0,0,0,0,0,0,20,0,0,0
280332,1,1,1990,0,0,0,0,0,0,0,0,0,0
280333,1,1,1990,0,0,0,0,0,0,0,0,0,0
280333,2,1,1990,0,22,0,28,0,0,0,20,0,0
280334,1,1,1990,0,0,0,0,0,0,0,0,0,0