ST_CASE,VEH_NO,PER_NO,YEAR,P1,P2,P3,P4,P5,P6,P7,P8,P9,P10
280335,1,1,1990,0,0,0,0,0,0,0,0,0,0
280335,2,1,1990,0,0,0,0,0,0,0,0,0,0
280336,1,1,1990,0,0,0,0,0,0,0,0,0,0
280336,2,1,1990,0,0,0,0,10,0,0,0,0,0
280337,0,1,1990,0,17,32,30,23,0,19,0,0,0
280337,1,1,1990,15,0,0,9,0,0,20,0,0,0
280338,1,1,1990,0,0,0,0,0,0,0,0,0,0
280339,1,1,1990,31,31,31,31,31,31,31,31,31,31
280340,1,1,1990,0,0,0,24,0,30,10,18,17,3
280341,1,1,1990,0,0,0,8,0,0,0,0,0,8
280342,1,1,1990,0,0,0,0,0,0,0,0,0,0
280342,2,1,1990,0,0,0,0,0,0,0,0,0,0
280343,1,1,1990,0,0,0,0,0,0,0,0,0,0
280344,1,1,1990,0,0,0,0,0,0,0,0,0,0
280344,2,1,1990,0,0,0,0,0,0,0,0,0,0
280344,3,1,1990,0,0,23,0,0,0,0,0,0,0
280345,1,1,1990,0,0,0,0,0,0,0,0,0,0
280345,2,1,1990,0,0,0,0,0,0,0,0,0,0
280346,1,1,1990,20,20,20,20,20,20,20,20,20,20
280347,1,1,1990,0,0,21,0,0,0,0,11,0,0
280348,1,1,1990,0,0,0,0,0,0,0,0,0,0
280348,2,1,1990,0,0,0,0,0,0,0,0,0,0
280349,1,1,1990,0,0,0,0,0,0,0,0,9,0
280349,2,1,1990,0,0,0,0,0,0,0,0,0,0
280350,1,1,1990,0,0,0,0,6,0,0,0,0,0
280351,1,1,1990,0,0,0,0,0,13,0,0,0,0
280353,1,1,1990,0,0,0,0,0,0,0,13,0,0
280354,1,1,1990,0,17,0,0,16,12,18,0,11,0
280355,0,1,1990,0,0,0,0,0,0,0,0,0,0
280355,1,1,1990,0,0,0,0,0,0,17,0,11,0
280356,1,1,1990,37,0,0,0,5,0,0,4,16,2
280357,1,1,1990,0,2,3,0,0,0,0,0,16,0
280358,1,1,1990,0,5,0,0,0,0,0,0,0,0
280358,2,1,1990,0,0,0,0,0,0,0,0,0,0
280359,1,1,1990,0,0,0,0,0,0,0,0,0,0
280360,0,1,1990,0,0,0,0,0,0,0,0,14,0
280360,1,1,1990,0,0,0,0,0,6,11,0,0,0
280361,1,1,1990,32,32,32,32,32,32,32,32,32,32
280361,2,1,1990,0,0,0,0,0,0,0,0,0,0
280362,1,1,1990,0,0,0,0,0,0,0,0,0,0
280362,2,1,1990,0,9,0,0,0,15,0,0,0,0
280362,3,1,1990,0,0,0,0,0,0,0,0,0,0
280363,1,1,1990,0,0,0,0,0,0,0,0,0,0
280363,2,1,1990,0,0,0,0,0,0,0,0,0,0
280364,0,1,1990,24,24,24,24,24,24,24,24,24,24
280364,1,1,1990,0,23,0,0,0,0,0,0,0,0
280365,1,1,1990,0,0,0,0,0,0,0,0,0,0
280365,2,1,1990,0,18,0,0,0,0,0,0,0,0
280366,1,1,1990,0,0,0,0,0,0,0,7,0,0
280367,1,1,1990,21,0,0,0,0,0,0,0,0,0
280367,2,1,1990,0,0,0,0,17,0,0,0,0,0
280368,1,1,1990,0,0,0,0,13,0,0,0,0,0
280369,0,1,1990,0,0,0,0,0,0,0,0,26,0
280369,1,1,1990,0,0,5,0,0,0,23,0,12,0
280371,1,1,1990,0,0,0,0,0,19,0,0,0,0
280372,1,1,1990,0,0,0,0,0,0,0,0,0,0
280372,2,1,1990,0,0,0,0,0,0,0,0,0,0
280373,1,1,1990,0,0,0,0,0,0,0,0,0,0
280374,1,1,1990,0,0,0,0,0,0,0,0,0,0
280374,2,1,1990,0,0,0,0,0,0,0,0,0,0
280375,1,1,1990,30,30,30,30,30,30,30,30,30,30
280375,2,1,1990,8,8,8,8,8,8,8,8,8,8
280376,1,1,1990,33,33,33,33,33,33,33,33,33,33
280377,1,1,1990,14,14,14,14,14,14,14,14,14,14
280377,2,1,1990,13,13,13,13,13,13,13,13,13,13
280378,1,1,1990,0,0,0,0,0,0,0,0,0,0
280378,2,1,1990,0,0,6,0,0,0,0,0,0,14
280379,1,1,1990,0,0,0,0,5,0,0,0,0,0
280380,1,1,1990,12,38,0,23,0,27,0,24,0,0
280381,1,1,1990,9,0,0,0,0,0,0,0,4,0
280381,2,1,1990,0,0,0,0,0,0,0,0,0,0
280382,1,1,1990,0,0,0,0,0,0,0,0,0,0
280382,2,1,1990,0,0,0,0,0,0,0,0,0,0
280383,1,1,1990,9,9,9,9,9,9,9,9,9,9
280384,1,1,1990,25,25,25,25,25,25,25,25,25,25
280385,1,1,1990,31,0,0,0,11,9,8,11,0,0
280385,2,1,1990,0,0,0,0,0,0,0,0,0,0
280386,1,1,1990,11,0,16,15,12,19,0,8,22,0
280387,1,1,1990,0,0,0,0,0,0,0,0,0,0
280387,2,1,1990,0,0,0,0,0,0,0,0,0,0
280388,1,1,1990,15,0,0,16,0,0,18,0,0,0
280389,0,1,1990,34,34,34,34,34,34,34,34,34,34
280389,1,1,1990,18,0,0,6,0,0,0,0,0,0
280390,1,1,1990,0,0,0,25,21,19,0,28,0,0
280392,1,1,1990,0,0,0,0,0,0,0,0,0,0
280392,2,1,1990,0,0,0,0,12,0,0,0,0,0
280394,1,1,1990,0,13,7,0,19,0,0,0,0,20
280395,1,1,1990,21,21,21,21,21,21,21,21,21,21
280396,1,1,1990,0,0,0,0,0,0,0,9,0,14
280397,1,1,1990,0,4,0,25,0,0,27,0,16,0
280399,1,1,1990,18,0,12,0,0,0,0,0,0,0
280400,1,1,1990,6,6,6,6,6,6,6,6,6,6
280400,2,1,1990,0,0,0,0,0,0,0,0,0,0
280401,1,1,1990,0,0,0,0,0,0,0,0,0,0
280402,1,1,1990,9,9,9,9,9,9,9,9,9,9
280403,1,1,1990,12,12,12,12,12,12,12,12,12,12
280404,1,1,1990,0,0,0,0,0,0,0,0,0,0
280404,2,1,1990,1,1,1,1,1,1,1,1,1,1
280405,1,1,1990,0,0,0,0,0,0,0,0,0,0
280405,2,1,1990,0,0,0,0,5,0,0,0,0,0
280406,1,1,1990,0,0,0,0,0,0,0,0,0,0
280407,1,1,1990,0,0,0,0,0,0,0,0,0,0
280407,2,1,1990,0,0,0,0,8,0,0,0,0,0
280408,1,1,1990,0,0,0,12,0,0,0,0,0,0
280408,2,1,1990,0,0,0,0,0,0,0,0,0,0
280409,1,1,1990,0,0,0,0,27,0,0,0,0,0
280410,1,1,1990,36,36,36,36,36,36,36,36,36,36
280412,0,1,1990,16,0,23,0,27,0,0,12,0,0
280412,1,1,1990,0,0,0,0,0,0,0,0,0,0
280413,1,1,1990,0,0,19,18,15,24,18,0,0,0
280414,1,1,1990,14,0,23,17,41,27,7,12,9,11
280415,1,1,1990,0,0,0,0,0,0,0,0,0,0
280415,2,1,1990,0,0,0,0,0,0,0,0,0,0
280416,1,1,1990,25,25,25,25,25,25,25,25,25,25
280417,1,1,1990,25,25,25,25,25,25,25,25,25,25
280419,1,1,1990,5,5,5,5,5,5,5,5,5,5
280420,1,1,1990,18,0,0,0,0,0,0,0,0,0
280420,2,1,1990,0,0,29,0,0,0,0,0,0,20
280421,1,1,1990,0,0,0,0,23,0,0,0,0,0
280421,2,1,1990,0,0,0,17,0,0,0,0,0,0
280422,0,1,1990,14,0,0,0,0,0,0,0,0,0
280422,1,1,1990,0,0,0,0,0,0,0,0,0,0
280423,1,1,1990,6,6,6,6,6,6,6,6,6,6
280424,1,1,1990,16,16,16,16,16,16,16,16,16,16
280425,1,1,1990,0,0,0,0,0,10,39,0,0,0
280426,1,1,1990,29,29,29,29,29,29,29,29,29,29
280427,1,1,1990,0,0,0,0,0,0,0,0,0,0
280427,2,1,1990,0,0,0,0,0,0,0,0,0,0
280428,0,1,1990,0,0,0,0,0,0,0,0,0,0
280428,1,1,1990,0,0,0,7,0,0,0,0,0,0
280429,1,1,1990,0,0,0,0,0,0,0,0,0,0
280429,2,1,1990,0,0,0,0,0,0,0,0,0,0
280430,1,1,1990,0,12,0,0,0,0,0,0,0,0
280431,1,1,1990,0,0,0,0,0,0,0,0,0,0
280432,1,1,1990,0,5,0,0,7,0,0,0,0,0
280433,1,1,1990,15,15,15,15,15,15,15,15,15,15
280434,1,1,1990,0,0,0,10,0,12,13,0,0,0
280434,2,1,1990,0,0,0,0,0,0,0,0,0,0
280435,1,1,1990,0,0,0,0,0,0,0,0,0,0
280435,2,1,1990,0,0,0,0,0,0,0,0,0,0
280436,0,1,1990,0,0,0,0,0,0,0,13,0,0
280436,1,1,1990,23,23,23,23,23,23,23,23,23,23
280437,1,1,1990,4,4,4,4,4,4,4,4,4,4
280438,1,1,1990,0,0,0,33,0,0,0,0,0,0
280438,2,1,1990,0,0,0,0,0,0,0,0,0,0
280439,1,1,1990,0,0,0,0,0,0,0,0,0,0
280439,2,1,1990,0,0,0,0,11,0,0,25,0,0
280440,1,1,1990,0,0,0,16,0,0,0,0,0,0
280441,1,1,1990,19,19,19,19,19,19,19,19,19,19
280442,1,1,1990,0,0,0,0,0,0,0,28,12,13
280443,1,1,1990,0,0,0,0,0,0,16,0,0,12
280443,2,1,1990,0,0,0,0,0,0,0,0,0,0
280444,1,1,1990,17,17,17,17,17,17,17,17,17,17
280446,1,1,1990,0,13,0,0,0,0,0,0,0,0
280446,2,1,1990,13,13,13,13,13,13,13,13,13,13
280447,1,1,1990,18,18,18,18,18,18,18,18,18,18
280447,2,1,1990,0,0,0,0,0,0,0,0,0,0
280448,1,1,1990,0,27,0,0,9,0,19,19,6,0
280449,1,1,1990,15,15,15,15,15,15,15,15,15,15
280450,1,1,1990,0,0,0,0,0,0,0,0,0,0
280451,0,1,1990,23,13,0,10,17,11,38,0,0,0
280451,1,1,1990,0,0,0,0,0,3,0,0,3,7
280452,1,1,1990,12,0,32,24,0,0,0,0,12,19
280453,1,1,1990,0,0,0,13,0,0,0,24,0,0
280454,1,1,1990,0,0,0,0,21,14,0,0,0,0
280455,1,1,1990,9,9,9,9,9,9,9,9,9,9
280456,1,1,1990,0,0,0,0,0,0,0,0,0,0
280456,2,1,1990,5,0,0,0,0,0,0,0,0,0
280457,1,1,1990,14,0,0,0,0,0,0,0,16,0
280458,1,1,1990,25,25,25,25,25,25,25,25,25,25
280459,1,1,1990,18,18,18,18,18,18,18,18,18,18
280460,1,1,1990,24,0,0,0,0,0,0,0,0,0
280460,2,1,1990,0,0,0,0,0,0,0,0,0,0
280461,0,1,1990,0,0,0,0,0,0,0,0,0,0
280461,1,1,1990,0,0,0,0,0,0,0,0,0,0
280462,1,1,1990,0,0,0,0,0,0,0,0,0,0
280462,2,1,1990,0,0,0,0,0,0,0,0,0,0
280463,1,1,1990,24,24,24,24,24,24,24,24,24,24
280464,1,1,1990,0,0,0,0,0,0,0,0,0,0
280464,2,1,1990,0,0,0,0,0,0,0,0,0,0
280465,0,1,1990,0,0,0,0,0,0,0,0,0,0
280465,1,1,1990,0,0,0,0,0,0,0,0,0,0
280467,1,1,1990,13,13,13,13,13,13,13,13,13,13
280467,2,1,1990,13,13,13,13,13,13,13,13,13,13
280468,1,1,1990,0,0,0,0,0,0,0,0,0,0
280468,2,1,1990,0,0,0,0,0,19,0,0,14,0
280469,1,1,1990,0,0,0,0,0,0,0,0,0,0
280470,1,1,1990,0,0,0,0,0,0,0,0,0,0
280471,1,1,1990,0,14,14,0,0,0,10,0,0,0
280472,1,1,1990,0,0,0,17,0,36,0,0,15,19
280473,1,1,1990,32,32,32,32,32,32,32,32,32,32
280474,0,1,1990,0,0,0,0,0,0,0,14,0,0
280474,1,1,1990,5,0,9,0,0,0,0,0,0,0
280475,1,1,1990,0,0,0,0,0,0,0,0,0,0
280476,1,1,1990,0,0,0,0,0,0,0,0,0,0
280476,2,1,1990,0,0,0,0,0,0,0,0,0,0
280477,0,1,1990,0,0,0,0,0,0,0,11,0,0
280477,1,1,1990,0,0,0,0,0,0,0,0,0,0
280478,1,1,1990,0,0,0,0,0,0,0,0,0,0
280478,2,1,1990,0,0,6,0,0,0,0,4,0,17
280479,1,1,1990,0,0,0,0,0,0,0,0,0,0
280479,2,1,1990,0,0,0,0,0,0,0,0,14,0
280480,1,1,1990,0,0,0,0,0,17,0,6,0,0
280481,1,1,1990,7,12,0,0,0,0,0,0,11,18
280481,2,1,1990,0,0,0,0,0,0,0,0,12,0
280482,1,1,1990,3,0,14,0,0,0,0,0,0,0
280483,1,1,1990,0,0,0,7,12,0,0,0,0,0
280484,1,1,1990,0,0,0,0,0,0,0,0,0,0
280484,2,1,1990,0,0,0,0,0,0,0,0,0,0
280485,1,1,1990,0,0,0,0,0,0,0,0,0,0
280485,2,1,1990,0,0,0,0,0,0,0,0,0,0
280486,1,1,1990,0,0,0,0,0,0,0,0,0,0
280486,2,1,1990,0,0,0,0,5,0,0,9,0,0
280487,1,1,1990,0,0,0,0,0,0,0,0,0,0
280488,1,1,1990,0,0,0,0,0,0,18,0,0,0
280489,0,1,1990,0,0,0,0,27,0,0,0,0,0
280489,1,1,1990,15,0,0,0,0,15,0,0,0,0
280490,0,1,1990,0,0,0,0,9,0,0,0,0,0
280490,1,1,1990,0,0,0,0,0,0,0,0,0,0
280491,1,1,1990,12,12,12,12,12,12,12,12,12,12
280491,2,1,1990,10,10,10,10,10,10,10,10,10,10
280492,1,1,1990,0,0,14,0,0,8,17,11,0,0
280493,1,1,1990,0,0,0,0,0,0,0,0,0,0
280494,1,1,1990,25,25,25,25,25,25,25,25,25,25
280495,1,1,1990,31,31,31,31,31,31,31,31,31,31
280496,1,1,1990,0,0,0,0,7,0,0,0,0,0
280497,1,1,1990,17,0,0,0,20,0,11,0,17,0
280498,1,1,1990,0,0,0,0,0,0,0,0,0,0
280498,2,1,1990,0,0,0,0,0,26,0,0,0,0
280499,1,1,1990,0,0,0,0,0,0,0,0,0,0
280499,2,1,1990,0,0,0,0,0,0,0,9,0,0
280500,1,1,1990,29,29,29,29,29,29,29,29,29,29
280500,2,1,1990,0,0,0,0,0,0,0,0,0,0
280501,1,1,1990,0,0,21,0,0,15,0,0,0,47
280502,1,1,1990,0,0,16,0,0,0,0,0,0,0
280503,1,1,1990,22,0,30,0,0,0,0,0,16,18
280504,1,1,1990,26,26,26,26,26,26,26,26,26,26
280505,0,1,1990,24,24,24,24,24,24,24,24,24,24
280505,1,1,1990,0,0,0,0,0,0,0,0,0,0
280506,1,1,1990,0,0,0,0,0,0,0,0,0,0
280506,2,1,1990,0,0,0,0,0,0,0,0,0,0
280507,1,1,1990,0,0,0,0,0,0,0,0,0,0
280507,2,1,1990,0,0,0,0,6,0,0,0,0,0
280508,1,1,1990,19,19,19,19,19,19,19,19,19,19
280509,1,1,1990,0,0,0,0,0,0,0,0,0,0
280510,1,1,1990,0,0,0,0,0,0,0,0,0,0
280510,2,1,1990,0,0,0,0,0,0,0,0,0,0
280511,1,1,1990,25,14,19,15,7,0,20,14,0,17
280511,2,1,1990,0,0,0,0,0,0,0,0,0,0
280512,1,1,1990,0,0,0,0,0,0,0,0,0,0
280513,1,1,1990,0,0,0,0,0,0,0,0,0,0
280514,1,1,1990,0,0,0,0,0,0,0,0,0,0
280514,2,1,1990,0,15,0,0,0,0,0,0,0,0
280515,1,1,1990,7,13,27,11,16,0,0,0,0,0
280516,1,1,1990,0,0,27,28,0,0,18,0,36,0
280517,1,1,1990,0,0,0,0,5,0,0,0,0,20
280518,1,1,1990,0,0,0,0,0,0,0,0,0,0
280518,2,1,1990,0,0,0,0,0,0,0,0,0,0
280519,1,1,1990,0,0,5,8,0,0,12,0,0,0
280520,1,1,1990,0,0,0,0,0,0,0,0,0,0
280520,2,1,1990,0,0,0,0,0,0,0,0,0,0
280521,1,1,1990,13,0,0,0,0,0,0,0,0,0
280521,2,1,1990,0,0,0,0,0,0,0,0,0,0
280522,1,1,1990,0,0,0,19,0,0,0,13,4,0
280522,2,1,1990,0,14,0,9,0,7,0,0,0,9
280523,1,1,1990,7,7,7,7,7,7,7,7,7,7
280523,2,1,1990,0,0,0,0,0,0,0,0,0,0
280524,1,1,1990,0,0,0,0,0,0,0,0,0,6
280524,2,1,1990,0,0,0,0,0,0,0,0,0,0
280525,1,1,1990,0,0,0,0,0,0,0,0,0,0
280526,0,1,1990,0,0,0,0,0,0,24,19,0,0
280526,1,1,1990,0,0,0,0,0,24,0,0,7,0
280527,0,1,1990,0,0,16,0,14,26,0,19,0,0
280527,1,1,1990,23,4,0,0,13,18,0,17,0,15
280528,0,1,1990,0,0,0,0,0,0,0,0,0,0
280528,0,2,1990,10,0,0,0,0,0,12,0,0,0
280528,0,3,1990,0,7,14,0,0,0,0,0,0,0
280528,0,4,1990,0,0,0,0,0,0,0,0,0,0
280528,1,1,1990,0,0,0,0,0,0,0,0,0,0
280529,1,1,1990,28,19,0,10,7,21,21,13,16,14
280530,1,1,1990,0,0,0,0,0,0,0,0,0,0
280530,2,1,1990,0,0,0,0,0,19,0,0,0,0
280531,1,1,1990,29,3,0,18,0,0,22,0,10,0
280532,1,1,1990,0,0,0,0,0,0,0,0,0,0
280532,2,1,1990,0,0,0,0,0,0,0,0,0,0
280533,1,1,1990,0,0,18,0,0,0,0,0,0,0
280534,1,1,1990,0,0,0,0,0,0,0,0,0,0
280534,2,1,1990,0,0,0,0,0,0,0,0,0,0
280535,1,1,1990,0,17,0,0,14,9,0,0,0,15
280536,1,1,1990,0,0,0,0,0,0,0,0,0,0
280536,2,1,1990,0,0,0,0,0,0,0,0,0,0
280537,1,1,1990,0,0,0,0,0,0,0,0,0,0
280538,1,1,1990,19,19,19,19,19,19,19,19,19,19
280539,1,1,1990,0,0,0,0,0,0,0,0,0,8
280539,2,1,1990,0,0,0,0,0,0,0,0,0,0
280540,1,1,1990,0,0,0,0,0,0,0,0,0,0
280540,2,1,1990,0,25,0,0,21,0,0,0,0,21
280541,0,1,1990,0,12,0,0,0,0,0,0,0,0
280541,1,1,1990,2,0,0,0,0,0,0,0,0,0
280542,1,1,1990,0,0,0,0,0,0,0,0,0,0
280542,2,1,1990,12,12,12,12,12,12,12,12,12,12
280543,1,1,1990,9,16,28,9,0,8,12,30,19,7
280544,1,1,1990,0,0,0,0,0,0,0,0,0,0
280544,2,1,1990,0,0,0,0,0,0,0,0,0,0
280545,1,1,1990,22,0,14,0,0,0,0,0,15,0
280546,1,1,1990,0,0,0,0,0,0,0,0,0,0
280546,2,1,1990,0,0,0,0,0,0,0,0,0,0
280547,1,1,1990,0,0,0,0,0,0,0,0,0,0
280547,2,1,1990,0,0,0,0,0,0,0,0,0,0
280548,1,1,1990,0,0,0,0,0,0,0,0,0,0
280548,2,1,1990,0,0,0,0,0,0,0,0,0,0
280549,1,1,1990,0,0,0,0,0,0,0,0,0,0
280549,2,1,1990,0,0,0,0,0,0,0,0,0,0
280550,1,1,1990,0,0,0,0,0,0,0,14,0,0
280551,1,1,1990,0,0,0,0,0,0,0,0,0,12
280551,2,1,1990,0,0,0,0,0,0,0,0,12,0
280553,1,1,1990,0,0,0,0,0,0,0,0,0,0
280554,1,1,1990,0,0,0,0,0,0,0,0,0,0
280555,0,1,1990,0,0,0,0,0,14,0,0,0,0
280555,1,1,1990,0,0,0,0,0,0,0,0,0,0
280556,1,1,1990,0,16,24,0,0,0,0,0,0,0
280557,1,1,1990,24,0,0,15,19,0,0,21,0,0
280558,1,1,1990,0,0,0,0,0,0,0,0,0,0
280559,1,1,1990,0,0,0,0,0,0,0,17,0,0
280559,2,1,1990,0,0,0,0,0,0,0,0,0,0
280560,1,1,1990,0,0,0,0,0,0,0,0,0,0
280560,2,1,1990,0,0,0,0,0,0,0,0,0,0
280561,1,1,1990,0,0,0,0,0,0,0,0,0,0
280562,1,1,1990,0,0,0,0,0,0,0,0,0,0
280562,2,1,1990,0,0,0,0,0,0,0,0,0,0
280563,1,1,1990,0,0,0,0,0,0,17,14,0,14
280564,1,1,1990,26,0,14,9,26,12,0,12,22,18
280565,1,1,1990,0,0,0,0,0,0,0,0,0,0
280565,2,1,1990,0,0,0,0,0,0,0,0,0,0
280566,1,1,1990,15,0,0,0,13,0,0,19,0,0
280567,1,1,1990,0,0,0,0,0,29,15,0,0,0
280568,1,1,1990,11,26,0,0,0,0,29,0,17,0
280569,1,1,1990,6,6,6,6,6,6,6,6,6,6
280570,1,1,1990,0,0,0,0,16,0,0,0,0,0
280571,1,1,1990,11,11,11,11,11,11,11,11,11,11
280572,0,1,1990,20,20,20,20,20,20,20,20,20,20
280572,1,1,1990,0,0,0,0,0,0,0,0,0,0
280573,0,1,1990,0,0,16,0,29,0,0,12,0,0
280573,1,1,1990,0,0,6,0,0,0,0,0,0,15
280574,0,1,1990,24,24,24,24,24,24,24,24,24,24
280574,1,1,1990,0,0,0,0,7,0,0,0,0,0
280575,0,1,1990,15,15,15,15,15,15,15,15,15,15
280575,1,1,1990,19,19,19,19,19,19,19,19,19,19
280576,1,1,1990,0,0,25,0,5,8,10,0,11,5
280577,1,1,1990,12,0,0,0,0,0,17,0,16,0
280578,1,1,1990,6,0,0,0,0,11,0,0,13,0
280578,2,1,1990,24,24,24,24,24,24,24,24,24,24
280579,1,1,1990,0,0,0,0,10,5,0,0,11,0
280580,1,1,1990,0,0,0,14,0,0,0,0,0,0
280581,1,1,1990,0,0,0,0,0,0,0,0,0,0
280581,2,1,1990,0,0,0,0,0,0,11,0,0,0
280582,1,1,1990,0,0,0,0,0,0,0,0,0,0
280582,2,1,1990,0,0,0,0,0,0,0,0,0,0
280583,1,1,1990,13,13,13,13,13,13,13,13,13,13
280584,1,1,1990,0,0,0,0,0,0,0,0,0,0
280584,2,1,1990,0,0,0,11,5,0,0,0,0,0
280585,1,1,1990,0,0,0,0,0,0,0,0,0,0
280586,1,1,1990,1,1,1,1,1,1,1,1,1,1
280587,0,1,1990,8,8,8,8,8,8,8,8,8,8
280587,1,1,1990,0,0,0,0,0,0,0,0,0,0
280588,1,1,1990,30,0,0,0,20,21,0,0,0,0
280588,2,1,1990,0,0,0,0,0,0,15,0,0,0
280589,0,1,1990,0,0,0,0,0,0,0,0,0,0
280589,1,1,1990,0,0,0,0,0,0,0,0,0,0
280590,1,1,1990,0,0,0,0,0,0,0,0,0,0
280590,2,1,1990,0,0,0,0,0,0,0,0,0,0
280591,1,1,1990,0,0,0,0,0,0,0,0,0,0
280591,2,1,1990,0,0,0,0,0,0,0,0,0,0
280592,1,1,1990,0,0,0,0,0,0,0,0,0,0
280592,2,1,1990,0,0,0,0,0,0,0,0,4,0
280593,1,1,1990,21,9,20,14,16,36,17,10,37,20
280594,1,1,1990,0,0,0,0,14,21,0,0,0,0
280595,1,1,1990,0,0,10,0,0,11,0,0,16,0
280596,1,1,1990,0,15,0,0,0,0,0,0,0,0
280596,2,1,1990,0,0,0,0,0,0,0,0,0,0
280597,1,1,1990,23,23,23,23,23,23,23,23,23,23
280598,1,1,1990,18,18,18,18,18,18,18,18,18,18
280598,2,1,1990,0,0,0,0,0,0,0,0,0,0
280599,0,1,1990,9,16,18,0,28,0,0,22,0,0
280599,1,1,1990,0,0,0,0,0,0,0,0,0,0
280600,1,1,1990,0,0,0,0,0,0,0,0,0,0
280600,2,1,1990,0,0,0,0,0,11,0,0,0,0
280601,1,1,1990,0,0,0,0,0,0,0,13,0,0
280601,2,1,1990,0,0,0,0,0,0,0,0,0,0
280602,1,1,1990,0,0,0,0,0,0,0,0,0,0
280602,2,1,1990,18,0,0,0,0,0,0,0,0,0
280603,1,1,1990,11,27,0,32,16,12,0,0,0,21
280604,0,1,1990,28,37,0,0,15,0,19,17,0,38
280604,1,1,1990,0,0,0,0,0,0,0,0,0,0
280605,1,1,1990,0,0,0,0,0,0,0,0,0,0
280605,2,1,1990,0,0,0,0,0,0,0,0,0,0
280606,0,1,1990,0,0,0,0,0,0,0,0,0,0
280606,1,1,1990,0,0,0,0,4,0,0,0,0,0
280607,1,1,1990,0,0,9,0,0,0,21,0,0,0
280608,1,1,1990,0,0,0,0,0,0,0,0,0,0
280609,1,1,1990,0,12,12,0,8,25,0,18,0,0
280609,2,1,1990,27,0,0,0,0,12,0,0,0,0
280610,0,1,1990,0,0,0,0,0,0,0,0,0,0
280610,1,1,1990,0,0,0,0,0,0,8,0,14,0
280611,1,1,1990,24,24,24,24,24,24,24,24,24,24
280611,2,1,1990,0,0,0,0,0,0,0,0,0,0
280612,1,1,1990,24,24,24,24,24,24,24,24,24,24
280612,2,1,1990,0,0,0,0,0,0,0,0,0,0
280613,1,1,1990,10,0,0,0,0,0,0,13,0,0
280614,0,1,1990,0,0,0,0,0,0,0,0,0,0
280614,1,1,1990,0,0,0,0,0,0,0,0,20,0
280615,1,1,1990,0,0,0,0,0,0,0,0,0,0
280616,1,1,1990,32,32,32,32,32,32,32,32,32,32
280616,2,1,1990,0,0,0,0,0,0,0,0,0,0
280618,1,1,1990,0,0,0,0,0,0,0,0,0,0
280618,2,1,1990,0,0,0,0,0,0,0,0,0,0
280619,1,1,1990,0,0,0,0,0,0,0,0,0,0
280620,1,1,1990,0,0,0,0,15,0,0,9,0,0
280622,1,1,1990,0,0,0,0,0,0,0,0,0,0
280622,2,1,1990,0,0,0,15,0,0,0,0,0,0
280623,1,1,1990,22,0,0,0,0,5,18,0,24,0
280624,1,1,1990,10,25,0,8,0,0,16,0,0,0
280625,1,1,1990,0,9,0,0,0,0,0,0,0,0
280625,2,1,1990,0,0,0,0,0,0,0,0,0,19
280626,1,1,1990,0,0,0,0,0,0,0,0,0,0
280626,2,1,1990,0,0,0,0,0,0,0,0,0,0
280627,1,1,1990,34,34,34,34,34,34,34,34,34,34
280628,0,1,1990,0,0,0,0,0,19,0,0,0,0
280628,1,1,1990,0,0,0,0,0,0,0,0,0,0
280630,1,1,1990,0,17,0,25,4,0,0,17,0,0
280631,1,1,1990,0,0,0,0,0,0,0,0,0,0
280631,2,1,1990,0,0,0,0,0,0,0,5,0,0
280632,1,1,1990,0,0,0,0,0,0,0,0,0,0
280632,2,1,1990,0,25,0,0,0,0,0,0,0,0
280633,0,1,1990,0,0,0,0,0,0,0,0,0,0
280633,1,1,1990,0,0,0,0,0,0,0,0,0,0
280634,1,1,1990,0,21,8,7,0,19,20,22,15,0
280635,1,1,1990,0,0,3,0,0,0,0,16,16,13
280635,2,1,1990,0,0,36,0,0,0,0,0,0,0
280636,1,1,1990,15,18,27,15,21,14,8,0,12,0
280637,1,1,1990,0,20,0,0,10,0,0,0,0,0
280637,2,1,1990,0,0,0,0,0,0,0,0,0,2
280638,1,1,1990,0,0,0,0,0,0,0,0,0,0
280638,2,1,1990,0,0,0,0,0,0,0,0,0,0
280639,0,1,1990,0,0,0,0,15,0,0,0,0,0
280639,1,1,1990,0,5,0,0,0,0,0,0,0,0
280640,1,1,1990,0,0,0,0,0,0,10,0,0,0
280641,1,1,1990,13,7,6,0,0,0,0,0,10,17
280642,1,1,1990,0,0,0,0,0,0,0,0,0,0
280642,2,1,1990,0,0,0,0,0,0,0,0,0,0
280643,1,1,1990,31,0,19,0,37,0,0,10,0,0
280644,1,1,1990,0,0,0,0,0,0,0,0,0,0
280644,2,1,1990,0,0,0,0,0,0,0,0,0,0
280645,1,1,1990,0,0,0,0,0,0,0,0,0,0
280645,2,1,1990,0,0,0,0,0,0,0,0,0,0
280645,3,1,1990,0,0,0,0,0,0,0,0,0,0
280646,1,1,1990,0,0,0,0,14,0,0,0,0,0
280646,2,1,1990,0,0,0,0,0,0,0,0,0,0
280647,1,1,1990,0,0,0,0,0,0,0,0,0,0
280647,2,1,1990,0,0,0,0,0,0,0,0,0,0
280648,0,1,1990,0,0,0,0,0,0,0,0,0,0
280648,1,1,1990,0,0,0,0,0,0,0,0,0,0
290001,1,1,1990,25,25,25,25,25,25,25,25,25,25
290002,1,1,1990,22,21,0,19,9,15,0,17,0,12
290002,2,1,1990,0,0,0,0,14,0,0,15,0,0
290003,1,1,1990,0,0,0,0,0,0,0,0,0,0
290004,1,1,1990,0,0,0,0,0,0,0,0,0,0
290004,2,1,1990,0,0,0,0,0,0,0,0,0,0