ST_CASE,VEH_NO,PER_NO,YEAR,P1,P2,P3,P4,P5,P6,P7,P8,P9,P10
290004,3,1,1990,0,0,0,0,0,0,23,9,0,0
290004,4,1,1990,0,16,0,0,0,0,0,0,0,0
290004,5,1,1990,0,0,0,0,0,0,0,0,0,0
290005,1,1,1990,0,0,0,0,0,0,0,0,0,0
290006,1,1,1990,0,0,0,0,0,0,0,0,0,0
290007,1,1,1990,0,0,4,0,0,0,0,0,0,0
290007,2,1,1990,10,10,10,10,10,10,10,10,10,10
290008,0,1,1990,0,0,0,0,0,0,0,0,0,0
290008,1,1,1990,0,0,0,0,0,0,0,0,0,0
290009,1,1,1990,15,25,0,10,13,12,27,14,9,5
290010,1,1,1990,16,0,0,0,0,0,0,0,0,0
290011,0,1,1990,18,18,18,18,18,18,18,18,18,18
290011,1,1,1990,0,0,0,0,9,0,0,0,0,0
290012,1,1,1990,22,15,8,18,7,0,12,11,12,15
290013,1,1,1990,15,15,15,15,15,15,15,15,15,15
290014,1,1,1990,24,24,24,24,24,24,24,24,24,24
290014,2,1,1990,0,4,0,0,0,0,0,0,19,0
290015,1,1,1990,9,22,14,13,9,15,0,12,21,8
290016,1,1,1990,7,7,7,7,7,7,7,7,7,7
290017,1,1,1990,0,14,0,0,0,0,0,7,0,0
290018,1,1,1990,24,24,24,24,24,24,24,24,24,24
290019,0,1,1990,2,2,2,2,2,2,2,2,2,2
290019,1,1,1990,0,0,0,0,0,0,0,0,5,0
290020,1,1,1990,6,0,0,14,0,0,8,26,22,0
290021,1,1,1990,0,0,0,0,0,0,0,0,0,0
290022,1,1,1990,7,0,0,0,0,0,0,0,0,0
290022,2,1,1990,0,0,0,0,0,0,0,0,0,0
290023,1,1,1990,0,0,0,0,0,0,0,0,0,0
290023,2,1,1990,0,0,0,0,0,0,0,0,0,14
290024,1,1,1990,18,20,22,0,25,25,11,17,14,14
290024,2,1,1990,0,11,0,0,0,0,0,39,0,0
290025,1,1,1990,24,24,24,24,24,24,24,24,24,24
290026,1,1,1990,0,0,0,0,0,0,0,0,0,0
290027,1,1,1990,0,7,0,4,0,0,0,0,0,0
290028,1,1,1990,0,0,0,0,14,0,0,0,19,0
290028,2,1,1990,0,0,0,0,0,0,0,0,0,0
290029,1,1,1990,23,23,23,23,23,23,23,23,23,23
290030,1,1,1990,0,0,0,0,0,0,0,0,0,0
290030,2,1,1990,0,0,0,0,0,0,0,0,0,0
290031,1,1,1990,0,0,0,0,0,0,0,0,0,0
290032,0,1,1990,0,0,0,0,0,0,0,0,0,0
290032,1,1,1990,0,24,0,0,0,0,22,8,0,15
290033,1,1,1990,0,0,0,0,0,0,0,0,0,0
290033,2,1,1990,0,0,0,0,0,0,0,0,0,0
290034,1,1,1990,0,0,0,0,0,0,0,0,0,0
290034,2,1,1990,6,0,0,0,0,0,0,0,0,0
290035,1,1,1990,4,0,0,0,0,0,0,0,0,0
290035,2,1,1990,0,0,0,13,0,0,0,0,0,0
290036,1,1,1990,20,30,0,0,5,0,9,20,11,0
290037,1,1,1990,15,15,15,15,15,15,15,15,15,15
290038,1,1,1990,9,0,0,26,9,18,5,4,18,19
290038,2,1,1990,10,0,0,0,0,0,0,0,0,0
290039,0,1,1990,12,12,12,12,12,12,12,12,12,12
290039,1,1,1990,0,0,0,0,0,18,0,0,0,0
290040,1,1,1990,13,13,13,13,13,13,13,13,13,13
290041,1,1,1990,17,0,0,0,0,0,0,0,11,0
290042,1,1,1990,19,19,19,19,19,19,19,19,19,19
290043,0,1,1990,0,0,0,0,0,0,0,0,0,0
290043,1,1,1990,10,0,11,0,0,0,0,0,12,0
290044,1,1,1990,0,0,0,0,0,0,0,0,0,0
290044,2,1,1990,0,0,0,0,17,0,0,0,0,0
290044,3,1,1990,10,9,3,22,10,31,7,10,24,12
290045,1,1,1990,0,0,0,0,0,0,0,0,0,0
290045,2,1,1990,0,0,3,0,0,0,0,15,0,0
290046,1,1,1990,19,19,19,19,19,19,19,19,19,19
290046,2,1,1990,0,0,0,4,0,0,9,0,0,20
290047,0,1,1990,0,0,0,0,0,0,0,0,0,0
290047,1,1,1990,0,0,0,0,0,0,0,0,0,11
290048,1,1,1990,0,0,0,0,0,0,0,0,0,0
290048,2,1,1990,0,0,0,0,0,0,0,0,0,0
290048,3,1,1990,0,0,0,0,0,0,0,0,0,0
290048,4,1,1990,0,0,0,0,16,0,0,0,0,9
290049,1,1,1990,6,0,9,13,4,10,0,0,11,18
290049,2,1,1990,6,8,0,22,0,0,0,17,11,0
290050,1,1,1990,0,0,0,0,0,0,0,0,0,0
290050,2,1,1990,0,0,0,0,0,0,0,0,0,0
290051,0,1,1990,0,0,0,0,0,0,0,0,0,0
290051,1,1,1990,32,0,22,5,0,0,29,26,12,0
290052,1,1,1990,10,10,0,0,0,17,29,0,18,22
290052,2,1,1990,0,6,0,0,26,0,11,0,0,0
290053,1,1,1990,0,0,0,0,0,0,0,0,0,0
290054,1,1,1990,28,27,11,20,23,23,18,14,29,16
290054,2,1,1990,0,0,0,0,0,0,0,0,0,0
290055,1,1,1990,32,32,32,32,32,32,32,32,32,32
290055,2,1,1990,0,11,0,6,26,0,0,16,0,0
290056,1,1,1990,37,37,37,37,37,37,37,37,37,37
290057,1,1,1990,0,0,0,0,0,0,0,0,0,0
290057,2,1,1990,0,0,0,0,0,0,0,0,0,0
290057,3,1,1990,0,0,15,0,0,0,0,0,0,0
290058,0,1,1990,0,0,0,0,0,0,0,0,0,0
290058,0,2,1990,0,0,0,0,0,0,0,0,0,0
290058,1,1,1990,0,0,29,0,0,0,0,0,10,0
290059,1,1,1990,0,0,0,0,0,0,0,0,0,0
290059,2,1,1990,0,0,0,0,0,0,12,0,0,0
290060,1,1,1990,16,16,16,16,16,16,16,16,16,16
290060,2,1,1990,8,0,17,0,0,0,0,0,0,0
290061,0,1,1990,37,37,37,37,37,37,37,37,37,37
290061,1,1,1990,0,0,0,0,0,0,0,0,0,0
290062,1,1,1990,4,4,4,4,4,4,4,4,4,4
290062,2,1,1990,0,0,0,0,0,0,0,0,0,0
290063,1,1,1990,0,0,0,0,0,0,0,0,0,0
290063,2,1,1990,0,0,0,0,0,0,0,0,0,0
290064,1,1,1990,0,0,0,0,0,0,0,0,0,0
290065,1,1,1990,0,0,0,0,0,0,0,0,0,0
290066,1,1,1990,0,19,21,13,0,0,0,0,0,7
290067,1,1,1990,0,0,0,0,33,6,26,0,0,22
290068,0,1,1990,0,0,0,0,0,0,0,0,0,0
290068,1,1,1990,0,0,0,0,0,0,0,0,0,0
290069,1,1,1990,13,13,13,13,13,13,13,13,13,13
290070,1,1,1990,0,0,0,0,0,0,0,0,0,0
290071,1,1,1990,10,10,10,10,10,10,10,10,10,10
290072,1,1,1990,0,0,0,8,0,0,0,5,0,4
290073,1,1,1990,0,0,0,0,0,0,0,0,0,0
290074,1,1,1990,0,0,0,0,0,18,0,0,0,0
290075,1,1,1990,0,0,0,0,0,6,0,0,0,0
290075,2,1,1990,0,0,0,0,0,0,0,0,0,0
290076,1,1,1990,1,1,1,1,1,1,1,1,1,1
290077,0,1,1990,17,17,17,17,17,17,17,17,17,17
290077,1,1,1990,0,0,0,17,0,0,5,0,0,23
290079,1,1,1990,26,26,26,26,26,26,26,26,26,26
290080,1,1,1990,29,29,29,29,29,29,29,29,29,29
290081,1,1,1990,0,0,0,0,0,0,0,0,0,0
290081,2,1,1990,3,3,3,3,3,3,3,3,3,3
290081,3,1,1990,18,0,0,0,0,0,0,0,0,0
290082,1,1,1990,0,0,0,0,0,0,0,0,0,0
290082,2,1,1990,16,16,16,16,16,16,16,16,16,16
290083,1,1,1990,0,0,15,0,0,0,0,0,0,0
290083,2,1,1990,2,2,2,2,2,2,2,2,2,2
290084,1,1,1990,33,33,33,33,33,33,33,33,33,33
290085,1,1,1990,21,21,21,21,21,21,21,21,21,21
290086,1,1,1990,0,0,0,0,0,0,0,0,0,0
290086,2,1,1990,0,0,0,0,0,19,0,0,0,0
290087,1,1,1990,17,16,14,10,28,23,28,22,20,12
290088,1,1,1990,9,0,14,0,0,0,0,0,0,0
290088,2,1,1990,0,0,0,0,0,0,0,0,0,0
290089,1,1,1990,0,0,0,0,0,0,0,0,0,0
290089,2,1,1990,0,0,0,0,0,0,0,0,0,0
290090,0,1,1990,24,24,24,24,24,24,24,24,24,24
290090,1,1,1990,7,0,0,0,32,0,0,20,0,0
290091,1,1,1990,5,0,0,0,4,7,20,0,0,0
290091,2,1,1990,0,0,0,14,0,0,0,0,0,0
290092,0,1,1990,23,23,23,23,23,23,23,23,23,23
290092,1,1,1990,21,18,4,21,8,6,25,18,4,0
290093,1,1,1990,0,0,0,11,25,12,0,21,8,16
290093,2,1,1990,8,0,18,14,19,0,25,32,27,21
290093,3,1,1990,0,0,0,0,10,0,0,0,0,21
290094,0,1,1990,17,17,17,17,17,17,17,17,17,17
290094,1,1,1990,0,0,0,0,0,0,0,0,0,0
290095,0,1,1990,0,0,0,0,0,0,0,0,0,0
290095,1,1,1990,0,0,8,0,0,0,0,9,9,0
290096,1,1,1990,0,5,0,0,0,0,0,0,0,0
290096,2,1,1990,0,0,0,0,0,0,0,0,14,0
290096,3,1,1990,0,0,0,0,0,0,0,0,0,0
290097,1,1,1990,19,0,25,10,25,12,8,17,12,26
290098,1,1,1990,0,0,0,0,0,0,0,0,0,0
290099,1,1,1990,7,7,7,7,7,7,7,7,7,7
290099,2,1,1990,17,0,0,0,0,0,0,0,0,16
290099,3,1,1990,0,0,0,0,0,0,0,0,0,0
290100,1,1,1990,0,0,0,0,0,0,0,0,0,0
290100,2,1,1990,0,0,0,0,0,0,0,0,0,0
290101,1,1,1990,0,12,0,0,0,0,0,10,0,0
290101,2,1,1990,0,0,0,0,0,0,0,0,0,0
290102,0,1,1990,0,0,0,0,0,0,0,0,0,0
290102,1,1,1990,0,0,0,15,0,0,0,26,0,21
290103,1,1,1990,0,0,0,0,0,0,0,0,0,0
290103,2,1,1990,0,0,0,0,0,0,0,0,0,0
290104,0,1,1990,0,0,0,0,0,0,0,0,0,0
290104,1,1,1990,0,0,16,10,21,12,0,0,16,18
290105,1,1,1990,15,15,15,15,15,15,15,15,15,15
290106,1,1,1990,0,11,20,13,0,12,0,0,0,0
290107,1,1,1990,0,0,0,0,0,0,0,0,0,0
290107,2,1,1990,0,0,0,10,0,0,0,0,0,0
290108,1,1,1990,18,14,12,8,31,17,14,18,27,23
290109,1,1,1990,0,0,0,0,0,0,0,0,0,0
290109,2,1,1990,0,23,0,9,3,0,25,19,0,19
290110,1,1,1990,4,4,4,4,4,4,4,4,4,4
290111,1,1,1990,7,9,0,0,0,0,0,0,0,3
290112,1,1,1990,0,0,0,0,0,0,0,0,0,0
290112,2,1,1990,0,0,0,0,0,0,0,0,0,24
290113,1,1,1990,17,17,17,17,17,17,17,17,17,17
290114,1,1,1990,0,0,0,0,0,0,0,0,0,0
290114,2,1,1990,0,0,0,0,0,0,0,0,0,0
290115,1,1,1990,10,0,16,0,0,0,0,0,0,0
290116,1,1,1990,0,0,0,0,0,0,0,0,0,0
290116,2,1,1990,0,0,0,0,0,0,0,0,0,0
290116,3,1,1990,0,0,0,0,0,0,0,0,0,0
290117,1,1,1990,0,0,0,0,0,0,0,0,0,0
290117,2,1,1990,0,0,0,12,0,0,0,0,0,0
290118,1,1,1990,0,0,0,0,0,0,0,0,0,0
290119,1,1,1990,0,0,0,0,0,0,0,0,0,0
290120,1,1,1990,0,14,0,0,0,0,19,21,0,0
290120,2,1,1990,26,0,15,0,15,0,0,0,25,0
290121,1,1,1990,23,0,0,10,0,0,0,0,0,4
290121,2,1,1990,0,0,0,0,0,0,0,0,0,0
290122,1,1,1990,0,0,0,0,0,0,10,0,0,0
290122,2,1,1990,0,0,0,0,0,0,0,0,0,0
290123,0,1,1990,0,0,0,0,0,0,0,0,0,0
290123,1,1,1990,0,0,0,0,0,0,0,0,0,0
290124,1,1,1990,29,20,25,23,21,18,11,7,15,29
290125,1,1,1990,25,25,25,25,25,25,25,25,25,25
290125,2,1,1990,5,0,0,22,12,11,11,5,0,0
290126,1,1,1990,0,0,0,8,0,0,0,0,0,0
290126,2,1,1990,22,22,22,22,22,22,22,22,22,22
290127,1,1,1990,15,2,0,8,9,0,3,0,0,20
290127,2,1,1990,15,0,18,0,0,0,12,0,27,0
290128,1,1,1990,14,14,14,14,14,14,14,14,14,14
290129,1,1,1990,1,1,1,1,1,1,1,1,1,1
290130,1,1,1990,0,0,18,4,10,19,0,0,19,0
290131,1,1,1990,12,12,12,12,12,12,12,12,12,12
290132,1,1,1990,0,0,0,0,0,0,0,0,0,0
290132,2,1,1990,0,0,0,0,0,0,0,0,0,0
290133,1,1,1990,11,11,11,11,11,11,11,11,11,11
290134,1,1,1990,0,0,0,0,0,0,0,0,0,0
290134,2,1,1990,0,0,0,0,3,0,0,0,0,0
290135,1,1,1990,0,0,0,0,0,26,0,0,0,0
290136,1,1,1990,0,0,5,0,0,0,14,0,0,0
290137,1,1,1990,0,0,0,0,0,0,0,0,0,0
290138,0,1,1990,21,21,21,21,21,21,21,21,21,21
290138,1,1,1990,0,0,0,18,0,4,0,0,0,0
290139,0,1,1990,0,16,0,18,17,40,35,24,15,8
290139,1,1,1990,8,24,0,0,0,0,0,0,0,0
290140,1,1,1990,0,0,0,0,27,0,0,0,0,0
290140,2,1,1990,0,0,0,0,0,0,0,0,0,0
290141,0,1,1990,0,0,0,0,0,0,0,0,0,0
290141,1,1,1990,0,0,0,0,0,0,0,0,0,0
290142,1,1,1990,0,0,0,5,0,0,0,0,0,0
290142,2,1,1990,25,25,25,25,25,25,25,25,25,25
290143,1,1,1990,11,0,0,0,0,0,15,0,19,0
290144,1,1,1990,18,18,18,18,18,18,18,18,18,18
290145,1,1,1990,21,11,18,4,10,13,8,12,21,12
290146,1,1,1990,20,31,23,15,35,13,10,15,31,29
290147,1,1,1990,0,0,0,0,0,0,0,0,0,11
290147,2,1,1990,0,0,9,0,0,22,22,0,0,7
290148,1,1,1990,9,8,0,16,13,25,0,25,9,17
290149,1,1,1990,0,0,0,0,0,0,0,0,0,0
290149,2,1,1990,19,0,0,0,0,0,0,0,0,0
290150,1,1,1990,0,0,0,11,0,0,0,0,0,0
290151,1,1,1990,26,26,26,26,26,26,26,26,26,26
290152,1,1,1990,0,0,0,0,0,0,0,0,0,0
290152,2,1,1990,0,0,0,0,8,0,0,0,0,0
290152,3,1,1990,0,0,0,0,0,0,0,7,0,0
290153,0,1,1990,14,0,0,0,0,0,0,0,0,0
290153,1,1,1990,0,0,0,0,0,0,0,0,0,0
290154,1,1,1990,16,16,16,16,16,16,16,16,16,16
290155,1,1,1990,0,0,0,0,0,0,0,0,0,0
290155,2,1,1990,0,0,0,0,0,9,0,0,11,0
290155,3,1,1990,0,0,0,0,0,0,0,0,7,0
290155,4,1,1990,0,0,0,0,0,0,0,0,0,0
290156,1,1,1990,19,0,0,0,0,0,0,0,0,0
290156,2,1,1990,0,0,0,0,0,0,0,0,0,0
290157,1,1,1990,0,0,0,0,0,0,0,0,0,0
290158,0,1,1990,3,40,27,26,18,18,30,0,0,0
290158,1,1,1990,0,0,0,0,0,0,0,0,0,0
290159,0,1,1990,0,0,0,0,0,0,0,0,0,0
290159,0,2,1990,0,0,0,0,0,0,0,0,0,0
290159,1,1,1990,0,0,0,0,0,0,0,0,0,14
290160,1,1,1990,2,0,0,0,0,0,0,0,0,0
290160,2,1,1990,5,5,5,5,5,5,5,5,5,5
290161,1,1,1990,0,0,3,0,0,0,0,0,0,0
290161,2,1,1990,0,0,0,0,0,0,0,0,0,0
290162,1,1,1990,0,0,0,0,0,0,0,0,0,0
290162,2,1,1990,0,0,0,0,0,0,0,0,13,0
290163,1,1,1990,0,0,0,0,0,0,0,0,0,0
290163,2,1,1990,0,0,0,0,0,0,0,0,0,0
290164,1,1,1990,35,23,18,0,11,9,10,24,9,20
290165,0,1,1990,0,0,0,2,0,0,0,0,0,28
290165,0,2,1990,19,0,0,0,0,0,7,0,0,0
290165,1,1,1990,0,0,0,0,0,0,0,0,0,0
290166,1,1,1990,24,24,24,24,24,24,24,24,24,24
290167,1,1,1990,0,0,0,0,0,0,0,0,0,0
290168,1,1,1990,14,0,0,0,0,0,0,0,0,6
290168,2,1,1990,0,0,0,0,0,0,0,0,0,0
290169,1,1,1990,9,0,22,29,7,0,17,0,0,12
290170,1,1,1990,9,18,11,23,0,11,17,11,14,10
290171,0,1,1990,28,28,28,28,28,28,28,28,28,28
290171,1,1,1990,34,0,0,6,18,5,0,7,9,0
290172,1,1,1990,0,0,0,0,0,0,0,0,0,0
290173,1,1,1990,0,8,0,22,0,0,0,13,31,0
290174,1,1,1990,23,23,23,23,23,23,23,23,23,23
290175,1,1,1990,21,18,31,7,8,17,26,22,18,16
290176,1,1,1990,0,0,0,0,0,0,0,0,0,0
290177,1,1,1990,0,0,0,0,0,0,0,0,0,0
290178,1,1,1990,31,31,31,31,31,31,31,31,31,31
290179,1,1,1990,0,0,0,0,0,0,0,0,0,14
290179,2,1,1990,0,0,0,0,0,0,0,0,0,0
290180,1,1,1990,0,0,10,0,0,13,0,0,0,34
290181,1,1,1990,0,12,11,11,16,27,0,11,0,18
290182,1,1,1990,29,22,0,19,23,9,21,25,14,20
290182,2,1,1990,0,0,0,0,0,0,0,0,0,0
290183,1,1,1990,27,12,19,12,40,14,0,21,10,10
290184,1,1,1990,0,0,0,16,0,0,0,0,0,0
290185,1,1,1990,13,26,8,12,8,8,9,26,14,23
290186,0,1,1990,0,0,0,0,0,0,0,0,0,0
290186,0,2,1990,0,10,0,0,0,3,0,0,34,0
290186,1,1,1990,0,14,27,0,0,0,33,30,0,33
290187,0,1,1990,0,0,0,0,0,0,0,0,0,0
290187,1,1,1990,14,24,10,21,15,16,21,46,49,16
290188,1,1,1990,0,0,0,0,0,0,0,0,0,0
290188,2,1,1990,0,0,0,23,0,0,0,0,0,0
290189,1,1,1990,17,21,29,22,26,17,3,24,17,12
290190,1,1,1990,18,18,18,18,18,18,18,18,18,18
290191,1,1,1990,0,16,0,0,0,0,0,0,0,0
290191,2,1,1990,0,0,0,0,0,0,0,0,0,0
290192,0,1,1990,6,6,6,6,6,6,6,6,6,6
290192,1,1,1990,27,0,18,25,0,4,14,0,0,17
290193,1,1,1990,0,0,0,0,0,0,0,0,22,0
290194,1,1,1990,0,0,0,0,0,0,0,0,0,0
290194,2,1,1990,2,2,2,2,2,2,2,2,2,2
290194,3,1,1990,0,0,0,0,0,0,0,0,0,0
290195,1,1,1990,31,18,0,0,0,0,0,0,0,5
290196,1,1,1990,0,0,0,0,0,0,0,0,0,0
290196,2,1,1990,0,0,0,0,0,0,0,0,0,0
290196,3,1,1990,0,0,0,0,0,0,0,0,0,0
290197,1,1,1990,13,0,15,28,10,21,7,21,20,7
290198,1,1,1990,21,21,21,21,21,21,21,21,21,21
290200,1,1,1990,16,24,23,20,31,15,6,2,20,18
290201,0,1,1990,0,0,0,0,0,0,0,0,0,0
290201,1,1,1990,0,0,0,0,0,0,0,0,0,0
290202,1,1,1990,0,11,0,37,14,0,0,0,26,0
290202,2,1,1990,0,0,8,0,0,0,0,0,0,0
290203,0,1,1990,0,0,0,0,0,0,0,0,0,0
290204,1,1,1990,5,14,23,20,23,25,16,36,21,25
290204,2,1,1990,17,4,0,18,0,25,0,23,0,0
290204,3,1,1990,7,0,5,10,17,9,17,15,14,0
290205,1,1,1990,18,18,18,18,18,18,18,18,18,18
290206,1,1,1990,14,14,14,14,14,14,14,14,14,14
290207,1,1,1990,2,2,2,2,2,2,2,2,2,2
290208,1,1,1990,9,0,0,0,0,0,0,0,0,0
290208,2,1,1990,0,0,0,0,0,0,0,0,0,0
290208,3,1,1990,0,0,0,0,0,0,0,0,0,0
290209,1,1,1990,0,0,0,0,0,0,0,0,0,44
290209,2,1,1990,10,13,0,17,12,15,10,15,0,0
290210,1,1,1990,15,15,15,15,15,15,15,15,15,15
290210,2,1,1990,0,0,0,0,0,0,0,0,0,0
290211,1,1,1990,0,0,0,0,0,0,0,0,0,0
290212,1,1,1990,0,0,17,21,0,33,29,0,0,0
290213,1,1,1990,28,28,28,28,28,28,28,28,28,28
290214,1,1,1990,9,13,14,11,8,6,9,10,7,19
290215,1,1,1990,0,19,0,0,0,13,0,0,25,0
290215,2,1,1990,13,0,29,0,27,0,0,16,27,0
290216,1,1,1990,25,25,25,25,25,25,25,25,25,25
290217,1,1,1990,16,16,16,16,16,16,16,16,16,16
290218,1,1,1990,25,38,0,12,17,20,22,9,19,19
290218,2,1,1990,0,0,21,5,0,0,0,0,0,0
290219,1,1,1990,0,0,0,0,0,0,0,0,0,0
290220,1,1,1990,0,11,17,12,0,12,0,0,15,18
290221,1,1,1990,0,0,26,18,11,13,0,0,14,26
290222,1,1,1990,0,0,0,5,17,0,5,0,0,0
290223,1,1,1990,0,0,0,0,0,0,0,0,0,0
290224,1,1,1990,11,11,11,11,11,11,11,11,11,11
290225,1,1,1990,26,26,26,26,26,26,26,26,26,26
290226,1,1,1990,14,14,25,13,6,9,0,27,36,20
290227,1,1,1990,4,4,4,4,4,4,4,4,4,4
290228,1,1,1990,0,0,0,0,0,0,0,0,0,0
290229,1,1,1990,0,10,0,0,0,0,0,7,0,23
290230,1,1,1990,0,0,0,0,0,0,0,0,0,0
290230,2,1,1990,0,0,0,0,0,0,0,0,0,0
290231,1,1,1990,23,23,23,23,23,23,23,23,23,23
290231,2,1,1990,0,0,0,0,0,0,23,0,0,0
290232,1,1,1990,27,27,27,27,27,27,27,27,27,27
290233,1,1,1990,0,0,12,0,0,0,0,4,0,0
290233,2,1,1990,0,0,0,0,0,0,0,0,0,0
290234,1,1,1990,0,0,0,0,0,0,0,0,0,0
290234,2,1,1990,0,0,0,0,0,0,0,0,0,0
290235,1,1,1990,0,21,25,18,37,15,0,19,13,21
290236,1,1,1990,0,0,0,0,0,0,0,0,0,0
290237,1,1,1990,3,3,3,3,3,3,3,3,3,3
290238,1,1,1990,0,16,23,5,10,22,20,11,14,21
290238,2,1,1990,0,5,14,13,10,13,17,0,8,9
290239,1,1,1990,0,0,0,0,0,8,0,14,0,0
290239,2,1,1990,0,0,0,0,0,0,0,0,0,0
290240,1,1,1990,15,15,15,15,15,15,15,15,15,15
290241,1,1,1990,0,0,9,0,18,0,0,0,24,12
290241,2,1,1990,7,0,0,0,15,0,0,18,0,24
290242,0,1,1990,0,0,8,0,0,0,0,17,12,0
290242,1,1,1990,24,16,14,11,9,20,5,22,5,12
290243,0,1,1990,0,0,0,0,0,0,0,0,0,0
290243,1,1,1990,25,14,0,0,0,22,0,0,0,0
290244,1,1,1990,0,0,0,0,0,0,0,0,0,0
290244,2,1,1990,18,0,0,0,0,4,0,0,0,0
290244,3,1,1990,0,0,0,0,0,0,0,12,9,0
290245,1,1,1990,13,13,13,13,13,13,13,13,13,13
290246,1,1,1990,16,16,16,16,16,16,16,16,16,16
290247,1,1,1990,26,26,26,26,26,26,26,26,26,26
290248,1,1,1990,0,11,0,0,0,0,35,29,0,2
290249,1,1,1990,0,13,10,13,16,36,14,0,0,0
290249,2,1,1990,0,0,0,0,0,0,0,0,8,0
290250,1,1,1990,20,0,0,9,0,0,0,0,0,0
290251,1,1,1990,0,0,0,0,0,31,0,0,20,0
290252,1,1,1990,0,0,0,0,0,0,0,0,0,0
290252,2,1,1990,0,0,0,0,0,0,0,0,0,0
290253,1,1,1990,0,4,0,3,24,0,11,22,18,22
290253,2,1,1990,10,10,10,10,10,10,10,10,10,10
290254,1,1,1990,0,0,0,0,0,0,0,0,24,0
290255,1,1,1990,12,0,0,0,0,0,0,0,0,0
290256,1,1,1990,25,27,16,22,17,12,25,0,32,32
290257,1,1,1990,0,0,0,0,0,0,0,0,0,0
290258,0,1,1990,0,0,0,0,0,0,0,0,0,0
290258,1,1,1990,0,0,0,0,0,0,0,0,0,0
290259,1,1,1990,6,0,12,23,9,0,0,28,0,0
290260,1,1,1990,24,0,0,0,0,9,0,5,0,0
290260,2,1,1990,0,0,0,0,0,0,0,0,0,0
290260,3,1,1990,0,0,0,0,15,0,0,0,29,9
290261,0,1,1990,21,21,21,21,21,21,21,21,21,21
290261,1,1,1990,24,23,16,5,16,15,0,0,9,0
290261,2,1,1990,0,17,24,15,10,0,0,0,0,0
290262,1,1,1990,0,0,0,0,0,0,0,0,0,0
290262,2,1,1990,0,0,0,0,0,0,0,0,0,0
290263,1,1,1990,0,0,17,0,0,0,0,0,0,0
290264,1,1,1990,0,0,0,0,0,8,0,0,0,0
290265,1,1,1990,0,0,0,0,0,0,31,0,0,8
290265,2,1,1990,0,0,0,0,0,0,0,0,0,0
290266,1,1,1990,8,8,8,8,8,8,8,8,8,8
290267,1,1,1990,0,27,6,0,0,0,0,0,0,0
290267,2,1,1990,0,0,0,0,0,0,0,0,0,0
290267,3,1,1990,0,0,0,0,0,0,0,0,0,0
290267,4,1,1990,0,0,0,0,0,0,0,0,0,0
290267,5,1,1990,0,0,0,0,0,0,0,0,0,0
290267,6,1,1990,0,0,0,0,0,0,0,0,0,0
290267,7,1,1990,0,0,0,0,0,0,0,0,0,0
290267,8,1,1990,0,8,0,0,0,0,0,0,0,0
290268,1,1,1990,0,0,0,0,0,0,0,0,0,0
290268,2,1,1990,5,5,5,5,5,5,5,5,5,5
290269,1,1,1990,0,0,0,0,0,0,0,0,0,0
290269,2,1,1990,21,0,0,0,0,9,0,0,19,0
290269,3,1,1990,0,0,0,0,0,0,0,0,0,0
290270,1,1,1990,22,19,20,17,15,22,11,5,17,11
290270,2,1,1990,0,0,0,10,0,0,17,13,0,18
290271,1,1,1990,22,7,11,0,9,13,23,9,0,0
290272,1,1,1990,9,27,7,11,14,9,30,22,4,21
290273,1,1,1990,0,0,0,0,0,3,0,16,0,0
290274,1,1,1990,0,0,0,0,0,7,0,0,0,0
290274,2,1,1990,0,0,0,0,0,0,0,0,0,0
290275,1,1,1990,0,0,42,19,0,0,0,14,0,20
290276,1,1,1990,0,0,0,0,0,0,0,0,0,0
290277,1,1,1990,1,1,1,1,1,1,1,1,1,1
290277,2,1,1990,19,24,9,23,19,13,17,35,7,8
290278,1,1,1990,26,17,7,0,22,17,16,0,10,7
290278,2,1,1990,9,0,26,13,0,11,4,0,0,0
290279,1,1,1990,28,28,28,28,28,28,28,28,28,28
290280,1,1,1990,6,9,16,26,14,15,17,10,20,12
290281,1,1,1990,17,29,0,20,0,0,9,24,20,18
290282,1,1,1990,13,18,23,7,16,8,34,15,28,22
290282,2,1,1990,0,0,0,19,0,0,5,0,9,0
290283,1,1,1990,0,0,0,0,0,0,9,0,0,0
290283,2,1,1990,0,0,0,0,0,0,0,0,0,0
290284,1,1,1990,0,0,0,0,0,0,0,0,0,0
290285,1,1,1990,0,0,0,0,0,0,0,0,0,0
290286,1,1,1990,35,17,0,0,0,21,0,13,0,8
290287,1,1,1990,0,0,0,0,4,0,0,15,0,0
290287,2,1,1990,0,9,0,0,0,0,0,0,0,0
290288,1,1,1990,0,0,0,0,0,0,0,0,0,0
290288,2,1,1990,0,9,6,12,3,0,0,0,9,7
290289,1,1,1990,0,0,0,0,0,0,0,0,0,0
290289,2,1,1990,0,0,0,0,0,0,0,0,0,27
290290,1,1,1990,21,17,24,28,18,13,0,4,17,16
290291,1,1,1990,29,29,29,29,29,29,29,29,29,29