ST_CASE,VEH_NO,PER_NO,YEAR,P1,P2,P3,P4,P5,P6,P7,P8,P9,P10
290291,2,1,1990,0,10,0,22,0,12,3,0,0,22
290292,0,1,1990,0,0,0,0,0,0,0,0,0,0
290292,1,1,1990,12,23,25,14,19,19,12,26,18,5
290293,1,1,1990,6,6,6,6,6,6,6,6,6,6
290294,0,1,1990,0,0,0,0,0,0,0,0,0,0
290294,1,1,1990,0,0,0,0,0,0,0,0,0,0
290295,1,1,1990,19,19,19,19,19,19,19,19,19,19
290296,0,1,1990,19,32,42,25,56,36,14,18,29,0
290296,1,1,1990,19,0,0,0,28,0,0,0,0,0
290297,1,1,1990,27,28,15,16,30,26,35,21,25,33
290298,1,1,1990,0,0,0,0,0,0,0,0,0,0
290299,1,1,1990,0,0,0,0,0,0,0,0,0,0
290299,2,1,1990,0,28,11,12,15,5,3,8,19,19
290300,1,1,1990,14,14,14,14,14,14,14,14,14,14
290301,1,1,1990,7,7,7,7,7,7,7,7,7,7
290302,0,1,1990,36,36,36,36,36,36,36,36,36,36
290302,1,1,1990,0,0,0,13,9,0,0,0,0,0
290302,2,1,1990,11,0,0,24,0,0,0,0,0,11
290303,1,1,1990,0,0,0,0,0,0,0,0,0,0
290304,1,1,1990,0,0,0,0,0,0,0,0,0,0
290304,2,1,1990,0,0,0,0,0,0,0,0,0,0
290304,3,1,1990,0,0,0,10,0,0,0,0,0,0
290305,1,1,1990,27,3,9,19,7,0,0,0,29,28
290306,1,1,1990,0,0,0,0,0,0,0,0,0,0
290306,2,1,1990,2,2,2,2,2,2,2,2,2,2
290307,1,1,1990,33,32,18,15,21,10,18,26,35,10
290307,2,1,1990,0,0,0,0,0,0,0,4,0,0
290308,1,1,1990,14,14,14,14,14,14,14,14,14,14
290309,1,1,1990,27,12,8,17,0,5,31,11,26,14
290310,0,1,1990,27,27,27,27,27,27,27,27,27,27
290310,1,1,1990,0,0,0,22,0,0,0,0,0,0
290311,1,1,1990,0,0,0,0,0,0,0,0,0,0
290311,2,1,1990,0,31,13,10,0,19,0,3,0,0
290312,1,1,1990,22,15,17,15,6,29,18,14,19,12
290313,1,1,1990,18,18,18,18,18,18,18,18,18,18
290314,0,1,1990,0,0,0,0,0,5,9,0,0,0
290314,1,1,1990,0,6,15,0,2,0,0,0,15,0
290315,1,1,1990,0,0,0,0,0,0,0,0,0,0
290315,2,1,1990,0,29,7,20,0,0,19,0,0,0
290316,1,1,1990,0,8,18,0,8,0,0,0,11,16
290317,1,1,1990,18,18,18,18,18,18,18,18,18,18
290317,2,1,1990,0,0,0,0,0,0,0,0,0,0
290318,0,1,1990,12,12,12,12,12,12,12,12,12,12
290318,1,1,1990,0,0,0,16,0,0,0,0,24,0
290319,1,1,1990,16,16,16,16,16,16,16,16,16,16
290319,2,1,1990,20,0,0,16,21,0,10,0,18,27
290320,1,1,1990,0,0,0,0,0,0,0,0,0,0
290320,2,1,1990,0,0,0,0,0,0,0,0,0,0
290321,1,1,1990,0,0,0,0,0,24,0,4,0,0
290321,2,1,1990,0,0,0,0,0,20,0,0,0,0
290321,3,1,1990,0,0,0,0,24,0,0,0,0,9
290322,1,1,1990,0,0,0,0,0,0,0,0,0,0
290323,1,1,1990,28,28,28,28,28,28,28,28,28,28
290324,1,1,1990,0,0,0,0,0,0,9,0,0,0
290324,2,1,1990,0,0,0,0,0,0,0,0,0,0
290325,1,1,1990,0,0,0,0,0,0,0,0,0,0
290326,1,1,1990,6,6,6,6,6,6,6,6,6,6
290327,1,1,1990,0,0,0,6,0,0,0,15,0,0
290327,2,1,1990,12,13,0,0,0,0,0,0,0,0
290328,1,1,1990,0,15,0,22,15,9,15,15,13,0
290328,2,1,1990,6,0,0,0,0,0,0,0,0,0
290328,3,1,1990,0,0,0,0,0,0,0,0,0,0
290329,1,1,1990,9,15,27,0,0,0,24,7,6,0
290329,2,1,1990,0,0,0,0,0,0,0,0,0,0
290330,1,1,1990,0,25,13,0,0,9,20,0,29,4
290331,1,1,1990,0,0,0,0,0,0,0,0,0,0
290332,1,1,1990,28,28,28,28,28,28,28,28,28,28
290333,1,1,1990,15,13,0,10,18,13,11,8,12,13
290333,2,1,1990,12,12,12,12,12,12,12,12,12,12
290334,1,1,1990,13,0,0,0,0,0,0,0,14,0
290334,2,1,1990,13,0,0,0,0,34,0,0,0,0
290335,1,1,1990,13,13,13,13,13,13,13,13,13,13
290336,1,1,1990,0,0,0,0,0,0,0,0,0,0
290336,2,1,1990,23,0,0,0,0,0,0,0,0,0
290337,1,1,1990,0,0,0,0,0,0,0,0,0,11
290337,2,1,1990,0,0,0,0,0,0,0,0,0,0
290338,1,1,1990,26,23,41,18,11,12,10,16,19,30
290339,1,1,1990,14,20,7,10,0,14,0,0,0,10
290340,1,1,1990,0,0,0,0,0,0,0,0,0,0
290340,2,1,1990,0,0,0,0,0,0,0,0,0,0
290341,1,1,1990,0,0,0,0,0,0,0,0,0,0
290341,2,1,1990,12,0,0,0,0,0,0,0,0,5
290342,1,1,1990,0,0,0,0,0,0,12,0,0,0
290342,2,1,1990,0,0,0,0,0,0,21,0,0,0
290343,1,1,1990,0,10,0,0,0,0,30,0,20,7
290343,2,1,1990,0,0,22,12,13,0,14,0,15,28
290344,1,1,1990,0,21,0,0,0,0,0,0,0,0
290344,2,1,1990,0,0,0,0,0,0,0,0,0,10
290345,1,1,1990,0,0,0,22,0,0,0,0,0,0
290345,2,1,1990,0,0,0,0,0,0,0,0,0,0
290346,1,1,1990,13,17,15,0,22,15,0,0,9,0
290346,2,1,1990,0,0,9,0,0,0,0,15,4,24
290347,1,1,1990,10,10,10,10,10,10,10,10,10,10
290348,1,1,1990,8,8,8,8,8,8,8,8,8,8
290349,1,1,1990,0,0,0,0,0,0,0,0,0,0
290349,2,1,1990,0,0,9,0,0,0,0,0,0,0
290350,0,1,1990,0,0,0,0,0,0,0,0,0,0
290350,1,1,1990,0,0,0,0,0,0,0,0,0,0
290351,1,1,1990,19,7,26,8,18,22,11,17,0,20
290352,1,1,1990,18,0,0,0,0,0,0,18,19,8
290353,1,1,1990,12,27,0,19,13,20,20,12,15,8
290353,2,1,1990,0,0,0,0,0,0,0,0,0,0
290354,1,1,1990,0,0,0,15,0,0,0,0,0,0
290355,1,1,1990,0,0,0,0,0,0,0,0,0,0
290356,1,1,1990,4,0,0,0,0,0,0,0,11,12
290356,2,1,1990,0,0,0,0,0,0,0,0,0,0
290357,1,1,1990,5,5,5,5,5,5,5,5,5,5
290358,1,1,1990,0,0,0,13,0,0,0,0,0,0
290358,2,1,1990,0,0,0,13,0,0,0,0,0,0
290359,1,1,1990,0,0,0,0,0,0,0,0,0,0
290359,2,1,1990,0,0,0,0,0,0,0,0,0,0
290359,3,1,1990,0,0,0,0,0,0,0,0,0,0
290359,4,1,1990,0,0,0,0,0,0,0,0,0,0
290360,1,1,1990,22,22,22,22,22,22,22,22,22,22
290361,1,1,1990,0,0,0,3,0,0,15,0,0,0
290362,1,1,1990,0,0,17,0,0,16,0,0,0,0
290363,0,1,1990,0,0,0,0,0,0,0,0,0,0
290363,1,1,1990,0,0,0,0,0,0,0,0,0,0
290364,1,1,1990,24,19,16,21,28,15,14,10,35,17
290364,2,1,1990,0,0,0,0,0,0,0,0,0,0
290365,1,1,1990,10,10,10,10,10,10,10,10,10,10
290366,1,1,1990,0,0,0,0,0,0,0,0,0,0
290367,0,1,1990,15,15,15,15,15,15,15,15,15,15
290367,1,1,1990,0,0,0,0,0,17,0,0,0,0
290368,1,1,1990,0,0,0,0,0,0,0,0,0,0
290369,1,1,1990,0,0,0,0,0,0,0,0,0,0
290369,2,1,1990,0,0,0,0,0,0,0,0,0,0
290370,0,1,1990,22,22,22,22,22,22,22,22,22,22
290370,1,1,1990,0,0,0,5,0,9,6,0,0,13
290371,1,1,1990,0,0,0,0,0,0,0,0,9,0
290372,1,1,1990,0,17,8,14,0,22,0,0,0,9
290373,1,1,1990,0,16,0,0,0,0,0,0,0,0
290373,2,1,1990,0,0,0,0,0,0,0,0,0,0
290373,3,1,1990,0,0,0,0,0,0,0,0,0,0
290374,1,1,1990,19,19,19,19,19,19,19,19,19,19
290375,1,1,1990,0,0,0,0,0,0,0,0,0,0
290376,0,1,1990,0,0,0,22,23,0,0,0,15,0
290376,1,1,1990,0,10,0,10,13,7,0,0,0,0
290377,1,1,1990,36,36,36,36,36,36,36,36,36,36
290377,2,1,1990,0,0,0,0,0,0,0,0,0,0
290378,0,1,1990,0,0,0,0,0,0,0,0,0,0
290378,1,1,1990,0,0,0,0,0,0,0,0,0,0
290379,1,1,1990,17,11,13,21,10,23,19,13,12,11
290380,1,1,1990,0,0,0,0,0,0,0,0,0,0
290381,1,1,1990,16,22,29,18,22,19,21,16,10,25
290382,1,1,1990,17,17,17,17,17,17,17,17,17,17
290384,1,1,1990,21,21,21,21,21,21,21,21,21,21
290385,1,1,1990,0,0,0,16,0,0,0,7,0,0
290385,2,1,1990,0,9,22,15,15,0,17,33,6,29
290386,1,1,1990,22,22,22,22,22,22,22,22,22,22
290386,2,1,1990,0,0,23,17,0,0,0,0,0,0
290387,1,1,1990,10,0,18,28,29,18,26,25,19,18
290388,1,1,1990,10,10,10,10,10,10,10,10,10,10
290388,2,1,1990,0,0,0,0,0,0,5,0,0,27
290389,1,1,1990,5,5,5,5,5,5,5,5,5,5
290389,2,1,1990,21,12,22,19,0,6,7,16,0,6
290390,1,1,1990,9,0,35,6,14,0,21,18,0,42
290390,2,1,1990,0,13,0,0,0,0,0,0,17,0
290391,1,1,1990,20,20,20,20,20,20,20,20,20,20
290391,2,1,1990,0,0,0,0,12,0,0,0,0,0
290392,1,1,1990,26,26,26,26,26,26,26,26,26,26
290392,2,1,1990,13,7,0,0,0,7,0,0,0,0
290393,1,1,1990,0,0,0,0,0,0,0,0,0,0
290393,2,1,1990,0,0,0,0,0,0,0,0,0,0
290393,3,1,1990,0,0,0,0,0,0,0,0,0,0
290393,4,1,1990,0,0,0,0,0,0,0,0,0,0
290394,1,1,1990,31,6,0,25,0,0,0,0,0,0
290394,2,1,1990,0,0,0,0,0,0,0,33,15,0
290395,0,1,1990,30,30,30,30,30,30,30,30,30,30
290395,1,1,1990,18,0,9,20,11,0,11,0,14,11
290396,1,1,1990,13,13,13,13,13,13,13,13,13,13
290397,1,1,1990,0,10,11,0,0,0,0,0,0,0
290397,2,1,1990,18,18,18,18,18,18,18,18,18,18
290398,0,1,1990,0,23,0,0,0,0,0,0,0,0
290398,0,2,1990,0,0,0,0,0,0,0,0,0,0
290398,1,1,1990,0,0,0,0,0,0,0,3,0,0
290399,1,1,1990,0,0,0,21,0,11,0,0,0,0
290400,1,1,1990,0,0,0,0,0,7,0,0,0,0
290400,2,1,1990,9,9,9,9,9,9,9,9,9,9
290401,1,1,1990,24,24,24,24,24,24,24,24,24,24
290402,1,1,1990,0,0,0,0,0,0,0,0,0,0
290402,2,1,1990,0,17,21,17,12,0,10,0,0,13
290402,3,1,1990,8,17,18,30,0,0,6,0,0,8
290403,1,1,1990,10,14,14,19,18,21,8,0,18,0
290404,1,1,1990,10,10,10,10,10,10,10,10,10,10
290405,1,1,1990,18,20,6,10,26,8,8,19,22,5
290406,1,1,1990,6,6,6,6,6,6,6,6,6,6
290407,1,1,1990,29,29,29,29,29,29,29,29,29,29
290408,0,1,1990,0,0,0,0,0,0,0,0,0,0
290408,1,1,1990,0,0,0,0,0,0,16,0,0,0
290409,1,1,1990,0,0,0,0,0,0,0,0,0,0
290409,2,1,1990,0,0,0,0,0,0,0,0,0,0
290410,1,1,1990,0,0,0,0,0,0,0,20,11,0
290410,2,1,1990,0,0,0,0,13,12,16,0,14,13
290411,1,1,1990,0,0,0,0,0,0,0,14,0,0
290411,2,1,1990,0,0,0,0,0,0,0,0,0,0
290412,1,1,1990,17,22,27,14,18,16,15,7,16,11
290413,1,1,1990,0,9,0,0,0,20,0,9,22,28
290414,1,1,1990,0,0,0,0,0,0,0,0,0,0
290415,1,1,1990,0,0,0,0,0,0,0,0,0,0
290415,2,1,1990,0,0,0,0,0,0,0,0,0,0
290416,1,1,1990,0,0,0,0,0,0,0,0,0,0
290416,2,1,1990,0,0,19,0,0,0,0,15,0,0
290417,1,1,1990,0,0,0,0,0,0,0,0,0,0
290418,1,1,1990,0,0,0,0,0,0,0,0,0,0
290418,2,1,1990,0,0,0,0,0,0,0,0,0,0
290418,3,1,1990,0,0,0,0,0,0,0,2,0,0
290419,1,1,1990,0,0,15,0,0,0,0,0,0,13
290419,2,1,1990,0,0,0,0,0,0,18,0,0,0
290420,1,1,1990,0,0,0,29,0,0,0,0,6,0
290420,2,1,1990,26,0,31,0,17,0,11,20,15,15
290420,3,1,1990,0,0,0,6,0,0,0,0,0,0
290421,1,1,1990,5,5,5,5,5,5,5,5,5,5
290422,1,1,1990,28,0,0,0,0,0,0,0,0,22
290423,1,1,1990,0,0,0,0,0,0,0,0,0,0
290423,2,1,1990,0,0,0,0,0,0,0,0,0,0
290424,1,1,1990,14,14,14,14,14,14,14,14,14,14
290425,1,1,1990,18,18,18,18,18,18,18,18,18,18
290425,2,1,1990,25,25,25,25,25,25,25,25,25,25
290426,1,1,1990,0,0,0,0,0,0,28,0,0,12
290426,2,1,1990,0,4,0,18,17,15,0,7,28,11
290427,1,1,1990,0,0,0,0,20,11,0,0,0,10
290427,2,1,1990,0,0,0,0,0,0,0,0,0,0
290427,3,1,1990,0,29,0,14,0,0,0,0,0,0
290428,0,1,1990,0,0,0,0,0,0,0,0,0,0
290428,1,1,1990,0,0,0,0,0,0,0,0,0,0
290429,0,1,1990,0,0,0,0,0,0,0,0,0,0
290429,1,1,1990,0,0,0,0,0,0,0,0,0,0
290430,0,1,1990,0,0,0,0,0,0,0,0,0,0
290430,1,1,1990,0,8,0,0,0,0,0,0,13,0
290431,1,1,1990,0,0,0,0,0,0,0,0,0,0
290432,1,1,1990,16,16,16,16,16,16,16,16,16,16
290433,1,1,1990,6,6,6,6,6,6,6,6,6,6
290434,1,1,1990,15,15,15,15,15,15,15,15,15,15
290435,1,1,1990,0,0,0,0,0,0,0,0,0,0
290435,2,1,1990,0,0,0,11,0,0,0,0,0,12
290436,1,1,1990,27,27,27,27,27,27,27,27,27,27
290437,1,1,1990,0,0,0,0,0,0,0,0,0,0
290437,2,1,1990,0,13,0,0,0,0,0,0,0,0
290438,1,1,1990,0,0,0,0,0,0,0,0,0,0
290439,1,1,1990,0,0,0,0,0,0,0,0,0,0
290440,1,1,1990,21,21,21,21,21,21,21,21,21,21
290440,2,1,1990,0,0,0,0,0,0,0,0,0,0
290440,3,1,1990,0,0,0,9,0,0,0,0,0,0
290441,1,1,1990,17,15,28,14,31,23,25,17,23,16
290442,0,1,1990,38,40,25,25,19,28,26,20,17,4
290442,1,1,1990,0,0,0,0,0,0,0,0,0,0
290443,1,1,1990,4,4,4,4,4,4,4,4,4,4
290444,1,1,1990,17,30,21,23,28,23,28,21,12,18
290445,1,1,1990,16,9,18,23,15,47,24,4,33,18
290447,1,1,1990,12,0,14,3,17,12,38,0,13,0
290448,1,1,1990,0,0,14,0,0,0,0,0,0,22
290448,2,1,1990,8,0,0,22,13,0,18,0,14,0
290448,3,1,1990,0,28,0,0,0,7,0,0,0,0
290449,1,1,1990,18,18,18,18,18,18,18,18,18,18
290450,1,1,1990,25,25,25,25,25,25,25,25,25,25
290451,1,1,1990,1,1,1,1,1,1,1,1,1,1
290452,1,1,1990,0,0,0,0,0,0,0,0,0,0
290452,2,1,1990,9,0,0,0,0,0,0,0,0,0
290452,3,1,1990,0,0,0,0,0,0,0,0,0,0
290453,1,1,1990,0,16,14,39,0,0,16,14,4,0
290454,1,1,1990,13,13,13,13,13,13,13,13,13,13
290454,2,1,1990,0,0,0,0,0,0,0,0,0,0
290455,1,1,1990,0,0,0,0,0,7,0,0,0,0
290455,2,1,1990,0,0,0,0,0,0,0,0,0,0
290456,1,1,1990,0,0,5,0,0,0,13,8,10,12
290457,1,1,1990,0,0,0,0,0,0,0,0,0,0
290458,1,1,1990,0,0,0,0,0,0,0,0,0,0
290459,1,1,1990,0,0,0,0,0,0,0,0,0,0
290459,2,1,1990,0,0,0,0,0,0,0,0,0,0
290460,1,1,1990,0,19,0,0,14,19,0,0,0,15
290461,1,1,1990,0,0,0,0,0,0,0,0,0,0
290462,1,1,1990,0,0,0,0,0,0,0,0,0,0
290463,1,1,1990,19,0,27,6,12,31,0,22,0,0
290463,2,1,1990,0,0,0,5,0,0,0,0,0,5
290464,1,1,1990,15,12,0,0,0,0,0,0,0,0
290464,2,1,1990,23,0,0,0,0,0,0,19,0,0
290465,1,1,1990,22,14,19,21,0,24,0,33,11,22
290466,1,1,1990,5,5,5,5,5,5,5,5,5,5
290466,2,1,1990,0,0,0,0,0,0,0,0,0,0
290467,1,1,1990,4,0,16,0,16,11,0,0,0,0
290467,2,1,1990,0,17,0,28,0,0,0,0,5,0
290468,1,1,1990,14,12,11,29,6,7,15,7,13,10
290469,1,1,1990,0,0,0,0,0,0,0,0,0,0
290469,2,1,1990,0,0,14,9,0,0,0,9,25,0
290470,1,1,1990,0,0,0,0,0,0,0,0,0,0
290471,1,1,1990,0,0,11,14,7,0,0,14,25,0
290471,2,1,1990,0,11,9,0,15,11,18,7,0,0
290472,1,1,1990,24,24,24,24,24,24,24,24,24,24
290473,1,1,1990,8,8,8,8,8,8,8,8,8,8
290474,1,1,1990,32,0,5,9,29,19,10,5,32,8
290475,1,1,1990,17,22,7,0,0,17,23,16,25,12
290476,1,1,1990,19,12,24,16,11,11,3,24,8,12
290477,1,1,1990,0,0,0,0,0,0,0,0,0,0
290477,2,1,1990,0,0,0,10,0,0,0,0,0,0
290478,1,1,1990,0,0,0,0,0,0,0,0,0,0
290479,1,1,1990,26,26,26,26,26,26,26,26,26,26
290480,1,1,1990,23,0,9,7,19,14,11,16,9,18
290480,2,1,1990,0,0,0,0,0,0,0,0,0,0
290481,1,1,1990,0,0,0,0,0,0,0,0,0,0
290481,2,1,1990,0,0,0,0,0,0,0,0,0,0
290482,0,1,1990,0,0,0,0,0,0,0,0,0,0
290482,1,1,1990,0,0,0,0,0,0,0,0,0,0
290483,1,1,1990,0,0,0,0,0,0,0,0,0,0
290484,1,1,1990,21,21,21,21,21,21,21,21,21,21
290485,1,1,1990,9,11,9,20,16,12,32,12,12,12
290486,1,1,1990,0,0,0,0,0,0,0,0,0,0
290486,2,1,1990,0,0,0,0,0,0,0,0,0,0
290486,3,1,1990,0,30,13,0,18,0,0,0,0,0
290487,1,1,1990,16,16,16,16,16,16,16,16,16,16
290487,2,1,1990,0,0,10,0,0,0,0,0,0,0
290488,1,1,1990,0,0,0,0,0,0,0,0,0,0
290488,2,1,1990,0,0,0,0,0,0,0,0,0,0
290489,0,1,1990,20,0,23,9,9,0,8,0,0,22
290489,1,1,1990,0,25,0,9,0,0,0,0,19,10
290490,1,1,1990,30,26,9,31,9,14,11,19,19,14
290491,1,1,1990,22,22,22,22,22,22,22,22,22,22
290491,2,1,1990,0,0,0,0,0,3,0,0,0,0
290492,1,1,1990,0,0,9,0,0,0,29,0,0,0
290492,2,1,1990,0,0,0,0,0,0,0,0,0,0
290493,1,1,1990,24,9,24,35,20,11,9,0,13,11
290494,1,1,1990,10,10,10,10,10,10,10,10,10,10
290495,1,1,1990,21,0,0,0,0,0,5,0,27,0
290496,1,1,1990,9,0,0,0,29,6,0,6,0,0
290496,2,1,1990,0,0,0,0,0,0,0,0,0,0
290497,1,1,1990,0,0,0,0,0,0,0,0,0,0
290498,1,1,1990,21,10,10,6,23,15,25,12,11,25
290499,0,1,1990,0,0,0,0,0,0,0,0,0,0
290499,1,1,1990,0,0,0,10,0,0,0,0,0,0
290500,1,1,1990,0,0,0,0,0,0,0,0,0,0
290500,2,1,1990,0,0,0,0,16,0,0,0,0,0
290501,1,1,1990,0,11,18,0,23,0,12,4,0,4
290502,1,1,1990,19,12,8,36,7,3,19,10,19,27
290503,1,1,1990,2,2,2,2,2,2,2,2,2,2
290504,1,1,1990,11,18,39,11,0,8,10,10,0,9
290504,2,1,1990,29,29,29,29,29,29,29,29,29,29
290505,1,1,1990,5,0,0,0,0,0,17,0,0,0
290505,2,1,1990,0,0,0,0,0,0,0,0,0,0
290506,1,1,1990,0,0,0,0,0,0,0,0,0,0
290506,2,1,1990,0,0,0,0,0,0,0,0,0,0
290507,1,1,1990,0,0,0,0,0,0,0,0,5,0
290507,2,1,1990,0,0,9,14,0,0,0,0,0,6
290508,1,1,1990,17,17,17,17,17,17,17,17,17,17
290509,1,1,1990,0,0,0,0,0,0,0,0,0,0
290511,1,1,1990,0,0,0,0,3,0,0,0,0,4
290512,1,1,1990,0,0,0,0,0,0,0,0,0,0
290512,2,1,1990,0,9,11,0,0,0,23,0,0,0
290513,1,1,1990,15,14,10,11,32,14,0,8,8,11
290514,1,1,1990,7,0,11,0,0,0,0,0,0,0
290514,2,1,1990,0,0,0,0,0,0,0,0,0,0
290515,1,1,1990,4,18,29,14,23,20,23,18,16,15
290515,2,1,1990,0,0,0,0,0,0,0,0,0,0
290516,1,1,1990,0,0,0,0,0,0,0,0,0,0
290517,1,1,1990,0,0,0,0,0,0,0,0,0,0
290518,1,1,1990,0,0,0,0,0,0,0,0,0,0
290518,2,1,1990,0,0,0,0,0,0,0,0,0,0
290519,1,1,1990,0,0,0,0,0,0,0,0,0,0
290520,1,1,1990,21,12,0,13,0,6,21,18,0,12
290520,2,1,1990,0,0,0,0,0,0,0,0,0,13
290521,1,1,1990,11,15,0,14,0,0,14,11,6,33
290521,2,1,1990,28,0,13,41,0,28,25,0,0,0
290522,1,1,1990,0,0,0,0,0,0,0,0,0,0
290523,1,1,1990,24,24,24,24,24,24,24,24,24,24
290524,1,1,1990,17,17,17,17,17,17,17,17,17,17
290525,1,1,1990,24,28,19,15,23,12,17,25,17,25
290525,2,1,1990,0,0,0,0,0,0,0,0,0,0
290526,1,1,1990,0,0,0,0,18,8,0,0,0,10
290527,1,1,1990,0,0,0,0,16,0,0,0,0,0
290527,2,1,1990,0,0,0,0,0,0,0,0,0,0
290528,1,1,1990,21,21,21,21,21,21,21,21,21,21
290529,1,1,1990,0,0,0,13,2,0,0,0,0,13
290530,1,1,1990,0,0,23,0,0,0,0,0,0,0
290530,2,1,1990,0,0,0,0,0,0,0,0,0,0
290531,1,1,1990,31,31,31,31,31,31,31,31,31,31
290532,1,1,1990,0,0,10,0,0,0,0,0,0,0
290533,1,1,1990,0,0,0,0,0,0,0,0,0,0
290534,0,1,1990,0,0,0,0,0,0,0,0,32,0
290534,1,1,1990,0,0,0,0,0,0,0,0,0,0
290535,1,1,1990,19,0,0,15,0,14,3,0,0,0
290535,2,1,1990,17,26,12,19,2,0,13,0,12,13
290536,1,1,1990,0,0,0,0,0,0,0,0,0,0
290537,1,1,1990,0,0,0,0,0,0,0,0,0,0
290538,1,1,1990,10,0,0,0,26,14,0,0,0,0
290538,2,1,1990,13,0,0,0,0,0,14,0,0,0
290539,1,1,1990,0,0,0,0,0,0,0,0,0,0
290540,0,1,1990,0,8,10,15,0,8,8,39,5,0
290540,1,1,1990,0,0,0,0,29,0,0,0,0,29
290541,1,1,1990,0,0,0,0,0,0,0,0,0,0
290541,2,1,1990,0,0,0,0,0,0,8,0,0,0
290541,3,1,1990,0,0,0,10,0,0,0,0,0,0
290542,0,1,1990,0,0,0,0,0,0,0,0,0,0
290542,1,1,1990,0,0,0,0,0,0,0,0,0,0
290543,1,1,1990,0,0,0,0,0,0,0,0,0,0
290543,2,1,1990,0,0,0,0,0,0,0,0,0,0
290544,1,1,1990,15,0,0,0,10,0,0,0,11,0
290544,2,1,1990,0,0,0,0,0,0,0,0,0,0
290545,1,1,1990,0,0,0,0,0,0,0,0,0,0
290546,1,1,1990,0,0,0,0,0,0,0,0,0,0
290546,2,1,1990,9,8,24,31,12,6,13,24,2,6
290547,1,1,1990,0,0,0,0,0,0,0,0,0,0
290547,2,1,1990,20,18,0,0,0,0,0,15,0,13
290548,1,1,1990,0,0,0,0,0,0,0,0,0,0
290548,2,1,1990,0,0,26,0,0,0,0,0,0,0
290549,1,1,1990,17,11,12,31,20,16,14,9,9,18
290550,1,1,1990,2,14,10,0,10,0,8,0,22,21
290550,2,1,1990,14,19,7,0,18,11,9,9,14,23
290551,1,1,1990,0,23,0,0,6,0,0,2,0,12
290552,0,1,1990,19,19,19,19,19,19,19,19,19,19
290552,1,1,1990,15,8,0,0,0,0,20,26,10,0
290553,1,1,1990,16,16,16,16,16,16,16,16,16,16
290554,1,1,1990,11,11,11,11,11,11,11,11,11,11
290555,2,1,1990,0,0,0,0,0,0,0,0,0,0
290556,1,1,1990,14,20,19,27,20,8,21,11,14,7
290557,1,1,1990,21,0,0,0,0,0,0,0,0,0
290557,2,1,1990,0,0,0,0,0,10,24,22,0,0
290558,1,1,1990,32,7,10,0,16,9,22,16,0,14
290559,1,1,1990,11,0,0,0,0,0,0,0,0,0
290559,2,1,1990,0,0,0,21,3,0,0,0,0,0
290560,1,1,1990,0,0,0,0,0,0,0,0,0,0
290560,2,1,1990,0,0,0,0,0,0,0,0,0,0
290561,1,1,1990,29,4,11,8,22,30,27,36,18,13
290562,1,1,1990,29,14,11,16,24,4,18,30,26,5
290563,0,1,1990,0,0,0,0,0,0,0,0,0,0
290563,1,1,1990,0,0,0,0,0,0,0,0,0,0
290564,1,1,1990,0,0,0,0,0,0,0,0,0,0
290565,1,1,1990,0,0,0,0,0,0,0,0,0,0
290566,1,1,1990,13,13,13,13,13,13,13,13,13,13
290566,2,1,1990,24,19,0,0,14,15,22,23,15,0
290567,1,1,1990,14,14,0,13,8,0,0,2,0,15
290568,1,1,1990,0,0,21,0,0,0,3,0,8,13
290568,2,1,1990,10,19,6,35,18,3,16,9,11,8
290569,0,1,1990,9,9,9,9,9,9,9,9,9,9
290569,0,2,1990,17,2,23,26,12,25,0,0,11,0
290569,0,3,1990,0,0,0,12,0,0,16,13,0,0
290569,1,1,1990,24,24,24,24,24,24,24,24,24,24
290570,1,1,1990,18,18,18,18,18,18,18,18,18,18
290571,1,1,1990,20,20,20,20,20,20,20,20,20,20
290572,1,1,1990,0,0,0,0,0,0,0,0,0,0
290572,2,1,1990,0,0,0,0,0,0,0,0,0,0
290573,1,1,1990,0,0,0,0,6,0,0,0,0,0
290573,2,1,1990,2,2,2,2,2,2,2,2,2,2
290574,1,1,1990,19,19,19,19,19,19,19,19,19,19
290575,1,1,1990,26,26,26,26,26,26,26,26,26,26
290576,1,1,1990,16,16,16,16,16,16,16,16,16,16
290576,2,1,1990,3,0,0,0,0,0,0,0,0,0
290577,1,1,1990,23,0,28,9,21,34,19,7,13,19
290578,1,1,1990,0,0,0,0,0,0,0,0,0,0
290578,2,1,1990,0,19,17,0,0,0,32,0,0,0
290579,1,1,1990,26,26,26,26,26,26,26,26,26,26
290581,1,1,1990,30,3,24,5,10,20,19,12,11,22
290582,1,1,1990,0,0,0,0,0,0,0,0,0,0
290583,1,1,1990,28,0,0,14,0,25,0,16,0,0
290584,1,1,1990,0,0,0,0,0,13,0,0,0,0
290584,2,1,1990,0,4,0,0,0,0,0,0,0,0