ST_CASE,VEH_NO,PER_NO,YEAR,P1,P2,P3,P4,P5,P6,P7,P8,P9,P10
290584,3,1,1990,0,0,30,0,0,0,0,0,0,0
290585,1,1,1990,0,0,0,0,0,0,0,0,0,0
290585,2,1,1990,0,0,0,0,0,0,0,0,0,0
290586,0,1,1990,0,0,0,0,0,0,0,0,0,0
290586,1,1,1990,0,0,0,0,0,0,0,17,12,7
290587,1,1,1990,21,16,0,43,12,24,20,19,0,22
290588,1,1,1990,16,16,16,16,16,16,16,16,16,16
290589,1,1,1990,15,15,15,15,15,15,15,15,15,15
290590,1,1,1990,0,0,0,0,18,0,0,0,0,0
290592,1,1,1990,0,0,0,0,0,11,0,0,0,0
290592,2,1,1990,2,2,2,2,2,2,2,2,2,2
290593,0,1,1990,17,17,17,17,17,17,17,17,17,17
290593,1,1,1990,0,0,0,0,0,6,0,0,0,0
290594,1,1,1990,0,0,0,0,0,0,0,0,0,0
290594,2,1,1990,0,0,0,13,0,0,10,0,0,0
290595,1,1,1990,32,25,17,0,5,0,5,22,0,23
290596,1,1,1990,29,16,11,19,15,16,4,6,0,15
290596,2,1,1990,0,0,0,0,0,0,0,0,0,0
290597,0,1,1990,0,0,0,0,0,0,0,0,0,0
290597,1,1,1990,0,11,17,0,0,0,15,0,0,0
290598,1,1,1990,11,5,11,7,0,10,0,0,17,14
290599,1,1,1990,0,0,0,0,0,0,0,0,0,0
290600,1,1,1990,13,13,13,13,13,13,13,13,13,13
290601,1,1,1990,0,0,0,0,0,0,0,6,23,0
290601,2,1,1990,0,0,0,0,0,0,0,0,0,0
290602,1,1,1990,4,4,4,4,4,4,4,4,4,4
290603,1,1,1990,20,0,15,7,10,17,24,5,17,16
290604,1,1,1990,1,1,1,1,1,1,1,1,1,1
290604,2,1,1990,0,0,0,0,0,0,0,0,0,0
290605,1,2,1990,26,0,20,0,19,18,24,9,15,21
290606,1,1,1990,0,0,0,0,0,0,0,0,0,0
290606,2,1,1990,0,0,0,0,0,0,0,0,0,0
290607,1,1,1990,15,15,15,15,15,15,15,15,15,15
290608,1,1,1990,16,16,16,16,16,16,16,16,16,16
290609,1,1,1990,0,0,0,0,0,0,0,0,0,0
290609,2,1,1990,0,0,0,0,0,14,0,0,0,0
290610,1,1,1990,12,12,12,12,12,12,12,12,12,12
290610,2,1,1990,0,0,9,0,0,0,0,0,0,19
290611,1,1,1990,17,17,17,17,17,17,17,17,17,17
290611,2,1,1990,15,13,9,0,0,0,6,0,0,5
290612,1,1,1990,36,19,20,9,20,10,23,23,12,33
290613,0,1,1990,0,0,0,0,0,0,0,0,0,0
290613,1,1,1990,26,14,0,24,6,18,5,27,14,8
290614,1,1,1990,33,33,33,33,33,33,33,33,33,33
290615,1,1,1990,19,15,8,18,21,28,8,22,17,23
290615,2,1,1990,0,0,19,0,0,0,0,9,0,0
290615,3,1,1990,0,0,0,0,0,0,0,0,0,0
290616,1,1,1990,0,0,0,0,0,0,0,0,0,0
290617,1,1,1990,13,0,17,19,16,5,0,16,28,23
290617,2,1,1990,5,0,15,23,0,19,0,0,15,0
290618,1,1,1990,24,0,20,0,20,0,0,0,0,10
290618,2,1,1990,1,1,1,1,1,1,1,1,1,1
290619,1,1,1990,23,32,0,12,37,22,26,30,21,21
290620,1,1,1990,22,16,22,0,0,20,0,0,0,13
290621,1,1,1990,0,16,7,0,0,0,0,0,0,18
290621,2,1,1990,0,0,0,0,0,7,0,0,0,0
290622,1,1,1990,28,28,28,28,28,28,28,28,28,28
290623,1,1,1990,32,32,32,32,32,32,32,32,32,32
290624,1,1,1990,15,15,15,15,15,15,15,15,15,15
290625,1,1,1990,18,18,18,18,18,18,18,18,18,18
290626,1,1,1990,0,0,0,0,0,0,0,0,0,0
290626,2,1,1990,6,0,0,0,0,0,0,0,0,0
290627,0,1,1990,0,0,0,0,0,0,0,0,0,0
290627,1,1,1990,0,0,0,0,0,0,0,0,0,0
290628,1,1,1990,0,0,0,0,0,0,0,0,0,0
290628,2,1,1990,0,0,0,0,0,0,0,0,0,0
290629,1,1,1990,0,0,16,0,0,0,0,23,0,0
290630,1,1,1990,0,0,0,16,0,0,10,0,0,0
290631,1,1,1990,0,0,0,0,0,0,0,0,0,17
290631,2,1,1990,0,0,0,0,0,0,0,0,0,0
290631,3,1,1990,0,0,0,15,0,0,0,0,0,0
290632,1,1,1990,0,0,0,0,0,0,0,0,0,0
290632,2,1,1990,2,2,2,2,2,2,2,2,2,2
290633,1,1,1990,21,21,21,21,21,21,21,21,21,21
290634,1,1,1990,10,3,9,6,12,0,3,12,19,0
290635,1,1,1990,0,0,0,0,0,0,0,0,0,0
290635,2,1,1990,0,0,0,3,14,0,0,23,11,0
290636,1,1,1990,0,0,0,0,0,0,0,0,0,0
290637,1,1,1990,18,18,18,18,18,18,18,18,18,18
290637,2,1,1990,0,0,0,0,0,0,0,0,0,0
290638,0,1,1990,0,0,11,15,0,19,10,0,0,26
290638,1,1,1990,0,0,0,0,0,0,0,0,0,0
290639,0,1,1990,0,0,0,0,0,0,0,0,0,0
290639,1,1,1990,0,16,20,22,0,15,39,12,6,6
290640,1,1,1990,0,0,0,0,0,0,8,13,0,0
290640,2,1,1990,0,0,0,0,0,0,0,0,0,0
290641,0,1,1990,26,26,26,26,26,26,26,26,26,26
290641,1,1,1990,0,17,0,0,11,0,0,0,0,0
290642,1,1,1990,0,0,0,0,0,0,0,0,0,0
290643,1,1,1990,0,0,0,0,0,0,0,0,0,0
290644,0,1,1990,27,41,0,48,23,26,19,19,27,19
290644,1,1,1990,23,0,0,0,0,0,0,0,0,6
290645,1,1,1990,0,0,0,0,0,0,0,10,0,0
290645,2,1,1990,0,0,0,0,0,0,0,0,0,0
290646,1,1,1990,0,0,0,0,0,0,0,0,0,0
290646,2,1,1990,0,0,0,0,24,0,0,0,0,0
290647,1,1,1990,15,0,24,20,26,34,0,23,9,19
290648,1,1,1990,13,0,11,15,12,3,13,22,7,23
290649,1,1,1990,14,14,14,14,14,14,14,14,14,14
290650,1,1,1990,5,5,5,5,5,5,5,5,5,5
290651,1,1,1990,22,0,0,0,0,0,0,12,0,0
290652,1,1,1990,0,0,0,0,0,0,0,0,0,0
290653,1,1,1990,25,25,25,25,25,25,25,25,25,25
290654,1,1,1990,14,14,14,14,14,14,14,14,14,14
290655,1,1,1990,0,28,0,0,0,0,0,0,0,12
290655,2,1,1990,25,15,18,10,0,15,4,10,11,12
290656,0,1,1990,31,31,31,31,31,31,31,31,31,31
290656,1,1,1990,0,0,0,0,0,0,0,0,0,0
290656,2,1,1990,0,0,0,0,0,0,0,0,0,0
290657,1,1,1990,0,0,0,0,0,0,0,0,0,0
290657,2,1,1990,0,0,0,0,0,0,0,0,0,0
290657,3,1,1990,0,0,0,0,0,0,0,0,0,0
290657,4,1,1990,0,0,0,0,0,0,0,0,0,0
290658,1,1,1990,0,0,0,0,0,0,0,0,0,0
290659,1,1,1990,0,0,0,0,0,0,0,0,0,0
290660,1,1,1990,0,0,0,0,0,0,0,0,0,0
290660,2,1,1990,14,36,19,0,13,16,17,11,31,17
290661,1,1,1990,28,28,28,28,28,28,28,28,28,28
290662,1,1,1990,0,0,0,0,0,0,0,0,0,0
290663,1,1,1990,0,0,0,0,0,0,4,0,0,0
290663,2,1,1990,0,0,0,0,6,0,0,9,0,0
290663,3,1,1990,0,0,0,0,0,0,0,0,0,0
290664,1,1,1990,0,0,0,0,9,0,0,0,0,0
290665,1,1,1990,0,0,0,0,0,0,0,0,0,0
290665,2,1,1990,0,0,0,0,0,0,0,0,0,0
290666,1,1,1990,31,31,31,31,31,31,31,31,31,31
290667,1,1,1990,20,20,20,20,20,20,20,20,20,20
290668,1,1,1990,0,0,0,0,0,0,0,0,0,0
290668,2,1,1990,0,0,0,0,0,0,0,0,0,0
290669,1,1,1990,6,6,6,6,6,6,6,6,6,6
290669,2,1,1990,0,0,0,0,0,0,0,27,0,0
290670,1,1,1990,7,21,22,16,10,33,20,23,17,16
290671,1,1,1990,25,17,21,11,16,15,24,9,18,20
290672,1,1,1990,33,33,33,33,33,33,33,33,33,33
290673,1,1,1990,20,20,20,20,20,20,20,20,20,20
290674,1,1,1990,25,16,12,22,17,27,24,30,26,0
290674,2,1,1990,3,3,3,3,3,3,3,3,3,3
290675,1,1,1990,0,0,0,0,0,0,0,0,0,0
290676,1,1,1990,0,0,0,0,0,0,0,0,0,0
290676,2,1,1990,0,0,0,0,0,0,0,0,0,0
290677,1,1,1990,1,1,1,1,1,1,1,1,1,1
290678,1,1,1990,10,10,10,10,10,10,10,10,10,10
290679,1,1,1990,41,18,20,24,20,23,24,15,23,17
290679,2,1,1990,0,0,0,0,0,0,0,0,0,0
290680,1,1,1990,3,19,17,26,10,9,11,29,22,20
290681,1,1,1990,0,0,0,0,0,0,0,0,0,0
290682,1,1,1990,0,0,0,0,0,0,0,0,0,0
290682,2,1,1990,0,0,0,0,0,0,0,0,0,0
290683,1,1,1990,0,0,0,0,0,0,0,0,0,0
290683,2,1,1990,0,15,0,0,0,0,0,0,15,0
290684,1,1,1990,0,5,0,17,10,0,0,0,0,0
290684,2,1,1990,15,0,0,4,0,0,12,7,0,0
290685,1,1,1990,0,26,0,10,0,22,23,0,4,6
290685,2,1,1990,15,15,15,15,15,15,15,15,15,15
290686,1,1,1990,0,0,0,0,0,0,0,0,0,0
290686,2,1,1990,0,0,0,0,0,0,13,0,0,0
290686,3,1,1990,0,0,0,0,0,0,0,0,0,0
290686,4,1,1990,0,0,0,0,0,0,0,0,0,0
290686,5,1,1990,0,0,0,0,0,0,0,0,0,0
290686,6,1,1990,0,0,0,0,0,0,0,0,0,13
290686,7,1,1990,0,0,0,0,0,0,0,0,0,0
290687,1,1,1990,0,0,0,0,0,0,0,0,0,0
290687,2,1,1990,0,0,0,0,0,0,0,0,0,0
290687,3,1,1990,0,8,0,0,0,0,0,0,0,0
290688,1,1,1990,0,0,0,0,0,0,0,0,0,0
290688,2,1,1990,0,0,0,0,0,0,0,0,0,0
290689,1,1,1990,0,0,0,0,0,0,0,0,0,0
290690,1,1,1990,0,0,0,0,0,0,0,0,0,0
290691,1,1,1990,0,0,0,0,14,0,0,0,0,0
290691,2,1,1990,35,35,35,35,35,35,35,35,35,35
290692,1,1,1990,24,24,24,24,24,24,24,24,24,24
290693,1,1,1990,9,25,23,0,2,0,19,0,0,0
290693,2,1,1990,13,13,13,13,13,13,13,13,13,13
290693,3,1,1990,19,19,19,19,19,19,19,19,19,19
290694,1,1,1990,9,9,9,9,9,9,9,9,9,9
290695,1,1,1990,5,5,5,5,5,5,5,5,5,5
290696,1,1,1990,0,0,0,0,0,0,0,0,0,0
290696,2,1,1990,0,0,0,0,0,0,0,0,0,0
290696,3,1,1990,0,0,0,0,0,0,0,11,0,0
290697,1,1,1990,0,0,0,0,4,0,0,0,0,0
290697,2,1,1990,0,0,0,0,0,0,0,0,0,0
290697,3,1,1990,0,0,0,0,0,0,0,0,0,0
290697,4,1,1990,0,0,0,0,0,0,0,0,0,0
290698,1,1,1990,23,23,23,23,23,23,23,23,23,23
290698,2,1,1990,0,0,0,0,0,0,0,0,0,0
290699,1,1,1990,22,22,22,22,22,22,22,22,22,22
290699,2,1,1990,0,0,0,0,0,0,0,0,0,0
290700,1,1,1990,20,20,11,17,19,19,7,4,28,26
290701,1,1,1990,14,24,13,5,8,18,12,8,12,11
290702,1,1,1990,0,0,0,0,0,0,0,0,0,0
290702,2,1,1990,0,0,0,0,0,0,0,0,0,0
290703,1,1,1990,0,0,0,0,0,0,0,0,0,0
290704,1,1,1990,0,0,0,0,0,0,0,0,0,0
290705,1,1,1990,0,0,0,0,0,0,18,0,0,0
290706,1,1,1990,11,11,11,11,11,11,11,11,11,11
290706,2,1,1990,0,18,0,16,0,25,0,11,0,0
290707,1,1,1990,28,28,28,28,28,28,28,28,28,28
290708,0,1,1990,0,0,0,0,0,0,0,0,0,0
290708,1,1,1990,0,0,0,0,0,0,0,0,0,0
290708,2,1,1990,0,0,24,0,0,0,0,0,0,15
290709,1,1,1990,5,5,5,5,5,5,5,5,5,5
290710,1,1,1990,32,32,32,32,32,32,32,32,32,32
290710,2,1,1990,0,0,19,0,0,0,0,0,0,0
290711,1,1,1990,0,18,25,15,14,19,0,11,0,18
290711,2,1,1990,0,0,15,0,3,0,0,0,0,0
290712,1,1,1990,0,0,0,0,0,0,0,0,0,0
290712,2,1,1990,0,23,0,16,6,0,0,0,22,0
290713,1,1,1990,20,0,0,0,0,0,0,0,0,0
290713,2,1,1990,3,3,3,3,3,3,3,3,3,3
290714,1,1,1990,0,0,0,11,0,0,0,0,0,0
290714,2,1,1990,0,0,0,0,0,0,0,0,0,0
290715,1,1,1990,10,0,51,10,7,12,23,7,5,8
290715,2,1,1990,0,0,0,0,0,0,0,0,0,0
290716,1,1,1990,14,5,21,19,15,3,3,10,5,5
290716,2,1,1990,0,14,0,0,0,0,0,0,12,12
290716,3,1,1990,0,0,0,9,15,19,0,0,0,9
290717,0,1,1990,22,22,22,22,22,22,22,22,22,22
290717,2,1,1990,11,15,11,0,15,10,16,17,17,13
290718,1,1,1990,6,6,6,6,6,6,6,6,6,6
290719,1,1,1990,15,11,13,0,0,0,0,0,9,6
290719,2,1,1990,0,8,0,5,0,0,22,27,20,0
290719,3,1,1990,0,0,10,0,0,0,24,0,0,18
290720,1,1,1990,20,20,20,20,20,20,20,20,20,20
290721,1,1,1990,0,0,0,0,0,0,0,0,0,0
290722,1,1,1990,28,28,28,28,28,28,28,28,28,28
290722,2,1,1990,0,0,0,0,0,0,0,0,0,0
290723,0,1,1990,19,19,19,19,19,19,19,19,19,19
290723,1,1,1990,29,0,0,0,0,0,0,0,0,0
290724,1,1,1990,0,0,0,12,0,0,0,6,0,0
290724,2,1,1990,0,0,0,0,0,0,0,0,0,0
290725,0,1,1990,16,16,16,16,16,16,16,16,16,16
290725,1,1,1990,0,0,0,0,0,0,1,0,0,0
290726,1,1,1990,0,28,0,0,0,23,0,0,0,0
290727,1,1,1990,0,0,0,11,0,0,23,0,0,0
290727,2,1,1990,0,0,0,0,0,0,0,20,0,0
290728,1,1,1990,0,0,0,0,0,0,0,0,0,0
290729,1,1,1990,0,4,7,6,0,0,0,0,0,0
290730,0,1,1990,0,0,0,0,0,0,0,0,0,0
290730,1,1,1990,0,3,0,16,19,12,0,0,24,2
290731,1,1,1990,15,18,11,7,25,4,0,0,18,7
290731,2,1,1990,4,14,22,10,19,21,5,21,8,22
290732,1,1,1990,10,10,10,10,10,10,10,10,10,10
290733,1,1,1990,20,20,20,20,20,20,20,20,20,20
290734,0,1,1990,28,28,28,28,28,28,28,28,28,28
290734,1,1,1990,0,0,0,0,0,0,0,0,0,0
290735,1,1,1990,18,18,18,18,18,18,18,18,18,18
290735,2,1,1990,31,17,5,15,7,28,10,8,39,12
290736,1,1,1990,24,24,24,24,24,24,24,24,24,24
290737,1,1,1990,12,34,14,15,17,32,13,23,11,14
290738,1,1,1990,0,0,0,0,0,0,0,0,0,0
290739,1,1,1990,26,27,20,0,12,0,6,22,0,24
290739,2,1,1990,0,0,0,0,0,0,0,0,0,0
290739,3,1,1990,28,7,0,0,15,0,0,0,0,0
290740,1,1,1990,8,15,30,0,21,0,10,25,0,0
290741,1,1,1990,17,17,17,17,17,17,17,17,17,17
290742,1,1,1990,14,21,4,0,10,0,12,12,15,0
290743,0,1,1990,19,19,19,19,19,19,19,19,19,19
290743,1,1,1990,0,25,0,0,0,13,12,0,0,25
290743,2,1,1990,0,11,0,4,0,29,0,16,0,16
290744,0,1,1990,20,20,20,20,20,20,20,20,20,20
290744,1,1,1990,0,0,0,0,0,0,0,0,0,0
290745,1,1,1990,0,0,0,12,0,0,0,17,8,0
290745,2,1,1990,0,0,0,0,0,0,0,0,0,0
290746,1,1,1990,13,13,13,13,13,13,13,13,13,13
290747,1,1,1990,22,22,22,22,22,22,22,22,22,22
290747,2,1,1990,0,0,0,0,0,0,0,6,0,0
290748,1,1,1990,12,12,0,16,10,5,14,16,17,15
290748,2,1,1990,0,0,0,0,0,0,0,7,0,0
290749,1,1,1990,15,13,13,27,13,16,6,7,0,17
290750,1,1,1990,0,0,0,0,0,0,0,0,0,0
290750,2,1,1990,0,0,0,0,0,0,0,0,0,0
290751,1,1,1990,0,0,0,0,16,18,0,0,0,0
290751,2,1,1990,22,0,0,0,9,15,0,0,0,38
290752,0,1,1990,0,0,0,0,0,0,0,0,0,0
290752,1,1,1990,0,0,0,0,0,0,0,0,0,0
290753,1,1,1990,0,0,0,0,0,0,0,0,0,0
290753,2,1,1990,4,4,4,4,4,4,4,4,4,4
290754,1,1,1990,27,0,0,9,0,22,13,10,0,19
290755,1,1,1990,21,21,21,21,21,21,21,21,21,21
290756,1,1,1990,0,0,0,0,0,0,0,0,0,0
290757,0,1,1990,18,18,18,18,18,18,18,18,18,18
290757,1,1,1990,0,0,10,20,0,17,0,10,0,0
290758,1,1,1990,0,0,26,6,0,0,0,11,0,11
290758,2,1,1990,0,0,0,0,0,0,0,0,0,0
290759,1,1,1990,0,0,12,0,0,0,0,0,0,0
290759,2,1,1990,0,0,0,0,0,0,0,0,0,0
290760,1,1,1990,0,0,0,0,0,0,0,0,21,0
290760,2,1,1990,0,0,0,0,0,0,0,0,0,0
290760,3,1,1990,0,0,26,0,0,0,0,0,0,0
290761,1,1,1990,0,0,0,0,0,0,0,0,0,0
290761,2,1,1990,0,0,0,0,0,0,0,0,0,0
290762,1,1,1990,0,0,0,0,0,0,0,0,0,0
290762,2,1,1990,0,7,0,0,0,0,0,0,24,0
290763,1,1,1990,0,0,0,14,0,0,22,0,0,0
290763,2,1,1990,0,0,0,0,0,0,0,0,0,0
290763,3,1,1990,0,0,0,0,0,0,0,0,0,0
290764,1,1,1990,21,13,19,20,19,14,20,25,4,5
290764,2,1,1990,0,0,0,0,0,0,23,0,0,0
290765,1,1,1990,0,0,0,0,0,0,0,0,0,0
290765,2,1,1990,0,0,0,13,0,0,0,0,0,0
290766,1,1,1990,21,21,21,21,21,21,21,21,21,21
290767,1,1,1990,16,16,16,16,16,16,16,16,16,16
290768,1,1,1990,14,14,14,14,14,14,14,14,14,14
290768,2,1,1990,0,0,4,0,0,0,0,0,0,0
290769,1,1,1990,0,0,0,0,0,12,0,0,0,0
290769,2,1,1990,0,0,0,0,0,0,0,0,0,0
290770,1,1,1990,0,0,0,0,0,0,0,0,0,0
290771,0,1,1990,0,26,20,14,14,19,13,13,9,19
290771,1,1,1990,13,0,0,0,21,0,0,0,0,0
290772,1,1,1990,0,0,0,0,0,0,15,0,0,0
290772,2,1,1990,26,26,26,26,26,26,26,26,26,26
290773,2,1,1990,0,0,0,0,0,0,0,0,0,0
290773,3,1,1990,0,0,0,0,0,0,0,0,0,0
290774,1,1,1990,18,18,18,18,18,18,18,18,18,18
290775,1,1,1990,0,0,0,0,0,0,0,0,0,0
290775,2,1,1990,9,0,0,25,0,0,0,0,21,0
290776,1,1,1990,0,0,0,0,0,0,0,0,0,0
290776,2,1,1990,0,0,0,0,28,0,0,0,0,0
290777,1,1,1990,0,0,0,0,0,0,0,0,0,0
290778,0,1,1990,0,0,0,0,0,10,0,0,0,0
290778,1,1,1990,0,0,0,0,0,0,0,0,0,0
290779,0,1,1990,0,0,0,0,0,0,0,0,0,0
290779,1,1,1990,0,0,0,0,0,0,0,0,0,0
290780,1,1,1990,0,0,0,0,0,0,0,0,0,0
290780,2,1,1990,0,26,23,0,10,17,18,0,0,10
290781,1,1,1990,0,0,0,0,0,0,0,0,0,0
290781,2,1,1990,0,0,0,0,0,0,0,0,0,0
290781,3,1,1990,0,0,0,0,0,0,0,0,10,0
290782,1,1,1990,22,12,3,10,22,20,31,25,26,19
290783,1,1,1990,0,15,0,11,7,16,19,0,16,9
290783,2,1,1990,0,0,0,0,0,0,0,0,0,6
290785,1,1,1990,18,26,0,21,0,0,0,13,15,0
290786,1,1,1990,0,0,0,0,0,0,0,0,0,0
290786,2,1,1990,0,0,0,0,0,0,0,0,0,0
290787,0,1,1990,6,6,6,6,6,6,6,6,6,6
290787,1,1,1990,11,11,11,11,11,11,11,11,11,11
290788,0,1,1990,0,0,0,0,0,0,0,0,0,0
290788,1,1,1990,0,0,0,0,0,0,0,0,0,0
290788,2,1,1990,0,0,0,0,3,0,0,0,0,0
290789,0,1,1990,0,0,0,0,0,0,0,0,0,0
290789,1,1,1990,0,0,0,0,0,0,0,19,0,0
290790,1,1,1990,0,0,0,0,0,0,0,0,0,0
290790,2,1,1990,17,17,20,14,29,16,21,22,19,0
290791,0,1,1990,16,0,0,21,17,0,0,0,22,27
290791,1,1,1990,0,0,0,0,0,0,0,0,0,0
290792,1,1,1990,7,0,15,0,20,26,7,4,9,0
290792,2,1,1990,0,18,19,14,0,22,0,8,11,13
290793,1,1,1990,15,0,0,17,0,6,0,0,26,0
290794,1,1,1990,38,38,38,38,38,38,38,38,38,38
290794,2,1,1990,0,0,0,0,0,0,0,0,0,0
290795,1,1,1990,0,0,0,0,0,0,0,0,0,0
290795,2,1,1990,7,0,0,13,0,17,0,4,17,0
290796,1,1,1990,22,22,22,22,22,22,22,22,22,22
290797,1,1,1990,0,0,0,0,0,0,0,0,0,0
290797,2,1,1990,0,0,0,0,0,0,0,0,0,0
290798,1,1,1990,16,21,17,19,7,16,7,32,11,0
290799,1,1,1990,10,10,10,10,10,10,10,10,10,10
290800,1,1,1990,23,17,18,28,14,19,22,24,39,0
290801,1,1,1990,17,17,17,17,17,17,17,17,17,17
290802,1,1,1990,0,0,0,0,0,0,0,15,0,14
290803,1,1,1990,23,0,23,26,34,18,24,16,30,10
290804,0,1,1990,0,0,0,0,0,0,0,0,0,0
290804,1,1,1990,0,0,0,0,0,0,0,0,0,0
290805,1,1,1990,0,14,0,17,0,19,16,15,0,10
290806,1,1,1990,0,0,0,5,0,11,0,0,0,0
290806,2,1,1990,0,0,0,0,0,8,0,0,0,0
290807,1,1,1990,0,0,0,0,0,0,0,0,0,0
290807,2,1,1990,0,0,0,0,0,0,0,0,0,0
290807,3,1,1990,0,0,0,0,0,0,0,0,0,0
290808,1,1,1990,0,0,0,0,0,0,0,0,0,0
290808,2,1,1990,0,0,0,0,0,0,0,0,0,0
290809,1,1,1990,0,0,0,0,0,0,0,0,0,0
290810,1,1,1990,30,30,30,30,30,30,30,30,30,30
290810,2,1,1990,0,0,0,0,0,0,0,0,0,0
290811,1,1,1990,16,18,0,0,0,30,21,15,9,35
290812,1,1,1990,0,0,0,0,0,0,0,0,0,0
290812,2,1,1990,0,0,0,0,0,0,0,0,0,0
290813,1,1,1990,0,0,0,0,0,0,0,0,0,0
290813,2,1,1990,0,0,5,0,0,0,0,0,0,0
290814,0,1,1990,0,0,0,0,0,0,0,0,0,0
290814,1,1,1990,0,0,0,0,0,0,0,0,0,0
290815,1,1,1990,0,0,0,0,0,0,0,0,0,0
290815,2,1,1990,0,0,0,0,0,0,0,0,0,0
290815,3,1,1990,11,9,15,16,6,32,4,6,25,3
290816,1,1,1990,15,16,16,17,7,8,12,10,14,20
290816,2,1,1990,12,0,16,0,27,29,17,11,9,0
290817,1,1,1990,8,0,13,22,0,0,0,0,11,0
290818,1,1,1990,27,27,27,27,27,27,27,27,27,27
290819,1,1,1990,0,0,0,0,0,0,0,0,0,0
290819,2,1,1990,0,0,0,0,0,0,0,0,0,0
290820,0,1,1990,0,0,20,0,0,0,36,0,0,11
290820,1,1,1990,13,0,0,0,0,0,0,0,0,0
290821,1,1,1990,29,29,29,29,29,29,29,29,29,29
290822,1,1,1990,0,0,0,0,0,0,0,0,0,0
290822,2,1,1990,0,0,0,0,0,0,0,0,0,0
290823,1,1,1990,0,0,0,12,0,0,0,0,0,0
290824,1,1,1990,23,4,6,26,6,0,20,14,13,26
290825,0,1,1990,0,0,0,0,0,0,0,0,0,0
290825,1,1,1990,0,0,0,0,0,0,0,0,0,0
290826,1,1,1990,0,0,0,0,0,0,0,0,0,0
290827,1,1,1990,0,0,0,6,0,0,0,0,0,0
290827,2,1,1990,0,26,21,15,0,0,0,0,13,0
290828,1,1,1990,0,0,0,0,0,0,0,0,0,0
290829,1,1,1990,0,0,0,0,0,0,0,0,0,0
290830,1,1,1990,15,10,18,7,0,10,0,0,0,0
290830,2,1,1990,19,12,0,10,0,17,25,28,0,0
290831,1,1,1990,10,10,10,10,10,10,10,10,10,10
290832,1,1,1990,19,19,19,19,19,19,19,19,19,19
290833,1,1,1990,23,23,23,23,23,23,23,23,23,23
290833,2,1,1990,0,0,0,0,0,0,0,0,0,0
290834,0,1,1990,0,0,0,0,0,0,0,0,0,0
290834,1,1,1990,0,0,0,0,0,0,0,0,0,0
290835,0,1,1990,20,19,23,19,10,13,35,37,28,0
290835,1,1,1990,22,0,15,0,0,0,0,13,0,0
290836,1,1,1990,0,0,0,0,0,0,0,0,0,0
290836,2,1,1990,0,0,0,0,0,0,0,0,0,0
290837,1,1,1990,0,0,0,0,0,0,0,0,0,0
290838,1,1,1990,5,0,8,12,0,0,0,0,0,0
290838,2,1,1990,0,0,0,0,0,0,0,0,0,0
290839,1,1,1990,0,0,0,0,0,0,0,0,0,0
290840,1,1,1990,19,22,0,19,8,0,19,0,14,0
290841,0,1,1990,22,22,22,22,22,22,22,22,22,22
290841,1,1,1990,12,0,0,0,18,12,0,16,18,0
290842,1,1,1990,21,21,21,21,21,21,21,21,21,21
290843,1,1,1990,2,2,2,2,2,2,2,2,2,2
290844,1,1,1990,0,0,0,0,0,24,0,0,0,0
290844,2,1,1990,0,10,15,0,0,0,6,0,0,0
290844,3,1,1990,0,0,0,0,0,0,0,0,0,0
290845,1,1,1990,24,10,19,30,14,15,0,16,20,36
290846,1,1,1990,0,0,0,0,0,0,0,0,0,0
290847,0,1,1990,0,0,0,0,0,0,0,0,0,0
290847,1,1,1990,0,0,0,0,0,0,0,0,0,0
290848,1,1,1990,0,0,0,0,0,0,0,0,0,0
290848,2,1,1990,0,0,0,0,0,0,0,0,0,0
290849,1,1,1990,24,24,24,24,24,24,24,24,24,24
290849,2,1,1990,14,8,24,15,23,10,0,0,31,19
290851,0,1,1990,0,0,0,0,0,0,0,0,0,0
290851,1,1,1990,0,12,0,0,0,0,0,0,0,0
290852,1,1,1990,0,9,30,11,9,13,11,7,3,22
290853,1,1,1990,0,0,0,0,0,0,0,0,0,0
290854,1,1,1990,0,0,0,0,0,5,0,0,0,0
290854,2,1,1990,0,0,0,0,22,0,0,0,0,0
290855,1,1,1990,10,21,26,33,0,9,22,7,13,21
290856,1,1,1990,0,0,0,0,0,0,0,0,0,0
290856,2,1,1990,0,0,0,0,0,0,0,0,0,0
290857,1,1,1990,12,0,12,27,0,30,0,8,0,0
290857,2,1,1990,0,0,0,0,0,0,0,0,0,0
290858,1,1,1990,21,25,26,10,0,19,0,0,18,20
290859,2,1,1990,0,0,0,0,0,0,0,0,0,16
290860,1,1,1990,9,9,9,9,9,9,9,9,9,9
290860,2,1,1990,0,0,0,0,0,0,0,0,0,0
290861,1,1,1990,0,0,0,0,0,0,0,0,0,0
290861,2,1,1990,0,0,0,0,0,0,0,0,0,0
290862,0,1,1990,24,24,24,24,24,24,24,24,24,24
290862,1,1,1990,0,0,0,0,0,0,0,0,0,0