ST_CASE,VEH_NO,PER_NO,YEAR,P1,P2,P3,P4,P5,P6,P7,P8,P9,P10
290863,1,1,1990,25,25,25,25,25,25,25,25,25,25
290863,2,1,1990,0,0,8,0,0,0,0,0,0,0
290864,1,1,1990,13,13,13,13,13,13,13,13,13,13
290864,2,1,1990,15,0,0,0,0,0,0,0,0,0
290865,1,1,1990,19,19,19,19,19,19,19,19,19,19
290866,1,1,1990,26,22,16,37,29,28,39,17,17,47
290867,1,1,1990,22,22,22,22,22,22,22,22,22,22
290868,1,1,1990,0,0,34,23,18,0,0,13,0,0
290869,1,1,1990,0,0,0,15,0,0,0,12,0,0
290870,0,1,1990,0,0,16,0,22,4,0,0,38,13
290870,1,1,1990,0,0,0,0,0,0,0,0,0,11
290871,1,1,1990,0,0,25,2,13,12,30,0,10,5
290872,1,1,1990,0,0,0,0,0,0,0,0,0,0
290872,2,1,1990,0,0,0,0,0,0,0,0,0,0
290873,1,1,1990,0,0,0,0,13,0,0,0,0,0
290874,1,1,1990,0,0,0,0,0,0,0,0,0,0
290875,1,1,1990,16,34,0,0,19,13,0,22,22,0
290876,1,1,1990,22,21,25,13,14,12,15,11,26,17
290877,1,1,1990,0,0,0,15,0,0,0,0,0,0
290877,2,1,1990,0,0,0,0,0,0,0,0,0,0
290878,1,1,1990,0,0,0,0,0,0,0,0,0,0
290879,1,1,1990,29,29,29,29,29,29,29,29,29,29
290880,1,1,1990,0,0,0,0,0,0,0,0,0,0
290880,2,1,1990,0,0,0,0,16,0,0,0,0,0
290881,1,1,1990,37,26,11,16,24,7,18,19,21,23
290882,1,1,1990,16,16,16,16,16,16,16,16,16,16
290883,1,1,1990,0,0,0,0,0,0,0,0,0,0
290884,1,1,1990,12,0,0,0,0,22,0,0,0,0
290885,1,1,1990,0,0,0,0,0,0,0,0,0,0
290885,2,1,1990,0,0,0,0,0,0,0,0,0,0
290886,0,1,1990,0,0,0,0,0,0,0,0,0,0
290886,1,1,1990,0,0,0,0,0,0,0,0,0,0
290887,1,1,1990,0,0,0,0,0,0,0,0,0,0
290887,2,1,1990,0,10,0,21,25,0,14,0,0,0
290888,1,1,1990,0,0,0,0,0,0,0,0,0,0
290889,0,1,1990,0,0,0,0,0,0,0,0,0,0
290889,1,1,1990,0,0,0,0,29,0,0,0,0,0
290890,1,1,1990,10,0,0,0,0,0,0,0,0,0
290890,2,1,1990,0,0,0,0,7,0,0,0,0,0
290891,1,1,1990,0,0,13,0,9,0,0,0,5,0
290891,2,1,1990,0,0,0,0,0,0,0,0,0,0
290892,1,1,1990,0,0,0,0,0,0,0,0,0,0
290892,2,1,1990,0,0,0,0,0,0,0,0,0,0
290893,0,1,1990,0,0,0,0,0,0,0,0,0,0
290893,1,1,1990,0,0,0,0,0,0,0,0,0,0
290894,0,1,1990,0,0,0,0,0,0,0,0,0,0
290894,1,1,1990,0,0,0,0,0,0,0,0,0,0
290895,1,1,1990,18,18,18,18,18,18,18,18,18,18
290896,0,1,1990,29,0,0,0,0,0,0,0,0,0
290896,1,1,1990,0,0,0,0,0,0,0,0,0,0
290897,1,1,1990,0,0,0,0,0,0,0,19,0,0
290897,2,1,1990,0,0,0,5,0,0,0,25,0,0
290897,3,1,1990,0,0,0,0,0,0,0,0,0,0
290899,0,1,1990,0,0,0,0,0,0,0,0,0,0
290899,1,1,1990,0,0,0,0,0,0,0,0,0,0
290900,1,1,1990,0,0,0,0,0,0,0,0,0,0
290900,2,1,1990,0,13,0,0,8,0,0,0,0,0
290901,1,1,1990,19,19,19,19,19,19,19,19,19,19
290902,1,1,1990,21,30,21,6,25,28,26,8,31,5
290903,0,1,1990,0,0,0,0,0,0,0,0,0,0
290904,1,1,1990,14,14,14,14,14,14,14,14,14,14
290904,2,1,1990,0,8,0,0,0,0,0,10,0,0
290904,3,1,1990,0,11,0,0,0,0,0,0,0,0
290905,0,1,1990,0,0,0,0,0,0,0,0,0,0
290905,1,1,1990,0,0,0,0,0,0,0,0,0,0
290906,1,1,1990,21,0,8,28,29,30,10,7,21,15
290907,1,1,1990,31,31,31,31,31,31,31,31,31,31
290908,1,1,1990,6,6,6,6,6,6,6,6,6,6
290909,1,1,1990,0,0,0,0,0,0,0,0,0,0
290909,2,1,1990,0,0,0,0,0,0,0,0,0,0
290910,1,1,1990,0,0,0,0,0,0,0,0,0,0
290910,2,1,1990,0,0,0,0,0,0,0,0,0,0
290911,1,1,1990,28,11,17,25,20,25,33,16,13,10
290912,1,1,1990,0,0,11,9,9,0,0,22,19,0
290912,2,1,1990,4,4,4,4,4,4,4,4,4,4
290913,1,1,1990,16,16,16,16,16,16,16,16,16,16
290914,1,1,1990,0,27,0,0,0,0,0,0,0,0
290914,2,1,1990,0,0,0,0,0,0,0,0,0,0
290915,1,1,1990,22,16,12,15,4,24,18,7,13,15
290916,1,1,1990,5,5,5,5,5,5,5,5,5,5
290917,1,1,1990,18,0,0,0,0,0,0,0,0,0
290917,2,1,1990,0,0,0,0,0,0,0,0,0,0
290918,1,1,1990,4,0,0,0,0,0,0,0,0,0
290918,2,1,1990,0,0,0,0,0,0,0,0,0,0
290919,1,1,1990,0,0,0,0,0,0,0,0,0,0
290919,2,1,1990,0,0,0,13,0,6,0,0,14,0
290920,1,1,1990,0,23,29,7,34,25,28,0,18,13
290921,1,1,1990,28,28,28,28,28,28,28,28,28,28
290921,2,1,1990,10,21,0,8,0,16,0,0,0,0
290922,1,1,1990,18,21,11,21,8,23,5,11,7,7
290923,1,1,1990,22,22,22,22,22,22,22,22,22,22
290923,2,1,1990,0,0,0,0,0,0,0,0,0,0
290924,1,1,1990,0,0,0,0,0,0,0,0,0,0
290924,2,1,1990,0,0,0,0,0,0,0,0,0,0
290924,3,1,1990,0,0,0,0,0,0,0,0,0,0
290925,1,1,1990,0,0,0,0,0,0,0,0,0,0
290925,2,1,1990,0,0,0,0,31,0,0,0,26,17
290927,1,1,1990,0,0,0,0,0,0,0,0,0,0
290927,2,1,1990,0,0,0,0,0,0,0,0,0,0
290928,1,1,1990,0,0,0,0,0,0,6,0,0,0
290928,2,1,1990,0,0,0,0,0,0,0,0,0,0
290928,3,1,1990,0,13,0,0,0,8,0,0,0,0
290929,1,1,1990,0,32,9,16,6,16,7,1,16,3
290930,1,1,1990,2,0,25,0,0,0,0,0,0,0
290930,2,1,1990,0,39,0,0,0,0,0,10,17,0
290931,1,1,1990,16,18,42,5,10,20,16,9,16,30
290931,2,1,1990,0,3,0,0,0,0,0,0,0,0
290931,3,1,1990,0,8,0,0,0,22,0,0,0,0
290932,1,1,1990,0,0,0,0,0,0,0,0,0,0
290932,2,1,1990,0,10,0,0,0,0,0,0,0,0
290933,0,1,1990,19,19,19,19,19,19,19,19,19,19
290933,1,1,1990,17,0,0,0,0,0,0,0,0,11
290934,1,1,1990,0,0,0,0,0,0,0,0,0,0
290934,2,1,1990,0,0,0,0,0,0,0,0,0,0
290935,0,1,1990,26,36,5,31,12,9,49,34,22,17
290935,0,2,1990,22,27,3,31,23,21,36,2,12,0
290935,1,1,1990,0,0,0,0,0,0,0,0,0,0
290936,1,1,1990,15,15,15,15,15,15,15,15,15,15
290937,1,1,1990,0,0,0,0,0,0,0,0,0,0
290937,2,1,1990,0,0,0,0,0,0,0,0,0,0
290938,0,1,1990,20,20,20,20,20,20,20,20,20,20
290938,1,1,1990,0,0,0,0,0,0,0,0,0,0
290939,1,1,1990,0,0,0,10,0,0,12,0,0,0
290940,1,1,1990,0,0,0,0,0,0,0,0,0,0
290940,2,1,1990,19,19,19,19,19,19,19,19,19,19
290940,3,1,1990,0,12,0,0,0,0,0,8,18,15
290941,1,1,1990,29,29,29,29,29,29,29,29,29,29
290942,1,1,1990,0,0,0,0,0,0,0,0,0,35
290942,2,1,1990,8,0,0,0,0,0,0,0,15,0
290943,1,1,1990,21,21,21,21,21,21,21,21,21,21
290944,1,1,1990,0,0,0,0,0,0,0,0,0,0
290945,1,1,1990,0,10,20,13,7,0,0,0,0,14
290945,2,1,1990,0,22,10,20,0,0,0,28,23,12
290946,1,1,1990,31,31,31,31,31,31,31,31,31,31
290947,1,1,1990,0,17,0,0,0,16,0,0,0,0
290948,1,1,1990,0,0,0,0,14,0,0,0,0,10
290948,2,1,1990,0,0,0,0,0,0,0,0,0,0
290949,1,1,1990,35,35,35,35,35,35,35,35,35,35
290950,1,1,1990,18,18,18,18,18,18,18,18,18,18
290951,1,1,1990,0,0,0,0,0,0,0,0,0,0
290951,2,1,1990,0,0,0,0,0,0,0,0,0,0
290952,1,1,1990,11,29,17,14,10,26,18,16,8,17
290953,1,1,1990,28,17,0,13,5,7,11,22,12,20
290954,0,1,1990,0,0,0,0,0,0,0,0,0,0
290954,1,1,1990,18,9,14,35,20,3,16,21,21,14
300001,1,1,1990,16,16,16,16,16,16,16,16,16,16
300001,2,1,1990,0,0,0,0,0,0,0,0,0,0
300002,1,1,1990,0,0,0,0,0,0,0,0,0,0
300003,1,1,1990,8,8,8,8,8,8,8,8,8,8
300004,1,1,1990,0,0,0,0,0,0,0,0,0,0
300005,1,1,1990,19,19,19,19,19,19,19,19,19,19
300007,1,1,1990,0,0,0,0,0,0,0,0,0,0
300008,1,1,1990,0,0,0,0,0,0,0,0,0,0
300008,2,1,1990,0,0,0,0,0,0,0,0,0,0
300009,1,1,1990,21,21,21,21,21,21,21,21,21,21
300009,2,1,1990,0,0,0,0,0,0,0,0,0,0
300009,3,1,1990,0,0,0,0,0,0,0,0,0,0
300010,1,1,1990,0,0,0,0,0,0,0,0,0,0
300011,1,1,1990,15,15,15,15,15,15,15,15,15,15
300012,0,1,1990,22,22,22,22,22,22,22,22,22,22
300012,1,1,1990,0,0,0,0,0,0,0,0,0,0
300013,1,1,1990,0,0,0,0,0,0,0,0,0,0
300013,2,1,1990,0,0,0,0,0,0,0,0,0,0
300014,1,1,1990,0,0,0,0,0,0,0,0,0,0
300014,2,1,1990,0,0,0,0,0,0,0,0,0,0
300015,1,1,1990,0,0,0,0,0,0,0,0,0,0
300016,1,1,1990,0,0,0,0,0,0,0,0,0,0
300017,1,1,1990,17,17,17,17,17,17,17,17,17,17
300018,1,1,1990,15,15,15,15,15,15,15,15,15,15
300018,2,1,1990,0,0,0,9,0,0,0,0,0,0
300019,1,1,1990,0,0,0,0,0,0,0,0,0,0
300019,2,1,1990,0,0,0,0,0,0,0,0,0,0
300020,1,1,1990,0,0,0,0,0,0,0,0,0,0
300020,2,1,1990,0,0,0,0,0,0,0,0,0,0
300021,1,1,1990,25,25,25,25,25,25,25,25,25,25
300022,1,1,1990,0,0,0,0,0,0,0,0,0,0
300023,1,1,1990,4,4,4,4,4,4,4,4,4,4
300024,1,1,1990,0,0,0,0,0,0,0,0,0,0
300025,1,1,1990,0,0,0,0,0,0,0,0,0,0
300025,2,1,1990,0,0,0,0,0,0,0,0,0,0
300026,1,1,1990,0,0,0,0,0,0,0,0,0,0
300027,1,1,1990,0,0,0,0,0,0,0,0,0,0
300028,1,1,1990,27,27,27,27,27,27,27,27,27,27
300029,1,1,1990,23,23,23,23,23,23,23,23,23,23
300030,1,1,1990,1,1,1,1,1,1,1,1,1,1
300030,2,1,1990,2,0,0,0,0,0,0,0,0,0
300031,1,1,1990,0,0,0,0,0,0,0,0,0,0
300032,1,1,1990,19,36,46,28,25,35,22,17,26,20
300033,0,1,1990,0,0,0,0,0,0,0,0,0,0
300033,1,1,1990,0,0,0,0,0,0,0,0,0,0
300034,1,1,1990,0,0,0,0,0,0,0,0,14,0
300035,1,1,1990,0,0,0,0,0,0,0,0,0,0
300036,1,1,1990,0,0,0,0,0,0,0,0,0,0
300036,2,1,1990,0,0,0,0,0,0,0,0,0,0
300037,0,1,1990,0,0,0,0,0,0,0,0,0,0
300037,1,1,1990,0,0,0,0,0,0,0,0,0,0
300038,1,1,1990,22,22,22,22,22,22,22,22,22,22
300039,1,1,1990,10,10,10,10,10,10,10,10,10,10
300040,1,1,1990,0,0,0,0,0,0,0,0,0,0
300041,1,1,1990,25,25,25,25,25,25,25,25,25,25
300042,1,1,1990,0,0,0,0,0,0,0,0,0,0
300042,2,1,1990,0,0,0,0,0,0,0,0,0,0
300044,1,1,1990,14,14,14,14,14,14,14,14,14,14
300045,1,1,1990,5,5,5,5,5,5,5,5,5,5
300045,2,1,1990,0,0,0,0,0,0,0,0,0,0
300046,1,1,1990,11,11,11,11,11,11,11,11,11,11
300047,1,1,1990,28,28,28,28,28,28,28,28,28,28
300048,1,1,1990,0,0,0,0,0,17,0,0,0,0
300049,1,1,1990,0,0,0,0,0,0,0,0,0,0
300050,0,1,1990,30,30,30,30,30,30,30,30,30,30
300050,1,1,1990,0,0,0,0,0,0,0,0,0,0
300051,1,1,1990,18,18,18,18,18,18,18,18,18,18
300052,1,1,1990,21,21,21,21,21,21,21,21,21,21
300052,2,1,1990,0,0,0,0,0,0,0,0,0,0
300053,1,1,1990,0,0,0,0,0,0,0,0,0,0
300054,1,1,1990,0,0,0,0,0,0,0,0,0,0
300054,2,1,1990,0,0,0,0,0,0,0,0,0,0
300055,1,1,1990,20,20,20,20,20,20,20,20,20,20
300056,1,1,1990,0,0,0,0,0,0,0,0,0,0
300056,2,1,1990,18,18,18,18,18,18,18,18,18,18
300057,1,1,1990,28,28,28,28,28,28,28,28,28,28
300057,2,1,1990,0,0,0,0,0,0,0,0,0,0
300059,1,1,1990,12,12,12,12,12,12,12,12,12,12
300060,1,1,1990,0,0,0,0,0,0,0,0,0,0
300060,2,1,1990,0,0,0,0,0,0,0,0,0,0
300061,0,1,1990,10,10,10,10,10,10,10,10,10,10
300061,1,1,1990,11,11,11,11,11,11,11,11,11,11
300062,1,1,1990,15,15,15,15,15,15,15,15,15,15
300063,1,1,1990,0,0,0,0,0,0,0,0,0,0
300063,2,1,1990,0,0,0,0,0,0,0,0,0,0
300065,1,1,1990,12,12,12,12,12,12,12,12,12,12
300066,1,1,1990,0,0,0,0,0,0,0,0,0,0
300067,1,1,1990,3,3,3,3,3,3,3,3,3,3
300068,1,1,1990,0,0,0,0,0,0,0,0,0,0
300069,1,1,1990,21,21,21,21,21,21,21,21,21,21
300070,1,1,1990,0,0,0,0,0,0,0,0,0,0
300070,2,1,1990,0,0,0,0,0,0,0,0,0,0
300070,3,1,1990,0,0,0,0,0,0,0,0,0,0
300071,1,1,1990,17,7,18,14,9,7,8,12,30,13
300072,1,1,1990,11,11,11,11,11,11,11,11,11,11
300073,1,1,1990,0,0,0,0,0,0,0,0,0,0
300073,2,1,1990,19,19,19,19,19,19,19,19,19,19
300074,1,1,1990,0,0,0,0,0,0,0,0,0,0
300074,2,1,1990,0,0,0,0,0,0,0,0,0,0
300075,1,1,1990,0,0,0,0,0,0,0,0,0,0
300075,2,1,1990,0,0,0,0,0,0,0,0,0,0
300076,1,1,1990,0,0,0,0,0,0,0,0,0,0
300076,2,1,1990,0,0,0,0,0,0,0,0,0,0
300077,1,1,1990,17,17,17,17,17,17,17,17,17,17
300079,0,1,1990,0,0,0,0,0,0,0,0,0,0
300079,1,1,1990,6,6,6,6,6,6,6,6,6,6
300080,1,1,1990,24,24,24,24,24,24,24,24,24,24
300081,1,1,1990,3,3,3,3,3,3,3,3,3,3
300082,1,1,1990,20,20,20,20,20,20,20,20,20,20
300083,1,1,1990,21,21,21,21,21,21,21,21,21,21
300084,1,1,1990,0,0,0,0,0,0,0,0,0,0
300084,2,1,1990,0,0,0,0,0,0,0,0,0,0
300085,1,1,1990,0,0,0,0,0,0,0,0,0,0
300085,2,1,1990,0,0,0,0,0,0,0,0,0,0
300085,3,1,1990,0,0,0,0,0,0,0,0,0,0
300086,1,1,1990,8,8,8,8,8,8,8,8,8,8
300088,1,1,1990,34,34,34,34,34,34,34,34,34,34
300088,2,1,1990,0,4,0,0,5,0,0,0,0,0
300089,1,1,1990,28,28,28,28,28,28,28,28,28,28
300089,2,1,1990,0,0,0,0,0,0,0,0,0,12
300090,1,1,1990,0,0,0,0,0,0,0,0,0,0
300090,2,1,1990,3,3,3,3,3,3,3,3,3,3
300091,1,1,1990,25,25,25,25,25,25,25,25,25,25
300092,1,1,1990,0,0,0,0,0,0,0,0,0,0
300093,1,1,1990,0,0,0,0,0,0,0,0,0,0
300094,1,1,1990,16,16,16,16,16,16,16,16,16,16
300095,1,1,1990,0,0,0,0,0,0,0,0,0,0
300096,1,1,1990,0,0,0,0,0,0,0,0,0,0
300097,1,1,1990,0,0,0,0,0,0,0,15,0,0
300098,1,1,1990,23,23,23,23,23,23,23,23,23,23
300098,2,1,1990,0,0,0,0,0,0,0,0,0,0
300099,1,1,1990,0,0,0,0,0,0,0,0,0,0
300099,2,1,1990,0,0,0,0,0,0,0,0,0,0
300100,0,1,1990,0,0,0,0,0,0,0,0,0,0
300100,1,1,1990,0,0,0,0,0,0,0,0,0,0
300101,1,1,1990,0,0,0,0,0,0,0,0,0,0
300101,2,1,1990,0,0,0,0,0,0,0,0,0,0
300102,1,1,1990,0,0,0,0,0,0,0,0,0,0
300102,2,1,1990,0,0,0,0,0,0,0,0,0,0
300102,3,1,1990,0,0,0,0,0,0,0,0,0,0
300103,1,1,1990,20,20,20,20,20,20,20,20,20,20
300104,1,1,1990,0,0,0,0,0,0,0,0,0,0
300105,1,1,1990,19,19,19,19,19,19,19,19,19,19
300106,1,1,1990,22,22,22,22,22,22,22,22,22,22
300106,2,1,1990,16,16,16,16,16,16,16,16,16,16
300107,1,1,1990,14,14,14,14,14,14,14,14,14,14
300108,1,1,1990,10,10,10,10,10,10,10,10,10,10
300109,1,1,1990,26,26,26,26,26,26,26,26,26,26
300109,2,1,1990,0,0,0,0,0,0,0,0,0,0
300110,1,1,1990,20,20,20,20,20,20,20,20,20,20
300111,1,1,1990,0,0,0,0,0,0,0,0,0,0
300112,1,1,1990,21,21,21,21,21,21,21,21,21,21
300113,1,1,1990,17,17,17,17,17,17,17,17,17,17
300113,2,1,1990,0,0,0,0,0,0,0,0,0,0
300114,1,1,1990,14,14,14,14,14,14,14,14,14,14
300115,1,1,1990,0,0,0,0,0,0,0,0,0,0
300115,2,1,1990,1,1,1,1,1,1,1,1,1,1
300116,1,1,1990,0,0,0,0,0,0,0,0,0,0
300117,1,1,1990,0,0,0,0,0,0,0,0,0,0
300118,1,1,1990,0,0,0,0,0,0,0,0,0,0
300119,1,1,1990,17,17,17,17,17,17,17,17,17,17
300119,2,1,1990,0,0,0,0,0,0,0,0,0,0
300119,3,1,1990,2,2,2,2,2,2,2,2,2,2
300120,1,1,1990,0,0,0,0,0,0,0,0,0,0
300121,1,1,1990,0,0,0,0,0,13,0,0,0,0
300121,2,1,1990,24,24,24,24,24,24,24,24,24,24
300122,1,1,1990,26,26,26,26,26,26,26,26,26,26
300123,1,1,1990,0,0,0,0,0,0,0,0,0,0
300124,0,1,1990,40,40,40,40,40,40,40,40,40,40
300124,1,1,1990,27,0,0,15,0,17,0,0,0,0
300125,1,1,1990,0,0,0,0,0,0,0,0,0,0
300126,1,1,1990,16,16,16,16,16,16,16,16,16,16
300127,1,1,1990,17,17,17,17,17,17,17,17,17,17
300128,1,1,1990,27,27,27,27,27,27,27,27,27,27
300129,1,1,1990,9,9,9,9,9,9,9,9,9,9
300129,2,1,1990,8,8,8,8,8,8,8,8,8,8
300130,1,1,1990,21,21,21,21,21,21,21,21,21,21
300131,1,1,1990,24,24,24,24,24,24,24,24,24,24
300132,1,1,1990,0,0,0,0,0,0,0,0,0,0
300134,1,1,1990,0,0,0,0,0,0,0,0,0,0
300134,2,1,1990,0,0,0,0,0,0,0,0,0,0
300134,3,1,1990,0,0,0,0,0,0,0,0,0,0
300135,1,1,1990,36,36,36,36,36,36,36,36,36,36
300136,1,1,1990,0,0,0,0,0,0,0,0,0,0
300137,1,1,1990,20,20,20,20,20,20,20,20,20,20
300138,0,1,1990,0,0,0,0,0,0,0,0,0,0
300138,1,1,1990,12,12,12,12,12,12,12,12,12,12
300140,0,1,1990,0,0,0,0,0,0,0,0,0,0
300140,1,1,1990,0,0,0,15,0,0,0,0,0,0
300141,1,1,1990,0,0,0,0,0,0,0,0,0,0
300142,1,1,1990,28,28,28,28,28,28,28,28,28,28
300143,1,1,1990,0,0,0,0,0,0,0,0,0,0
300144,1,1,1990,19,19,19,19,19,19,19,19,19,19
300144,2,1,1990,0,0,0,0,0,0,0,0,0,0
300146,1,1,1990,34,34,34,34,34,34,34,34,34,34
300147,1,1,1990,0,0,0,0,0,0,0,0,0,0
300147,2,1,1990,0,0,0,0,0,0,0,0,0,0
300148,1,1,1990,0,0,0,0,0,0,0,0,0,0
300149,1,1,1990,14,14,14,14,14,14,14,14,14,14
300150,1,1,1990,18,18,18,18,18,18,18,18,18,18
300150,2,1,1990,0,0,0,0,0,0,0,0,0,0
300151,1,1,1990,13,13,13,13,13,13,13,13,13,13
300152,1,1,1990,0,0,0,0,0,0,0,0,0,0
300153,1,1,1990,0,0,0,0,0,0,0,0,0,0
300153,2,1,1990,0,0,0,0,0,0,0,0,0,0
300153,3,1,1990,0,0,0,0,0,0,0,0,0,0
300154,1,1,1990,0,0,0,0,0,0,0,0,0,0
300155,1,1,1990,0,0,0,0,0,0,0,0,0,0
300155,2,1,1990,0,0,0,0,0,0,0,0,0,0
300156,1,1,1990,18,18,18,18,18,18,18,18,18,18
300157,1,1,1990,8,8,8,8,8,8,8,8,8,8
300158,1,1,1990,14,14,14,14,14,14,14,14,14,14
300159,1,1,1990,5,5,5,5,5,5,5,5,5,5
300160,1,1,1990,18,18,18,18,18,18,18,18,18,18
300161,1,1,1990,0,0,0,0,0,0,0,0,0,0
300161,2,1,1990,0,0,0,0,0,0,0,0,0,0
300162,1,1,1990,0,0,0,0,0,0,0,0,0,0
300162,2,1,1990,0,0,0,0,0,0,0,0,0,0
300163,0,1,1990,10,10,10,10,10,10,10,10,10,10
300163,1,1,1990,19,15,0,24,0,0,18,0,0,0
300164,1,1,1990,0,0,0,18,0,0,0,5,0,0
300165,1,1,1990,0,0,0,0,0,0,0,0,0,0
300167,1,1,1990,0,0,0,0,0,0,0,0,0,0
300168,1,1,1990,0,0,0,0,0,0,0,0,0,0
300168,2,1,1990,17,17,17,17,17,17,17,17,17,17
300169,1,1,1990,0,0,0,0,0,0,0,0,0,0
300170,1,1,1990,0,0,0,0,0,0,0,0,0,0
300170,2,1,1990,0,10,0,0,0,0,0,0,0,0
300171,1,1,1990,16,16,16,16,16,16,16,16,16,16
300172,1,1,1990,9,9,9,9,9,9,9,9,9,9
300172,2,1,1990,0,0,0,0,0,0,0,0,0,0
300173,1,1,1990,25,25,25,25,25,25,25,25,25,25
300174,1,1,1990,28,28,28,28,28,28,28,28,28,28
300175,1,1,1990,10,10,10,10,10,10,10,10,10,10
300176,1,1,1990,16,16,16,16,16,16,16,16,16,16
300177,0,1,1990,13,13,13,13,13,13,13,13,13,13
300177,0,2,1990,14,14,14,14,14,14,14,14,14,14
300177,1,1,1990,0,0,0,0,0,0,0,0,0,0
300178,1,1,1990,21,0,0,0,0,0,0,9,0,0
300179,1,1,1990,0,0,0,0,0,0,0,0,0,0
300179,2,1,1990,0,0,0,0,0,0,0,0,0,0
300180,0,1,1990,8,8,8,8,8,8,8,8,8,8
300180,1,1,1990,19,19,19,19,19,19,19,19,19,19
300181,0,1,1990,1,1,1,1,1,1,1,1,1,1
300181,1,1,1990,0,0,0,0,0,0,0,0,0,9
300181,2,1,1990,0,0,0,0,0,0,0,0,0,0
300183,0,1,1990,0,0,0,0,0,0,0,0,0,0
300183,1,1,1990,13,13,13,13,13,13,13,13,13,13
300184,1,1,1990,0,0,0,0,0,0,0,0,0,0
300185,1,1,1990,24,24,24,24,24,24,24,24,24,24
300186,1,1,1990,20,20,20,20,20,20,20,20,20,20
300187,1,1,1990,0,0,0,0,0,0,0,0,0,0
300188,1,1,1990,9,26,22,12,0,17,19,20,15,5
300188,2,1,1990,22,22,22,22,22,22,22,22,22,22
300189,1,1,1990,0,0,0,0,0,0,0,0,0,0
300189,2,1,1990,0,0,0,0,0,0,0,0,0,0
300190,1,1,1990,30,30,30,30,30,30,30,30,30,30
300191,1,1,1990,3,0,24,0,20,0,0,0,6,0
300191,2,1,1990,0,0,0,0,0,0,0,0,0,0
300192,1,1,1990,6,6,6,6,6,6,6,6,6,6
300193,1,1,1990,5,16,13,18,18,10,11,28,23,11
300194,1,1,1990,17,17,17,17,17,17,17,17,17,17
300195,1,1,1990,14,0,0,15,9,7,18,12,10,14
300196,1,1,1990,0,0,0,0,0,0,0,0,0,0
300196,2,1,1990,0,0,0,0,0,0,0,0,0,0
300197,1,1,1990,16,16,16,16,16,16,16,16,16,16
300198,1,1,1990,12,12,12,12,12,12,12,12,12,12
300199,1,1,1990,0,0,0,0,0,0,0,0,0,0
300200,1,1,1990,32,32,32,32,32,32,32,32,32,32
300201,1,1,1990,23,23,23,23,23,23,23,23,23,23
310001,1,1,1990,15,15,15,15,15,15,15,15,15,15
310002,1,1,1990,19,19,19,19,19,19,19,19,19,19
310002,2,1,1990,0,0,0,0,13,0,0,0,0,0
310003,1,1,1990,16,16,16,16,16,16,16,16,16,16
310004,1,1,1990,0,0,0,0,0,0,0,0,0,0
310004,2,1,1990,0,0,0,0,0,0,0,0,0,0
310005,1,1,1990,11,11,11,11,11,11,11,11,11,11
310006,0,1,1990,0,0,0,0,0,0,0,0,0,0
310006,1,1,1990,0,0,0,0,0,0,0,0,0,0
310007,1,1,1990,0,0,0,0,0,0,0,0,0,0
310007,2,1,1990,0,0,0,0,0,0,0,0,0,0
310007,3,1,1990,0,0,0,0,0,0,0,0,0,0
310008,1,1,1990,0,0,0,0,0,0,0,0,0,0
310010,1,1,1990,0,0,0,0,0,0,0,0,0,0
310010,2,1,1990,0,0,0,0,0,0,0,0,0,0
310011,1,1,1990,0,0,0,0,0,0,0,0,0,0
310011,2,1,1990,0,0,0,0,0,0,0,0,0,0
310012,1,1,1990,0,0,0,0,0,0,0,0,0,0
310012,2,1,1990,0,0,0,0,0,0,0,0,0,0
310013,1,1,1990,0,0,0,0,0,0,0,0,0,0
310014,1,1,1990,0,0,0,0,0,0,0,0,0,0
310015,1,1,1990,0,0,0,0,0,0,0,0,0,0
310015,2,1,1990,0,0,0,0,0,0,0,0,0,0
310016,1,1,1990,6,6,6,6,6,6,6,6,6,6
310017,0,1,1990,0,0,0,0,0,0,0,0,0,0
310017,1,1,1990,0,0,0,0,0,0,0,0,0,0
310018,1,1,1990,0,0,0,0,0,0,0,0,0,0
310019,1,1,1990,13,13,13,13,13,13,13,13,13,13
310019,2,1,1990,14,20,33,18,12,10,10,16,14,0
310020,1,1,1990,10,10,10,10,10,10,10,10,10,10
310021,1,1,1990,0,0,0,0,0,0,0,0,0,0
310021,2,1,1990,0,0,0,0,0,0,0,0,0,0
310022,1,1,1990,17,17,17,17,17,17,17,17,17,17
310023,1,1,1990,24,24,24,24,24,24,24,24,24,24
310024,1,1,1990,0,0,0,0,0,0,0,0,0,0
310024,2,1,1990,0,0,0,0,0,0,0,0,0,0
310025,1,1,1990,0,0,0,0,0,0,0,0,0,0