ST_CASE,VEH_NO,PER_NO,YEAR,P1,P2,P3,P4,P5,P6,P7,P8,P9,P10
320084,1,1,1990,23,23,23,23,23,23,23,23,23,23
320085,1,1,1990,26,26,26,26,26,26,26,26,26,26
320086,0,1,1990,39,39,39,39,39,39,39,39,39,39
320086,1,1,1990,0,0,0,0,0,0,0,12,0,0
320087,1,1,1990,0,0,0,0,0,0,0,0,0,0
320087,2,1,1990,0,8,0,0,0,0,0,5,0,0
320088,1,1,1990,14,14,14,14,14,14,14,14,14,14
320089,1,1,1990,0,0,0,0,0,0,0,0,0,0
320089,2,1,1990,0,0,0,0,0,0,0,0,0,0
320090,1,1,1990,16,16,16,16,16,16,16,16,16,16
320091,1,1,1990,17,17,17,17,17,17,17,17,17,17
320091,2,1,1990,16,8,0,9,23,0,22,8,0,0
320092,1,1,1990,13,13,13,13,13,13,13,13,13,13
320093,0,1,1990,0,0,0,0,0,0,0,0,0,0
320093,1,1,1990,15,15,15,15,15,15,15,15,15,15
320094,1,1,1990,6,6,6,6,6,6,6,6,6,6
320095,0,1,1990,0,0,0,0,0,0,0,0,0,0
320095,1,1,1990,24,21,15,34,12,0,0,0,7,19
320096,1,1,1990,0,0,0,0,0,0,0,0,0,0
320097,1,1,1990,22,22,22,22,22,22,22,22,22,22
320098,1,1,1990,10,10,10,10,10,10,10,10,10,10
320099,0,1,1990,26,26,26,26,26,26,26,26,26,26
320099,1,1,1990,0,0,0,0,0,0,0,0,0,0
320100,1,1,1990,0,0,0,0,0,0,0,0,0,0
320100,2,1,1990,0,0,0,0,0,0,0,0,0,0
320101,1,1,1990,35,35,35,35,35,35,35,35,35,35
320102,0,1,1990,0,0,0,0,0,0,0,18,0,0
320102,1,1,1990,8,34,0,15,11,19,0,19,0,13
320103,1,1,1990,0,0,0,0,0,0,0,0,0,0
320104,1,1,1990,0,0,0,0,0,0,0,0,0,0
320105,1,1,1990,0,11,0,0,0,0,0,33,14,20
320106,1,1,1990,0,0,0,0,0,0,0,0,0,0
320106,2,1,1990,0,0,0,0,0,0,0,0,0,0
320107,1,1,1990,13,13,13,13,13,13,13,13,13,13
320108,1,1,1990,0,0,0,4,0,0,0,0,0,0
320108,2,1,1990,11,11,11,11,11,11,11,11,11,11
320109,1,1,1990,16,16,16,16,16,16,16,16,16,16
320109,2,1,1990,0,0,0,0,0,0,0,0,0,0
320110,1,1,1990,13,13,13,13,13,13,13,13,13,13
320111,1,1,1990,21,6,38,13,18,22,3,13,14,14
320112,0,1,1990,0,0,0,0,0,0,0,0,0,0
320112,1,1,1990,0,0,0,0,0,0,0,0,0,0
320113,1,1,1990,14,14,14,14,14,14,14,14,14,14
320114,1,1,1990,20,20,20,20,20,20,20,20,20,20
320115,1,1,1990,18,18,18,18,18,18,18,18,18,18
320116,1,1,1990,7,7,7,7,7,7,7,7,7,7
320117,1,1,1990,0,0,0,0,0,0,0,0,0,0
320118,1,1,1990,0,0,0,0,0,16,0,0,0,0
320119,0,1,1990,0,0,0,0,0,18,0,0,0,0
320119,0,2,1990,22,29,0,18,0,0,0,17,19,0
320119,1,1,1990,19,19,19,19,19,19,19,19,19,19
320120,1,1,1990,0,0,0,0,0,0,0,0,0,0
320121,1,1,1990,0,0,0,0,0,0,0,0,0,18
320122,1,1,1990,0,0,0,0,0,0,0,0,0,0
320122,2,1,1990,0,0,0,0,0,0,0,0,0,0
320124,1,1,1990,0,0,0,18,0,0,0,0,0,0
320124,2,1,1990,0,0,7,0,0,0,0,0,0,0
320125,1,1,1990,22,22,22,22,22,22,22,22,22,22
320126,1,1,1990,0,0,0,0,0,0,0,0,0,0
320127,1,1,1990,10,7,0,13,14,0,25,0,0,7
320128,1,1,1990,28,28,28,28,28,28,28,28,28,28
320129,1,1,1990,25,25,25,25,25,25,25,25,25,25
320130,1,1,1990,0,0,0,0,0,0,0,0,0,0
320131,1,1,1990,0,0,0,0,0,0,0,0,0,0
320132,0,1,1990,0,0,0,0,0,0,0,0,0,0
320132,1,1,1990,0,0,0,0,0,0,0,0,0,0
320133,1,1,1990,0,0,0,0,0,0,0,0,0,0
320134,1,1,1990,0,0,0,0,0,0,0,0,0,0
320135,1,1,1990,0,0,0,0,0,0,0,0,0,0
320135,2,1,1990,0,0,0,0,0,0,0,0,0,0
320135,3,1,1990,0,0,0,0,0,0,16,0,20,0
320135,4,1,1990,0,0,0,0,8,0,14,0,0,0
320136,1,3,1990,10,10,10,10,10,10,10,10,10,10
320137,1,1,1990,21,21,21,21,21,21,21,21,21,21
320138,1,1,1990,19,19,19,19,19,19,19,19,19,19
320138,2,1,1990,3,3,3,3,3,3,3,3,3,3
320139,1,1,1990,17,17,17,17,17,17,17,17,17,17
320139,2,1,1990,0,0,0,0,0,0,0,0,0,0
320140,1,1,1990,25,23,20,0,31,19,12,34,0,27
320141,1,1,1990,31,31,31,31,31,31,31,31,31,31
320142,0,1,1990,14,14,14,14,14,14,14,14,14,14
320142,1,1,1990,2,2,2,2,2,2,2,2,2,2
320143,1,1,1990,0,0,0,21,24,0,0,0,0,0
320145,1,1,1990,0,0,0,0,0,0,0,0,0,0
320146,1,1,1990,21,21,21,21,21,21,21,21,21,21
320147,1,1,1990,0,0,4,0,0,0,5,0,0,0
320148,1,1,1990,0,0,0,0,0,0,0,0,0,0
320148,2,1,1990,0,0,0,0,0,0,0,0,0,0
320149,1,1,1990,0,0,24,9,0,0,0,0,0,0
320149,2,1,1990,0,0,0,0,0,0,0,0,0,0
320150,1,1,1990,0,0,0,0,0,0,0,0,0,0
320151,1,1,1990,27,27,27,27,27,27,27,27,27,27
320152,1,1,1990,0,0,0,0,18,19,8,0,0,10
320152,2,1,1990,0,0,0,0,0,0,0,0,0,0
320153,1,1,1990,0,0,0,0,0,0,0,0,0,0
320154,1,1,1990,0,0,0,0,0,0,0,0,0,0
320154,2,1,1990,9,10,0,0,0,0,0,0,0,0
320155,1,1,1990,9,9,9,9,9,9,9,9,9,9
320156,1,1,1990,0,0,0,0,0,0,0,0,0,0
320157,1,1,1990,1,1,1,1,1,1,1,1,1,1
320157,2,1,1990,1,1,1,1,1,1,1,1,1,1
320158,1,1,1990,0,0,0,0,0,0,0,0,0,0
320158,2,1,1990,0,0,0,0,0,0,0,0,0,0
320158,3,1,1990,0,0,0,0,0,0,0,0,0,0
320160,0,1,1990,0,0,0,0,0,0,0,0,0,0
320160,1,1,1990,17,0,20,0,0,0,0,18,17,0
320160,2,1,1990,0,0,0,0,19,0,0,0,0,0
320161,1,1,1990,18,18,18,18,18,18,18,18,18,18
320161,2,1,1990,0,0,0,0,0,0,0,0,0,0
320162,1,1,1990,0,0,0,0,0,0,0,0,0,8
320162,2,1,1990,8,8,8,8,8,8,8,8,8,8
320163,0,1,1990,0,0,0,0,0,0,0,0,0,0
320163,1,1,1990,0,0,0,0,0,0,0,0,0,0
320164,0,1,1990,21,0,0,17,0,0,0,0,15,0
320164,1,1,1990,0,0,0,0,0,0,0,0,0,0
320165,1,1,1990,0,0,0,0,0,0,0,0,0,0
320165,2,1,1990,18,0,0,22,0,0,0,6,0,14
320166,0,1,1990,0,0,0,0,0,0,0,0,0,0
320166,1,1,1990,18,18,18,18,18,18,18,18,18,18
320167,1,1,1990,14,14,14,14,14,14,14,14,14,14
320168,1,1,1990,0,0,0,0,0,0,0,0,0,0
320168,2,1,1990,0,0,0,0,0,0,0,18,0,0
320169,0,1,1990,8,8,8,8,8,8,8,8,8,8
320170,1,1,1990,2,6,11,18,22,21,10,11,4,7
320171,1,1,1990,0,0,0,0,0,0,0,0,0,0
320171,2,1,1990,0,0,0,0,0,0,0,0,0,0
320172,1,1,1990,24,24,24,24,24,24,24,24,24,24
320174,1,1,1990,0,0,11,0,0,0,0,0,0,10
320175,1,1,1990,1,1,1,1,1,1,1,1,1,1
320176,1,1,1990,27,27,27,27,27,27,27,27,27,27
320176,2,1,1990,0,0,0,0,0,15,0,0,13,15
320177,1,1,1990,0,0,0,0,0,0,0,0,0,0
320178,1,1,1990,0,0,0,0,0,0,0,0,0,0
320179,1,1,1990,21,21,21,21,21,21,21,21,21,21
320179,2,1,1990,14,14,14,14,14,14,14,14,14,14
320180,0,1,1990,29,29,29,29,29,29,29,29,29,29
320180,1,1,1990,11,0,10,0,0,8,0,0,0,0
320181,1,1,1990,0,0,0,0,0,0,0,0,0,0
320181,2,1,1990,0,0,0,0,0,0,14,0,0,0
320181,3,1,1990,0,0,0,0,0,0,0,0,0,0
320182,1,1,1990,0,0,0,0,0,0,0,0,0,0
320182,2,1,1990,0,0,0,0,0,0,0,0,0,0
320184,1,1,1990,25,25,25,25,25,25,25,25,25,25
320185,1,1,1990,0,0,0,0,0,0,0,0,0,0
320186,0,1,1990,0,0,0,0,0,0,0,0,0,0
320186,1,1,1990,0,0,0,0,0,0,0,0,0,0
320187,0,1,1990,9,16,0,22,0,23,15,0,0,24
320187,1,1,1990,0,4,0,0,0,13,0,5,0,0
320188,1,1,1990,26,26,26,26,26,26,26,26,26,26
320188,2,1,1990,0,0,0,0,0,0,0,0,0,0
320189,1,1,1990,8,8,8,8,8,8,8,8,8,8
320189,2,1,1990,0,0,0,0,0,0,0,0,0,0
320189,3,1,1990,0,0,0,0,0,0,0,0,0,0
320189,4,1,1990,0,0,0,0,0,0,0,0,0,0
320189,5,1,1990,0,0,0,0,0,0,0,0,0,0
320191,0,1,1990,0,0,0,0,0,0,0,0,0,0
320191,1,1,1990,0,0,0,12,13,8,0,0,0,0
320192,1,1,1990,0,0,0,0,0,0,0,0,0,0
320193,1,1,1990,13,13,13,13,13,13,13,13,13,13
320193,2,1,1990,0,0,0,0,0,0,0,0,0,0
320193,3,1,1990,0,0,0,0,0,0,0,0,0,0
320194,1,1,1990,0,0,0,0,0,0,0,0,0,0
320194,2,1,1990,0,0,13,0,0,0,0,0,0,0
320195,1,1,1990,0,0,0,0,0,0,0,0,0,0
320196,1,1,1990,31,7,0,0,27,0,0,0,0,0
320196,2,1,1990,0,0,0,0,0,0,0,0,0,0
320197,1,1,1990,0,0,0,0,0,0,0,0,0,0
320198,1,1,1990,14,14,14,14,14,14,14,14,14,14
320198,2,1,1990,22,22,22,22,22,22,22,22,22,22
320199,0,1,1990,25,25,25,25,25,25,25,25,25,25
320199,1,1,1990,16,16,16,16,16,16,16,16,16,16
320200,1,1,1990,14,14,14,14,14,14,14,14,14,14
320200,2,1,1990,19,19,19,19,19,19,19,19,19,19
320201,1,1,1990,0,0,0,0,0,0,0,0,0,0
320201,2,1,1990,0,0,0,0,0,18,0,0,0,0
320202,1,1,1990,17,17,17,17,17,17,17,17,17,17
320203,1,1,1990,0,0,0,0,0,0,0,0,0,0
320204,1,1,1990,0,0,0,0,0,0,0,0,0,0
320205,1,1,1990,0,0,0,0,0,0,0,0,0,0
320206,1,1,1990,0,0,0,0,0,0,0,0,0,0
320206,2,1,1990,0,0,0,0,0,0,0,0,0,0
320207,0,1,1990,0,0,0,0,0,0,0,0,0,0
320207,1,1,1990,0,0,0,0,0,0,9,0,0,0
320208,1,1,1990,0,0,0,0,0,0,0,0,0,0
320208,2,1,1990,0,0,0,0,0,0,0,0,0,0
320209,1,1,1990,0,0,0,0,0,0,0,0,0,0
320209,2,1,1990,0,0,0,0,0,0,0,0,0,0
320210,1,1,1990,0,0,0,0,0,0,0,0,0,0
320210,2,1,1990,0,0,0,0,0,0,0,0,0,0
320211,1,1,1990,4,4,4,4,4,4,4,4,4,4
320211,2,1,1990,0,0,0,0,0,0,0,0,0,0
320212,0,1,1990,0,0,0,0,0,0,0,0,4,0
320212,0,2,1990,9,8,0,15,6,23,5,0,0,13
320212,1,1,1990,0,0,0,0,0,0,0,0,0,0
320213,0,1,1990,24,24,24,24,24,24,24,24,24,24
320213,1,1,1990,0,0,0,0,0,0,0,0,10,0
320214,1,1,1990,27,27,27,27,27,27,27,27,27,27
320215,1,1,1990,27,27,27,27,27,27,27,27,27,27
320216,1,1,1990,0,0,0,0,0,0,0,0,0,0
320217,1,1,1990,16,16,16,16,16,16,16,16,16,16
320217,2,1,1990,1,1,1,1,1,1,1,1,1,1
320218,1,1,1990,20,20,20,20,20,20,20,20,20,20
320219,1,1,1990,14,14,14,14,14,14,14,14,14,14
320220,1,1,1990,26,26,26,26,26,26,26,26,26,26
320221,1,1,1990,29,29,29,29,29,29,29,29,29,29
320222,0,1,1990,24,24,24,24,24,24,24,24,24,24
320222,1,1,1990,0,17,0,0,0,0,0,9,0,0
320223,1,1,1990,14,14,14,14,14,14,14,14,14,14
320224,1,1,1990,0,0,0,0,0,0,0,0,0,0
320225,1,1,1990,0,0,0,0,0,0,0,0,0,0
320225,2,1,1990,0,0,0,0,0,0,0,0,0,0
320226,0,1,1990,27,27,27,27,27,27,27,27,27,27
320226,1,1,1990,11,0,0,0,0,0,0,0,0,0
320227,1,1,1990,9,9,9,9,9,9,9,9,9,9
320228,1,1,1990,11,11,11,11,11,11,11,11,11,11
320229,0,1,1990,0,0,0,0,0,0,0,0,0,0
320229,1,1,1990,0,0,0,0,0,0,0,0,0,0
320230,0,1,1990,39,39,39,39,39,39,39,39,39,39
320230,1,1,1990,33,0,0,17,0,25,0,0,0,0
320231,0,1,1990,6,6,6,6,6,6,6,6,6,6
320231,1,1,1990,0,0,0,0,0,0,0,0,0,0
320232,1,1,1990,15,15,15,15,15,15,15,15,15,15
320232,2,1,1990,0,0,0,0,0,0,0,0,0,0
320233,0,1,1990,0,0,0,0,0,0,0,0,0,0
320233,1,1,1990,0,0,0,0,0,0,0,0,0,6
320233,2,1,1990,0,0,0,0,0,0,0,0,0,0
320234,0,1,1990,0,0,0,0,0,0,0,0,0,0
320234,1,1,1990,0,0,0,0,0,0,0,0,0,0
320234,2,1,1990,0,0,0,0,0,0,0,0,0,0
320234,3,1,1990,0,45,20,32,0,6,15,0,13,0
320235,0,1,1990,0,0,0,0,0,0,0,0,0,0
320235,1,1,1990,0,0,0,0,0,0,22,0,0,0
320236,1,1,1990,25,25,25,25,25,25,25,25,25,25
320237,1,1,1990,0,0,0,0,0,0,0,0,0,0
320238,1,1,1990,0,0,0,0,0,0,0,0,0,0
320238,2,1,1990,0,0,0,0,0,0,0,0,0,0
320239,1,1,1990,19,19,19,19,19,19,19,19,19,19
320239,2,1,1990,0,0,0,0,0,0,0,0,0,0
320240,0,1,1990,40,40,40,40,40,40,40,40,40,40
320240,1,1,1990,0,0,0,0,0,0,0,10,0,15
320241,1,1,1990,20,20,20,20,20,20,20,20,20,20
320241,2,1,1990,0,0,0,0,0,0,0,0,0,0
320242,1,1,1990,11,11,11,11,11,11,11,11,11,11
320243,1,1,1990,21,21,21,21,21,21,21,21,21,21
320244,1,1,1990,0,0,0,0,0,0,0,0,0,0
320244,2,1,1990,0,0,0,0,0,0,0,0,0,0
320245,1,1,1990,23,23,23,23,23,23,23,23,23,23
320246,1,1,1990,0,0,0,0,0,0,0,0,0,0
320247,0,1,1990,37,37,37,37,37,37,37,37,37,37
320247,1,1,1990,0,19,0,0,3,0,0,0,0,25
320248,1,1,1990,0,0,0,0,0,0,0,0,0,0
320249,1,1,1990,0,0,0,0,0,0,0,0,0,0
320251,1,1,1990,20,20,20,20,20,20,20,20,20,20
320251,2,1,1990,0,0,0,0,0,0,0,0,0,0
320252,1,1,1990,17,17,17,17,17,17,17,17,17,17
320253,1,1,1990,7,7,7,7,7,7,7,7,7,7
320254,0,1,1990,12,0,0,0,0,16,0,26,0,33
320254,0,2,1990,25,0,0,0,14,12,0,0,0,15
320254,1,1,1990,0,0,0,0,0,0,0,0,0,0
320255,0,1,1990,0,0,0,0,0,0,0,0,0,0
320255,0,2,1990,0,0,0,0,0,0,0,0,0,0
320255,1,1,1990,0,0,0,0,0,0,0,0,0,0
320256,1,1,1990,6,6,6,6,6,6,6,6,6,6
320257,0,1,1990,35,32,31,0,16,17,26,11,30,19
320257,1,1,1990,0,0,0,0,0,0,0,0,0,0
320258,1,1,1990,0,0,0,0,0,0,0,0,0,0
320258,2,1,1990,0,0,0,0,0,0,0,0,0,0
320259,0,1,1990,8,0,0,0,0,22,0,38,0,12
320259,1,1,1990,0,9,0,0,0,23,0,0,0,0
320260,1,1,1990,37,37,37,37,37,37,37,37,37,37
320261,0,1,1990,24,24,24,24,24,24,24,24,24,24
320261,1,1,1990,0,0,0,0,0,0,0,0,0,0
320262,1,1,1990,10,10,10,10,10,10,10,10,10,10
320263,1,1,1990,0,0,4,0,15,0,0,0,0,5
320263,2,1,1990,0,0,0,0,0,0,0,0,0,0
320264,1,1,1990,0,0,0,0,0,0,0,0,0,0
320265,1,1,1990,13,13,13,13,13,13,13,13,13,13
320266,1,1,1990,0,0,0,0,0,0,0,0,0,0
320266,2,1,1990,0,0,0,0,0,0,0,0,0,0
320267,1,1,1990,19,19,19,19,19,19,19,19,19,19
320268,0,1,1990,7,7,7,7,7,7,7,7,7,7
320268,1,1,1990,0,0,0,0,0,0,0,0,0,0
320269,1,1,1990,0,0,0,0,0,0,0,0,0,0
320270,1,1,1990,12,12,12,12,12,12,12,12,12,12
320271,0,1,1990,18,26,33,9,0,0,30,20,41,12
320271,1,1,1990,19,19,19,19,19,19,19,19,19,19
320272,1,1,1990,0,0,0,0,0,0,0,0,0,0
320272,2,1,1990,0,0,0,0,0,0,0,0,0,0
320273,1,1,1990,0,0,0,0,0,0,0,0,0,0
320274,1,1,1990,0,0,0,0,0,0,0,0,0,0
320274,2,1,1990,9,9,9,9,9,9,9,9,9,9
320275,1,1,1990,11,11,11,11,11,11,11,11,11,11
320276,0,1,1990,21,21,21,21,21,21,21,21,21,21
320276,1,1,1990,0,24,9,0,31,12,0,7,0,0
320277,1,1,1990,0,0,0,0,0,0,0,0,0,0
320278,0,1,1990,16,16,16,16,16,16,16,16,16,16
320278,1,1,1990,0,0,0,0,0,0,11,0,0,0
320279,1,1,1990,38,38,38,38,38,38,38,38,38,38
320280,0,1,1990,14,14,14,14,14,14,14,14,14,14
320280,1,1,1990,0,0,0,0,0,0,0,0,0,0
320281,1,1,1990,23,23,23,23,23,23,23,23,23,23
320283,1,2,1990,6,10,19,0,0,15,0,22,19,16
320284,0,1,1990,29,29,29,29,29,29,29,29,29,29
320284,1,1,1990,0,0,0,0,0,0,0,11,0,0
320286,0,1,1990,0,0,0,0,24,0,9,0,0,0
320286,1,1,1990,0,0,0,0,0,0,0,0,0,0
320287,0,1,1990,0,0,0,0,0,0,0,0,0,0
320287,1,1,1990,0,0,0,0,0,0,0,0,0,0
320288,1,1,1990,21,21,21,21,21,21,21,21,21,21
320289,1,1,1990,10,10,10,10,10,10,10,10,10,10
320290,1,1,1990,22,22,22,22,22,22,22,22,22,22
320291,1,1,1990,0,0,0,0,0,0,0,0,0,0
320291,2,1,1990,0,0,0,0,0,0,0,0,0,0
320291,3,1,1990,0,0,0,0,0,0,0,0,0,0
320292,1,1,1990,9,9,9,9,9,9,9,9,9,9
320292,2,1,1990,0,0,0,0,0,0,0,0,0,0
320293,1,1,1990,0,0,0,0,0,0,0,0,0,0
320293,2,1,1990,0,0,0,0,0,0,0,0,0,0
320294,1,1,1990,19,19,19,19,19,19,19,19,19,19
320295,0,1,1990,0,0,0,0,0,0,0,0,0,0
320295,1,1,1990,0,0,0,0,0,0,0,0,0,0
320296,1,1,1990,25,17,12,13,22,0,14,12,15,7
320297,1,1,1990,28,28,28,28,28,28,28,28,28,28
320298,1,1,1990,24,24,24,24,24,24,24,24,24,24
320299,1,1,1990,0,0,0,0,0,0,0,0,0,0
320300,1,1,1990,0,0,0,0,0,0,0,0,0,0
320300,2,1,1990,0,0,0,0,0,0,0,0,0,0
320301,1,1,1990,15,15,15,15,15,15,15,15,15,15
320302,1,1,1990,0,0,0,0,0,0,0,0,0,0
320302,2,1,1990,0,0,0,0,0,17,0,0,0,0
320303,1,1,1990,11,11,11,11,11,11,11,11,11,11
320304,1,1,1990,38,38,38,38,38,38,38,38,38,38
320304,2,1,1990,0,0,0,0,0,0,0,0,0,0
320304,3,1,1990,0,0,0,0,0,0,0,0,0,0
320305,1,1,1990,7,7,7,7,7,7,7,7,7,7
320306,1,1,1990,0,0,0,0,0,0,0,0,0,0
320306,2,1,1990,0,0,0,0,0,0,0,0,0,0
320307,1,1,1990,0,0,0,0,0,0,0,0,0,0
320307,2,1,1990,0,0,0,0,0,0,0,0,0,0
320308,0,1,1990,0,0,0,0,0,0,0,0,0,0
320308,1,1,1990,0,0,0,0,0,0,0,0,0,0
320309,1,1,1990,0,0,0,0,0,0,0,0,0,0
320310,2,1,1990,0,0,0,0,0,0,0,0,0,0
330001,1,1,1990,23,23,23,23,23,23,23,23,23,23
330003,0,1,1990,0,0,0,0,0,0,0,0,0,0
330003,1,1,1990,0,0,0,0,0,0,0,0,0,0
330004,1,1,1990,0,0,0,0,0,0,0,0,0,0
330004,2,1,1990,0,0,0,0,6,0,0,0,0,0
330005,1,1,1990,0,0,0,0,0,0,0,0,0,0
330006,0,1,1990,0,0,0,0,0,0,0,0,0,0
330006,1,1,1990,0,0,0,0,0,0,0,0,0,10
330007,1,1,1990,0,0,0,0,0,0,0,0,0,0
330007,2,1,1990,0,0,0,0,0,3,0,0,0,0
330007,3,1,1990,0,0,0,0,0,0,0,0,0,0
330008,1,1,1990,0,0,0,0,0,0,0,0,0,0
330008,2,1,1990,0,0,0,0,0,0,0,0,0,0
330009,1,1,1990,0,21,0,0,0,0,0,0,0,0
330009,2,1,1990,0,0,13,0,0,0,0,0,0,0
330010,1,1,1990,0,0,0,25,0,0,0,0,0,0
330010,2,1,1990,0,0,0,0,12,0,0,0,0,0
330011,1,1,1990,16,13,0,5,16,0,12,8,12,0
330011,2,1,1990,21,21,21,21,21,21,21,21,21,21
330012,1,1,1990,0,0,0,0,0,32,0,0,0,0
330012,2,1,1990,2,2,2,2,2,2,2,2,2,2
330013,1,1,1990,0,0,0,0,0,0,0,0,0,0
330013,2,1,1990,0,17,0,0,0,0,0,0,0,10
330014,1,1,1990,0,0,0,0,0,0,0,0,0,0
330014,2,1,1990,0,0,0,0,0,0,0,0,0,0
330015,1,1,1990,0,0,0,0,0,0,0,0,0,0
330015,2,1,1990,0,0,0,0,0,0,0,0,0,0
330015,3,1,1990,0,0,0,0,0,0,0,0,0,0
330016,1,1,1990,12,12,12,12,12,12,12,12,12,12
330018,0,1,1990,28,28,28,28,28,28,28,28,28,28
330019,1,1,1990,0,0,26,0,0,0,0,0,0,0
330020,1,1,1990,0,0,0,0,0,0,0,0,0,0
330021,1,1,1990,0,0,0,0,0,0,0,0,0,0
330022,1,1,1990,0,0,0,0,0,0,0,0,0,0
330022,2,1,1990,18,18,18,18,18,18,18,18,18,18
330023,1,1,1990,11,11,11,11,11,11,11,11,11,11
330023,2,1,1990,22,0,14,0,0,0,0,0,0,0
330024,1,1,1990,0,0,0,0,0,0,0,0,0,0
330024,2,1,1990,0,0,0,0,0,0,0,0,0,0
330025,1,1,1990,0,0,0,0,0,0,0,0,0,0
330025,2,1,1990,21,0,0,0,0,0,0,0,0,0
330026,1,1,1990,0,0,0,0,0,0,0,0,0,0
330026,2,1,1990,0,0,0,0,0,0,0,0,0,0
330027,0,1,1990,13,0,0,36,10,14,12,19,20,23
330027,1,1,1990,14,14,14,14,14,14,14,14,14,14
330028,1,1,1990,0,0,0,0,0,0,0,0,0,0
330028,2,1,1990,0,0,0,0,0,0,0,32,0,0
330028,3,1,1990,0,0,0,0,0,4,0,15,0,0
330029,1,1,1990,0,0,0,0,0,0,0,0,0,0
330029,2,1,1990,0,0,0,0,0,0,0,0,0,0
330030,1,1,1990,0,0,0,0,0,0,0,0,0,13
330031,1,1,1990,0,0,22,0,7,0,0,0,0,0
330031,2,1,1990,0,0,0,0,0,0,0,0,16,0
330032,1,1,1990,17,17,17,17,17,17,17,17,17,17
330033,1,1,1990,0,0,0,0,0,0,0,0,0,0
330034,1,1,1990,0,0,0,0,0,0,0,0,0,0
330035,1,1,1990,0,0,0,0,0,0,0,0,19,0
330036,1,1,1990,0,0,0,0,0,0,0,0,0,0
330036,2,1,1990,0,0,0,0,0,0,0,0,0,0
330037,1,1,1990,0,0,0,0,15,0,0,11,10,0
330037,2,1,1990,0,0,0,2,0,0,0,0,0,0
330038,1,1,1990,10,10,0,23,0,0,0,18,14,12
330039,1,1,1990,0,0,0,0,0,0,0,0,0,0
330040,1,1,1990,0,0,0,0,0,0,0,0,0,0
330042,0,1,1990,0,0,0,0,0,0,0,0,0,17
330042,1,1,1990,0,0,0,0,13,0,0,0,0,0
330043,1,1,1990,0,0,0,0,0,0,0,0,0,0
330043,2,1,1990,0,0,0,0,0,0,0,0,0,0
330044,1,1,1990,15,15,15,15,15,15,15,15,15,15
330045,1,1,1990,0,0,0,0,0,0,0,0,0,0
330045,2,1,1990,0,0,0,0,14,0,0,0,0,0
330046,1,1,1990,11,11,11,11,11,11,11,11,11,11
330047,1,1,1990,19,19,19,19,19,19,19,19,19,19
330047,2,1,1990,0,16,11,11,0,10,0,0,25,0
330048,1,1,1990,12,12,12,12,12,12,12,12,12,12
330049,1,1,1990,0,0,0,0,0,11,32,19,23,0
330049,2,1,1990,40,19,0,0,0,0,5,24,22,0
330050,1,1,1990,13,13,13,13,13,13,13,13,13,13
330051,1,1,1990,21,21,21,21,21,21,21,21,21,21
330051,2,1,1990,0,0,0,0,19,0,0,5,0,0
330052,1,1,1990,0,0,0,0,0,0,0,0,0,0
330053,0,1,1990,0,0,0,0,0,0,0,0,0,0
330053,1,1,1990,0,0,0,0,0,0,0,0,0,0
330054,0,1,1990,0,0,0,0,0,0,0,0,0,0
330054,1,1,1990,0,0,0,0,0,0,0,0,0,0
330055,1,1,1990,16,16,16,16,16,16,16,16,16,16
330056,0,1,1990,0,0,0,0,0,0,0,0,0,0
330056,0,2,1990,0,0,0,0,0,0,0,0,0,0
330056,0,3,1990,0,0,0,0,0,0,0,0,0,0
330056,1,1,1990,0,0,0,0,0,0,0,0,0,0
330057,1,1,1990,0,0,0,0,0,0,0,0,0,0
330057,2,1,1990,0,0,0,0,0,0,0,0,0,0
330057,3,1,1990,20,0,11,13,0,7,14,0,0,0
330058,1,1,1990,20,20,20,20,20,20,20,20,20,20
330059,1,1,1990,19,19,19,19,19,19,19,19,19,19
330060,1,1,1990,0,0,0,0,0,0,0,0,0,0
330060,2,1,1990,0,0,0,0,0,0,0,0,0,0
330060,3,1,1990,0,0,0,0,0,17,17,0,0,0
330061,1,1,1990,21,21,21,21,21,21,21,21,21,21
330061,2,1,1990,0,0,0,0,0,0,0,0,6,0
330061,3,1,1990,0,0,0,0,0,0,0,0,14,0
330062,1,1,1990,0,0,6,0,0,0,0,0,0,20
330062,2,1,1990,0,0,0,0,0,0,0,0,0,0
330063,1,1,1990,13,13,13,13,13,13,13,13,13,13
330063,2,1,1990,0,0,3,0,0,0,0,0,0,0
330064,1,1,1990,21,21,21,21,21,21,21,21,21,21
330064,2,1,1990,0,16,0,0,0,0,0,0,0,0
330065,1,1,1990,24,24,24,24,24,24,24,24,24,24
330066,1,1,1990,0,0,0,0,0,0,0,0,0,0
330067,1,1,1990,23,6,0,0,27,0,0,0,0,0
330068,1,1,1990,15,15,15,15,15,15,15,15,15,15