ST_CASE,VEH_NO,PER_NO,YEAR,P1,P2,P3,P4,P5,P6,P7,P8,P9,P10
330069,1,1,1990,0,0,0,16,0,0,0,7,14,19
330069,2,1,1990,0,0,0,0,0,0,0,0,0,0
330070,1,1,1990,0,0,0,0,11,0,15,0,27,29
330070,2,1,1990,14,16,0,24,0,0,0,23,0,19
330071,1,1,1990,5,5,5,5,5,5,5,5,5,5
330072,1,1,1990,0,0,0,0,0,0,0,0,0,0
330072,2,1,1990,0,0,0,0,12,0,13,0,0,0
330072,3,1,1990,0,0,0,0,0,0,0,0,0,0
330072,4,1,1990,0,0,0,0,0,0,0,0,0,0
330073,1,1,1990,20,21,24,0,0,0,0,20,21,0
330074,1,1,1990,0,0,0,0,0,0,0,0,0,0
330075,1,1,1990,0,0,0,0,0,0,0,0,0,0
330076,1,1,1990,0,18,0,0,0,2,0,0,4,0
330076,2,1,1990,0,0,0,0,0,0,0,0,0,0
330077,1,1,1990,23,23,23,23,23,23,23,23,23,23
330078,1,1,1990,10,10,10,10,10,10,10,10,10,10
330079,1,1,1990,0,0,0,0,25,0,13,18,0,0
330079,2,1,1990,16,0,0,8,17,0,0,0,13,0
330080,1,1,1990,0,0,0,0,0,0,0,0,0,0
330081,1,1,1990,22,22,22,22,22,22,22,22,22,22
330082,1,1,1990,19,19,19,19,19,19,19,19,19,19
330083,1,1,1990,0,0,0,0,0,0,0,0,0,0
330083,2,1,1990,0,0,0,0,0,0,0,0,0,0
330083,3,1,1990,0,0,0,0,0,0,0,0,0,13
330084,1,1,1990,0,0,0,0,13,0,0,0,0,0
330084,2,1,1990,0,0,0,0,0,0,0,0,0,0
330086,0,1,1990,0,0,0,0,0,0,0,0,0,0
330086,1,1,1990,0,0,0,0,0,0,0,0,6,0
330087,1,1,1990,0,0,0,0,0,0,0,0,0,0
330088,1,1,1990,18,18,18,18,18,18,18,18,18,18
330089,1,1,1990,0,0,3,0,0,0,0,0,0,0
330089,2,1,1990,0,0,0,0,0,0,0,0,0,0
330090,1,1,1990,0,0,0,0,0,0,0,0,0,0
330091,1,1,1990,18,18,18,18,18,18,18,18,18,18
330092,1,1,1990,3,3,3,3,3,3,3,3,3,3
330092,2,1,1990,0,0,0,0,0,0,0,0,0,0
330093,1,1,1990,0,0,0,0,0,0,0,0,0,0
330094,1,1,1990,0,0,0,0,0,0,0,0,0,0
330094,2,1,1990,0,0,0,0,0,0,0,0,0,0
330095,1,1,1990,10,10,10,10,10,10,10,10,10,10
330095,2,1,1990,0,0,0,0,0,0,0,0,0,0
330096,0,1,1990,0,0,0,0,0,0,0,0,0,0
330096,1,1,1990,0,28,0,17,0,0,0,0,0,0
330097,1,1,1990,24,24,24,24,24,24,24,24,24,24
330098,1,1,1990,0,0,0,2,0,0,0,0,0,0
330099,1,1,1990,15,15,15,15,15,15,15,15,15,15
330100,0,1,1990,0,0,0,0,0,0,0,0,0,0
330100,1,1,1990,0,15,0,0,0,0,15,0,0,0
330101,1,1,1990,0,27,33,8,22,18,31,0,23,17
330102,1,1,1990,4,4,4,4,4,4,4,4,4,4
330103,0,1,1990,23,23,23,23,23,23,23,23,23,23
330103,1,1,1990,0,0,0,14,0,0,0,0,0,0
330104,1,1,1990,10,10,10,10,10,10,10,10,10,10
330104,2,1,1990,0,0,0,0,0,0,0,0,0,0
330105,0,1,1990,0,0,0,0,0,0,0,0,0,0
330105,1,1,1990,22,22,22,22,22,22,22,22,22,22
330106,1,1,1990,20,20,20,20,20,20,20,20,20,20
330106,2,1,1990,0,0,0,11,0,0,0,0,0,0
330107,1,1,1990,0,0,0,0,0,0,0,0,0,0
330107,2,1,1990,0,15,0,0,0,0,0,0,0,0
330107,3,1,1990,0,0,0,0,0,0,0,0,0,0
330107,4,1,1990,0,0,8,0,0,0,0,0,22,14
330108,1,1,1990,20,20,20,20,20,20,20,20,20,20
330108,2,1,1990,0,0,0,0,0,0,0,0,0,0
330109,1,1,1990,16,16,16,16,16,16,16,16,16,16
330110,1,1,1990,0,41,0,0,0,0,0,0,0,0
330110,2,1,1990,0,0,0,0,0,0,0,0,0,0
330110,3,1,1990,0,0,0,0,0,0,0,0,0,0
330111,1,1,1990,9,9,9,9,9,9,9,9,9,9
330112,1,1,1990,22,22,22,22,22,22,22,22,22,22
330112,2,1,1990,35,21,34,7,0,0,0,10,19,0
330113,1,1,1990,10,10,10,10,10,10,10,10,10,10
330114,0,1,1990,16,7,0,0,0,0,0,9,14,0
330114,1,1,1990,0,0,0,0,0,4,0,0,0,0
330115,1,1,1990,6,6,6,6,6,6,6,6,6,6
330116,1,1,1990,0,0,0,0,0,0,0,0,0,0
330116,2,1,1990,0,0,0,0,0,0,4,20,0,0
330117,1,1,1990,0,0,0,0,0,0,0,0,0,0
330118,1,1,1990,19,19,19,19,19,19,19,19,19,19
330119,1,1,1990,0,2,7,0,12,0,0,0,0,22
330119,2,1,1990,0,0,0,0,0,16,0,0,0,0
330120,1,1,1990,0,0,0,0,0,0,0,0,0,0
330121,1,1,1990,0,0,0,0,0,0,0,0,0,0
330121,2,1,1990,0,0,0,0,0,0,0,0,0,0
330122,1,1,1990,0,0,0,0,0,0,0,0,0,0
330122,2,1,1990,0,0,0,0,0,0,0,0,0,0
330123,1,1,1990,28,28,28,28,28,28,28,28,28,28
330124,1,1,1990,13,11,0,0,8,14,0,5,17,10
330124,2,1,1990,10,0,0,0,14,14,0,0,0,0
330125,1,1,1990,0,0,0,0,0,0,0,0,0,0
330125,2,1,1990,0,0,0,0,0,0,0,0,0,0
330126,1,1,1990,0,0,24,0,0,13,0,0,0,8
330126,2,1,1990,0,0,0,23,0,0,0,0,0,0
330127,1,1,1990,0,0,0,0,0,0,0,0,0,0
330128,1,1,1990,0,0,0,0,0,11,0,0,19,0
330128,2,1,1990,0,0,0,0,0,0,0,6,0,0
330129,1,1,1990,0,0,0,0,0,0,0,0,0,0
330130,1,1,1990,28,28,28,28,28,28,28,28,28,28
330130,2,1,1990,0,0,0,0,9,4,14,0,0,0
330130,3,1,1990,0,0,0,0,0,0,0,0,0,0
330131,0,1,1990,0,0,0,0,0,33,0,0,0,0
330131,1,1,1990,0,0,0,0,0,0,0,0,0,0
330132,1,1,1990,0,0,0,0,0,0,0,0,0,0
330133,1,1,1990,21,0,0,0,0,11,0,0,0,22
330134,1,1,1990,12,12,12,12,12,12,12,12,12,12
330135,1,1,1990,0,0,0,0,0,0,0,0,0,0
330135,2,1,1990,0,0,0,0,0,0,0,0,0,0
330136,0,1,1990,0,0,0,0,0,0,27,28,0,0
330136,1,1,1990,0,0,0,0,0,0,0,0,0,0
330137,0,1,1990,0,0,0,0,0,0,0,0,0,0
330137,1,1,1990,0,0,0,0,0,0,0,0,0,0
330138,1,1,1990,2,2,2,2,2,2,2,2,2,2
330138,2,1,1990,0,0,15,0,0,0,20,0,0,0
330139,1,1,1990,0,0,0,0,0,0,0,0,0,0
330139,2,1,1990,25,25,25,25,25,25,25,25,25,25
330140,1,1,1990,0,0,0,0,0,0,0,0,0,0
330140,2,1,1990,0,0,0,0,0,18,0,0,0,0
330141,1,1,1990,0,25,0,18,0,0,0,0,0,0
330142,1,1,1990,12,12,12,12,12,12,12,12,12,12
330143,1,1,1990,0,6,0,0,0,12,18,11,0,9
330144,1,1,1990,0,0,4,0,0,0,16,0,0,0
330144,2,1,1990,27,27,27,27,27,27,27,27,27,27
340001,1,1,1990,0,0,0,0,0,0,0,0,0,0
340002,1,1,1990,0,6,0,0,0,0,0,0,0,0
340002,2,1,1990,0,0,0,0,0,0,0,0,0,0
340003,1,1,1990,8,8,8,8,8,8,8,8,8,8
340004,1,1,1990,0,0,0,0,0,0,0,0,0,0
340004,2,1,1990,0,0,0,0,0,0,0,0,0,0
340005,0,1,1990,0,0,0,0,0,0,0,0,0,0
340005,0,2,1990,0,0,21,0,0,17,0,0,0,0
340005,1,1,1990,24,0,12,0,22,0,10,18,0,0
340005,2,1,1990,0,0,0,0,0,0,0,0,0,0
340006,1,1,1990,21,30,22,21,28,0,44,34,15,14
340007,1,1,1990,17,0,0,0,0,0,19,0,0,0
340009,1,1,1990,0,0,0,0,0,0,0,0,0,0
340009,2,1,1990,3,0,0,0,14,0,0,0,0,0
340010,0,1,1990,0,0,0,0,0,0,0,0,0,0
340010,1,1,1990,0,0,0,0,0,0,0,0,0,0
340011,1,1,1990,0,0,0,0,0,0,0,0,0,0
340012,0,1,1990,0,0,0,0,0,0,0,0,0,0
340012,1,1,1990,0,0,0,0,0,0,0,0,0,0
340013,1,1,1990,0,0,0,0,0,0,0,0,0,0
340013,2,1,1990,0,0,0,0,0,0,0,0,16,0
340015,1,1,1990,0,0,0,0,0,0,0,0,0,0
340015,2,1,1990,0,0,0,0,0,0,0,0,0,0
340016,1,1,1990,11,11,11,11,11,11,11,11,11,11
340016,2,1,1990,10,10,10,10,10,10,10,10,10,10
340017,1,1,1990,0,0,0,0,0,4,21,0,14,0
340018,0,1,1990,27,27,27,27,27,27,27,27,27,27
340018,1,1,1990,0,0,6,10,0,2,15,24,0,0
340020,1,1,1990,0,0,0,0,0,0,0,0,0,0
340020,2,1,1990,0,0,0,0,0,0,0,0,0,0
340020,3,1,1990,0,0,0,0,0,0,0,0,0,0
340021,1,1,1990,25,25,25,25,25,25,25,25,25,25
340021,2,1,1990,0,0,0,0,0,0,0,0,0,0
340022,1,1,1990,0,0,0,0,0,0,0,0,0,0
340022,2,1,1990,0,0,0,0,0,0,0,0,0,0
340023,1,1,1990,0,0,0,0,0,0,0,0,0,0
340023,2,1,1990,0,0,0,0,0,0,0,0,0,0
340023,3,1,1990,0,0,0,0,0,0,0,0,0,0
340024,1,1,1990,0,0,0,0,0,0,0,0,0,0
340025,1,1,1990,13,13,13,13,13,13,13,13,13,13
340026,0,1,1990,38,38,38,38,38,38,38,38,38,38
340026,1,1,1990,0,0,0,0,0,0,0,0,0,0
340027,1,1,1990,0,0,0,12,0,0,0,0,0,0
340028,1,1,1990,0,0,0,0,0,0,0,0,0,0
340028,2,1,1990,11,11,11,11,11,11,11,11,11,11
340029,1,1,1990,23,0,0,0,15,0,0,8,0,0
340029,2,1,1990,0,0,0,0,0,0,0,0,0,0
340030,1,1,1990,0,0,0,0,0,0,0,0,0,0
340030,2,1,1990,0,0,0,0,0,0,0,0,0,0
340030,3,1,1990,0,0,0,0,0,16,0,0,0,0
340031,1,1,1990,0,0,0,0,9,0,0,0,0,0
340031,2,1,1990,0,0,0,0,0,0,18,0,6,0
340032,1,1,1990,0,0,0,0,0,0,0,0,0,0
340033,1,1,1990,16,16,16,16,16,16,16,16,16,16
340033,2,1,1990,0,0,0,0,0,0,0,0,0,0
340034,1,1,1990,0,0,0,0,0,0,0,0,0,0
340035,1,1,1990,0,0,0,0,0,11,0,0,0,0
340035,2,1,1990,0,0,0,0,0,0,0,0,0,0
340036,1,1,1990,0,5,0,0,0,0,0,0,0,0
340036,2,1,1990,0,0,0,0,0,0,0,0,0,0
340036,3,1,1990,0,0,0,0,0,0,0,0,0,0
340037,1,1,1990,4,11,0,0,0,0,0,9,0,0
340038,1,1,1990,12,12,12,12,12,12,12,12,12,12
340038,2,1,1990,0,0,0,0,0,0,0,0,0,0
340039,1,1,1990,0,0,0,0,0,0,0,0,0,0
340039,2,1,1990,0,0,0,0,0,0,0,0,0,0
340040,1,1,1990,0,0,0,0,0,0,0,0,0,0
340041,1,1,1990,0,0,0,0,0,0,0,0,0,0
340041,2,1,1990,0,0,0,0,0,0,0,0,0,0
340042,1,1,1990,0,0,0,0,0,0,0,0,12,0
340042,2,1,1990,0,0,0,0,0,0,0,0,0,0
340043,0,1,1990,30,30,30,30,30,30,30,30,30,30
340043,1,1,1990,2,2,2,2,2,2,2,2,2,2
340044,1,1,1990,0,0,0,0,0,0,0,0,0,0
340044,2,1,1990,0,0,0,0,0,0,0,0,0,0
340045,1,1,1990,8,8,8,8,8,8,8,8,8,8
340046,1,1,1990,0,0,0,0,0,0,0,0,0,0
340046,2,1,1990,0,0,0,0,0,0,0,0,0,0
340047,1,1,1990,27,27,27,27,27,27,27,27,27,27
340048,1,1,1990,15,15,15,15,15,15,15,15,15,15
340049,0,1,1990,0,0,0,0,0,0,0,0,0,0
340049,1,1,1990,0,0,0,0,0,0,0,0,0,0
340050,0,1,1990,0,0,0,0,0,0,0,0,0,0
340050,1,1,1990,0,8,0,0,0,0,0,9,0,0
340051,1,1,1990,0,0,0,0,0,0,0,0,0,0
340052,0,1,1990,0,0,0,0,0,0,0,0,0,0
340052,1,1,1990,0,0,0,0,0,0,0,0,0,0
340053,1,1,1990,14,0,0,0,0,0,13,0,17,0
340053,2,1,1990,0,10,0,0,0,21,0,0,6,0
340054,0,1,1990,0,0,0,0,0,0,0,0,0,0
340054,1,1,1990,0,0,0,0,0,0,0,0,0,0
340055,0,1,1990,19,19,19,19,19,19,19,19,19,19
340055,1,1,1990,0,0,0,0,0,0,0,0,0,0
340056,1,1,1990,14,14,14,14,14,14,14,14,14,14
340057,1,1,1990,0,0,0,0,0,0,0,0,0,0
340058,0,1,1990,0,0,0,0,0,0,0,0,0,0
340058,1,1,1990,0,0,0,0,0,0,0,0,0,0
340059,1,1,1990,14,14,14,14,14,14,14,14,14,14
340060,1,1,1990,27,27,27,27,27,27,27,27,27,27
340061,0,1,1990,0,0,0,0,0,0,0,0,0,0
340061,1,1,1990,0,0,0,0,0,0,0,0,0,0
340062,1,1,1990,0,0,0,0,0,0,0,0,0,0
340063,1,1,1990,23,23,23,23,23,23,23,23,23,23
340064,1,1,1990,20,20,20,20,20,20,20,20,20,20
340064,2,1,1990,0,16,10,0,21,6,0,0,0,0
340065,1,1,1990,13,13,13,13,13,13,13,13,13,13
340065,2,1,1990,5,5,5,5,5,5,5,5,5,5
340066,1,1,1990,0,0,0,0,0,0,0,0,0,0
340066,2,1,1990,0,0,0,0,0,0,0,16,0,0
340067,0,1,1990,0,0,0,0,0,0,0,0,0,0
340067,1,1,1990,0,0,0,0,0,0,0,0,0,0
340068,1,1,1990,5,5,5,5,5,5,5,5,5,5
340068,2,1,1990,0,0,0,0,0,0,0,0,0,0
340069,1,1,1990,0,0,1,0,0,0,0,0,0,0
340069,2,1,1990,19,19,19,19,19,19,19,19,19,19
340070,1,1,1990,0,0,0,0,0,0,14,0,0,0
340070,2,1,1990,0,0,0,0,0,0,0,0,0,0
340070,3,1,1990,0,0,0,0,12,0,0,0,0,0
340071,0,1,1990,0,0,0,0,0,0,0,0,0,0
340071,1,1,1990,0,0,0,0,0,0,0,0,0,0
340072,0,1,1990,0,0,0,0,0,0,0,0,0,0
340072,1,1,1990,0,0,0,0,0,0,0,0,0,0
340073,0,1,1990,23,23,23,23,23,23,23,23,23,23
340073,1,1,1990,0,0,0,0,0,0,0,0,0,0
340074,1,1,1990,0,0,0,0,0,0,0,0,0,0
340074,2,1,1990,0,0,0,0,0,0,0,0,0,0
340075,0,1,1990,0,0,0,0,0,0,0,0,0,0
340075,1,1,1990,0,0,0,0,0,0,0,0,0,0
340076,1,1,1990,0,0,0,0,0,0,0,0,0,0
340076,2,1,1990,0,0,0,0,0,0,0,0,0,0
340076,3,1,1990,0,0,0,0,0,0,0,0,0,0
340076,4,1,1990,0,0,0,0,0,0,0,0,0,0
340077,1,1,1990,0,0,0,0,0,0,0,0,0,0
340078,1,1,1990,10,20,0,6,13,14,37,0,11,9
340079,1,1,1990,13,13,13,13,13,13,13,13,13,13
340080,0,1,1990,0,0,0,0,0,0,0,0,0,0
340080,1,1,1990,0,0,0,0,24,0,0,0,0,0
340081,1,1,1990,13,13,13,13,13,13,13,13,13,13
340081,2,1,1990,0,0,0,0,0,0,0,0,0,0
340082,1,1,1990,0,0,0,0,0,0,0,0,0,0
340082,2,1,1990,0,0,0,6,0,0,0,0,0,0
340083,1,1,1990,25,25,25,25,25,25,25,25,25,25
340083,2,1,1990,0,0,0,0,0,0,0,0,0,0
340083,3,1,1990,0,0,0,0,0,0,0,0,0,0
340084,0,1,1990,0,0,0,0,0,0,0,0,0,0
340084,1,1,1990,0,0,0,0,0,0,0,0,0,0
340085,1,1,1990,0,0,0,0,0,0,0,0,0,0
340086,1,1,1990,0,0,0,0,0,14,0,0,0,0
340086,2,1,1990,0,0,0,0,0,0,0,0,0,0
340087,1,1,1990,36,36,36,36,36,36,36,36,36,36
340087,2,1,1990,0,0,0,0,0,0,0,0,0,0
340088,0,1,1990,0,0,0,0,0,0,0,0,0,0
340088,1,1,1990,0,0,0,0,0,0,0,0,0,0
340089,1,1,1990,24,24,24,24,24,24,24,24,24,24
340090,1,1,1990,12,12,12,12,12,12,12,12,12,12
340091,1,1,1990,0,0,0,0,0,0,0,0,0,0
340091,2,1,1990,0,0,0,0,0,0,0,0,0,0
340092,0,1,1990,0,0,0,0,0,0,0,0,0,0
340092,1,1,1990,0,0,0,0,0,13,0,0,0,0
340093,0,1,1990,0,0,0,0,0,0,0,0,0,0
340093,1,1,1990,0,0,0,0,0,0,0,0,0,0
340093,2,1,1990,0,0,0,0,0,0,0,0,0,0
340094,1,1,1990,0,0,0,0,0,0,0,0,0,0
340095,1,1,1990,0,0,0,0,0,0,0,0,0,0
340095,2,1,1990,0,0,0,0,0,0,0,0,0,0
340096,0,1,1990,28,28,28,28,28,28,28,28,28,28
340096,1,1,1990,0,0,0,0,0,0,0,0,0,0
340097,1,1,1990,0,0,0,0,0,0,0,0,0,0
340097,2,1,1990,0,0,0,0,0,0,0,0,0,0
340098,1,1,1990,0,0,0,0,0,0,0,0,0,0
340099,0,1,1990,14,14,14,14,14,14,14,14,14,14
340099,1,1,1990,0,0,0,0,0,0,0,0,41,0
340102,1,1,1990,0,0,0,0,0,0,0,0,0,0
340102,2,1,1990,0,0,0,0,0,0,0,0,0,0
340103,0,1,1990,0,0,0,0,0,0,0,0,0,0
340103,1,1,1990,0,0,0,0,0,0,0,0,0,0
340104,1,1,1990,0,0,0,0,0,0,0,0,0,0
340105,0,1,1990,0,0,0,0,0,0,0,0,0,0
340105,1,1,1990,0,0,0,0,0,0,0,0,19,0
340106,1,1,1990,0,0,0,0,0,0,0,0,0,0
340106,2,1,1990,0,0,0,0,0,0,0,0,0,0
340108,1,1,1990,0,0,0,0,0,0,0,0,0,0
340108,2,1,1990,0,0,0,0,0,0,0,0,0,0
340109,0,1,1990,0,0,0,0,0,0,0,0,0,0
340109,1,1,1990,7,15,0,0,4,21,7,0,0,24
340109,2,1,1990,0,0,0,21,11,0,0,0,0,0
340110,0,1,1990,0,0,0,0,0,0,0,0,0,0
340110,1,1,1990,0,0,0,0,0,0,0,0,0,0
340111,0,1,1990,0,0,0,0,0,0,0,0,0,0
340111,1,1,1990,0,0,0,0,0,0,8,0,0,0
340112,1,1,1990,0,0,0,0,0,0,6,15,0,7
340112,2,1,1990,0,0,0,0,19,0,0,0,0,0
340113,1,1,1990,0,0,0,0,0,0,0,0,0,0
340113,2,1,1990,0,0,0,0,0,0,0,0,0,0
340114,1,1,1990,0,0,0,0,0,0,0,0,0,0
340114,2,1,1990,0,0,0,0,0,0,0,0,0,0
340115,1,1,1990,0,0,0,0,0,0,0,0,0,0
340115,2,1,1990,0,0,0,0,0,0,0,0,0,0
340116,1,1,1990,0,0,0,0,0,0,0,0,0,0
340116,2,1,1990,0,0,0,0,0,0,0,0,0,0
340117,0,1,1990,0,0,0,0,0,0,0,0,0,0
340117,1,1,1990,0,0,0,0,0,18,0,0,0,0
340118,0,1,1990,0,0,0,0,0,0,0,0,0,0
340118,1,1,1990,0,0,0,0,0,0,0,0,0,0
340119,1,1,1990,4,4,4,4,4,4,4,4,4,4
340120,1,1,1990,0,0,0,0,0,0,0,0,0,0
340120,2,1,1990,0,0,0,0,0,0,0,0,0,0
340121,1,1,1990,0,0,0,0,0,0,9,8,0,0
340123,1,1,1990,0,0,0,0,0,0,0,0,0,0
340123,2,1,1990,18,18,18,18,18,18,18,18,18,18
340124,0,1,1990,0,0,0,0,0,0,0,0,0,0
340124,1,1,1990,0,0,0,0,0,0,0,0,0,0
340125,0,1,1990,0,0,0,0,0,0,0,0,0,0
340125,1,1,1990,0,0,0,0,0,0,0,0,0,17
340127,1,1,1990,0,0,0,0,0,0,0,0,0,0
340127,2,1,1990,0,0,0,0,0,0,0,0,0,0
340128,1,1,1990,17,17,17,17,17,17,17,17,17,17
340128,2,1,1990,0,0,15,0,0,11,0,0,0,0
340129,0,1,1990,0,0,0,0,0,0,0,0,0,0
340129,1,1,1990,0,25,17,0,0,0,0,24,0,0
340130,1,1,1990,28,28,28,28,28,28,28,28,28,28
340132,1,1,1990,0,0,0,0,0,16,0,0,0,0
340134,1,1,1990,0,0,18,25,0,0,13,3,0,18
340134,2,1,1990,0,0,0,0,0,0,0,0,0,0
340135,1,1,1990,0,0,0,0,0,0,0,0,0,0
340136,1,1,1990,0,0,0,0,0,0,0,0,0,0
340136,2,1,1990,0,0,0,0,0,0,0,0,0,0
340137,1,1,1990,0,0,0,0,0,0,0,0,0,0
340138,0,1,1990,0,0,0,10,0,0,0,0,0,0
340138,1,1,1990,0,0,0,0,0,0,0,0,0,0
340140,1,1,1990,0,0,0,0,0,0,0,0,0,0
340140,2,1,1990,5,5,5,5,5,5,5,5,5,5
340141,0,1,1990,0,0,0,0,0,0,0,0,0,0
340141,1,1,1990,0,0,0,0,0,0,0,0,0,0
340142,1,1,1990,0,11,0,0,0,0,0,0,0,0
340143,1,1,1990,25,25,25,25,25,25,25,25,25,25
340144,0,1,1990,11,11,11,11,11,11,11,11,11,11
340144,1,1,1990,5,0,16,0,0,0,0,0,0,0
340145,1,2,1990,0,0,0,0,0,0,0,0,0,0
340145,2,1,1990,0,0,0,0,0,0,0,0,0,0
340145,3,1,1990,0,0,0,0,0,0,0,12,0,0
340146,1,1,1990,0,0,0,0,0,0,0,0,0,0
340146,2,1,1990,0,0,0,0,0,0,0,0,0,0
340147,1,1,1990,16,16,16,16,16,16,16,16,16,16
340148,1,1,1990,0,0,0,0,0,0,0,0,0,0
340148,2,1,1990,0,0,0,0,0,0,0,0,0,0
340149,1,1,1990,6,6,6,6,6,6,6,6,6,6
340150,1,1,1990,0,0,0,0,0,0,0,0,0,0
340150,2,1,1990,0,10,0,0,0,0,0,0,0,0
340151,1,1,1990,13,13,13,13,13,13,13,13,13,13
340152,1,1,1990,0,0,0,0,0,0,0,0,0,0
340153,1,1,1990,0,0,0,0,0,0,0,0,0,0
340154,1,1,1990,0,0,0,0,0,0,0,0,0,0
340154,2,1,1990,15,15,15,15,15,15,15,15,15,15
340155,1,1,1990,0,0,0,0,0,26,0,0,0,0
340155,2,1,1990,0,0,0,0,0,0,0,0,0,0
340156,1,1,1990,0,0,0,0,0,0,0,0,0,0
340156,2,1,1990,0,0,0,0,0,0,0,0,0,0
340157,1,1,1990,0,0,0,0,0,0,0,0,0,0
340158,1,1,1990,0,0,0,0,0,0,0,0,0,0
340158,2,1,1990,14,0,32,0,0,0,0,18,0,0
340159,0,1,1990,0,0,0,0,0,0,0,0,0,0
340160,1,1,1990,0,0,0,0,0,0,0,0,0,0
340160,2,1,1990,0,0,0,0,0,0,0,0,0,0
340161,1,1,1990,0,0,0,0,0,0,0,0,0,0
340161,2,1,1990,0,0,0,0,0,0,0,0,0,0
340162,1,1,1990,27,27,27,27,27,27,27,27,27,27
340162,2,1,1990,0,6,0,0,0,0,0,0,18,0
340164,1,1,1990,0,0,0,0,0,0,0,0,0,0
340165,0,1,1990,57,57,57,57,57,57,57,57,57,57
340165,1,1,1990,0,0,0,0,0,29,0,0,0,0
340166,1,1,1990,0,0,0,0,0,0,0,0,0,0
340166,2,1,1990,4,0,0,0,0,0,0,0,0,0
340167,1,1,1990,0,0,0,0,0,0,0,0,0,0
340167,2,1,1990,0,0,8,0,0,0,0,0,0,0
340168,1,1,1990,0,0,0,0,0,0,0,0,0,0
340168,2,1,1990,0,0,0,0,0,0,0,0,0,0
340169,1,1,1990,0,0,0,0,0,0,0,0,0,0
340170,1,1,1990,27,27,27,27,27,27,27,27,27,27
340170,2,1,1990,0,0,0,0,0,0,0,0,0,0
340170,3,1,1990,0,0,15,0,0,4,0,0,0,0
340171,0,1,1990,0,0,0,0,0,0,0,0,0,0
340171,1,1,1990,0,0,0,0,0,0,0,0,0,0
340173,1,1,1990,0,0,0,0,0,0,0,0,0,0
340173,2,1,1990,0,0,0,0,0,0,0,0,0,0
340174,1,1,1990,3,3,3,3,3,3,3,3,3,3
340175,1,1,1990,23,23,23,23,23,23,23,23,23,23
340176,0,1,1990,0,22,0,0,0,0,27,16,0,0
340176,1,1,1990,0,0,17,0,0,0,8,14,0,29
340177,0,1,1990,0,0,0,0,0,0,0,0,11,0
340177,1,1,1990,4,4,4,4,4,4,4,4,4,4
340177,2,1,1990,0,0,0,0,0,0,0,0,0,0
340178,1,1,1990,18,18,18,18,18,18,18,18,18,18
340179,1,1,1990,0,0,0,0,0,0,0,0,0,0
340179,2,1,1990,0,0,0,0,0,0,0,0,0,0
340179,3,1,1990,0,0,0,0,0,0,0,0,0,0
340180,1,1,1990,0,0,0,0,0,0,0,0,0,0
340180,2,1,1990,6,6,6,6,6,6,6,6,6,6
340181,0,1,1990,5,5,5,5,5,5,5,5,5,5
340181,1,1,1990,0,0,37,0,0,0,0,0,8,0
340182,0,1,1990,24,24,24,24,24,24,24,24,24,24
340182,1,1,1990,17,0,6,15,0,0,0,0,0,0
340183,1,1,1990,0,0,0,20,0,0,0,0,0,0
340183,2,1,1990,0,0,0,0,0,0,0,0,0,0
340183,3,1,1990,0,0,0,0,0,0,0,16,0,0
340184,1,1,1990,0,0,0,0,0,0,0,0,0,0
340185,0,1,1990,0,0,0,0,0,0,0,0,0,0
340185,1,1,1990,35,35,35,35,35,35,35,35,35,35
340186,1,1,1990,16,16,16,16,16,16,16,16,16,16
340188,0,1,1990,6,6,6,6,6,6,6,6,6,6
340188,1,1,1990,8,8,8,8,8,8,8,8,8,8
340189,1,1,1990,16,16,16,16,16,16,16,16,16,16
340190,0,1,1990,0,0,0,0,0,0,0,0,0,0
340190,1,1,1990,7,0,0,0,0,0,0,0,0,22
340191,0,1,1990,0,0,0,0,0,0,0,0,0,0
340191,1,1,1990,0,0,0,0,0,0,0,0,0,0
340192,0,1,1990,13,13,13,13,13,13,13,13,13,13
340192,1,1,1990,0,0,0,0,0,0,0,0,0,0
340193,0,1,1990,0,0,0,0,0,0,0,0,0,0
340193,1,1,1990,0,0,0,0,0,0,0,0,0,0
340194,1,1,1990,0,0,0,0,0,0,0,0,0,0
340194,2,1,1990,0,0,0,0,0,0,0,0,0,0
340194,3,1,1990,0,0,19,0,0,0,6,0,0,0
340195,1,1,1990,0,0,0,0,0,0,0,0,0,0
340195,2,1,1990,0,0,0,0,0,0,0,0,0,0
340196,0,1,1990,22,0,0,0,28,10,0,3,0,22
340196,1,1,1990,7,0,2,0,0,0,0,16,0,0
340197,0,1,1990,0,0,0,0,0,0,0,0,0,0
340197,1,1,1990,0,0,0,0,0,0,0,0,0,0
340198,1,1,1990,0,0,0,0,0,0,0,15,0,0
340198,2,1,1990,0,0,0,0,0,0,0,0,0,0
340200,1,1,1990,16,16,16,16,16,16,16,16,16,16
340200,2,1,1990,0,7,0,0,0,7,0,0,0,0
340201,1,1,1990,0,0,0,0,0,0,0,0,0,0
340201,2,1,1990,0,0,0,0,0,0,0,0,0,0
340202,1,1,1990,0,0,0,0,0,0,0,0,0,0
340202,2,1,1990,0,0,0,0,0,0,0,0,0,0
340203,0,1,1990,28,0,15,0,19,0,22,7,18,0
340203,1,1,1990,13,27,0,17,10,2,0,13,0,0
340204,1,1,1990,0,0,0,0,0,0,0,0,0,0
340204,2,1,1990,0,0,0,0,0,0,0,0,0,0
340205,0,1,1990,0,0,0,0,0,19,0,0,0,0
340205,1,1,1990,0,15,0,0,0,0,0,0,0,0
340206,0,1,1990,3,3,3,3,3,3,3,3,3,3
340206,1,1,1990,0,16,0,0,14,6,0,19,0,0