ST_CASE,VEH_NO,PER_NO,YEAR,P1,P2,P3,P4,P5,P6,P7,P8,P9,P10
340207,1,1,1990,0,0,3,7,0,0,0,0,0,0
340207,2,1,1990,0,0,0,0,16,0,13,26,6,5
340208,1,1,1990,1,1,1,1,1,1,1,1,1,1
340208,2,1,1990,20,20,20,20,20,20,20,20,20,20
340209,0,1,1990,0,0,0,0,0,0,0,0,0,0
340209,1,1,1990,6,0,0,0,0,0,0,0,0,0
340210,1,1,1990,0,0,0,0,0,0,0,0,0,0
340211,1,1,1990,13,13,13,13,13,13,13,13,13,13
340212,1,1,1990,0,0,0,0,0,0,0,0,0,0
340212,2,1,1990,20,20,20,20,20,20,20,20,20,20
340213,1,1,1990,0,0,0,0,0,0,0,0,0,0
340213,2,1,1990,18,9,8,26,19,19,16,16,23,20
340214,1,1,1990,15,15,15,15,15,15,15,15,15,15
340214,2,1,1990,8,8,8,8,8,8,8,8,8,8
340214,3,1,1990,0,0,0,21,0,0,0,0,0,20
340215,1,1,1990,0,0,0,0,0,0,0,0,0,0
340215,2,1,1990,0,0,0,0,0,0,0,0,0,0
340216,1,1,1990,0,0,0,0,0,0,0,0,0,0
340216,2,1,1990,0,0,0,0,0,0,0,0,0,0
340217,0,1,1990,0,0,0,0,0,0,0,0,0,0
340217,1,1,1990,0,0,0,0,0,0,0,0,0,0
340218,1,1,1990,0,0,0,0,0,0,0,0,0,0
340218,2,1,1990,0,0,0,0,0,0,0,0,0,0
340219,1,1,1990,0,0,0,0,0,0,0,0,0,0
340219,2,1,1990,0,0,0,0,0,0,0,0,0,0
340219,3,1,1990,0,0,0,0,0,0,0,0,0,0
340220,1,1,1990,0,0,0,0,0,0,0,0,0,0
340220,2,1,1990,0,0,0,0,0,0,0,0,0,0
340221,1,1,1990,34,16,4,13,0,9,28,25,28,24
340222,0,1,1990,0,0,0,0,0,0,0,0,0,0
340222,1,1,1990,9,9,9,9,9,9,9,9,9,9
340223,1,1,1990,0,0,0,0,0,0,0,0,0,0
340223,2,1,1990,0,0,0,0,0,0,0,0,0,0
340224,1,1,1990,0,0,0,0,0,0,0,0,0,0
340224,2,1,1990,0,0,0,0,0,0,0,0,0,0
340225,1,1,1990,18,18,18,18,18,18,18,18,18,18
340226,1,1,1990,18,18,18,18,18,18,18,18,18,18
340227,1,1,1990,0,0,0,0,0,0,0,0,0,0
340229,1,1,1990,0,0,0,0,0,0,0,0,0,0
340229,2,1,1990,0,0,22,0,0,0,0,0,0,14
340230,1,1,1990,0,0,0,0,0,0,0,0,0,0
340231,1,1,1990,0,0,0,0,0,0,0,0,0,0
340232,1,1,1990,12,12,12,12,12,12,12,12,12,12
340233,1,1,1990,0,0,0,0,0,0,0,0,0,0
340233,2,1,1990,0,0,0,0,0,0,0,0,0,0
340234,0,1,1990,17,17,17,17,17,17,17,17,17,17
340234,1,1,1990,0,0,0,0,0,0,0,0,0,0
340235,1,1,1990,0,0,0,0,0,0,0,0,0,0
340235,2,1,1990,4,4,4,4,4,4,4,4,4,4
340236,1,1,1990,0,0,0,0,0,0,0,0,0,0
340236,2,1,1990,0,0,0,0,0,0,0,0,0,0
340237,1,1,1990,0,0,0,0,0,0,0,0,0,12
340237,2,1,1990,20,0,24,26,17,0,34,0,15,17
340238,1,1,1990,0,0,0,0,0,0,0,0,0,0
340238,2,1,1990,0,0,0,0,0,0,0,0,0,0
340239,1,1,1990,0,0,0,0,0,0,0,0,0,0
340239,2,1,1990,0,0,0,0,0,0,0,0,0,0
340240,0,1,1990,10,10,10,10,10,10,10,10,10,10
340240,1,1,1990,0,0,0,0,0,0,0,0,0,0
340241,1,1,1990,0,0,0,0,0,0,0,0,0,0
340241,2,1,1990,0,0,0,0,0,0,0,0,0,0
340242,1,1,1990,0,0,0,0,0,0,0,0,0,0
340243,1,1,1990,0,0,0,0,0,17,17,5,11,28
340244,1,1,1990,7,7,7,7,7,7,7,7,7,7
340245,1,1,1990,0,0,0,0,0,0,0,0,0,0
340246,0,1,1990,0,0,0,0,0,0,0,0,0,0
340246,1,1,1990,0,0,0,0,0,0,0,0,0,0
340247,1,1,1990,16,16,16,16,16,16,16,16,16,16
340248,0,1,1990,0,0,0,0,0,0,0,0,0,0
340248,1,1,1990,0,0,0,0,0,0,0,0,0,0
340249,0,1,1990,0,0,0,0,0,0,0,0,0,0
340249,1,1,1990,0,0,0,0,0,22,0,0,0,0
340250,1,1,1990,15,15,15,15,15,15,15,15,15,15
340250,2,1,1990,7,7,7,7,7,7,7,7,7,7
340253,0,1,1990,0,0,0,0,0,0,0,0,0,0
340253,1,1,1990,0,0,9,10,0,0,0,8,0,0
340254,1,1,1990,0,0,0,0,0,0,0,0,0,0
340255,1,1,1990,24,24,24,24,24,24,24,24,24,24
340256,0,1,1990,0,0,0,0,0,0,0,0,0,0
340256,1,1,1990,0,0,0,0,0,0,0,0,0,0
340258,1,1,1990,7,0,0,0,0,0,0,0,0,0
340258,2,1,1990,0,0,10,0,0,0,0,10,21,0
340259,1,1,1990,0,0,0,10,0,0,0,0,0,15
340260,0,1,1990,0,0,0,0,0,0,0,0,0,0
340260,1,1,1990,0,0,0,0,0,0,0,0,0,0
340261,1,1,1990,0,0,0,0,0,0,0,0,0,0
340261,2,1,1990,0,19,0,0,10,0,0,0,11,10
340261,3,1,1990,21,0,0,0,0,0,0,0,0,0
340262,0,1,1990,0,0,0,0,0,0,0,0,0,0
340262,1,1,1990,0,0,0,0,0,0,0,0,0,0
340263,0,1,1990,22,22,22,22,22,22,22,22,22,22
340263,1,1,1990,0,0,0,0,0,0,0,0,0,0
340264,0,1,1990,6,6,6,6,6,6,6,6,6,6
340264,1,1,1990,0,0,19,13,10,0,0,0,4,0
340265,1,1,1990,0,0,0,0,6,0,0,0,0,0
340265,2,1,1990,0,0,0,0,0,0,0,0,0,0
340265,3,1,1990,0,0,0,0,0,0,0,0,0,0
340265,4,1,1990,0,0,0,0,0,0,0,0,0,0
340266,0,1,1990,0,0,0,0,0,0,0,0,0,0
340266,1,1,1990,29,29,29,29,29,29,29,29,29,29
340267,1,1,1990,0,0,0,0,0,0,0,0,0,0
340268,1,1,1990,0,21,0,0,27,15,23,0,24,0
340269,1,1,1990,0,0,0,0,0,0,0,0,0,0
340270,1,1,1990,24,24,24,24,24,24,24,24,24,24
340270,2,1,1990,1,1,1,1,1,1,1,1,1,1
340271,0,1,1990,0,0,0,0,0,0,0,0,0,0
340271,1,1,1990,0,0,8,0,0,0,0,0,0,0
340272,0,1,1990,0,0,0,0,0,0,0,0,0,0
340272,1,1,1990,0,0,0,0,0,0,0,0,0,0
340273,1,1,1990,0,0,0,0,0,0,0,0,0,0
340275,0,1,1990,0,0,0,0,0,0,0,0,0,0
340275,1,1,1990,0,0,0,0,0,0,0,0,0,0
340276,1,1,1990,3,3,3,3,3,3,3,3,3,3
340276,2,1,1990,0,0,0,0,0,0,0,0,0,0
340277,1,1,1990,16,16,16,16,16,16,16,16,16,16
340277,2,1,1990,0,0,0,0,0,0,0,0,0,0
340277,3,1,1990,0,0,0,0,0,0,0,0,0,0
340278,1,1,1990,10,10,10,10,10,10,10,10,10,10
340279,1,1,1990,0,0,85,0,0,0,0,0,0,0
340279,2,1,1990,0,0,0,0,0,0,0,0,0,0
340280,0,1,1990,0,0,0,0,0,0,0,0,0,0
340280,1,1,1990,0,0,0,0,0,0,0,0,0,0
340281,0,1,1990,0,0,0,0,0,0,0,0,0,0
340281,1,1,1990,0,0,0,0,0,0,0,0,0,0
340282,0,1,1990,0,0,0,0,0,0,0,0,0,0
340282,1,1,1990,0,0,0,0,0,0,0,0,0,0
340284,1,1,1990,0,0,0,0,0,0,0,0,0,0
340284,2,1,1990,0,0,0,0,0,0,0,0,0,0
340285,1,1,1990,16,16,16,16,16,16,16,16,16,16
340286,1,1,1990,0,0,0,0,0,0,0,0,0,0
340286,2,1,1990,0,0,0,0,0,0,0,0,0,0
340287,0,1,1990,22,22,22,22,22,22,22,22,22,22
340287,1,1,1990,0,0,0,0,0,0,0,0,0,0
340288,1,1,1990,0,0,0,0,0,0,0,0,0,0
340288,2,1,1990,0,0,0,0,0,0,0,0,0,0
340289,0,1,1990,0,0,0,0,0,0,0,0,0,0
340289,1,1,1990,13,13,13,13,13,13,13,13,13,13
340290,1,1,1990,6,6,6,6,6,6,6,6,6,6
340291,0,1,1990,17,17,17,17,17,17,17,17,17,17
340291,1,1,1990,0,6,31,19,11,16,0,23,0,0
340291,2,1,1990,0,0,0,0,0,0,0,0,30,0
340292,0,1,1990,0,0,0,0,0,0,0,0,0,0
340292,1,1,1990,0,0,0,0,0,0,0,0,0,0
340293,1,1,1990,0,0,0,0,0,0,0,0,0,0
340294,1,1,1990,0,0,0,0,0,0,0,0,0,0
340294,2,1,1990,0,0,0,0,0,0,0,0,0,0
340295,1,1,1990,0,0,0,0,0,0,0,0,0,0
340296,1,1,1990,19,19,19,19,19,19,19,19,19,19
340297,1,1,1990,25,25,25,25,25,25,25,25,25,25
340297,2,1,1990,0,0,0,0,0,0,0,0,0,0
340298,0,1,1990,0,0,0,0,0,0,0,0,0,0
340298,1,1,1990,0,0,0,0,0,0,14,0,0,20
340298,2,1,1990,0,0,20,0,12,17,23,21,17,15
340299,1,1,1990,27,27,27,27,27,27,27,27,27,27
340300,1,1,1990,20,20,20,20,20,20,20,20,20,20
340301,0,1,1990,0,0,0,0,0,0,0,0,0,0
340301,1,1,1990,3,3,3,3,3,3,3,3,3,3
340302,0,1,1990,0,0,0,0,0,0,0,0,0,0
340302,0,2,1990,21,31,0,25,24,19,0,10,0,0
340302,1,1,1990,16,16,16,16,16,16,16,16,16,16
340303,1,1,1990,0,0,0,0,0,0,0,13,0,0
340303,2,1,1990,18,18,18,18,18,18,18,18,18,18
340304,1,1,1990,0,9,0,0,0,0,0,0,0,0
340305,1,1,1990,16,16,16,16,16,16,16,16,16,16
340305,2,1,1990,3,3,3,3,3,3,3,3,3,3
340306,1,1,1990,0,0,0,0,0,0,0,0,0,0
340306,2,1,1990,0,10,0,0,0,0,0,0,0,0
340307,0,1,1990,0,0,0,0,0,0,0,0,0,0
340307,1,1,1990,0,0,0,0,0,0,0,0,0,0
340308,0,1,1990,0,0,0,0,0,0,0,0,0,0
340308,1,1,1990,0,19,10,21,0,5,0,8,0,0
340309,1,1,1990,0,0,0,0,0,0,0,0,0,0
340309,2,1,1990,0,0,0,0,0,0,0,0,0,0
340310,1,1,1990,0,0,0,0,0,0,0,0,0,0
340311,1,1,1990,0,0,0,0,0,0,0,0,0,0
340311,2,1,1990,0,0,0,0,0,0,0,0,0,0
340312,0,1,1990,38,0,0,0,0,11,18,0,12,14
340312,1,1,1990,12,12,12,12,12,12,12,12,12,12
340313,0,1,1990,0,0,0,0,0,0,0,26,0,23
340313,1,1,1990,0,0,0,0,0,0,0,0,0,0
340314,0,1,1990,0,0,0,0,0,0,0,0,0,0
340314,1,1,1990,0,0,0,0,7,0,0,0,0,0
340315,1,1,1990,0,0,26,0,0,20,0,21,24,8
340316,0,1,1990,4,0,0,0,0,0,0,0,0,0
340316,1,1,1990,14,14,14,14,14,14,14,14,14,14
340317,1,1,1990,0,0,0,0,0,0,0,0,0,0
340317,2,1,1990,12,12,12,12,12,12,12,12,12,12
340318,1,1,1990,17,0,0,0,0,0,0,0,0,0
340318,2,1,1990,0,0,0,0,0,0,0,0,0,0
340319,1,1,1990,0,0,0,0,0,0,0,0,0,0
340320,1,1,1990,0,13,0,0,0,0,0,12,0,0
340320,2,1,1990,0,0,0,0,0,0,0,0,0,0
340321,0,1,1990,0,0,0,0,0,0,0,0,0,0
340321,1,1,1990,8,8,8,8,8,8,8,8,8,8
340322,1,1,1990,0,0,0,0,0,0,0,0,0,0
340322,2,1,1990,0,0,0,0,0,0,0,0,0,0
340323,1,1,1990,10,10,10,10,10,10,10,10,10,10
340323,2,1,1990,0,0,0,0,0,0,0,0,0,0
340324,0,1,1990,0,0,0,0,0,0,0,0,0,0
340324,0,2,1990,12,3,0,3,0,22,0,25,22,0
340324,1,1,1990,0,0,0,0,0,0,0,0,0,0
340324,2,1,1990,0,0,0,0,0,0,0,0,0,0
340325,1,1,1990,0,0,0,0,0,0,0,0,0,0
340325,2,1,1990,0,0,0,0,0,0,0,0,0,0
340325,3,1,1990,0,0,0,0,0,0,0,0,0,0
340325,4,1,1990,0,0,0,0,0,0,0,0,0,0
340326,0,1,1990,0,0,0,0,0,0,0,0,0,0
340326,1,1,1990,0,0,0,0,0,0,0,0,0,0
340326,2,1,1990,10,0,0,0,0,9,0,0,0,0
340327,1,1,1990,4,4,4,4,4,4,4,4,4,4
340327,2,1,1990,15,15,15,15,15,15,15,15,15,15
340328,1,1,1990,0,0,0,0,0,2,0,0,0,0
340328,2,1,1990,0,0,0,0,0,0,0,0,0,0
340329,1,1,1990,0,0,0,0,0,0,0,0,0,0
340329,2,1,1990,0,0,0,0,0,0,0,0,0,0
340330,1,1,1990,25,25,25,25,25,25,25,25,25,25
340331,1,1,1990,0,0,0,0,0,0,0,0,0,0
340331,2,1,1990,0,0,0,0,0,0,0,0,0,0
340332,1,1,1990,0,0,0,8,17,0,0,9,33,11
340333,1,1,1990,0,0,0,0,0,0,0,0,0,0
340334,0,1,1990,0,0,0,0,0,0,0,0,0,0
340334,1,1,1990,0,0,0,0,0,0,0,0,0,0
340335,1,1,1990,28,28,28,28,28,28,28,28,28,28
340336,1,1,1990,0,0,0,0,0,0,0,0,0,0
340336,2,1,1990,0,0,0,0,0,0,0,0,0,0
340337,1,1,1990,9,9,9,9,9,9,9,9,9,9
340338,1,1,1990,0,0,0,0,0,0,0,0,0,0
340339,0,1,1990,0,0,0,0,0,0,0,0,0,0
340339,1,1,1990,0,0,0,0,0,0,0,0,0,0
340341,1,1,1990,9,9,9,9,9,9,9,9,9,9
340341,2,1,1990,0,0,0,0,0,0,0,0,0,0
340342,1,1,1990,0,0,0,0,0,0,0,0,0,0
340343,1,1,1990,0,0,0,0,0,0,0,0,0,0
340343,2,1,1990,0,0,0,0,0,0,0,0,0,0
340344,1,1,1990,19,19,19,19,19,19,19,19,19,19
340344,2,1,1990,0,0,0,0,0,0,0,0,0,0
340345,1,1,1990,0,0,0,0,0,0,0,0,0,0
340346,1,1,1990,19,19,19,19,19,19,19,19,19,19
340347,1,1,1990,0,0,0,0,0,0,0,0,0,0
340347,2,1,1990,0,0,0,0,0,0,0,0,0,0
340348,0,1,1990,0,0,0,0,0,0,0,0,0,0
340348,1,1,1990,0,0,0,0,0,0,0,0,0,0
340349,1,1,1990,14,14,14,14,14,14,14,14,14,14
340349,2,1,1990,0,0,0,0,0,0,0,0,0,0
340349,3,1,1990,0,0,0,0,0,0,0,0,0,0
340349,4,1,1990,0,0,0,0,0,0,0,0,0,0
340349,5,1,1990,0,0,0,0,0,0,0,0,0,0
340350,1,1,1990,0,0,0,0,0,0,0,0,0,0
340350,2,1,1990,19,0,0,0,0,0,0,0,0,0
340351,1,1,1990,0,0,0,7,0,28,7,0,0,0
340351,2,1,1990,0,0,12,0,7,0,16,0,0,0
340352,1,1,1990,6,16,0,11,9,5,0,20,0,11
340352,2,1,1990,13,29,14,15,19,16,13,15,9,17
340353,1,1,1990,24,24,24,24,24,24,24,24,24,24
340353,2,1,1990,6,0,0,0,0,0,0,0,0,0
340354,1,1,1990,17,17,17,17,17,17,17,17,17,17
340355,1,1,1990,0,0,0,0,0,0,0,0,0,0
340355,2,1,1990,16,16,16,16,16,16,16,16,16,16
340356,1,1,1990,0,0,0,0,0,0,0,0,0,0
340357,0,1,1990,21,21,21,21,21,21,21,21,21,21
340357,1,1,1990,0,0,0,0,0,0,0,0,0,0
340358,1,1,1990,0,0,0,0,0,0,0,0,0,0
340358,2,1,1990,0,0,0,0,0,0,0,0,0,0
340358,3,1,1990,0,0,0,0,0,0,0,0,0,0
340359,1,1,1990,0,0,0,0,0,0,0,0,0,0
340360,1,1,1990,9,9,9,9,9,9,9,9,9,9
340361,1,1,1990,0,0,0,0,0,0,0,0,0,0
340361,2,1,1990,0,0,0,0,0,0,0,0,0,0
340362,1,1,1990,0,0,0,0,0,0,0,0,0,0
340362,2,1,1990,0,0,0,19,8,0,0,0,0,0
340363,1,1,1990,0,0,0,0,0,0,0,0,0,0
340363,2,1,1990,0,0,0,0,0,0,0,0,0,0
340364,1,1,1990,0,0,0,0,0,0,0,0,0,0
340364,2,1,1990,0,0,0,0,0,0,0,0,0,0
340364,3,1,1990,0,0,0,0,0,0,0,0,0,0
340365,1,1,1990,0,0,0,0,0,0,0,0,0,0
340366,1,1,1990,20,20,20,20,20,20,20,20,20,20
340368,1,1,1990,6,6,6,6,6,6,6,6,6,6
340368,2,1,1990,21,21,21,21,21,21,21,21,21,21
340369,1,1,1990,1,1,1,1,1,1,1,1,1,1
340369,2,1,1990,18,0,0,0,15,0,0,0,0,16
340370,1,1,1990,0,0,0,0,0,0,0,0,0,0
340371,1,1,1990,0,0,0,0,0,0,0,0,0,0
340371,2,1,1990,0,0,0,0,0,0,0,0,0,0
340374,1,1,1990,0,0,0,0,0,0,0,0,0,0
340374,2,1,1990,0,0,0,0,15,0,0,0,10,0
340376,1,1,1990,0,0,0,0,0,0,0,0,0,0
340377,0,1,1990,0,0,0,0,0,0,0,0,13,0
340377,1,1,1990,0,0,0,0,0,0,0,0,0,0
340378,1,1,1990,2,2,2,2,2,2,2,2,2,2
340379,1,1,1990,0,0,0,0,0,0,0,0,0,0
340379,2,1,1990,13,13,13,13,13,13,13,13,13,13
340380,0,1,1990,0,0,0,0,0,0,0,0,0,0
340380,1,1,1990,0,0,0,0,0,0,0,0,0,0
340381,1,1,1990,1,1,1,1,1,1,1,1,1,1
340381,2,1,1990,0,0,0,0,0,0,0,0,0,0
340382,1,1,1990,15,15,15,15,15,15,15,15,15,15
340382,2,1,1990,0,0,11,0,0,0,0,0,8,0
340383,1,1,1990,0,0,0,0,0,0,0,0,0,0
340384,1,1,1990,31,31,31,31,31,31,31,31,31,31
340385,1,1,1990,0,0,0,0,0,0,0,0,0,0
340385,2,1,1990,0,0,0,0,0,0,0,0,0,0
340386,1,1,1990,0,0,0,0,0,0,0,0,0,0
340387,1,1,1990,0,0,0,0,0,0,0,0,0,0
340388,0,1,1990,8,8,8,8,8,8,8,8,8,8
340388,1,1,1990,0,0,0,0,0,0,0,0,0,0
340388,2,1,1990,0,0,0,0,0,0,0,0,0,0
340389,0,1,1990,12,12,12,12,12,12,12,12,12,12
340389,1,1,1990,0,0,0,0,0,0,0,0,0,0
340390,1,1,1990,0,0,0,0,0,0,0,0,0,0
340390,2,1,1990,0,0,0,0,0,0,0,0,0,0
340391,1,1,1990,0,0,0,0,0,0,0,0,0,0
340392,1,1,1990,0,0,0,0,0,0,0,0,0,0
340393,1,1,1990,26,38,16,31,56,33,31,26,18,30
340394,1,1,1990,22,22,22,22,22,22,22,22,22,22
340394,2,1,1990,0,0,0,0,0,0,0,0,0,0
340396,1,1,1990,0,0,0,0,0,0,0,0,0,0
340396,2,1,1990,0,0,0,0,0,0,0,0,0,0
340397,1,1,1990,0,0,0,0,0,0,0,0,0,0
340397,2,1,1990,0,0,0,0,0,0,0,0,0,0
340398,0,1,1990,0,0,0,0,0,0,0,0,0,0
340398,1,1,1990,0,0,0,0,0,0,0,0,0,0
340399,0,1,1990,4,4,4,4,4,4,4,4,4,4
340399,1,1,1990,0,0,0,0,5,0,0,0,0,0
340399,2,1,1990,0,5,0,2,0,0,0,15,0,0
340400,1,1,1990,4,4,4,4,4,4,4,4,4,4
340401,1,1,1990,0,0,0,0,0,0,0,0,0,0
340401,2,1,1990,4,4,4,4,4,4,4,4,4,4
340402,0,1,1990,18,18,18,18,18,18,18,18,18,18
340402,1,1,1990,23,0,0,0,0,0,0,0,0,0
340403,1,1,1990,0,0,0,0,0,0,0,0,0,0
340403,2,1,1990,0,0,0,0,0,0,0,0,0,0
340404,1,1,1990,0,0,0,0,0,0,0,0,0,0
340405,1,1,1990,5,4,15,25,15,15,4,17,19,19
340406,0,1,1990,0,0,0,0,0,0,0,0,0,0
340406,1,1,1990,0,0,0,0,0,0,0,0,0,0
340407,1,1,1990,0,0,0,0,0,0,0,0,0,0
340408,1,1,1990,0,0,0,0,0,0,0,0,0,0
340408,2,1,1990,0,0,0,0,0,0,0,0,0,0
340409,1,1,1990,0,0,0,0,0,0,0,0,0,0
340409,2,1,1990,0,0,0,0,0,0,0,0,0,0
340410,1,1,1990,16,16,16,16,16,16,16,16,16,16
340411,1,1,1990,0,0,0,0,0,0,0,0,0,0
340411,2,1,1990,0,0,0,0,0,0,0,0,0,0
340412,1,1,1990,0,0,0,0,0,0,0,0,0,0
340413,1,1,1990,0,0,0,0,0,0,0,0,0,0
340414,1,1,1990,3,3,3,3,3,3,3,3,3,3
340417,1,1,1990,0,0,0,0,0,0,0,0,0,0
340417,2,1,1990,0,0,0,0,0,0,0,0,0,0
340418,1,1,1990,2,2,2,2,2,2,2,2,2,2
340418,2,1,1990,0,0,0,0,0,12,0,0,0,0
340419,1,1,1990,24,24,24,24,24,24,24,24,24,24
340420,1,1,1990,0,0,0,0,0,0,0,0,0,0
340420,2,1,1990,32,32,32,32,32,32,32,32,32,32
340421,1,1,1990,22,22,22,22,22,22,22,22,22,22
340422,0,1,1990,0,0,0,0,0,0,0,0,0,0
340422,1,1,1990,2,2,2,2,2,2,2,2,2,2
340423,1,1,1990,0,0,0,0,0,0,0,0,0,0
340424,1,1,1990,20,20,20,20,20,20,20,20,20,20
340425,0,1,1990,21,21,21,21,21,21,21,21,21,21
340425,1,1,1990,13,13,13,13,13,13,13,13,13,13
340426,1,1,1990,0,0,0,0,0,0,0,0,0,0
340426,2,1,1990,0,0,0,0,0,0,0,0,0,0
340427,1,1,1990,0,0,0,0,0,0,0,7,6,0
340427,2,1,1990,0,0,0,0,0,0,0,0,0,0
340428,0,1,1990,0,0,0,0,0,0,0,11,0,0
340428,1,1,1990,0,0,0,12,0,0,14,0,0,0
340429,0,1,1990,0,0,0,0,0,0,0,0,0,0
340429,1,1,1990,0,0,0,0,0,0,0,0,0,0
340429,2,1,1990,0,0,0,0,0,0,0,0,0,0
340430,0,1,1990,20,20,20,20,20,20,20,20,20,20
340430,1,1,1990,0,0,0,0,0,0,0,0,0,0
340431,1,1,1990,0,0,0,0,0,0,0,0,0,0
340431,2,1,1990,0,25,0,0,12,0,0,0,0,7
340432,1,1,1990,0,0,0,0,0,0,0,0,0,0
340432,2,1,1990,0,0,0,0,0,0,0,0,0,0
340433,1,1,1990,0,0,0,0,0,0,0,0,0,0
340434,1,1,1990,0,14,0,0,0,0,0,0,16,0
340434,2,1,1990,0,0,0,0,0,0,0,0,0,0
340435,1,1,1990,0,0,0,0,0,0,0,0,0,0
340435,2,1,1990,23,0,0,0,0,0,0,0,0,0
340435,3,1,1990,15,0,0,12,0,0,0,24,0,7
340435,4,1,1990,0,0,0,0,0,0,0,0,0,0
340436,1,1,1990,19,27,15,11,21,11,17,32,12,18
340436,2,1,1990,0,0,0,0,0,0,0,0,0,0
340437,1,1,1990,12,12,12,12,12,12,12,12,12,12
340437,2,1,1990,0,0,0,0,0,0,0,0,0,0
340437,3,1,1990,0,0,0,0,0,0,0,0,0,0
340439,1,1,1990,0,0,0,0,0,0,0,0,0,0
340439,2,1,1990,21,21,21,21,21,21,21,21,21,21
340440,1,1,1990,15,0,0,0,0,0,0,0,0,0
340440,2,1,1990,0,0,0,0,0,0,0,0,0,0
340441,1,1,1990,0,0,0,0,0,0,0,0,0,0
340441,2,1,1990,0,0,0,0,0,0,0,0,0,0
340442,0,1,1990,0,0,0,0,0,0,0,0,0,0
340442,1,1,1990,0,0,0,0,0,0,0,0,0,0
340443,1,1,1990,5,5,5,5,5,5,5,5,5,5
340444,1,1,1990,0,0,0,0,0,0,0,0,0,0
340444,2,1,1990,0,0,0,0,0,0,0,0,0,0
340444,3,1,1990,0,0,0,0,12,0,28,0,4,13
340444,4,1,1990,0,0,0,0,0,0,0,0,0,0
340445,1,1,1990,0,0,0,0,0,0,0,0,0,0
340445,2,1,1990,0,0,0,0,0,0,0,0,0,0
340446,1,1,1990,0,0,0,0,0,0,0,0,0,0
340446,2,1,1990,1,1,1,1,1,1,1,1,1,1
340447,0,1,1990,0,0,0,0,0,0,0,0,0,0
340447,1,1,1990,0,0,0,0,0,0,0,0,0,0
340448,1,1,1990,18,18,18,18,18,18,18,18,18,18
340448,2,1,1990,0,0,0,0,0,0,0,0,0,0
340449,1,1,1990,0,8,0,0,0,0,0,0,0,0
340449,2,1,1990,0,0,0,0,12,0,0,0,0,0
340450,1,1,1990,6,0,0,0,0,0,0,0,0,0
340450,2,1,1990,0,0,0,0,0,0,0,0,0,0
340451,1,1,1990,17,17,17,17,17,17,17,17,17,17
340452,1,1,1990,0,0,0,0,0,0,0,0,0,0
340453,1,1,1990,5,5,5,5,5,5,5,5,5,5
340454,1,1,1990,0,0,0,0,0,0,0,0,0,0
340455,1,1,1990,0,0,0,0,0,0,0,0,0,0
340456,1,1,1990,0,0,0,0,0,17,0,0,15,0
340457,1,1,1990,21,21,21,21,21,21,21,21,21,21
340458,1,1,1990,0,0,0,0,0,0,0,0,0,0
340458,2,1,1990,0,0,0,0,0,0,0,0,0,0
340459,1,1,1990,21,21,21,21,21,21,21,21,21,21
340460,1,1,1990,0,0,0,0,0,0,0,0,0,0
340460,2,1,1990,0,0,0,0,0,0,0,0,0,0
340461,1,1,1990,0,0,0,0,0,0,0,0,0,0
340461,2,1,1990,0,0,0,0,0,0,0,0,0,0
340463,1,1,1990,2,2,2,2,2,2,2,2,2,2
340464,0,1,1990,18,18,18,18,18,18,18,18,18,18
340464,1,1,1990,0,0,0,0,0,0,0,0,0,0
340465,1,1,1990,0,0,0,0,0,0,0,0,0,0
340465,2,1,1990,0,0,0,0,0,0,0,0,0,0
340466,1,1,1990,0,0,0,0,0,0,0,0,0,0
340467,1,1,1990,0,0,8,0,0,0,0,0,0,0
340467,2,1,1990,16,6,0,10,20,0,0,13,0,0
340468,0,1,1990,0,0,0,0,0,0,0,0,0,0
340468,1,1,1990,0,0,0,0,0,0,0,0,0,0
340470,1,1,1990,0,0,0,0,0,0,0,0,0,0
340472,0,1,1990,0,0,0,0,0,0,0,0,0,0
340472,1,1,1990,7,7,7,7,7,7,7,7,7,7
340473,1,1,1990,0,0,0,0,0,0,0,0,0,0
340473,2,1,1990,0,0,0,0,0,0,0,0,0,0
340474,1,1,1990,0,0,0,0,0,0,0,0,0,0
340474,2,1,1990,0,0,0,0,0,0,0,0,0,0
340475,1,1,1990,0,0,0,0,0,0,0,0,0,0
340476,0,1,1990,24,24,24,24,24,24,24,24,24,24
340476,1,1,1990,0,0,0,0,0,0,0,0,14,0
340477,1,1,1990,0,0,0,0,0,0,0,0,0,0
340477,2,1,1990,0,0,0,0,0,0,0,0,0,0
340477,3,1,1990,0,0,0,0,0,0,0,0,0,0
340478,1,1,1990,0,0,0,0,0,0,0,0,0,0
340478,2,1,1990,0,0,0,0,0,0,0,0,0,0
340478,3,1,1990,0,0,0,0,0,0,0,0,0,0
340479,1,1,1990,24,24,24,24,24,24,24,24,24,24
340479,2,1,1990,8,8,0,6,0,0,0,0,0,0
340480,1,1,1990,0,0,0,0,0,0,0,0,0,0
340481,1,1,1990,17,17,17,17,17,17,17,17,17,17
340482,1,1,1990,0,0,0,0,0,0,0,0,0,0
340483,1,2,1990,15,15,15,15,15,15,15,15,15,15
340484,0,1,1990,0,0,0,0,0,0,0,0,0,0
340484,1,1,1990,19,22,31,0,0,15,19,0,17,0
340485,0,1,1990,0,0,0,0,0,0,0,0,0,0
340485,1,1,1990,0,0,0,0,0,0,12,0,0,0
340486,1,1,1990,1,1,1,1,1,1,1,1,1,1
340487,1,1,1990,11,11,11,11,11,11,11,11,11,11
340487,2,1,1990,9,9,9,9,9,9,9,9,9,9
340488,1,1,1990,0,0,0,0,0,0,0,0,0,0
340488,2,1,1990,0,0,0,0,0,0,0,0,0,0
340488,3,1,1990,0,0,0,0,0,0,0,0,0,0