ST_CASE,VEH_NO,PER_NO,YEAR,P1,P2,P3,P4,P5,P6,P7,P8,P9,P10
340773,1,1,1990,0,0,0,0,0,0,0,0,0,0
340774,0,1,1990,0,0,0,0,0,0,0,0,0,0
340774,0,2,1990,0,0,0,0,13,0,0,33,0,19
340774,1,1,1990,0,0,0,0,0,0,0,0,0,0
340775,1,1,1990,0,0,0,0,0,0,0,0,0,0
340775,2,1,1990,0,0,0,0,0,0,0,0,0,0
340776,1,1,1990,0,0,16,0,0,0,0,0,0,0
340776,2,1,1990,0,0,0,0,0,0,0,0,0,0
340776,3,1,1990,0,0,0,0,0,0,0,0,0,0
340777,0,1,1990,0,0,0,0,0,0,0,0,0,0
340777,1,1,1990,0,0,0,0,0,0,0,0,17,0
340778,0,1,1990,24,24,24,24,24,24,24,24,24,24
340778,1,1,1990,0,0,5,0,0,0,0,0,0,0
340779,1,1,1990,0,0,0,0,0,0,0,0,0,0
340779,2,1,1990,0,0,0,0,0,0,0,0,0,0
340780,0,1,1990,0,0,0,0,0,0,0,0,0,0
340780,1,1,1990,0,0,0,0,0,0,0,0,0,0
340781,0,1,1990,0,0,0,0,0,0,0,0,0,0
340781,1,1,1990,0,0,0,0,0,0,0,0,0,0
340782,1,1,1990,3,3,3,3,3,3,3,3,3,3
340782,2,1,1990,15,15,15,15,15,15,15,15,15,15
340783,0,1,1990,0,0,0,0,0,0,0,0,0,0
340783,1,1,1990,0,0,0,0,0,0,0,0,0,0
340784,1,1,1990,0,0,0,0,0,0,0,0,0,0
340784,2,1,1990,0,0,0,0,0,0,0,0,0,0
340785,1,1,1990,13,13,13,13,13,13,13,13,13,13
340786,0,1,1990,0,0,0,0,0,0,0,0,0,0
340786,1,1,1990,0,0,0,0,0,0,0,0,0,0
340787,0,1,1990,13,13,13,13,13,13,13,13,13,13
340787,1,1,1990,0,0,0,0,0,0,0,0,0,0
340788,1,1,1990,11,11,11,11,11,11,11,11,11,11
340788,2,1,1990,12,12,12,12,12,12,12,12,12,12
340789,1,1,1990,6,6,6,6,6,6,6,6,6,6
340790,1,1,1990,20,20,20,20,20,20,20,20,20,20
340790,2,1,1990,0,0,0,0,0,0,0,0,0,0
340791,1,1,1990,11,11,11,11,11,11,11,11,11,11
340792,0,1,1990,0,0,0,0,0,0,0,0,0,0
340792,1,1,1990,0,0,0,0,0,0,0,0,0,0
340793,1,1,1990,0,0,0,0,0,0,0,0,0,0
340793,2,1,1990,4,4,4,4,4,4,4,4,4,4
340795,1,1,1990,0,0,0,0,0,0,0,0,0,0
340795,2,1,1990,0,0,0,0,0,0,0,0,0,0
340796,1,1,1990,0,0,0,0,0,0,0,0,0,0
340796,2,1,1990,0,0,0,0,0,0,0,0,0,0
340797,1,1,1990,25,25,25,25,25,25,25,25,25,25
340798,1,1,1990,0,0,0,0,0,0,0,0,0,0
340798,2,1,1990,11,11,11,11,11,11,11,11,11,11
340798,3,1,1990,0,0,0,17,0,0,0,0,0,0
340799,1,1,1990,0,0,0,0,0,0,0,0,0,0
340799,2,1,1990,0,0,0,0,0,0,0,0,0,0
340800,0,1,1990,0,0,0,0,0,0,0,0,0,0
340800,1,1,1990,0,0,0,0,0,0,0,0,0,0
340801,0,1,1990,0,18,0,0,0,0,0,0,0,0
340801,1,1,1990,0,0,0,0,0,0,0,0,0,0
340802,0,1,1990,0,0,0,0,0,0,0,0,0,0
340802,1,1,1990,0,14,0,0,0,0,0,0,0,0
340803,0,1,1990,0,0,0,0,0,0,0,0,0,0
340803,1,1,1990,0,0,0,0,0,0,0,0,0,0
340804,1,1,1990,0,0,0,0,0,0,0,0,0,0
340805,0,1,1990,0,0,0,0,0,0,0,0,0,0
340805,0,2,1990,0,0,0,0,0,0,0,0,0,0
340805,3,1,1990,10,0,0,14,17,18,0,0,0,0
340805,4,1,1990,0,0,0,0,0,0,0,0,0,0
340806,0,1,1990,0,0,0,0,0,0,0,0,0,0
340806,1,1,1990,0,0,0,3,0,0,0,0,0,0
340807,1,1,1990,0,0,0,0,0,0,0,0,0,0
340807,2,1,1990,0,0,0,0,0,0,0,0,0,0
340808,1,1,1990,0,0,0,0,0,0,0,0,0,0
340809,1,1,1990,8,8,8,8,8,8,8,8,8,8
340810,1,1,1990,19,19,19,19,19,19,19,19,19,19
340810,2,1,1990,0,0,0,0,0,0,0,0,0,0
340811,1,1,1990,0,0,0,0,0,0,0,0,0,0
340811,2,1,1990,0,0,0,0,0,0,0,0,0,0
340811,3,1,1990,0,0,0,0,0,0,0,0,0,0
340811,4,1,1990,0,0,0,0,0,0,0,0,0,0
340812,1,1,1990,0,0,0,0,0,0,0,0,0,0
340812,2,1,1990,0,0,0,0,0,0,0,0,0,0
340812,3,1,1990,0,0,0,0,0,0,0,0,0,0
340813,1,1,1990,0,0,0,0,4,21,0,0,13,0
340813,2,1,1990,10,10,10,10,10,10,10,10,10,10
340814,1,1,1990,18,18,18,18,18,18,18,18,18,18
340815,0,1,1990,25,25,25,25,25,25,25,25,25,25
340815,1,1,1990,0,0,0,0,0,0,10,0,0,0
340816,1,1,1990,0,0,0,0,0,0,0,0,0,0
340816,2,1,1990,0,0,3,0,0,0,0,0,0,4
340817,0,1,1990,0,0,0,0,0,0,0,0,0,0
340818,1,1,1990,17,17,17,17,17,17,17,17,17,17
340820,1,1,1990,0,0,0,0,0,0,0,0,0,0
340820,2,1,1990,0,0,0,0,0,0,0,0,0,0
340822,0,1,1990,0,0,0,0,0,0,0,0,0,0
340822,1,1,1990,0,0,0,0,0,0,0,0,0,0
340823,0,1,1990,0,0,0,0,0,0,0,0,0,0
340823,1,1,1990,0,0,0,19,0,0,0,0,0,0
340825,0,1,1990,26,26,26,26,26,26,26,26,26,26
340825,1,1,1990,0,0,0,0,0,0,0,0,0,0
340826,1,1,1990,0,0,0,0,0,0,0,0,0,0
340827,1,1,1990,16,16,16,16,16,16,16,16,16,16
340828,1,1,1990,0,0,0,0,0,0,0,0,0,0
340828,2,1,1990,0,0,0,0,0,0,0,0,0,0
340829,1,1,1990,0,0,0,0,0,32,0,24,0,0
340829,2,1,1990,0,0,0,0,0,0,0,0,0,0
340830,1,1,1990,0,0,0,0,0,0,0,0,0,0
340831,0,1,1990,0,0,0,0,0,0,0,0,0,0
340831,1,1,1990,0,0,0,0,0,0,0,0,0,0
340834,1,1,1990,19,19,19,19,19,19,19,19,19,19
340835,1,1,1990,0,0,0,0,0,0,0,24,21,0
340836,1,1,1990,0,0,0,0,0,0,0,0,0,0
340836,2,1,1990,0,0,0,0,0,0,0,0,0,0
340837,1,1,1990,0,0,0,0,0,0,0,0,0,0
340837,2,1,1990,0,0,0,14,0,0,0,0,0,0
340837,3,1,1990,0,0,0,0,0,0,0,0,0,0
340838,1,1,1990,0,0,0,0,0,0,0,0,0,0
340839,0,1,1990,21,21,21,21,21,21,21,21,21,21
340839,1,1,1990,0,0,20,0,0,7,0,0,0,0
340840,1,1,1990,0,0,0,0,0,0,0,0,0,0
340841,0,1,1990,0,0,0,0,0,0,0,0,0,0
340841,0,2,1990,0,0,0,0,0,0,0,0,0,0
340841,0,3,1990,0,7,0,0,25,7,0,0,0,10
340841,0,4,1990,0,0,0,23,0,0,0,6,0,0
340841,0,5,1990,0,0,0,0,0,16,0,0,0,0
340841,1,1,1990,0,0,0,0,0,0,0,15,0,0
340841,2,1,1990,0,20,0,0,0,11,0,0,0,0
340843,1,1,1990,0,0,0,0,0,0,0,0,0,0
340843,2,1,1990,0,0,0,0,0,0,0,0,0,0
340844,0,1,1990,0,0,0,0,0,0,0,0,0,0
340844,1,1,1990,0,0,0,0,0,0,0,0,0,16
340845,1,1,1990,0,0,0,0,0,0,0,0,0,0
340845,2,1,1990,0,0,0,0,0,0,0,0,0,0
340845,3,1,1990,0,0,0,0,0,0,0,0,0,0
340846,0,1,1990,22,22,22,22,22,22,22,22,22,22
340846,1,1,1990,0,0,0,0,0,0,0,0,0,10
340847,1,1,1990,0,0,0,0,0,0,0,0,0,0
340847,2,1,1990,0,0,0,0,0,0,0,0,0,0
340848,1,1,1990,0,0,0,0,0,0,0,0,0,0
340848,2,1,1990,0,0,0,0,0,0,0,0,0,0
340851,1,1,1990,0,0,0,0,0,0,0,0,0,0
340852,1,1,1990,0,0,0,0,0,0,0,0,0,0
340852,2,1,1990,0,0,0,0,0,0,0,0,0,0
340853,1,1,1990,16,0,0,0,0,0,0,0,0,0
340853,2,1,1990,0,0,0,0,0,0,0,0,19,0
340854,1,1,1990,16,16,16,16,16,16,16,16,16,16
340855,1,1,1990,0,0,0,0,0,0,0,0,0,0
340856,1,1,1990,0,0,0,0,0,0,0,0,0,0
340856,2,1,1990,0,0,0,0,0,0,0,0,0,0
340857,1,1,1990,0,0,0,0,0,0,0,0,0,0
340857,2,1,1990,19,19,19,19,19,19,19,19,19,19
340858,1,1,1990,0,0,0,0,0,0,0,0,0,0
340858,2,1,1990,0,0,0,0,0,0,0,0,0,0
340859,1,1,1990,0,0,0,0,0,0,0,0,0,0
340860,1,1,1990,12,12,12,12,12,12,12,12,12,12
340860,2,1,1990,0,0,0,0,0,0,0,0,0,0
340861,1,1,1990,17,17,17,17,17,17,17,17,17,17
340861,2,1,1990,0,0,7,37,0,0,21,10,0,4
340862,0,1,1990,24,24,24,24,24,24,24,24,24,24
340862,1,1,1990,20,20,20,20,20,20,20,20,20,20
340863,1,1,1990,0,0,0,0,0,0,0,0,0,0
340864,0,1,1990,14,0,0,10,0,0,0,0,0,0
340864,1,1,1990,0,0,0,0,0,0,0,0,0,0
340865,1,1,1990,0,0,0,0,0,0,0,0,0,0
340865,2,1,1990,0,0,0,0,0,0,0,0,0,0
340866,0,1,1990,0,0,0,0,0,0,0,0,0,0
340866,1,1,1990,0,0,0,0,0,0,6,0,17,0
340868,0,1,1990,0,0,0,0,0,0,0,0,0,0
340868,1,1,1990,0,0,0,0,0,0,0,0,0,0
340869,1,1,1990,0,0,0,0,0,0,0,0,0,0
340869,2,1,1990,0,0,0,0,0,0,0,0,0,0
340871,0,1,1990,3,3,3,3,3,3,3,3,3,3
340871,1,1,1990,0,0,0,3,18,11,0,0,24,4
340872,1,1,1990,22,22,22,22,22,22,22,22,22,22
340873,1,1,1990,19,19,19,19,19,19,19,19,19,19
340873,2,1,1990,15,0,0,0,0,0,0,0,0,0
340877,0,1,1990,0,0,0,0,0,0,0,0,0,0
340877,0,2,1990,0,0,0,18,0,0,0,0,0,0
340877,1,1,1990,18,18,18,18,18,18,18,18,18,18
340879,1,1,1990,0,0,0,0,0,0,0,0,0,0
340879,2,1,1990,0,0,0,0,0,0,0,0,0,0
340880,1,1,1990,7,7,7,7,7,7,7,7,7,7
340881,1,1,1990,6,18,0,17,0,5,0,10,9,0
340882,1,1,1990,0,0,0,0,0,0,0,0,0,0
340882,2,1,1990,15,0,0,0,0,0,0,0,0,24
340883,1,1,1990,23,23,23,23,23,23,23,23,23,23
340884,0,1,1990,0,0,0,0,0,0,0,0,0,0
340884,1,1,1990,0,0,0,0,0,0,0,0,0,0
340885,1,1,1990,10,10,10,10,10,10,10,10,10,10
340886,1,1,1990,0,0,0,0,0,0,0,0,0,0
340886,2,1,1990,0,0,0,0,0,0,0,0,0,0
340887,1,1,1990,12,12,12,12,12,12,12,12,12,12
340888,2,1,1990,0,0,0,0,0,0,0,0,0,0
340889,1,1,1990,0,0,0,0,0,0,0,0,0,0
340889,2,1,1990,0,0,0,0,0,7,0,0,14,5
340890,1,1,1990,1,1,1,1,1,1,1,1,1,1
340890,2,1,1990,9,0,0,0,0,0,0,0,0,0
340890,3,1,1990,0,0,0,0,0,0,0,0,0,0
340890,4,1,1990,0,0,0,0,0,0,0,0,0,0
340890,5,1,1990,0,0,0,0,0,0,0,0,0,0
340891,1,1,1990,0,0,0,0,0,0,0,0,0,0
340892,1,1,1990,23,23,23,23,23,23,23,23,23,23
350001,1,1,1990,0,0,0,0,0,0,0,0,0,0
350001,2,1,1990,0,0,0,0,0,0,0,0,0,0
350002,1,1,1990,18,18,18,18,18,18,18,18,18,18
350003,1,1,1990,0,0,0,0,0,0,0,0,0,0
350003,2,1,1990,0,0,0,0,0,22,0,0,0,0
350004,1,1,1990,0,0,0,0,0,0,0,0,0,0
350004,2,1,1990,0,0,0,0,0,0,0,0,0,0
350005,1,1,1990,11,11,11,11,11,11,11,11,11,11
350005,2,1,1990,0,0,0,0,0,0,0,0,0,0
350006,0,1,1990,10,10,10,10,10,10,10,10,10,10
350006,1,1,1990,8,8,8,8,8,8,8,8,8,8
350007,1,1,1990,38,38,38,38,38,38,38,38,38,38
350007,2,1,1990,0,0,0,0,0,0,0,0,0,0
350008,1,1,1990,28,28,28,28,28,28,28,28,28,28
350009,1,1,1990,0,0,0,0,0,0,0,0,0,0
350010,1,1,1990,0,0,0,0,0,0,0,0,0,0
350011,1,1,1990,0,20,0,0,0,0,0,0,0,0
350012,1,1,1990,20,20,20,20,20,20,20,20,20,20
350013,1,1,1990,25,25,25,25,25,25,25,25,25,25
350014,1,1,1990,8,8,8,8,8,8,8,8,8,8
350014,2,1,1990,20,0,11,0,0,21,0,0,6,0
350015,1,1,1990,0,0,0,0,0,0,0,0,0,0
350015,2,1,1990,16,16,16,16,16,16,16,16,16,16
350016,0,1,1990,24,24,24,24,24,24,24,24,24,24
350016,1,1,1990,0,0,0,0,0,0,0,0,0,0
350017,0,1,1990,9,9,9,9,9,9,9,9,9,9
350017,1,1,1990,24,24,24,24,24,24,24,24,24,24
350018,0,1,1990,19,22,0,0,16,0,0,0,0,0
350018,1,1,1990,0,5,0,0,0,0,0,6,0,0
350019,1,1,1990,0,0,0,0,14,0,0,0,0,0
350019,2,1,1990,0,0,0,0,0,0,0,0,0,0
350020,1,1,1990,0,0,0,0,0,0,0,0,0,0
350020,2,1,1990,19,19,19,19,19,19,19,19,19,19
350021,1,1,1990,1,1,1,1,1,1,1,1,1,1
350022,1,1,1990,0,0,0,0,0,0,0,0,0,0
350023,1,1,1990,0,0,0,0,0,0,0,0,0,0
350023,2,1,1990,0,0,0,0,0,0,0,0,0,0
350024,1,1,1990,0,0,0,0,0,0,0,0,0,0
350024,2,1,1990,0,0,0,0,0,0,0,0,0,0
350024,3,1,1990,0,0,0,0,0,0,0,0,0,0
350025,0,1,1990,18,18,18,18,18,18,18,18,18,18
350025,1,1,1990,12,12,12,12,12,12,12,12,12,12
350026,1,1,1990,0,0,0,0,0,0,16,0,0,0
350026,2,1,1990,27,0,0,9,20,0,26,0,23,0
350027,0,1,1990,35,35,35,35,35,35,35,35,35,35
350027,1,1,1990,0,0,0,0,0,0,12,0,0,12
350028,1,1,1990,0,0,0,0,6,0,0,0,0,4
350030,1,1,1990,0,0,0,0,0,0,0,0,0,0
350030,2,1,1990,0,0,0,0,0,0,0,0,0,0
350030,3,1,1990,7,7,7,7,7,7,7,7,7,7
350031,1,1,1990,12,12,12,12,12,12,12,12,12,12
350031,2,1,1990,0,0,0,0,0,0,0,0,0,0
350032,1,1,1990,15,15,15,15,15,15,15,15,15,15
350033,1,1,1990,15,15,15,15,15,15,15,15,15,15
350034,1,1,1990,32,32,32,32,32,32,32,32,32,32
350035,1,1,1990,0,0,0,0,0,0,0,0,0,0
350036,1,1,1990,20,20,20,20,20,20,20,20,20,20
350037,1,1,1990,30,30,30,30,30,30,30,30,30,30
350038,1,1,1990,0,0,0,0,0,0,0,0,0,0
350039,1,1,1990,0,0,0,0,0,0,0,0,0,0
350039,2,1,1990,0,0,0,0,0,0,0,0,0,0
350040,1,1,1990,0,0,0,0,0,0,0,0,0,0
350040,2,1,1990,0,0,0,0,0,0,0,0,0,0
350041,1,1,1990,0,0,0,0,0,0,0,0,0,0
350041,2,1,1990,0,0,0,0,0,0,0,0,0,0
350042,1,1,1990,8,8,8,8,8,8,8,8,8,8
350043,0,1,1990,0,0,0,0,0,0,0,0,0,0
350043,1,1,1990,17,17,17,17,17,17,17,17,17,17
350044,0,1,1990,0,0,0,0,0,0,0,0,0,0
350044,1,1,1990,0,0,0,0,4,0,0,0,0,0
350045,0,1,1990,0,0,0,32,6,20,0,8,12,0
350045,1,1,1990,0,29,0,9,0,8,0,0,0,0
350046,1,1,1990,26,26,26,26,26,26,26,26,26,26
350047,1,1,1990,0,0,0,0,0,0,0,0,0,0
350047,2,1,1990,0,0,0,0,0,0,0,0,0,0
350048,1,1,1990,17,17,17,17,17,17,17,17,17,17
350049,0,1,1990,25,25,25,25,25,25,25,25,25,25
350049,1,1,1990,0,0,0,0,0,0,0,0,0,0
350050,1,1,1990,19,19,19,19,19,19,19,19,19,19
350051,1,1,1990,2,2,2,2,2,2,2,2,2,2
350052,1,1,1990,27,27,27,27,27,27,27,27,27,27
350053,1,1,1990,0,0,0,0,0,0,0,0,0,0
350054,1,1,1990,6,6,6,6,6,6,6,6,6,6
350055,1,1,1990,24,24,24,24,24,24,24,24,24,24
350056,1,1,1990,0,0,0,0,0,0,0,0,0,0
350056,2,1,1990,17,17,17,17,17,17,17,17,17,17
350057,0,1,1990,34,34,34,34,34,34,34,34,34,34
350057,1,1,1990,0,0,0,0,0,0,0,0,21,0
350058,1,1,1990,0,0,0,0,0,0,0,0,15,0
350059,1,1,1990,0,0,0,0,0,0,0,0,0,0
350060,1,1,1990,0,0,0,0,0,0,0,29,0,0
350061,1,1,1990,46,46,46,46,46,46,46,46,46,46
350062,1,1,1990,8,0,32,21,6,20,17,0,26,0
350063,1,1,1990,0,0,0,0,0,0,0,0,0,0
350063,2,1,1990,14,14,14,14,14,14,14,14,14,14
350064,1,1,1990,0,0,0,0,0,0,0,0,0,0
350064,2,1,1990,0,0,0,0,0,0,0,0,0,0
350065,1,1,1990,7,7,7,7,7,7,7,7,7,7
350066,1,1,1990,0,0,0,0,0,0,0,0,0,0
350066,2,1,1990,0,0,0,0,0,0,0,0,0,0
350067,1,1,1990,20,20,20,20,20,20,20,20,20,20
350067,2,1,1990,0,0,0,0,0,0,0,0,0,0
350068,1,1,1990,8,8,8,8,8,8,8,8,8,8
350068,2,1,1990,27,27,27,27,27,27,27,27,27,27
350069,1,1,1990,0,0,0,0,0,0,0,0,0,0
350070,0,1,1990,30,30,30,30,30,30,30,30,30,30
350070,1,1,1990,12,0,0,7,10,0,15,20,0,12
350071,1,1,1990,11,11,11,11,11,11,11,11,11,11
350072,1,1,1990,0,0,0,0,0,0,0,0,0,0
350073,1,1,1990,16,16,16,16,16,16,16,16,16,16
350074,0,1,1990,12,12,12,12,12,12,12,12,12,12
350074,1,1,1990,12,12,12,12,12,12,12,12,12,12
350075,0,1,1990,16,16,16,16,16,16,16,16,16,16
350075,1,1,1990,0,23,0,0,0,0,0,0,0,0
350076,1,1,1990,0,0,0,0,0,0,0,0,0,0
350076,2,1,1990,0,0,0,0,0,0,0,0,0,0
350077,0,1,1990,0,0,0,0,0,0,0,0,0,0
350077,1,1,1990,0,0,0,0,0,0,0,0,0,0
350078,1,1,1990,10,15,15,26,5,22,26,16,10,16
350079,1,1,1990,0,0,0,0,0,0,0,0,0,0
350080,1,1,1990,0,0,0,0,0,0,0,0,0,0
350081,1,1,1990,17,17,17,17,17,17,17,17,17,17
350082,1,1,1990,34,34,34,34,34,34,34,34,34,34
350082,2,1,1990,0,0,0,0,0,0,0,0,0,0
350083,1,1,1990,15,15,15,15,15,15,15,15,15,15
350084,1,1,1990,0,0,0,0,0,0,0,0,0,0
350084,2,1,1990,0,0,0,0,0,0,0,0,0,0
350085,1,1,1990,0,0,0,0,0,3,0,0,0,0
350085,2,1,1990,41,41,41,41,41,41,41,41,41,41
350086,1,1,1990,24,24,24,24,24,24,24,24,24,24
350087,1,1,1990,9,9,9,9,9,9,9,9,9,9
350088,1,1,1990,20,20,20,20,20,20,20,20,20,20
350089,1,1,1990,12,12,12,12,12,12,12,12,12,12
350090,1,1,1990,14,14,14,14,14,14,14,14,14,14
350091,1,1,1990,0,0,0,0,0,0,0,0,0,0
350091,2,1,1990,0,0,0,0,0,0,0,0,0,0
350091,3,1,1990,10,10,10,10,10,10,10,10,10,10
350092,1,1,1990,0,0,0,0,0,0,0,0,0,0
350093,1,1,1990,0,0,0,0,0,0,0,0,0,0
350094,1,1,1990,12,12,12,12,12,12,12,12,12,12
350095,1,1,1990,0,0,0,0,0,0,0,0,0,0
350096,1,1,1990,0,0,0,0,0,0,0,0,0,0
350096,2,1,1990,0,0,0,0,0,0,0,0,0,0
350097,0,1,1990,24,24,24,24,24,24,24,24,24,24
350097,1,1,1990,5,0,0,0,0,0,0,0,0,0
350098,1,1,1990,22,11,9,11,23,0,0,9,7,0
350099,1,1,1990,24,24,24,24,24,24,24,24,24,24
350100,0,1,1990,0,0,0,0,0,0,0,0,0,0
350100,1,1,1990,12,12,12,12,12,12,12,12,12,12
350101,1,1,1990,25,25,25,25,25,25,25,25,25,25
350102,1,1,1990,16,17,16,12,0,2,18,6,0,33
350102,2,1,1990,21,21,21,21,21,21,21,21,21,21
350103,0,1,1990,23,23,23,23,23,23,23,23,23,23
350103,1,1,1990,8,8,8,8,8,8,8,8,8,8
350104,0,1,1990,0,0,0,0,0,0,0,0,0,0
350104,1,1,1990,0,0,0,0,0,0,0,0,0,0
350105,0,1,1990,0,0,0,0,0,0,0,0,0,0
350105,1,1,1990,0,0,0,12,0,0,0,0,0,0
350106,1,1,1990,0,0,0,0,0,0,0,0,0,0
350107,1,1,1990,0,0,0,0,0,0,0,0,0,0
350108,1,1,1990,29,25,28,17,20,23,9,6,13,17
350109,1,1,1990,28,28,28,28,28,28,28,28,28,28
350110,1,1,1990,0,30,16,12,27,26,25,31,0,0
350111,0,1,1990,0,0,0,0,0,0,0,0,0,0
350111,1,1,1990,0,0,0,0,0,0,0,0,0,0
350112,0,1,1990,34,13,0,0,16,0,0,0,0,0
350112,1,1,1990,0,0,0,0,0,0,0,0,0,14
350113,1,1,1990,23,23,23,23,23,23,23,23,23,23
350114,0,1,1990,13,13,13,13,13,13,13,13,13,13
350114,1,1,1990,0,0,0,0,0,0,0,0,0,0
350115,1,1,1990,15,15,15,15,15,15,15,15,15,15
350116,1,1,1990,0,0,0,0,0,0,0,0,0,0
350116,2,1,1990,13,13,13,13,13,13,13,13,13,13
350117,1,1,1990,36,36,36,36,36,36,36,36,36,36
350118,1,1,1990,15,19,12,16,15,17,22,21,3,23
350119,1,1,1990,26,26,26,26,26,26,26,26,26,26
350119,2,1,1990,0,0,0,0,0,0,0,0,0,0
350120,1,1,1990,0,0,0,0,6,0,0,0,0,0
350120,2,1,1990,17,17,17,17,17,17,17,17,17,17
350121,0,1,1990,16,16,16,16,16,16,16,16,16,16
350121,1,1,1990,0,0,0,0,0,0,0,0,0,0
350122,1,1,1990,15,15,15,15,15,15,15,15,15,15
350123,1,1,1990,6,6,6,6,6,6,6,6,6,6
350124,1,1,1990,0,0,0,0,0,0,0,0,0,0
350125,1,1,1990,0,0,0,0,0,0,0,0,0,0
350126,0,1,1990,24,24,24,24,24,24,24,24,24,24
350126,1,1,1990,0,0,0,0,0,0,16,0,0,9
350127,1,1,1990,0,0,0,0,0,0,0,0,0,0
350127,2,1,1990,0,0,0,0,0,0,0,0,0,0
350127,3,1,1990,36,36,36,36,36,36,36,36,36,36
350128,1,1,1990,25,25,25,25,25,25,25,25,25,25
350129,1,1,1990,4,4,4,4,4,4,4,4,4,4
350129,2,1,1990,0,0,0,0,0,0,0,0,0,0
350130,1,1,1990,5,5,5,5,5,5,5,5,5,5
350130,2,1,1990,0,0,0,0,0,0,0,0,0,0
350131,1,1,1990,0,0,0,0,0,0,0,0,0,0
350131,2,1,1990,8,8,8,8,8,8,8,8,8,8
350132,1,1,1990,0,0,0,0,0,0,0,0,0,0
350133,1,1,1990,8,10,10,7,0,10,15,25,23,10
350134,1,1,1990,0,0,0,0,0,0,0,0,0,0
350135,1,1,1990,22,22,22,22,22,22,22,22,22,22
350136,1,1,1990,0,0,0,0,0,0,0,0,20,0
350136,2,1,1990,20,20,20,20,20,20,20,20,20,20
350137,1,1,1990,26,26,26,26,26,26,26,26,26,26
350137,2,1,1990,12,12,12,12,12,12,12,12,12,12
350138,0,1,1990,0,0,0,0,0,0,0,0,0,0
350138,1,1,1990,0,0,0,0,0,0,0,26,0,0
350139,1,1,1990,10,10,10,10,10,10,10,10,10,10
350140,1,1,1990,21,21,21,21,21,21,21,21,21,21
350141,1,1,1990,18,18,18,18,18,18,18,18,18,18
350142,0,1,1990,31,31,31,31,31,31,31,31,31,31
350142,1,1,1990,19,19,19,19,19,19,19,19,19,19
350143,1,1,1990,27,27,27,27,27,27,27,27,27,27
350144,1,1,1990,0,0,0,0,0,11,0,0,0,0
350144,2,1,1990,0,0,0,0,0,0,0,0,0,0
350145,0,1,1990,0,0,0,0,0,0,0,0,0,0
350145,1,1,1990,8,8,8,8,8,8,8,8,8,8
350146,1,1,1990,27,27,27,27,27,27,27,27,27,27
350146,2,1,1990,0,0,0,0,0,18,0,0,0,0
350147,1,1,1990,13,13,13,13,13,13,13,13,13,13
350148,1,1,1990,0,0,0,0,0,0,0,0,0,0
350148,2,1,1990,28,28,28,28,28,28,28,28,28,28
350149,1,1,1990,12,0,0,0,0,21,0,0,0,0
350150,1,1,1990,0,0,0,0,0,0,0,0,0,0
350150,2,1,1990,0,0,0,0,0,12,0,0,0,0
350151,0,1,1990,34,34,34,34,34,34,34,34,34,34
350151,1,1,1990,0,0,0,0,0,0,0,0,0,0
350152,1,1,1990,0,0,0,0,0,0,0,0,0,0
350152,2,1,1990,0,0,0,0,0,0,0,0,0,0
350153,1,1,1990,0,0,0,0,0,0,0,0,0,0
350154,1,1,1990,0,0,0,0,0,0,0,0,0,0
350155,1,1,1990,13,13,13,13,13,13,13,13,13,13
350156,1,1,1990,3,3,3,3,3,3,3,3,3,3
350156,2,1,1990,14,14,14,14,14,14,14,14,14,14
350157,1,1,1990,0,0,0,0,19,0,0,0,0,19
350158,1,1,1990,0,0,0,0,0,0,0,0,0,0
350159,1,1,1990,28,28,28,28,28,28,28,28,28,28
350160,1,1,1990,0,0,0,0,0,0,0,0,0,19
350161,0,1,1990,39,39,39,39,39,39,39,39,39,39
350161,1,1,1990,0,0,0,0,0,0,0,0,0,0
350162,0,1,1990,0,0,0,0,0,0,0,0,0,0
350163,1,1,1990,0,0,0,0,0,0,0,0,0,0
350164,1,1,1990,0,0,0,0,0,0,0,0,0,0
350165,1,1,1990,15,15,15,15,15,15,15,15,15,15
350166,0,1,1990,0,0,0,0,0,0,0,0,0,0
350166,1,1,1990,0,0,0,0,9,0,0,0,0,0
350167,1,1,1990,10,10,10,10,10,10,10,10,10,10
350168,1,1,1990,0,0,0,0,0,0,0,0,0,0
350168,2,1,1990,11,11,11,11,11,11,11,11,11,11
350169,0,1,1990,0,0,0,0,0,0,0,0,0,0
350170,1,1,1990,0,17,21,0,0,12,20,0,0,0
350170,2,1,1990,0,26,0,0,0,12,0,0,14,0
350171,1,1,1990,0,0,0,0,0,0,0,0,0,0
350171,2,1,1990,0,0,0,0,0,0,0,0,0,0
350172,1,1,1990,0,0,0,0,0,0,13,0,0,0
350172,2,1,1990,19,19,19,19,19,19,19,19,19,19
350173,1,1,1990,30,30,30,30,30,30,30,30,30,30