ST_CASE,VEH_NO,PER_NO,YEAR,P1,P2,P3,P4,P5,P6,P7,P8,P9,P10
350174,0,1,1990,7,7,7,7,7,7,7,7,7,7
350174,1,1,1990,8,0,6,10,0,0,7,7,0,0
350175,1,1,1990,0,0,0,0,0,0,0,0,0,0
350175,2,1,1990,0,0,0,0,0,9,0,0,0,0
350176,1,1,1990,20,0,0,0,0,0,27,11,0,0
350177,1,1,1990,28,18,17,7,26,12,20,11,10,34
350178,0,1,1990,0,0,0,0,0,0,0,0,0,0
350178,1,1,1990,0,0,0,0,0,0,0,0,0,0
350179,1,1,1990,3,3,3,3,3,3,3,3,3,3
350179,2,1,1990,0,0,0,0,0,0,0,0,0,0
350180,1,1,1990,24,24,24,24,24,24,24,24,24,24
350181,1,1,1990,33,0,0,17,13,5,22,0,0,6
350181,2,1,1990,0,0,0,0,0,0,0,0,0,0
350181,3,1,1990,0,0,0,0,0,0,0,0,0,0
350182,1,1,1990,27,9,21,16,8,24,13,9,0,4
350183,0,1,1990,0,0,0,0,0,0,0,0,0,0
350183,1,1,1990,0,0,0,0,0,0,0,0,0,0
350184,1,1,1990,21,21,21,21,21,21,21,21,21,21
350186,0,1,1990,28,28,28,28,28,28,28,28,28,28
350186,1,1,1990,0,0,0,0,0,0,0,0,0,0
350187,1,1,1990,23,23,23,23,23,23,23,23,23,23
350188,0,1,1990,22,22,19,19,0,0,0,0,17,0
350188,1,1,1990,0,0,0,0,0,0,0,0,0,0
350189,1,1,1990,25,25,25,25,25,25,25,25,25,25
350189,2,1,1990,0,0,0,0,0,0,0,0,0,0
350190,1,1,1990,0,0,0,0,0,0,0,0,0,0
350191,1,1,1990,0,0,0,0,0,0,0,0,0,0
350191,2,1,1990,16,16,16,16,16,16,16,16,16,16
350192,1,1,1990,2,2,2,2,2,2,2,2,2,2
350193,1,1,1990,4,4,4,4,4,4,4,4,4,4
350193,2,1,1990,0,0,0,0,26,0,18,0,0,13
350193,3,1,1990,0,0,0,0,0,0,0,0,0,0
350194,1,1,1990,9,9,9,9,9,9,9,9,9,9
350195,1,1,1990,3,3,3,3,3,3,3,3,3,3
350195,2,1,1990,0,0,0,0,0,0,0,14,0,0
350196,1,1,1990,0,0,0,0,0,0,0,0,0,0
350196,2,1,1990,0,0,0,0,0,0,0,0,0,0
350197,1,1,1990,15,0,0,0,0,8,19,0,0,0
350198,1,1,1990,16,16,16,16,16,16,16,16,16,16
350199,1,1,1990,0,0,0,0,0,0,0,0,0,0
350200,0,1,1990,32,32,32,32,32,32,32,32,32,32
350200,1,1,1990,0,0,0,0,0,0,0,0,0,0
350201,1,1,1990,13,13,13,13,13,13,13,13,13,13
350202,1,1,1990,17,17,17,17,17,17,17,17,17,17
350202,2,1,1990,0,11,11,0,0,0,0,0,0,0
350203,1,1,1990,17,5,26,15,7,5,17,31,0,18
350204,1,1,1990,14,14,14,14,14,14,14,14,14,14
350205,1,1,1990,21,21,21,21,21,21,21,21,21,21
350205,2,1,1990,0,0,0,0,0,0,0,0,0,0
350207,1,1,1990,25,25,25,25,25,25,25,25,25,25
350208,1,1,1990,0,0,0,0,0,0,0,0,0,0
350209,1,1,1990,0,0,0,0,0,0,0,0,0,0
350210,0,1,1990,27,27,27,27,27,27,27,27,27,27
350210,1,1,1990,0,0,0,0,0,0,0,0,0,0
350211,1,1,1990,0,0,0,0,0,0,0,0,0,0
350211,2,1,1990,0,0,0,0,0,0,0,0,0,0
350211,3,1,1990,0,0,0,0,0,0,0,0,0,0
350212,0,1,1990,22,22,22,22,22,22,22,22,22,22
350212,1,1,1990,25,0,0,0,0,24,0,6,0,0
350213,1,1,1990,0,0,0,0,0,0,0,0,0,0
350214,1,1,1990,19,22,0,0,0,0,6,19,17,0
350215,0,1,1990,0,0,0,0,0,0,0,0,0,0
350215,1,1,1990,0,0,0,0,0,0,0,0,0,28
350216,1,1,1990,0,0,0,0,0,0,0,0,0,0
350218,1,1,1990,16,16,16,16,16,16,16,16,16,16
350219,1,1,1990,11,11,11,11,11,11,11,11,11,11
350219,2,1,1990,15,15,15,15,15,15,15,15,15,15
350220,1,1,1990,11,0,0,0,0,0,0,0,0,0
350220,2,1,1990,0,0,0,0,0,0,0,0,0,0
350221,1,1,1990,19,19,19,19,19,19,19,19,19,19
350222,0,1,1990,1,1,1,1,1,1,1,1,1,1
350222,1,1,1990,0,0,0,0,0,0,0,9,0,0
350223,1,1,1990,3,3,3,3,3,3,3,3,3,3
350224,1,1,1990,0,0,0,0,0,0,0,0,0,0
350225,0,1,1990,37,37,37,37,37,37,37,37,37,37
350225,1,1,1990,0,0,0,0,0,0,0,0,0,0
350226,1,1,1990,0,0,0,0,0,0,0,0,0,0
350226,2,1,1990,0,0,0,0,0,0,0,0,0,0
350227,1,1,1990,0,11,0,0,0,0,0,16,0,0
350227,2,1,1990,0,0,0,0,0,0,0,0,0,0
350228,1,1,1990,0,0,0,0,0,0,0,0,0,0
350228,2,1,1990,20,0,0,0,0,0,0,0,13,0
350229,1,1,1990,0,30,0,14,0,0,0,0,0,0
350230,1,1,1990,22,22,22,22,22,22,22,22,22,22
350231,0,1,1990,24,24,24,24,24,24,24,24,24,24
350231,1,1,1990,0,0,0,0,0,0,0,0,0,0
350232,1,1,1990,7,0,0,0,0,0,0,0,0,0
350232,2,1,1990,0,0,0,0,0,0,0,0,0,0
350233,1,1,1990,0,0,0,6,16,0,30,5,12,0
350233,2,1,1990,23,23,23,23,23,23,23,23,23,23
350234,1,1,1990,15,15,15,15,15,15,15,15,15,15
350235,1,1,1990,18,18,18,18,18,18,18,18,18,18
350236,1,1,1990,4,8,0,9,0,22,0,8,0,0
350237,0,1,1990,0,0,0,0,0,0,0,0,0,0
350237,1,1,1990,0,0,0,0,0,0,0,0,0,0
350238,1,1,1990,0,0,0,0,0,0,0,0,0,0
350238,2,1,1990,0,0,7,0,0,0,0,0,0,0
350238,3,1,1990,0,0,0,0,0,0,0,0,0,0
350238,4,1,1990,31,0,0,0,0,12,0,0,0,0
350238,5,1,1990,0,0,0,0,0,0,0,0,0,0
350239,1,1,1990,0,0,0,0,0,0,0,0,0,0
350239,2,1,1990,15,15,15,15,15,15,15,15,15,15
350240,0,1,1990,11,11,11,11,11,11,11,11,11,11
350240,1,1,1990,0,0,0,0,0,0,0,0,0,0
350241,1,1,1990,0,0,0,0,0,0,0,0,0,0
350242,1,1,1990,0,0,0,0,0,0,0,0,0,0
350242,2,1,1990,0,0,0,0,0,0,0,0,0,0
350243,0,1,1990,16,16,16,16,16,16,16,16,16,16
350243,1,1,1990,0,0,0,0,0,0,0,0,0,0
350244,1,1,1990,0,0,0,0,0,0,0,0,0,0
350245,1,1,1990,0,0,0,0,0,0,0,0,0,0
350245,2,1,1990,0,0,0,0,0,0,0,0,0,0
350246,0,1,1990,9,9,9,9,9,9,9,9,9,9
350246,1,1,1990,0,27,15,19,15,15,27,11,19,19
350247,1,1,1990,0,0,0,0,0,0,0,0,0,0
350248,1,1,1990,0,0,0,0,0,0,0,0,0,0
350248,2,1,1990,0,0,0,0,0,0,0,0,0,0
350248,3,1,1990,0,0,0,0,0,0,0,0,0,0
350249,1,1,1990,24,24,24,24,24,24,24,24,24,24
350249,2,1,1990,0,0,0,0,0,0,0,0,0,0
350250,1,3,1990,35,35,35,35,35,35,35,35,35,35
350251,0,1,1990,9,9,9,9,9,9,9,9,9,9
350251,1,1,1990,0,0,16,0,0,0,20,0,3,0
350252,1,1,1990,0,0,0,0,0,0,0,0,0,0
350253,1,1,1990,0,0,0,0,0,0,0,0,0,0
350254,1,1,1990,21,12,14,14,23,17,10,0,16,17
350255,1,1,1990,13,13,13,13,13,13,13,13,13,13
350256,1,1,1990,17,17,17,17,17,17,17,17,17,17
350257,1,1,1990,20,20,20,20,20,20,20,20,20,20
350258,1,1,1990,26,26,26,26,26,26,26,26,26,26
350259,1,1,1990,11,0,7,4,13,11,9,25,23,0
350260,1,1,1990,0,0,0,0,0,0,0,0,21,15
350260,2,1,1990,0,0,0,0,0,0,0,0,0,0
350261,1,1,1990,10,10,10,10,10,10,10,10,10,10
350261,2,1,1990,0,0,0,0,0,0,0,0,0,0
350262,1,1,1990,0,0,0,0,0,0,0,0,0,0
350263,1,1,1990,0,0,0,0,0,0,0,0,0,0
350265,1,1,1990,10,10,10,10,10,10,10,10,10,10
350265,2,1,1990,18,18,18,18,18,18,18,18,18,18
350266,0,1,1990,0,0,0,0,0,0,0,0,0,0
350266,1,1,1990,0,0,0,0,0,0,0,0,0,0
350267,1,1,1990,0,0,0,0,0,0,0,0,0,7
350268,1,1,1990,17,17,17,17,17,17,17,17,17,17
350269,1,1,1990,0,0,0,0,0,0,0,0,0,0
350269,2,1,1990,0,0,0,0,0,0,0,0,0,0
350270,1,1,1990,0,0,0,0,0,0,0,0,0,0
350272,1,1,1990,16,16,16,16,16,16,16,16,16,16
350273,0,1,1990,27,27,27,27,27,27,27,27,27,27
350273,1,1,1990,20,17,13,0,14,0,0,27,0,0
350274,1,1,1990,0,0,0,0,0,0,0,0,0,0
350274,2,1,1990,28,28,28,28,28,28,28,28,28,28
350275,1,1,1990,0,0,0,0,0,0,0,0,0,0
350275,2,1,1990,0,0,0,0,0,0,0,0,0,0
350276,0,1,1990,31,31,31,31,31,31,31,31,31,31
350276,1,1,1990,0,0,0,10,7,0,0,0,18,0
350277,1,1,1990,3,3,3,3,3,3,3,3,3,3
350278,1,1,1990,27,27,27,27,27,27,27,27,27,27
350279,1,1,1990,0,0,0,0,0,0,0,0,0,0
350280,1,1,1990,17,23,15,0,6,8,17,12,0,11
350280,2,1,1990,0,0,0,0,0,0,0,0,0,0
350280,3,1,1990,16,0,0,0,0,0,0,0,0,0
350280,4,1,1990,19,24,16,0,19,24,19,21,31,16
350281,1,1,1990,21,21,21,21,21,21,21,21,21,21
350282,1,1,1990,21,0,11,0,0,24,0,0,0,0
350282,2,1,1990,0,17,23,17,34,25,6,0,6,20
350283,1,1,1990,15,15,15,15,15,15,15,15,15,15
350284,1,1,1990,0,0,0,0,0,0,0,0,0,0
350284,2,1,1990,21,14,4,31,5,25,8,6,10,25
350285,1,1,1990,33,33,33,33,33,33,33,33,33,33
350286,0,1,1990,38,38,38,38,38,38,38,38,38,38
350286,1,1,1990,0,0,0,0,0,0,0,0,0,0
350287,1,1,1990,27,27,27,27,27,27,27,27,27,27
350288,1,1,1990,25,25,25,25,25,25,25,25,25,25
350289,1,1,1990,6,6,6,6,6,6,6,6,6,6
350290,0,1,1990,29,29,29,29,29,29,29,29,29,29
350290,1,1,1990,0,0,0,0,0,0,0,0,0,0
350290,2,1,1990,0,0,0,0,0,0,24,6,0,11
350291,0,1,1990,0,0,0,0,0,0,0,0,0,0
350291,1,1,1990,0,0,0,0,0,0,0,0,0,0
350292,1,1,1990,0,0,0,0,0,0,0,0,0,0
350292,2,1,1990,0,0,0,0,0,0,0,0,0,0
350293,1,1,1990,24,24,24,24,24,24,24,24,24,24
350293,2,1,1990,0,0,0,0,0,0,0,0,0,0
350294,1,1,1990,24,0,11,0,0,22,0,0,5,22
350294,2,1,1990,22,22,22,22,22,22,22,22,22,22
350295,1,1,1990,29,0,20,3,18,18,16,10,12,11
350296,1,1,1990,0,0,0,0,0,0,0,0,0,0
350297,0,1,1990,29,29,29,29,29,29,29,29,29,29
350297,1,1,1990,2,2,2,2,2,2,2,2,2,2
350298,1,1,1990,8,8,8,8,8,8,8,8,8,8
350299,1,1,1990,10,18,20,11,24,0,27,22,8,7
350300,0,1,1990,25,25,25,25,25,25,25,25,25,25
350300,1,1,1990,0,0,0,0,0,0,0,0,0,0
350301,1,1,1990,22,22,22,22,22,22,22,22,22,22
350302,1,1,1990,0,0,12,0,0,0,0,0,0,0
350303,0,1,1990,0,0,0,0,0,0,0,0,0,0
350303,1,1,1990,0,0,0,0,0,0,0,0,0,0
350304,0,1,1990,32,32,32,32,32,32,32,32,32,32
350304,1,1,1990,0,0,46,10,0,0,0,0,17,0
350305,1,1,1990,0,0,0,0,0,0,0,0,0,8
350305,2,1,1990,0,0,0,0,0,0,0,0,0,0
350306,1,1,1990,0,0,0,0,0,0,0,0,0,0
350306,2,1,1990,0,0,0,0,0,0,0,0,0,0
350307,1,1,1990,0,0,0,0,0,0,0,0,0,0
350307,2,1,1990,0,0,0,0,20,0,12,0,0,0
350308,0,1,1990,32,32,32,32,32,32,32,32,32,32
350308,1,1,1990,0,0,0,0,0,0,0,0,0,0
350309,0,1,1990,7,7,7,7,7,7,7,7,7,7
350309,1,1,1990,0,0,0,0,0,13,0,9,0,0
350310,1,1,1990,0,0,0,0,0,0,0,0,0,0
350310,2,1,1990,0,0,0,0,0,0,0,0,0,0
350311,1,1,1990,13,13,13,13,13,13,13,13,13,13
350312,1,1,1990,0,0,8,0,0,0,0,0,0,0
350312,2,1,1990,19,12,20,20,13,12,6,21,21,7
350313,1,1,1990,0,0,0,0,0,0,0,0,0,0
350314,1,1,1990,16,16,16,16,16,16,16,16,16,16
350315,1,1,1990,0,0,0,0,0,0,0,0,0,0
350316,0,1,1990,22,22,22,22,22,22,22,22,22,22
350316,1,1,1990,0,0,0,0,0,0,0,0,0,10
350317,1,1,1990,20,7,17,34,16,16,13,13,11,10
350318,0,1,1990,12,12,12,12,12,12,12,12,12,12
350318,1,1,1990,0,7,0,0,12,0,8,22,22,15
350319,1,1,1990,0,0,0,0,0,0,0,0,0,0
350319,2,1,1990,0,0,0,0,0,0,0,0,0,0
350320,1,1,1990,21,21,21,21,21,21,21,21,21,21
350320,2,1,1990,0,0,0,0,0,12,0,0,0,0
350321,1,1,1990,0,0,0,0,0,0,0,0,0,0
350321,2,1,1990,10,10,10,10,10,10,10,10,10,10
350322,1,1,1990,26,26,26,26,26,26,26,26,26,26
350323,0,1,1990,33,33,33,33,33,33,33,33,33,33
350323,1,1,1990,0,0,0,0,0,0,0,5,0,0
350324,1,1,1990,17,17,17,17,17,17,17,17,17,17
350325,1,1,1990,0,0,0,0,26,0,0,0,0,0
350325,2,1,1990,0,0,0,0,0,0,0,0,0,0
350326,1,1,1990,0,0,0,0,0,0,0,0,0,0
350327,1,1,1990,0,0,0,0,0,0,0,0,0,0
350327,2,1,1990,19,19,19,19,19,19,19,19,19,19
350328,1,1,1990,9,9,9,9,9,9,9,9,9,9
350328,2,1,1990,0,0,0,0,19,0,0,0,0,0
350329,1,1,1990,0,0,0,0,0,0,0,6,0,0
350329,2,1,1990,22,22,22,22,22,22,22,22,22,22
350330,1,1,1990,0,0,0,0,0,0,0,0,0,0
350330,2,1,1990,0,0,0,0,0,0,0,0,0,0
350331,1,1,1990,24,24,24,24,24,24,24,24,24,24
350332,1,1,1990,0,0,0,0,0,0,0,0,0,0
350333,1,1,1990,1,1,1,1,1,1,1,1,1,1
350334,1,1,1990,10,10,10,10,10,10,10,10,10,10
350335,1,1,1990,0,0,0,0,0,0,0,0,0,0
350336,0,1,1990,21,21,21,21,21,21,21,21,21,21
350336,1,1,1990,0,0,0,0,0,0,0,0,0,0
350337,1,1,1990,0,0,0,0,0,0,0,0,0,0
350337,2,1,1990,0,6,0,0,0,0,0,0,0,0
350338,1,1,1990,29,29,29,29,29,29,29,29,29,29
350339,0,1,1990,0,0,0,0,0,0,0,0,0,0
350339,1,1,1990,0,0,0,0,0,0,0,14,15,0
350340,0,1,1990,38,38,38,38,38,38,38,38,38,38
350340,1,1,1990,0,0,0,0,0,0,0,0,0,0
350341,1,1,1990,24,24,24,24,24,24,24,24,24,24
350342,1,1,1990,0,0,0,0,0,0,0,0,0,0
350343,1,1,1990,23,23,23,23,23,23,23,23,23,23
350344,0,1,1990,0,27,20,9,13,20,8,18,28,11
350344,0,2,1990,25,22,6,16,35,32,20,22,19,22
350344,1,1,1990,0,0,0,14,0,18,18,16,0,0
350345,0,1,1990,0,0,0,0,0,0,0,0,0,0
350345,1,1,1990,2,0,0,13,0,0,18,0,22,0
350346,1,1,1990,1,1,1,1,1,1,1,1,1,1
350346,2,1,1990,3,3,3,3,3,3,3,3,3,3
350347,1,1,1990,0,0,0,0,0,0,0,0,0,0
350348,1,1,1990,25,25,25,25,25,25,25,25,25,25
350349,1,1,1990,13,0,0,0,0,0,0,12,0,0
350350,1,1,1990,20,9,17,0,0,0,0,0,0,0
350351,1,1,1990,0,0,0,0,0,0,0,0,0,0
350352,1,1,1990,0,0,0,0,0,0,0,0,0,0
350353,1,1,1990,0,0,0,0,0,0,0,0,0,0
350353,2,1,1990,0,0,0,0,0,0,0,0,0,0
350354,1,1,1990,0,0,0,0,0,0,0,0,0,0
350354,2,1,1990,0,0,0,0,0,0,0,0,0,0
350355,1,1,1990,0,0,0,0,0,19,6,0,0,19
350356,1,1,1990,0,0,0,0,0,0,0,0,0,0
350357,1,1,1990,4,4,4,4,4,4,4,4,4,4
350358,1,1,1990,0,0,0,0,0,0,0,0,0,0
350358,2,1,1990,0,0,0,0,0,0,0,0,0,0
350359,1,1,1990,13,13,13,13,13,13,13,13,13,13
350360,1,1,1990,0,0,0,0,0,0,0,0,0,0
350360,2,1,1990,0,0,0,0,0,0,0,0,0,0
350361,0,1,1990,0,0,0,0,0,0,0,0,0,0
350361,1,1,1990,0,0,0,0,0,0,0,0,0,0
350362,1,1,1990,15,15,15,15,15,15,15,15,15,15
350363,1,1,1990,6,6,6,6,6,6,6,6,6,6
350364,1,1,1990,0,0,0,0,0,0,0,0,0,0
350365,0,1,1990,8,8,8,8,8,8,8,8,8,8
350365,1,1,1990,0,0,0,0,0,0,0,0,0,0
350366,1,1,1990,24,24,24,24,24,24,24,24,24,24
350367,1,1,1990,0,0,0,0,0,0,0,0,0,0
350368,1,1,1990,0,0,0,0,0,0,0,0,0,0
350369,0,1,1990,0,0,0,0,0,0,0,0,0,0
350369,1,1,1990,0,0,2,0,0,0,0,0,0,0
350370,1,1,1990,21,21,21,21,21,21,21,21,21,21
350371,0,1,1990,25,25,25,25,25,25,25,25,25,25
350371,1,1,1990,0,0,0,0,0,0,0,0,0,0
350371,2,1,1990,0,0,0,0,0,0,0,0,0,21
350372,1,1,1990,3,3,3,3,3,3,3,3,3,3
350373,1,1,1990,0,0,0,0,0,0,0,0,0,0
350373,2,1,1990,0,0,0,0,0,22,0,7,5,0
350374,1,1,1990,10,10,10,10,10,10,10,10,10,10
350375,1,1,1990,23,0,0,0,0,15,0,0,0,15
350376,1,1,1990,21,21,21,21,21,21,21,21,21,21
350376,2,1,1990,0,0,0,0,0,0,0,0,0,0
350377,1,1,1990,0,0,0,0,0,0,0,0,0,0
350377,2,1,1990,0,0,0,0,0,0,0,0,0,0
350378,1,1,1990,1,1,1,1,1,1,1,1,1,1
350379,1,1,1990,0,0,0,0,0,0,0,0,0,0
350379,2,1,1990,0,0,0,0,0,0,0,0,0,0
350380,1,1,1990,16,16,16,16,16,16,16,16,16,16
350381,1,1,1990,0,0,0,0,0,0,0,0,0,0
350382,1,1,1990,10,10,10,10,10,10,10,10,10,10
350383,1,1,1990,0,0,0,16,0,0,0,0,0,18
350384,1,1,1990,26,26,26,26,26,26,26,26,26,26
350384,2,1,1990,19,19,19,19,19,19,19,19,19,19
350385,1,1,1990,7,7,7,7,7,7,7,7,7,7
350386,1,1,1990,0,0,0,0,0,0,0,0,0,0
350386,2,1,1990,0,21,10,0,4,15,8,17,0,9
350387,1,1,1990,8,15,0,26,16,0,44,12,21,0
350388,1,1,1990,0,0,0,0,0,0,0,0,0,0
350389,1,1,1990,23,23,23,23,23,23,23,23,23,23
350390,1,1,1990,0,0,11,29,0,0,0,0,10,0
350391,1,1,1990,9,13,13,15,0,14,23,14,15,30
350392,0,1,1990,27,27,27,27,27,27,27,27,27,27
350392,1,1,1990,0,0,0,0,0,0,0,0,0,0
350393,1,1,1990,18,18,18,18,18,18,18,18,18,18
350394,1,1,1990,19,19,19,19,19,19,19,19,19,19
350395,1,1,1990,0,0,0,0,0,0,0,0,0,0
350396,1,1,1990,0,0,0,0,0,0,0,0,0,0
350396,2,1,1990,0,0,0,0,0,0,0,0,0,0
350397,1,1,1990,35,0,15,0,0,0,0,0,21,0
350398,1,1,1990,9,9,9,9,9,9,9,9,9,9
350399,1,1,1990,0,0,0,0,0,0,0,0,0,0
350399,2,1,1990,0,0,0,0,0,0,0,0,0,0
350400,0,1,1990,31,31,31,31,31,31,31,31,31,31
350400,1,1,1990,0,0,0,11,17,0,0,0,0,0
350400,2,1,1990,0,0,0,0,0,0,0,0,0,0
350401,1,1,1990,23,23,23,23,23,23,23,23,23,23
350402,0,1,1990,24,24,24,24,24,24,24,24,24,24
350402,1,1,1990,0,0,0,0,0,0,0,0,0,0
350403,1,1,1990,28,11,26,7,17,11,23,13,23,14
350403,2,1,1990,3,0,11,4,15,14,14,0,18,6
350404,0,1,1990,0,0,0,0,30,9,0,0,0,0
350404,1,1,1990,0,4,0,0,0,6,0,5,24,0
350405,0,1,1990,22,22,22,22,22,22,22,22,22,22
350405,1,1,1990,0,0,0,0,0,0,0,0,0,0
350405,2,1,1990,0,0,0,0,0,0,0,0,0,0
350406,0,1,1990,18,18,18,18,18,18,18,18,18,18
350406,1,1,1990,0,0,0,0,0,0,0,0,0,0
350407,1,1,1990,0,0,21,0,0,10,13,12,0,0
350407,2,1,1990,12,12,12,12,12,12,12,12,12,12
350408,1,1,1990,8,16,20,27,22,4,17,16,10,10
350409,0,1,1990,38,38,38,38,38,38,38,38,38,38
350409,1,1,1990,0,0,0,0,0,0,0,0,0,0
350410,1,1,1990,20,20,20,20,20,20,20,20,20,20
350411,1,1,1990,0,0,0,0,0,0,0,0,0,0
350412,0,1,1990,33,33,33,33,33,33,33,33,33,33
350412,1,1,1990,0,0,0,0,0,0,0,0,7,0
350413,1,1,1990,0,0,0,0,0,0,0,0,0,0
350414,1,1,1990,25,25,25,25,25,25,25,25,25,25
350415,1,1,1990,0,0,0,0,8,0,0,0,0,0
350415,2,1,1990,0,0,0,0,0,0,0,0,0,0
350416,1,1,1990,10,18,0,0,0,22,8,10,8,0
350417,0,1,1990,26,26,26,26,26,26,26,26,26,26
350417,1,1,1990,0,0,0,0,0,0,0,0,0,0
350418,1,1,1990,0,0,0,15,0,0,0,16,0,8
350418,2,1,1990,7,7,7,7,7,7,7,7,7,7
350419,1,1,1990,0,0,0,0,0,0,0,0,0,0
350420,1,1,1990,15,15,15,15,15,15,15,15,15,15
350421,1,1,1990,0,11,0,0,0,0,0,0,10,0
350422,1,1,1990,20,20,20,20,20,20,20,20,20,20
350423,1,1,1990,0,0,0,0,0,0,0,0,0,6
350423,2,1,1990,3,3,3,3,3,3,3,3,3,3
350423,3,1,1990,0,0,0,0,0,0,0,0,0,0
350424,0,1,1990,18,18,18,18,18,18,18,18,18,18
350424,1,1,1990,0,0,5,0,0,0,0,0,0,0
350425,1,1,1990,37,37,37,37,37,37,37,37,37,37
350425,2,1,1990,0,0,0,0,0,0,0,0,0,0
350426,1,1,1990,0,0,0,0,0,0,0,0,0,0
350426,2,1,1990,0,0,0,0,0,0,0,0,0,0
350427,0,1,1990,3,3,3,3,3,3,3,3,3,3
350427,1,1,1990,0,0,0,0,0,0,0,0,0,0
350428,1,1,1990,17,17,17,17,17,17,17,17,17,17
350428,2,1,1990,0,0,0,0,0,0,0,0,0,0
350429,1,1,1990,0,0,0,8,0,0,0,0,25,36
350430,1,1,1990,19,19,19,19,19,19,19,19,19,19
350431,1,1,1990,13,11,11,16,7,0,23,20,0,9
350432,0,1,1990,36,36,36,36,36,36,36,36,36,36
350432,1,1,1990,0,0,0,0,0,0,0,0,0,0
350432,2,1,1990,0,0,0,0,0,0,0,0,0,0
350433,1,1,1990,0,0,0,0,0,0,0,0,0,0
350433,2,1,1990,13,13,13,13,13,13,13,13,13,13
350434,1,1,1990,0,0,0,0,0,0,0,0,0,0
350435,0,1,1990,19,19,19,19,19,19,19,19,19,19
350435,1,1,1990,12,13,0,10,35,0,4,17,15,8
350436,1,1,1990,0,0,0,0,0,0,0,0,0,0
350436,2,1,1990,0,0,0,0,0,0,0,0,0,0
350437,1,1,1990,16,16,16,16,16,16,16,16,16,16
350437,2,1,1990,29,29,29,29,29,29,29,29,29,29
350438,1,1,1990,21,17,27,9,10,21,24,6,17,0
350439,1,1,1990,14,14,14,14,14,14,14,14,14,14
350440,1,1,1990,0,0,0,0,0,0,0,0,0,0
350440,2,1,1990,0,0,0,0,0,0,0,0,0,0
350441,1,1,1990,0,0,0,0,0,0,0,0,0,0
350441,2,1,1990,0,0,0,0,0,0,0,0,0,0
350441,3,1,1990,13,0,0,0,0,0,0,0,0,0
350442,1,1,1990,14,14,14,14,14,14,14,14,14,14
350442,2,1,1990,0,0,0,0,0,0,0,0,0,0
350443,1,1,1990,14,10,16,27,16,19,23,14,17,14
350444,0,1,1990,26,26,26,26,26,26,26,26,26,26
350444,1,1,1990,0,16,0,0,17,14,7,29,0,0
350445,1,1,1990,0,0,0,0,0,0,0,0,0,0
350445,2,1,1990,0,0,0,0,0,0,0,0,0,0
350446,1,1,1990,28,28,28,28,28,28,28,28,28,28
360001,0,1,1990,9,9,9,9,9,9,9,9,9,9
360001,1,1,1990,23,26,16,29,18,19,34,9,21,0
360002,0,1,1990,14,14,14,14,14,14,14,14,14,14
360002,0,2,1990,15,13,17,29,30,12,37,0,19,16
360002,1,1,1990,0,0,0,13,0,0,0,0,0,0
360003,0,1,1990,0,0,0,0,0,0,0,0,0,0
360003,1,1,1990,0,0,0,0,0,0,0,0,0,0
360004,1,1,1990,0,13,0,24,18,36,31,21,0,0
360004,2,1,1990,0,0,0,0,0,0,0,0,0,0
360005,0,1,1990,0,0,0,0,0,0,0,0,0,0
360005,1,1,1990,0,0,0,0,0,0,0,0,0,0
360006,1,1,1990,0,0,0,0,0,0,0,0,0,0
360006,2,1,1990,0,0,0,0,0,0,0,0,0,0
360007,1,1,1990,15,15,15,15,15,15,15,15,15,15
360008,1,1,1990,0,0,0,0,0,0,0,0,0,14
360008,2,1,1990,0,0,0,0,0,0,0,0,0,0
360009,1,1,1990,0,0,0,0,0,0,0,0,0,0
360009,2,1,1990,0,0,0,0,0,0,0,0,0,0
360010,0,1,1990,0,44,0,0,31,0,23,9,0,0
360010,1,1,1990,0,0,0,0,0,0,0,0,0,0
360011,1,1,1990,24,24,24,24,24,24,24,24,24,24
360011,2,1,1990,0,0,0,0,0,0,0,0,0,0
360012,0,1,1990,0,0,0,0,0,0,0,0,0,0
360012,1,1,1990,0,0,0,0,0,0,0,0,0,0
360013,0,1,1990,0,0,0,0,0,0,0,0,0,0
360013,1,1,1990,0,0,0,0,0,0,0,0,0,0
360014,1,1,1990,0,0,0,0,0,0,11,0,0,0
360015,1,1,1990,21,21,21,21,21,21,21,21,21,21
360016,1,1,1990,0,0,0,0,0,0,0,0,0,0
360016,2,1,1990,0,0,0,0,0,0,0,0,0,0
360017,0,1,1990,0,0,0,0,0,0,0,0,0,0
360017,1,1,1990,0,35,0,9,13,0,29,0,0,13