ST_CASE,VEH_NO,PER_NO,YEAR,P1,P2,P3,P4,P5,P6,P7,P8,P9,P10
360285,1,1,1990,16,10,17,11,13,23,0,20,28,13
360286,1,1,1990,0,0,20,0,0,23,0,0,21,18
360286,2,1,1990,1,1,1,1,1,1,1,1,1,1
360286,3,1,1990,0,0,0,0,0,0,0,0,0,0
360287,0,1,1990,0,0,0,0,0,0,0,0,0,0
360287,1,1,1990,0,0,0,9,0,0,0,0,0,0
360288,1,1,1990,0,0,0,0,0,0,0,0,0,0
360288,2,1,1990,0,0,0,0,0,0,0,0,0,0
360289,1,1,1990,4,0,0,0,0,0,0,0,0,0
360289,2,1,1990,0,0,0,16,0,0,0,0,0,0
360290,1,1,1990,14,14,14,14,14,14,14,14,14,14
360290,2,1,1990,26,26,26,26,26,26,26,26,26,26
360291,0,1,1990,16,4,21,42,12,0,0,0,0,29
360291,1,1,1990,0,0,0,0,0,0,0,0,0,0
360292,1,1,1990,17,17,17,17,17,17,17,17,17,17
360293,1,1,1990,0,0,0,0,0,0,0,0,0,0
360293,2,1,1990,0,0,0,0,0,0,0,0,0,0
360294,1,1,1990,0,0,0,0,0,0,0,0,0,0
360294,2,1,1990,0,0,22,0,0,0,0,0,0,0
360295,1,1,1990,0,0,0,0,0,0,0,0,0,0
360295,2,1,1990,0,0,0,0,0,0,0,0,0,0
360296,1,1,1990,7,9,20,16,21,13,10,17,9,9
360297,1,1,1990,0,0,0,0,0,0,0,0,0,0
360298,1,1,1990,26,26,26,26,26,26,26,26,26,26
360299,1,1,1990,0,0,0,0,0,6,0,0,0,15
360299,2,1,1990,0,0,0,0,0,0,0,0,0,0
360300,1,1,1990,18,18,18,18,18,18,18,18,18,18
360301,0,1,1990,16,0,17,0,17,0,0,0,0,0
360301,1,1,1990,0,0,0,0,0,0,0,0,0,0
360302,0,1,1990,0,0,0,0,0,0,0,0,0,0
360302,1,1,1990,0,0,0,0,0,0,0,0,0,0
360303,1,1,1990,8,11,15,18,12,20,19,10,15,0
360303,2,1,1990,11,11,11,11,11,11,11,11,11,11
360304,0,1,1990,0,0,0,0,0,0,0,0,0,0
360304,1,1,1990,0,0,0,0,0,0,0,0,0,0
360305,1,1,1990,3,3,3,3,3,3,3,3,3,3
360306,1,1,1990,23,23,23,23,23,23,23,23,23,23
360306,2,1,1990,0,15,21,0,4,0,0,17,4,3
360307,0,1,1990,30,30,30,30,30,30,30,30,30,30
360307,1,1,1990,0,0,0,0,0,0,0,0,0,0
360308,0,1,1990,28,28,28,28,28,28,28,28,28,28
360308,1,1,1990,29,0,0,24,0,6,16,22,0,0
360309,0,1,1990,1,1,1,1,1,1,1,1,1,1
360309,0,2,1990,0,0,0,0,0,0,0,0,0,0
360309,0,3,1990,0,0,0,0,0,0,0,0,0,0
360309,1,1,1990,0,0,0,0,0,0,0,0,0,0
360309,2,1,1990,0,0,0,0,0,0,0,0,0,0
360310,1,1,1990,8,8,8,8,8,8,8,8,8,8
360311,1,1,1990,3,3,3,3,3,3,3,3,3,3
360311,2,1,1990,0,13,0,0,0,0,0,0,0,11
360312,0,1,1990,0,0,0,0,0,0,0,0,0,0
360312,1,1,1990,0,0,0,0,0,0,0,0,0,0
360313,0,1,1990,0,0,0,0,0,0,0,0,0,0
360313,1,1,1990,0,0,0,0,0,0,0,0,0,0
360314,1,1,1990,0,0,0,0,0,0,0,0,0,0
360315,1,1,1990,0,0,0,0,4,0,0,0,0,0
360315,2,1,1990,0,0,0,3,0,0,0,0,0,0
360316,1,1,1990,0,15,0,0,14,12,7,22,0,10
360316,2,1,1990,0,0,0,0,0,0,0,0,0,0
360316,3,1,1990,0,0,0,0,0,0,0,0,8,0
360317,1,1,1990,0,0,0,0,0,0,0,0,0,0
360317,2,1,1990,0,0,0,0,0,0,0,0,0,0
360318,0,1,1990,13,13,13,13,13,13,13,13,13,13
360318,1,1,1990,5,2,0,13,0,0,0,0,0,0
360318,2,1,1990,0,0,0,0,0,0,0,0,0,0
360319,1,1,1990,22,22,22,22,22,22,22,22,22,22
360320,1,1,1990,0,0,0,0,0,0,0,0,0,0
360320,2,1,1990,0,0,0,0,0,0,0,0,0,0
360321,1,1,1990,0,0,0,0,0,15,0,13,0,0
360322,1,1,1990,27,27,27,27,27,27,27,27,27,27
360322,2,1,1990,23,23,23,23,23,23,23,23,23,23
360323,1,1,1990,26,26,26,26,26,26,26,26,26,26
360324,1,1,1990,12,8,23,12,11,14,17,17,13,11
360324,2,1,1990,0,0,0,0,0,0,0,0,0,0
360325,1,1,1990,0,0,0,7,0,0,0,0,0,0
360325,2,1,1990,0,0,0,0,0,0,0,0,0,0
360326,1,1,1990,9,9,9,9,9,9,9,9,9,9
360327,0,1,1990,0,0,0,0,0,0,0,0,0,0
360327,1,1,1990,0,0,0,0,0,0,0,0,0,0
360328,1,1,1990,0,6,0,0,0,24,0,0,0,0
360328,2,1,1990,0,0,0,0,0,0,0,0,0,0
360329,1,1,1990,26,26,26,26,26,26,26,26,26,26
360329,2,1,1990,0,0,23,0,22,0,0,0,0,0
360330,1,1,1990,0,15,0,0,5,0,28,0,27,16
360331,0,1,1990,0,0,0,0,0,0,0,0,0,0
360331,1,1,1990,0,0,0,0,0,0,0,0,0,0
360332,0,1,1990,20,20,20,20,20,20,20,20,20,20
360332,1,1,1990,13,0,0,0,0,0,0,0,0,0
360333,0,1,1990,0,0,0,0,0,0,0,0,0,0
360333,1,1,1990,0,0,0,0,0,16,0,0,0,0
360334,1,1,1990,25,25,25,25,25,25,25,25,25,25
360335,1,1,1990,9,0,0,0,0,0,0,0,0,0
360335,2,1,1990,0,0,0,0,0,0,0,0,0,0
360336,0,1,1990,4,4,4,4,4,4,4,4,4,4
360336,1,1,1990,0,0,0,0,0,0,0,0,0,0
360337,1,1,1990,0,0,0,0,0,0,0,0,0,0
360337,2,1,1990,9,13,14,0,0,0,0,3,10,0
360337,3,1,1990,13,0,15,17,0,0,9,12,0,13
360338,1,1,1990,0,0,0,0,0,0,0,0,0,0
360338,2,1,1990,25,22,16,0,35,0,21,9,0,26
360339,1,1,1990,0,0,0,0,0,0,0,0,0,0
360339,2,1,1990,0,0,0,0,0,0,0,0,0,0
360340,1,1,1990,16,0,0,0,0,20,0,4,0,0
360340,2,1,1990,0,0,0,0,0,0,0,0,15,0
360341,0,1,1990,0,0,0,0,0,0,0,0,0,0
360341,1,1,1990,0,0,0,0,0,0,0,0,0,0
360342,0,1,1990,0,0,0,0,0,0,0,0,0,0
360342,1,1,1990,13,0,0,21,0,0,0,0,0,0
360343,1,1,1990,0,0,0,0,11,0,0,0,0,0
360343,2,1,1990,0,0,0,0,0,0,0,0,0,0
360344,0,1,1990,0,0,0,0,0,0,0,0,11,32
360344,1,1,1990,0,5,0,0,0,0,0,0,0,0
360345,0,1,1990,0,0,0,0,0,0,0,0,0,0
360345,1,1,1990,0,0,0,0,0,0,0,0,0,0
360346,1,1,1990,13,0,0,13,6,13,6,5,10,9
360347,1,1,1990,0,12,15,18,14,0,0,0,20,0
360348,1,1,1990,17,17,17,17,17,17,17,17,17,17
360349,0,1,1990,0,0,0,0,0,0,0,0,0,0
360349,1,1,1990,0,0,15,7,0,0,9,24,0,0
360349,2,1,1990,0,0,0,0,0,0,0,0,0,0
360350,0,1,1990,18,8,0,25,2,0,0,0,0,20
360350,1,1,1990,0,0,0,0,21,0,0,0,0,0
360351,0,1,1990,0,0,0,0,0,0,0,0,0,0
360351,1,1,1990,0,0,0,0,0,0,0,0,0,0
360352,1,1,1990,0,0,0,0,0,0,0,0,4,0
360352,2,1,1990,15,27,7,15,16,21,11,19,0,9
360353,1,1,1990,3,23,0,4,47,29,0,10,19,0
360353,2,1,1990,0,0,0,0,0,0,0,0,0,0
360354,1,1,1990,5,5,5,5,5,5,5,5,5,5
360355,0,1,1990,0,0,0,0,0,0,0,0,0,0
360355,1,1,1990,0,0,0,0,0,0,0,0,5,0
360356,0,1,1990,0,0,0,0,0,0,0,0,0,0
360356,1,1,1990,0,0,0,0,0,5,8,0,0,16
360357,1,1,1990,28,28,28,28,28,28,28,28,28,28
360358,1,1,1990,0,0,0,0,22,0,4,23,25,0
360358,2,1,1990,26,26,26,26,26,26,26,26,26,26
360359,0,1,1990,43,43,43,43,43,43,43,43,43,43
360359,1,1,1990,0,0,0,25,0,0,0,0,0,0
360360,0,1,1990,0,0,0,0,0,0,0,0,0,0
360360,1,1,1990,0,0,0,0,0,0,7,0,0,0
360361,1,1,1990,7,20,11,24,13,7,16,18,17,0
360361,2,1,1990,0,0,0,0,0,0,15,22,0,0
360362,0,1,1990,22,22,22,22,22,22,22,22,22,22
360362,1,1,1990,0,0,0,0,12,0,0,26,17,0
360363,1,1,1990,0,0,0,0,0,0,0,0,0,0
360363,2,1,1990,0,0,0,0,0,0,0,0,0,0
360363,3,1,1990,0,0,0,0,0,0,0,0,0,0
360363,4,1,1990,0,0,0,0,0,0,0,0,0,0
360363,5,1,1990,0,0,0,0,0,0,0,0,0,0
360363,6,1,1990,0,0,0,0,0,0,0,16,0,0
360363,7,1,1990,0,0,0,0,0,0,0,0,0,0
360364,2,1,1990,0,0,0,0,0,0,0,0,0,0
360365,0,1,1990,0,0,0,0,0,0,0,0,0,0
360365,1,1,1990,0,22,0,0,0,0,0,0,0,0
360366,0,1,1990,0,0,0,0,0,0,0,0,0,0
360366,1,1,1990,0,0,0,0,0,0,0,0,0,0
360367,0,1,1990,0,0,0,0,0,0,0,0,0,0
360367,1,1,1990,19,18,11,21,5,15,0,10,20,7
360368,0,1,1990,0,31,32,0,23,22,32,0,6,23
360368,1,1,1990,0,8,0,0,0,0,0,0,0,0
360368,2,1,1990,33,28,5,0,30,0,8,0,4,8
360369,0,1,1990,26,26,26,26,26,26,26,26,26,26
360369,1,1,1990,15,17,0,26,22,8,0,0,15,0
360370,0,1,1990,0,0,0,0,0,0,0,0,0,0
360370,1,1,1990,0,0,0,0,0,0,0,0,0,0
360371,1,1,1990,4,4,4,4,4,4,4,4,4,4
360372,1,1,1990,0,0,0,0,0,0,0,0,0,0
360373,1,1,1990,0,0,0,0,0,0,24,0,0,0
360373,2,1,1990,0,0,0,0,0,0,0,0,0,0
360374,0,1,1990,20,20,20,20,20,20,20,20,20,20
360374,1,1,1990,0,0,0,9,0,0,0,0,0,0
360375,1,1,1990,0,0,0,0,0,0,0,0,0,0
360376,1,1,1990,0,0,0,0,0,0,0,0,0,0
360377,0,1,1990,0,0,0,0,0,0,0,0,0,0
360377,1,1,1990,0,0,0,0,0,0,0,60,0,3
360378,0,1,1990,0,0,0,0,0,0,0,0,0,0
360378,1,1,1990,0,0,0,0,0,0,0,0,0,0
360379,1,1,1990,0,0,0,24,12,7,0,26,18,23
360379,2,1,1990,0,0,0,0,0,0,0,0,0,0
360380,1,1,1990,0,0,0,0,0,0,0,0,0,0
360380,2,1,1990,0,0,0,0,0,0,0,0,0,22
360381,1,1,1990,0,0,0,0,0,0,0,0,0,0
360381,2,1,1990,0,0,0,0,0,0,0,0,0,0
360382,1,1,1990,0,0,0,0,0,0,0,0,0,0
360382,2,1,1990,6,6,6,6,6,6,6,6,6,6
360383,1,1,1990,0,0,0,0,0,0,0,0,0,0
360383,2,1,1990,0,0,0,0,0,0,9,0,0,0
360384,1,1,1990,0,0,0,0,0,0,0,0,0,0
360384,2,1,1990,0,0,0,0,31,0,0,0,0,0
360385,1,1,1990,0,0,0,0,0,0,0,0,0,0
360385,2,1,1990,0,0,0,0,0,0,0,0,0,0
360386,1,1,1990,11,15,13,12,14,3,10,0,13,14
360386,2,1,1990,8,8,8,8,8,8,8,8,8,8
360387,1,1,1990,16,0,0,0,0,0,0,0,0,13
360388,0,1,1990,18,18,18,18,18,18,18,18,18,18
360388,1,1,1990,29,12,16,13,18,0,11,11,10,20
360389,1,1,1990,28,28,28,28,28,28,28,28,28,28
360390,0,1,1990,0,0,0,0,0,0,0,0,0,0
360390,1,1,1990,0,0,0,0,0,0,0,0,0,0
360391,1,1,1990,14,14,14,14,14,14,14,14,14,14
360392,1,1,1990,0,0,0,0,0,0,0,0,0,0
360393,1,1,1990,0,0,0,0,0,0,0,0,0,0
360393,2,1,1990,14,14,14,14,14,14,14,14,14,14
360394,1,1,1990,21,14,15,20,36,22,14,11,24,16
360395,1,1,1990,10,10,10,10,10,10,10,10,10,10
360396,1,1,1990,0,0,0,0,0,0,0,0,0,0
360396,2,1,1990,0,0,0,13,0,0,0,0,0,0
360397,1,1,1990,0,0,0,0,0,0,0,0,0,0
360398,1,1,1990,0,0,0,0,0,0,0,0,0,0
360398,2,1,1990,0,0,0,0,0,0,0,0,0,0
360398,3,1,1990,0,0,0,0,0,0,0,0,0,0
360399,1,1,1990,20,20,20,20,20,20,20,20,20,20
360399,2,1,1990,0,0,0,0,0,0,0,0,0,0
360400,1,1,1990,25,25,25,25,25,25,25,25,25,25
360400,2,1,1990,0,0,30,0,0,0,0,0,0,0
360401,1,1,1990,9,9,9,9,9,9,9,9,9,9
360402,1,1,1990,9,19,11,27,40,28,11,21,13,32
360403,1,1,1990,0,0,0,0,0,0,0,0,0,0
360403,2,1,1990,6,21,32,24,18,22,11,38,3,29
360404,0,1,1990,27,27,27,27,27,27,27,27,27,27
360404,1,1,1990,12,15,0,11,0,11,4,21,0,30
360405,1,1,1990,0,0,0,0,0,0,0,0,0,0
360405,2,1,1990,0,0,0,0,0,0,15,0,0,0
360406,1,1,1990,0,0,0,0,0,4,0,0,0,0
360406,2,1,1990,10,10,10,10,10,10,10,10,10,10
360407,1,1,1990,0,0,0,0,0,0,0,0,0,0
360407,2,1,1990,30,0,0,0,0,0,0,0,0,0
360407,3,1,1990,0,0,0,0,0,0,0,0,0,3
360408,1,1,1990,0,0,0,0,0,0,0,0,0,0
360408,2,1,1990,0,0,0,0,0,0,0,0,0,0
360409,1,1,1990,0,0,0,0,0,0,0,0,0,0
360409,2,1,1990,0,10,0,0,0,0,0,0,0,0
360410,1,1,1990,25,25,25,25,25,25,25,25,25,25
360411,0,1,1990,0,0,0,0,0,0,0,0,0,0
360411,1,1,1990,0,0,0,36,0,0,0,0,0,0
360411,2,1,1990,0,0,16,0,0,0,0,0,0,3
360412,1,1,1990,0,0,0,0,0,0,0,0,0,0
360413,1,1,1990,0,16,0,9,0,0,0,0,0,7
360413,2,1,1990,0,0,0,0,0,0,0,0,0,10
360414,0,1,1990,0,0,0,0,0,0,0,0,0,0
360414,1,1,1990,0,0,0,5,0,0,0,0,0,0
360415,1,1,1990,16,16,16,16,16,16,16,16,16,16
360415,2,1,1990,0,0,0,0,0,0,0,0,9,0
360416,1,1,1990,0,5,11,23,8,19,7,21,10,23
360417,1,1,1990,0,0,0,0,0,0,0,0,0,0
360417,2,1,1990,0,0,0,0,0,0,0,0,0,0
360418,1,1,1990,13,13,13,13,13,13,13,13,13,13
360419,1,1,1990,0,0,0,0,0,0,0,0,0,0
360419,2,1,1990,16,13,10,18,16,32,2,5,19,14
360420,1,1,1990,0,0,0,0,0,0,0,0,0,0
360420,2,1,1990,0,0,0,0,0,0,0,0,0,0
360421,1,1,1990,0,0,0,0,0,0,0,0,0,0
360421,2,1,1990,0,0,0,0,0,0,0,0,0,0
360422,1,1,1990,16,16,16,16,16,16,16,16,16,16
360423,1,1,1990,0,0,0,0,0,0,0,0,0,0
360423,2,1,1990,0,0,0,0,0,0,0,0,0,0
360424,1,1,1990,0,0,0,17,0,0,0,0,0,0
360424,2,1,1990,0,0,0,0,0,0,0,0,0,0
360425,0,1,1990,0,26,0,0,0,0,0,0,0,0
360425,1,1,1990,0,0,0,0,0,0,0,0,0,0
360426,0,1,1990,0,0,0,0,0,0,0,0,0,0
360426,1,1,1990,0,0,0,0,0,0,0,0,0,0
360427,0,1,1990,0,0,0,0,0,0,0,0,0,0
360427,1,1,1990,0,0,0,0,0,0,0,0,0,0
360428,0,1,1990,0,0,0,0,0,0,0,0,0,0
360428,1,1,1990,0,0,0,0,0,0,0,0,0,0
360429,0,1,1990,0,0,0,0,0,0,0,0,19,0
360429,1,1,1990,0,15,0,0,0,0,0,0,0,0
360430,0,1,1990,0,0,0,0,0,0,0,0,0,0
360430,1,1,1990,0,0,0,0,0,0,0,0,0,0
360431,0,1,1990,0,15,0,0,0,0,4,0,0,0
360431,1,1,1990,20,0,0,0,0,0,0,0,0,0
360432,1,1,1990,16,0,0,0,23,0,21,23,0,0
360433,0,1,1990,56,56,56,56,56,56,56,56,56,56
360433,1,1,1990,0,0,0,0,0,0,0,0,0,0
360434,1,1,1990,2,2,2,2,2,2,2,2,2,2
360434,2,1,1990,19,27,30,0,0,21,0,16,0,11
360435,0,1,1990,10,10,10,10,10,10,10,10,10,10
360435,1,1,1990,0,16,15,0,28,7,0,13,16,11
360436,1,1,1990,0,0,0,0,0,0,0,0,0,0
360436,2,1,1990,0,0,0,0,0,0,0,0,0,0
360436,3,1,1990,0,0,0,0,0,0,0,0,0,0
360437,0,1,1990,0,0,0,0,0,0,0,0,0,0
360437,1,1,1990,0,0,0,0,0,0,8,0,0,0
360438,0,1,1990,26,26,26,26,26,26,26,26,26,26
360438,1,1,1990,10,0,0,0,20,0,0,0,0,18
360439,1,1,1990,0,0,0,0,0,0,0,0,0,0
360439,2,1,1990,0,0,0,0,0,11,0,0,0,0
360440,1,1,1990,0,0,0,0,0,0,0,0,0,0
360440,2,1,1990,0,2,0,0,0,0,0,0,0,0
360441,1,1,1990,0,0,0,0,0,0,0,0,0,0
360441,2,1,1990,13,13,13,13,13,13,13,13,13,13
360442,1,1,1990,22,22,22,22,22,22,22,22,22,22
360443,1,1,1990,15,15,15,15,15,15,15,15,15,15
360444,1,1,1990,5,5,5,5,5,5,5,5,5,5
360445,1,1,1990,0,25,0,0,0,0,0,0,0,0
360445,2,1,1990,0,0,0,0,0,0,0,0,0,0
360446,1,1,1990,0,0,0,0,0,0,0,0,0,0
360446,2,1,1990,0,0,0,0,0,0,0,0,0,0
360447,1,1,1990,5,14,0,22,13,3,2,10,8,9
360448,1,1,1990,0,0,0,0,0,0,0,0,0,0
360448,2,1,1990,8,8,8,8,8,8,8,8,8,8
360449,1,1,1990,0,0,0,0,0,0,0,0,0,0
360450,1,1,1990,26,26,26,26,26,26,26,26,26,26
360451,1,1,1990,15,15,15,15,15,15,15,15,15,15
360452,1,1,1990,0,0,0,0,0,0,0,0,0,0
360453,1,1,1990,7,7,7,7,7,7,7,7,7,7
360454,1,1,1990,0,0,0,0,0,0,0,0,0,0
360455,1,1,1990,0,0,0,0,0,0,0,4,0,16
360456,1,1,1990,0,0,0,0,0,0,0,0,0,0
360456,2,1,1990,0,0,0,0,0,0,0,0,0,0
360456,3,1,1990,0,0,0,0,0,0,0,0,0,0
360457,1,1,1990,0,0,0,0,0,0,0,0,0,0
360457,2,1,1990,0,0,0,0,0,0,0,0,0,0
360458,1,1,1990,16,18,0,0,27,19,0,2,0,9
360458,2,1,1990,0,0,0,0,0,0,0,0,0,0
360458,3,1,1990,0,0,0,22,0,23,0,0,0,20
360459,1,1,1990,0,0,0,0,0,0,0,0,0,0
360460,1,1,1990,14,13,20,28,22,0,8,24,16,6
360460,2,1,1990,6,6,6,6,6,6,6,6,6,6
360461,0,1,1990,0,0,0,0,0,0,0,0,0,0
360461,1,1,1990,12,22,0,0,0,0,0,0,0,0
360462,1,1,1990,15,16,24,14,7,16,13,10,19,13
360463,0,1,1990,0,0,0,0,0,0,0,0,0,0
360463,1,1,1990,0,0,22,15,0,0,0,0,0,20
360464,0,1,1990,0,0,0,0,0,0,0,0,0,0
360464,1,1,1990,26,12,0,28,19,9,16,17,31,19
360465,0,1,1990,0,0,0,0,0,0,0,0,9,0
360465,0,2,1990,0,0,0,0,0,0,0,0,0,0
360465,1,1,1990,0,0,0,0,0,0,0,0,0,0
360465,2,1,1990,0,0,20,0,0,0,0,12,7,0
360466,1,1,1990,11,27,0,0,21,18,0,21,0,15
360467,1,1,1990,22,13,21,18,5,0,16,19,0,18
360468,1,1,1990,16,16,25,19,0,15,0,16,21,44
360469,1,1,1990,0,0,0,0,0,0,0,0,0,0
360470,0,1,1990,0,0,0,0,0,0,0,0,0,0
360470,0,2,1990,0,0,0,0,0,0,0,0,0,0
360470,1,1,1990,19,19,19,19,19,19,19,19,19,19
360471,1,1,1990,0,12,13,0,0,0,0,0,0,23
360472,1,1,1990,0,0,0,0,0,0,0,0,0,0
360472,2,1,1990,25,0,0,0,0,0,0,0,0,0
360472,3,1,1990,0,0,0,0,0,0,0,0,0,0
360473,1,1,1990,13,13,13,13,13,13,13,13,13,13
360474,0,1,1990,0,0,0,0,0,0,0,0,0,0
360474,1,1,1990,0,0,0,0,0,0,0,0,0,0
360475,1,1,1990,0,0,0,0,0,0,0,0,0,0
360476,1,1,1990,0,0,0,0,0,0,0,0,0,0
360476,2,1,1990,0,0,0,0,0,0,0,0,0,0
360476,3,1,1990,4,0,0,0,0,0,0,0,0,0
360477,1,1,1990,42,42,42,42,42,42,42,42,42,42
360478,1,1,1990,10,10,10,10,10,10,10,10,10,10
360479,1,1,1990,13,13,13,13,13,13,13,13,13,13
360480,0,1,1990,0,0,0,0,0,0,0,0,0,0
360480,1,1,1990,3,9,0,0,0,0,0,0,0,0
360481,1,1,1990,0,0,0,0,0,0,0,11,0,0
360482,0,1,1990,0,31,0,0,0,13,0,0,0,0
360482,1,1,1990,0,0,0,0,0,0,0,0,0,0
360483,1,1,1990,0,0,0,0,0,0,0,0,0,0
360484,0,1,1990,25,25,25,25,25,25,25,25,25,25
360484,1,1,1990,9,0,0,0,0,0,0,17,0,0
360485,0,1,1990,0,0,0,0,0,0,0,0,0,0
360485,1,1,1990,0,0,0,0,0,0,0,0,0,0
360486,0,1,1990,0,0,0,0,0,0,0,0,0,0
360486,2,1,1990,0,0,0,0,0,0,0,0,0,0
360487,1,1,1990,0,0,0,0,0,0,0,0,0,0
360487,2,1,1990,0,0,0,0,0,0,0,0,0,0
360488,1,1,1990,0,0,7,0,0,0,0,0,0,0
360488,2,1,1990,0,0,0,0,0,0,0,0,0,0
360488,3,1,1990,0,0,0,0,0,0,0,0,0,0
360489,1,1,1990,0,0,0,0,0,0,0,0,0,0
360490,1,1,1990,0,0,0,0,0,0,0,0,0,0
360490,2,1,1990,0,0,0,0,0,0,0,0,0,0
360491,1,1,1990,19,19,19,19,19,19,19,19,19,19
360492,0,1,1990,9,9,9,9,9,9,9,9,9,9
360492,1,1,1990,0,13,12,7,0,15,15,24,14,13
360493,1,1,1990,10,11,11,19,27,20,12,19,13,20
360494,1,1,1990,10,10,10,10,10,10,10,10,10,10
360494,2,1,1990,0,0,0,0,0,0,0,0,0,0
360495,1,1,1990,10,10,10,10,10,10,10,10,10,10
360495,2,1,1990,0,0,0,0,0,23,5,0,0,0
360496,1,1,1990,0,14,0,0,0,0,0,0,0,0
360497,0,1,1990,0,0,0,0,0,0,0,0,0,0
360497,1,1,1990,0,0,0,0,0,0,0,0,0,0
360498,1,1,1990,14,14,14,14,14,14,14,14,14,14
360498,2,1,1990,2,0,0,0,15,20,13,22,0,0
360499,0,1,1990,0,0,0,0,0,0,0,0,0,0
360499,1,1,1990,0,0,0,0,0,0,0,0,0,0
360500,1,1,1990,0,0,0,0,0,0,0,0,0,0
360500,2,1,1990,0,0,0,0,0,0,0,0,0,0
360501,0,1,1990,28,28,28,28,28,28,28,28,28,28
360501,1,1,1990,0,0,0,0,0,0,0,0,0,0
360502,1,1,1990,0,0,0,0,0,0,0,0,0,0
360503,1,1,1990,0,0,0,0,0,0,0,0,0,0
360503,2,1,1990,0,0,0,0,0,0,0,0,0,0
360504,1,1,1990,0,0,0,0,0,0,0,0,0,0
360504,2,1,1990,0,0,0,0,0,0,0,0,0,0
360505,1,1,1990,39,39,39,39,39,39,39,39,39,39
360506,1,1,1990,0,0,0,0,0,0,0,0,0,0
360506,2,1,1990,0,0,0,0,0,0,0,0,0,0
360507,1,1,1990,0,0,0,0,0,0,0,0,0,0
360507,2,1,1990,0,0,0,0,0,0,0,0,0,0
360508,1,1,1990,0,0,0,0,0,0,0,0,0,0
360508,2,1,1990,0,0,0,0,0,0,0,0,0,0
360509,1,1,1990,11,11,11,11,11,11,11,11,11,11
360510,1,1,1990,0,0,0,0,0,0,0,0,0,0
360510,2,1,1990,0,0,0,0,0,0,0,0,0,12
360511,0,1,1990,13,13,13,13,13,13,13,13,13,13
360511,1,1,1990,0,0,0,16,16,0,0,0,0,30
360512,0,1,1990,20,7,0,25,0,0,0,0,0,0
360512,0,2,1990,45,0,0,0,12,16,0,2,0,7
360512,1,1,1990,0,0,13,19,16,0,0,6,0,0
360513,0,1,1990,0,0,0,0,0,0,0,0,0,0
360513,1,1,1990,0,0,0,0,0,0,0,0,0,0
360514,0,1,1990,0,0,0,0,0,0,0,0,0,0
360514,1,1,1990,0,0,0,0,0,0,0,0,0,0
360516,1,1,1990,0,0,0,0,0,0,0,0,0,0
360517,0,1,1990,0,0,0,0,0,0,0,0,0,0
360517,1,1,1990,0,0,0,0,0,0,0,0,0,27
360518,0,1,1990,0,0,0,0,0,0,0,0,0,0
360518,1,1,1990,8,0,0,0,0,0,0,0,0,0
360519,1,1,1990,0,12,0,0,0,0,0,0,0,0
360520,1,1,1990,25,17,19,23,22,26,24,12,14,17
360521,1,1,1990,5,5,5,5,5,5,5,5,5,5
360521,2,1,1990,0,0,0,0,0,0,0,0,0,0
360522,0,1,1990,11,11,11,11,11,11,11,11,11,11
360522,1,1,1990,0,21,0,0,0,0,11,0,0,0
360523,1,1,1990,0,0,0,0,0,0,0,0,0,0
360524,1,1,1990,0,0,0,0,8,0,0,0,0,0
360525,1,1,1990,22,22,24,0,43,23,12,19,46,26
360526,1,1,1990,22,23,14,23,21,41,45,22,29,34
360527,1,1,1990,0,0,0,0,0,0,0,0,0,0
360528,1,1,1990,0,0,0,0,0,0,0,0,0,0
360528,2,1,1990,0,0,0,0,0,0,0,0,0,0
360528,3,1,1990,7,0,0,0,0,0,0,0,0,0
360529,0,1,1990,0,0,0,0,0,0,0,0,0,0
360529,1,1,1990,0,0,0,0,0,0,0,0,0,0
360530,1,1,1990,0,0,0,0,0,0,0,0,0,0
360531,1,1,1990,11,11,11,11,11,11,11,11,11,11
360532,1,1,1990,17,14,21,13,35,15,5,19,18,30
360533,1,1,1990,25,18,33,19,1,17,0,0,0,22
360534,0,1,1990,0,0,0,0,0,0,0,0,0,0
360534,1,1,1990,0,0,0,0,0,0,0,0,0,0
360535,1,1,1990,16,16,16,16,16,16,16,16,16,16
360536,1,1,1990,11,22,22,19,18,6,11,22,30,12
360537,1,1,1990,25,17,8,16,19,18,7,21,18,5
360537,2,1,1990,2,2,2,2,2,2,2,2,2,2
360538,0,1,1990,0,0,0,0,0,0,0,0,0,0
360538,1,1,1990,0,3,0,0,0,0,0,0,0,0
360538,2,1,1990,0,0,0,13,0,0,0,0,29,0
360539,1,1,1990,0,0,0,0,0,0,0,0,0,0
360539,2,1,1990,0,0,0,0,0,0,0,0,0,0
360540,1,1,1990,12,12,12,12,12,12,12,12,12,12
360542,0,1,1990,0,0,0,0,0,0,0,0,0,0
360542,1,1,1990,0,0,0,0,0,0,0,9,0,0
360543,1,1,1990,16,16,16,16,16,16,16,16,16,16
360544,1,1,1990,0,0,0,0,0,0,0,0,0,0
360545,1,1,1990,22,22,22,22,22,22,22,22,22,22
360546,1,1,1990,0,0,0,0,0,0,0,0,0,0
360546,2,1,1990,0,0,0,0,0,0,0,0,0,0
360546,3,1,1990,0,0,0,0,0,0,0,0,0,0
360547,1,1,1990,0,0,0,0,0,0,0,0,0,0
360547,2,1,1990,7,7,7,7,7,7,7,7,7,7
360548,0,1,1990,0,0,0,0,0,0,0,0,0,0