ST_CASE,VEH_NO,PER_NO,YEAR,P1,P2,P3,P4,P5,P6,P7,P8,P9,P10
360548,1,1,1990,0,0,0,0,0,22,0,0,0,0
360549,1,1,1990,0,0,0,0,0,0,0,0,0,0
360551,0,1,1990,0,0,0,0,0,0,0,0,0,0
360551,1,1,1990,29,27,5,15,24,30,25,23,7,9
360552,0,1,1990,0,0,0,0,0,0,0,0,0,0
360552,1,1,1990,0,0,0,0,0,0,25,0,0,0
360553,1,1,1990,0,0,0,0,0,0,0,0,0,0
360553,2,1,1990,0,0,0,0,0,0,0,0,0,0
360554,0,1,1990,0,11,0,0,0,0,0,0,16,0
360554,0,2,1990,0,0,0,0,0,0,0,0,0,0
360554,0,3,1990,0,0,0,0,0,0,0,0,0,0
360554,0,4,1990,29,23,0,0,0,8,0,0,19,8
360554,0,5,1990,0,20,0,2,0,0,0,0,8,0
360554,1,1,1990,0,0,0,0,0,0,0,0,0,0
360554,2,1,1990,0,0,0,0,0,0,0,12,0,0
360554,3,1,1990,0,0,0,0,0,0,0,0,0,0
360555,0,1,1990,29,18,19,0,0,37,15,0,22,20
360555,1,1,1990,13,12,11,17,12,15,5,27,16,12
360556,1,1,1990,0,0,0,0,0,0,0,0,0,20
360556,2,1,1990,0,0,0,0,0,0,0,0,0,0
360557,1,1,1990,15,0,12,17,12,8,26,17,9,0
360558,0,1,1990,22,22,22,22,22,22,22,22,22,22
360558,1,1,1990,17,0,15,0,0,0,0,0,0,0
360559,1,1,1990,0,24,0,0,10,0,0,0,0,0
360559,2,1,1990,0,0,0,0,0,0,0,0,0,0
360560,1,1,1990,0,0,0,0,0,0,0,0,0,0
360560,2,1,1990,0,0,0,0,0,0,0,0,0,0
360561,1,1,1990,14,14,14,14,14,14,14,14,14,14
360562,1,1,1990,0,0,0,0,0,0,0,0,0,0
360562,2,1,1990,0,0,0,0,0,0,0,0,0,0
360563,1,1,1990,0,0,0,0,0,0,0,0,0,0
360563,2,1,1990,0,0,0,0,0,0,0,0,0,0
360564,1,1,1990,4,4,4,4,4,4,4,4,4,4
360564,2,1,1990,0,0,0,0,0,0,0,0,0,0
360565,1,1,1990,18,18,18,18,18,18,18,18,18,18
360566,1,1,1990,18,18,18,18,18,18,18,18,18,18
360567,1,1,1990,0,0,0,0,0,0,0,0,0,0
360567,2,1,1990,0,0,14,0,0,0,0,0,9,0
360568,1,1,1990,21,21,21,21,21,21,21,21,21,21
360568,2,1,1990,0,0,0,0,0,0,0,0,0,0
360569,1,1,1990,0,0,4,0,0,0,0,0,17,0
360569,2,1,1990,11,11,11,11,11,11,11,11,11,11
360570,0,1,1990,0,0,0,0,0,0,0,0,0,0
360570,1,1,1990,0,0,0,0,0,0,0,7,0,0
360571,0,1,1990,20,20,20,20,20,20,20,20,20,20
360571,1,1,1990,0,0,0,0,0,11,0,0,0,0
360572,1,1,1990,0,0,0,0,0,0,0,0,0,0
360572,2,1,1990,0,0,0,0,0,0,0,0,0,0
360573,0,1,1990,0,0,0,0,0,0,0,0,0,0
360573,0,2,1990,9,0,18,0,27,17,0,9,8,26
360573,1,1,1990,0,0,0,14,10,0,0,0,0,0
360574,1,1,1990,0,0,0,0,0,0,0,0,0,0
360575,1,2,1990,0,0,0,0,0,0,0,0,0,0
360575,2,1,1990,0,0,0,0,0,0,0,0,0,5
360576,0,1,1990,2,2,2,2,2,2,2,2,2,2
360576,1,1,1990,0,0,0,0,0,0,0,0,0,0
360577,1,1,1990,0,0,0,0,0,0,0,0,0,0
360577,2,1,1990,0,0,0,0,0,0,0,0,0,0
360578,1,1,1990,3,3,3,3,3,3,3,3,3,3
360578,2,1,1990,0,0,24,21,0,13,15,0,0,0
360579,0,1,1990,0,0,0,0,0,0,0,0,0,0
360579,1,1,1990,0,0,0,0,0,0,0,0,0,0
360580,1,1,1990,0,0,0,0,0,0,0,0,0,0
360581,0,1,1990,0,0,0,0,0,0,0,0,0,0
360581,1,1,1990,5,8,29,37,0,17,13,0,9,7
360582,1,1,1990,0,0,0,0,0,0,0,0,0,0
360583,0,1,1990,0,0,0,0,0,0,0,0,0,0
360583,1,1,1990,0,24,0,0,0,0,10,0,0,0
360584,0,1,1990,0,0,32,18,23,7,17,22,15,20
360584,1,1,1990,0,6,13,17,17,15,16,11,0,0
360585,0,1,1990,0,0,0,0,0,0,0,0,0,0
360585,1,1,1990,0,0,0,0,0,0,0,0,0,0
360586,0,1,1990,0,0,0,0,0,0,0,0,0,0
360586,1,1,1990,0,0,0,0,8,0,0,0,0,0
360587,1,1,1990,0,0,0,0,0,0,0,0,0,0
360587,2,1,1990,0,0,0,0,0,0,0,0,0,0
360588,0,1,1990,0,0,0,0,0,0,0,0,0,0
360588,1,1,1990,0,0,0,0,0,0,5,0,0,0
360589,0,1,1990,37,37,37,37,37,37,37,37,37,37
360589,1,1,1990,0,0,0,0,0,0,0,0,28,0
360590,1,1,1990,1,1,1,1,1,1,1,1,1,1
360591,1,1,1990,0,0,0,0,0,0,0,0,0,0
360591,2,1,1990,0,0,0,0,0,0,0,0,0,0
360592,1,1,1990,12,12,12,12,12,12,12,12,12,12
360593,1,1,1990,25,0,0,0,0,0,0,17,0,0
360593,2,1,1990,17,0,11,11,30,15,1,5,9,7
360594,0,1,1990,0,0,0,0,0,0,0,0,0,0
360594,1,1,1990,0,0,0,0,0,0,0,0,0,0
360595,1,1,1990,14,14,14,14,14,14,14,14,14,14
360596,1,1,1990,0,0,0,0,0,0,0,0,0,0
360596,2,1,1990,0,0,0,0,0,0,0,0,0,0
360596,3,1,1990,0,0,0,0,0,0,0,0,0,0
360596,4,1,1990,0,0,0,0,0,0,0,0,0,0
360597,0,1,1990,19,19,19,19,19,19,19,19,19,19
360597,1,1,1990,0,0,0,0,0,0,0,0,0,0
360597,2,1,1990,0,33,0,19,23,0,16,8,28,12
360598,1,1,1990,21,21,21,21,21,21,21,21,21,21
360599,1,1,1990,0,0,0,0,0,0,0,0,0,0
360599,2,1,1990,11,0,0,0,0,0,0,0,0,0
360599,3,1,1990,0,0,0,0,0,0,0,0,0,0
360599,4,1,1990,0,0,0,0,0,0,0,0,0,0
360599,5,1,1990,0,0,0,0,0,0,0,0,0,0
360600,1,1,1990,23,23,23,23,23,23,23,23,23,23
360601,0,1,1990,0,0,0,0,0,0,0,0,0,0
360601,1,1,1990,0,0,0,0,0,0,0,0,0,0
360602,0,1,1990,0,0,0,0,0,0,0,0,0,0
360602,1,1,1990,0,0,0,0,11,0,0,0,0,0
360603,0,1,1990,4,35,17,20,0,35,11,12,15,41
360603,1,1,1990,0,0,0,0,0,0,0,13,0,0
360604,1,1,1990,0,0,20,0,0,0,0,0,11,5
360605,0,1,1990,0,0,0,0,0,0,0,0,0,0
360605,1,1,1990,22,14,41,8,16,25,20,7,0,17
360606,0,1,1990,0,0,0,0,0,0,0,0,0,0
360606,1,1,1990,0,0,15,0,0,0,0,0,0,0
360607,1,1,1990,32,32,32,32,32,32,32,32,32,32
360608,1,1,1990,0,0,0,0,0,0,0,0,0,0
360608,2,1,1990,0,0,2,0,0,0,0,0,0,0
360608,3,1,1990,0,0,0,0,0,0,0,0,0,0
360609,0,1,1990,0,0,0,0,0,0,0,0,0,0
360609,1,1,1990,0,0,0,0,0,0,0,0,0,0
360610,0,1,1990,0,0,0,0,0,0,0,0,0,0
360610,1,1,1990,27,0,39,20,17,0,24,0,0,25
360611,0,1,1990,26,26,26,26,26,26,26,26,26,26
360611,1,1,1990,13,13,13,13,13,13,13,13,13,13
360612,1,1,1990,0,0,0,0,0,0,0,0,0,0
360612,2,1,1990,0,19,0,0,0,0,0,0,0,0
360613,1,1,1990,24,24,24,24,24,24,24,24,24,24
360614,1,1,1990,0,0,0,0,0,0,0,0,0,0
360614,2,1,1990,0,11,0,0,0,0,0,0,0,0
360615,1,1,1990,15,15,15,15,15,15,15,15,15,15
360616,1,1,1990,40,19,16,13,26,12,22,21,25,0
360617,1,1,1990,10,10,10,10,10,10,10,10,10,10
360618,1,1,1990,0,0,0,0,0,0,0,0,0,0
360618,2,1,1990,0,0,0,0,0,0,0,0,4,6
360618,3,1,1990,0,0,0,0,0,0,0,0,0,0
360619,1,1,1990,14,14,14,14,14,14,14,14,14,14
360620,1,1,1990,0,0,0,0,0,0,0,0,0,0
360620,2,1,1990,0,0,0,0,0,0,0,0,0,0
360621,1,1,1990,14,14,14,14,14,14,14,14,14,14
360622,1,1,1990,0,0,0,0,0,0,0,0,0,0
360623,1,1,1990,0,0,0,0,0,0,0,0,0,0
360623,2,1,1990,0,0,0,0,0,0,0,0,0,0
360625,1,1,1990,0,0,0,0,0,0,0,0,0,0
360625,2,1,1990,0,0,0,0,0,0,0,0,0,0
360626,1,1,1990,27,27,27,27,27,27,27,27,27,27
360627,1,1,1990,0,0,0,0,0,0,24,0,0,0
360628,1,1,1990,0,0,0,0,0,0,0,0,0,0
360628,2,1,1990,0,0,0,0,0,0,0,0,0,0
360629,1,1,1990,0,0,0,0,0,0,0,0,0,0
360630,1,1,1990,12,0,0,0,15,0,0,20,26,0
360630,2,1,1990,0,0,0,0,0,0,0,0,0,0
360631,1,1,1990,29,18,11,15,0,24,23,0,17,17
360632,1,1,1990,25,18,12,5,22,15,9,15,27,33
360633,0,1,1990,0,0,0,0,0,0,0,0,0,0
360633,1,1,1990,0,0,0,0,0,0,0,0,0,0
360634,1,1,1990,0,0,0,0,0,0,0,0,0,0
360634,2,1,1990,0,0,0,0,0,0,0,0,0,0
360634,3,1,1990,0,0,0,0,0,0,0,0,0,0
360635,0,1,1990,33,33,33,33,33,33,33,33,33,33
360635,1,1,1990,13,0,23,13,0,0,18,16,0,0
360636,1,1,1990,14,14,14,14,14,14,14,14,14,14
360637,1,1,1990,8,8,8,8,8,8,8,8,8,8
360638,1,1,1990,0,0,0,0,0,0,0,0,0,0
360639,1,1,1990,0,0,0,0,0,0,0,0,0,0
360639,2,1,1990,0,0,0,0,0,0,0,0,0,0
360640,1,1,1990,25,25,25,25,25,25,25,25,25,25
360641,1,1,1990,0,0,0,0,0,0,0,0,0,0
360642,1,1,1990,0,0,0,0,0,0,0,0,0,0
360642,2,1,1990,0,0,0,0,0,0,0,0,0,0
360643,0,1,1990,0,0,0,0,0,0,0,0,0,0
360643,1,1,1990,0,25,0,0,0,0,0,0,0,17
360644,1,1,1990,20,0,0,0,0,0,0,0,0,0
360644,2,1,1990,5,5,5,5,5,5,5,5,5,5
360645,1,1,1990,3,3,3,3,3,3,3,3,3,3
360646,1,1,1990,0,20,0,0,0,0,0,0,0,0
360647,1,1,1990,0,0,0,0,0,0,0,0,0,0
360648,1,1,1990,0,0,0,0,0,0,0,0,0,0
360648,2,1,1990,0,0,0,14,0,0,0,0,0,0
360649,1,1,1990,0,0,0,16,0,0,0,0,0,0
360649,2,1,1990,0,14,22,17,11,0,14,5,13,14
360650,1,1,1990,0,0,0,0,0,0,0,0,0,0
360650,2,1,1990,0,0,0,0,0,0,0,0,0,0
360651,1,1,1990,10,11,10,5,7,8,9,22,21,16
360651,2,1,1990,14,11,0,0,0,0,4,0,0,0
360652,1,1,1990,0,0,0,0,20,0,0,0,0,0
360652,2,1,1990,0,0,0,0,0,0,0,0,0,0
360653,1,1,1990,0,0,0,0,0,0,0,0,0,0
360653,2,1,1990,0,0,0,0,0,0,0,0,0,0
360653,3,1,1990,0,0,0,0,0,0,0,0,0,0
360654,0,1,1990,0,0,0,0,0,0,0,0,0,0
360654,1,1,1990,0,14,0,0,15,0,0,0,0,0
360655,0,1,1990,0,0,0,0,0,0,0,0,0,0
360655,1,1,1990,0,0,0,0,0,0,0,0,0,0
360656,1,1,1990,19,16,21,25,13,35,9,19,23,28
360657,1,1,1990,0,0,0,0,0,5,0,0,0,3
360658,1,1,1990,10,10,10,10,10,10,10,10,10,10
360659,1,1,1990,0,0,0,0,21,0,0,0,0,0
360659,2,1,1990,0,0,10,0,11,0,0,0,0,0
360659,3,1,1990,0,0,0,0,0,0,10,0,0,0
360660,1,1,1990,0,21,18,0,0,17,20,10,8,6
360661,1,1,1990,0,0,0,0,0,0,0,0,0,0
360661,2,1,1990,0,0,0,18,12,17,0,0,0,0
360663,1,1,1990,66,66,66,66,66,66,66,66,66,66
360663,2,1,1990,0,0,0,8,0,0,11,0,0,9
360664,0,1,1990,0,0,0,0,0,0,0,0,0,0
360664,1,1,1990,13,7,0,0,0,5,0,14,0,0
360665,1,1,1990,7,9,0,17,18,25,0,12,25,20
360666,1,1,1990,0,0,0,0,0,0,0,11,0,0
360667,1,1,1990,0,0,0,0,0,0,0,0,0,0
360667,2,1,1990,0,0,0,0,0,0,0,0,0,0
360668,0,1,1990,0,0,0,0,0,0,0,0,0,0
360668,1,1,1990,0,0,0,0,0,0,0,0,0,0
360669,1,1,1990,0,0,0,0,0,0,0,0,0,0
360669,2,1,1990,0,0,0,0,0,0,0,0,0,0
360670,1,1,1990,0,20,0,0,0,0,0,0,0,0
360671,1,1,1990,13,29,29,12,20,27,27,25,18,22
360672,0,1,1990,0,0,0,0,0,0,0,0,0,0
360672,0,2,1990,0,26,14,0,0,0,0,0,0,8
360672,1,1,1990,33,15,30,37,27,19,28,19,18,25
360673,0,1,1990,0,0,0,28,0,0,0,0,0,18
360673,1,1,1990,0,0,12,0,0,0,16,0,0,12
360674,1,1,1990,34,0,13,0,14,11,14,2,23,10
360675,1,1,1990,0,0,0,0,0,0,0,0,0,0
360675,2,1,1990,0,0,0,0,0,0,0,0,0,0
360676,0,1,1990,0,0,0,0,0,0,0,0,0,0
360676,1,1,1990,0,0,0,13,0,0,0,0,0,0
360677,1,1,1990,31,31,31,31,31,31,31,31,31,31
360678,0,1,1990,0,0,0,0,0,0,0,0,0,0
360678,1,1,1990,0,7,0,0,0,0,0,0,0,0
360679,1,1,1990,25,25,25,25,25,25,25,25,25,25
360680,0,1,1990,0,0,0,0,0,0,0,0,0,0
360680,1,1,1990,0,0,0,0,0,0,0,0,0,0
360681,0,1,1990,24,24,24,24,24,24,24,24,24,24
360681,1,1,1990,0,0,0,0,0,0,0,0,0,0
360682,1,1,1990,24,10,11,16,13,17,10,26,17,21
360682,2,1,1990,0,0,0,0,0,0,0,0,0,0
360683,0,1,1990,0,0,0,0,0,0,0,0,0,0
360683,1,1,1990,0,13,0,0,0,0,0,0,13,0
360684,1,1,1990,0,0,0,0,0,0,0,0,0,0
360684,2,1,1990,0,0,0,0,0,0,0,0,0,0
360685,1,1,1990,0,0,0,0,0,0,0,0,0,0
360686,0,1,1990,0,0,0,0,0,0,0,0,0,0
360686,1,1,1990,0,0,0,0,0,0,0,0,0,0
360687,1,1,1990,0,0,0,0,0,0,0,0,0,0
360687,2,1,1990,0,0,0,0,0,0,0,0,0,0
360688,1,1,1990,0,0,0,0,11,0,0,0,0,0
360689,1,1,1990,37,37,37,37,37,37,37,37,37,37
360690,1,1,1990,0,0,0,24,0,0,0,0,0,0
360691,0,1,1990,23,23,23,23,23,23,23,23,23,23
360691,1,1,1990,9,5,19,24,6,0,40,0,8,12
360692,0,1,1990,0,0,0,0,0,0,0,0,0,0
360692,0,2,1990,0,0,0,0,0,0,0,0,0,0
360692,1,1,1990,0,0,0,12,0,16,0,12,11,9
360693,0,1,1990,0,0,0,0,0,0,0,0,0,0
360693,1,1,1990,0,0,0,0,0,0,0,0,0,0
360694,1,1,1990,0,0,0,0,0,0,0,0,0,0
360694,2,1,1990,0,0,20,0,0,0,0,0,0,0
360695,1,1,1990,6,6,6,6,6,6,6,6,6,6
360696,1,1,1990,0,0,0,0,0,0,0,0,0,0
360696,2,1,1990,0,0,0,0,0,0,0,0,0,0
360697,0,1,1990,0,0,0,0,0,0,0,0,0,0
360697,1,1,1990,11,0,0,27,28,0,0,0,0,28
360698,1,1,1990,0,0,0,0,0,0,0,0,0,0
360698,2,1,1990,0,0,0,0,0,0,0,0,0,0
360699,1,1,1990,1,1,1,1,1,1,1,1,1,1
360700,0,1,1990,0,0,0,0,0,0,0,0,0,0
360700,0,2,1990,0,0,0,0,0,0,0,0,0,0
360700,1,1,1990,0,7,29,16,15,26,28,26,9,17
360701,0,1,1990,21,21,21,21,21,21,21,21,21,21
360701,1,1,1990,6,0,0,0,0,0,0,0,0,0
360702,1,1,1990,0,4,0,12,0,25,0,0,19,0
360703,1,1,1990,0,0,0,0,0,0,0,0,0,0
360704,1,1,1990,11,11,11,11,11,11,11,11,11,11
360704,2,1,1990,14,11,20,11,10,0,14,5,24,6
360705,0,1,1990,0,0,0,0,0,0,0,0,0,0
360705,1,1,1990,0,0,0,0,0,0,0,0,0,0
360706,1,1,1990,20,20,20,20,20,20,20,20,20,20
360707,0,1,1990,0,0,0,0,0,0,0,0,0,0
360707,0,2,1990,0,0,0,0,0,0,0,0,0,0
360707,0,3,1990,0,0,0,25,0,0,0,0,0,0
360707,1,1,1990,8,0,0,0,0,0,0,0,0,0
360708,0,1,1990,0,0,0,0,0,0,0,0,0,0
360708,1,1,1990,0,0,0,0,0,0,0,0,0,0
360709,0,1,1990,10,0,0,0,0,0,0,0,0,0
360709,1,1,1990,0,0,9,0,0,0,0,0,11,0
360710,1,1,1990,12,0,0,0,0,0,0,16,0,0
360710,2,1,1990,0,0,0,0,0,0,0,0,0,0
360711,0,1,1990,10,10,10,10,10,10,10,10,10,10
360711,1,1,1990,26,0,0,12,11,4,12,0,0,15
360712,1,1,1990,0,0,0,0,0,0,0,0,0,0
360712,2,1,1990,0,0,0,0,0,0,0,0,0,0
360713,0,1,1990,15,15,15,15,15,15,15,15,15,15
360713,1,1,1990,0,0,0,0,0,0,0,0,0,0
360715,1,1,1990,18,18,18,18,18,18,18,18,18,18
360716,1,1,1990,0,0,0,0,0,0,0,0,0,0
360716,2,1,1990,25,0,9,0,19,18,0,20,0,0
360717,0,1,1990,44,44,44,44,44,44,44,44,44,44
360717,1,1,1990,0,0,0,0,0,0,0,0,0,0
360718,1,1,1990,0,0,0,0,0,0,0,0,0,0
360718,2,1,1990,0,0,0,0,0,0,0,0,0,0
360718,3,1,1990,0,0,0,0,0,0,0,0,0,0
360718,4,1,1990,0,0,0,0,0,0,0,0,0,0
360719,0,1,1990,15,15,15,15,15,15,15,15,15,15
360719,1,1,1990,0,12,0,15,0,4,14,0,0,0
360720,1,1,1990,0,0,0,0,0,0,0,0,0,0
360720,2,1,1990,0,0,0,0,0,0,0,0,0,0
360721,1,1,1990,0,0,0,0,0,0,0,0,0,0
360721,2,1,1990,0,0,0,0,0,0,0,0,0,0
360722,1,1,1990,29,20,17,43,14,25,21,14,18,13
360723,1,1,1990,8,21,3,0,0,13,0,13,0,0
360725,1,1,1990,0,0,0,0,0,0,0,0,0,0
360725,2,1,1990,0,0,0,0,0,0,0,0,0,0
360726,1,1,1990,13,13,13,13,13,13,13,13,13,13
360727,0,1,1990,0,19,0,0,14,17,33,20,30,0
360727,1,1,1990,0,0,0,0,0,19,0,0,0,0
360728,0,1,1990,0,0,0,0,0,0,0,0,15,0
360728,1,1,1990,0,0,0,0,0,0,0,0,0,0
360729,1,1,1990,0,0,0,0,8,11,0,0,0,0
360730,0,1,1990,0,0,0,0,0,0,0,0,0,0
360730,1,1,1990,0,0,0,0,0,0,0,0,0,0
360731,1,1,1990,0,0,0,0,0,0,0,0,0,0
360732,0,1,1990,0,0,0,0,0,0,0,0,0,0
360732,1,1,1990,0,0,0,0,0,0,0,0,0,0
360732,2,1,1990,0,0,0,0,0,0,0,0,0,0
360733,0,1,1990,5,5,0,21,0,18,0,0,0,21
360733,1,1,1990,0,0,0,0,0,0,0,0,0,0
360734,0,1,1990,0,0,0,0,0,0,0,0,0,0
360734,1,1,1990,0,0,0,0,0,0,0,0,0,0
360735,1,1,1990,13,0,0,0,0,14,0,0,10,10
360736,1,1,1990,0,0,19,8,0,0,0,7,16,0
360736,2,1,1990,0,0,0,0,0,0,0,0,0,0
360736,3,1,1990,23,0,10,15,0,7,0,0,14,0
360737,1,1,1990,0,35,10,32,0,19,0,25,5,15
360737,2,1,1990,0,0,0,0,0,10,0,0,8,10
360738,1,1,1990,0,0,0,0,0,0,0,0,0,0
360738,2,1,1990,0,0,0,0,0,0,0,0,0,0
360738,3,1,1990,0,0,0,0,0,0,0,0,0,0
360739,1,1,1990,9,10,16,5,9,14,27,22,12,25
360740,1,1,1990,15,15,15,15,15,15,15,15,15,15
360741,1,1,1990,0,0,20,0,15,0,19,17,21,0
360742,1,1,1990,15,15,15,15,15,15,15,15,15,15
360743,1,1,1990,15,15,15,15,15,15,15,15,15,15
360744,1,1,1990,23,23,23,23,23,23,23,23,23,23
360745,1,1,1990,0,0,15,16,0,0,0,0,0,0
360745,2,1,1990,14,14,14,14,14,14,14,14,14,14
360746,1,1,1990,24,24,24,24,24,24,24,24,24,24
360747,1,1,1990,0,0,0,0,0,0,0,0,0,0
360748,1,1,1990,0,0,0,0,0,0,0,0,0,7
360748,2,1,1990,1,1,1,1,1,1,1,1,1,1
360749,1,1,1990,0,0,0,0,0,0,0,0,0,0
360749,2,1,1990,0,20,0,0,0,0,0,0,0,0
360750,1,1,1990,21,21,21,21,21,21,21,21,21,21
360751,0,1,1990,0,0,0,0,23,0,0,0,0,0
360751,1,1,1990,0,0,0,0,0,0,0,0,0,0
360752,1,1,1990,0,0,0,0,0,0,0,0,0,0
360752,2,1,1990,0,0,0,0,0,0,0,0,0,0
360753,1,1,1990,1,1,1,1,1,1,1,1,1,1
360754,0,1,1990,0,0,0,0,0,0,0,0,0,0
360754,1,1,1990,0,0,0,0,0,0,0,0,0,0
360755,1,1,1990,0,0,0,0,0,0,0,0,0,0
360755,2,1,1990,0,0,0,0,0,0,0,0,0,0
360756,1,1,1990,12,12,12,12,12,12,12,12,12,12
360757,1,1,1990,0,9,0,9,0,0,0,0,0,8
360758,0,1,1990,0,0,0,0,0,0,0,0,0,0
360758,0,2,1990,0,0,0,0,0,0,0,0,0,0
360758,0,3,1990,0,0,0,0,0,0,0,0,0,0
360758,1,1,1990,3,0,0,11,8,0,0,12,7,0
360759,1,1,1990,0,0,0,0,0,0,0,0,0,0
360759,2,1,1990,0,0,0,0,0,0,0,0,0,10
360760,1,1,1990,0,0,0,0,0,0,0,0,0,0
360760,2,1,1990,0,0,0,0,0,0,0,0,0,0
360761,1,1,1990,0,0,0,0,0,0,0,0,0,0
360762,1,1,1990,26,0,0,0,0,0,0,18,13,19
360763,1,1,1990,0,0,0,0,16,0,0,0,0,0
360764,1,1,1990,0,0,0,0,0,0,0,0,0,0
360765,0,1,1990,0,0,0,0,0,0,0,0,0,0
360766,0,1,1990,0,15,0,0,0,0,20,18,0,0
360766,1,1,1990,0,0,0,0,14,26,0,0,0,8
360768,1,1,1990,26,26,26,26,26,26,26,26,26,26
360769,1,1,1990,0,0,0,0,0,0,0,0,0,0
360770,1,1,1990,26,20,10,15,13,11,25,13,25,0
360771,1,1,1990,0,0,0,0,0,0,0,0,0,0
360772,0,1,1990,0,0,0,0,0,0,0,0,0,0
360772,1,1,1990,0,0,0,0,0,0,0,0,0,0
360773,0,1,1990,0,0,0,0,0,0,0,0,0,0
360773,1,1,1990,0,0,0,0,0,0,0,0,0,0
360774,1,1,1990,22,22,22,22,22,22,22,22,22,22
360775,1,1,1990,0,0,0,0,0,0,0,0,0,0
360776,1,1,1990,0,0,0,0,0,13,0,0,16,0
360776,2,1,1990,0,14,0,0,0,0,0,0,0,0
360777,1,1,1990,0,0,0,0,0,0,0,0,0,0
360777,2,1,1990,0,0,10,0,0,0,0,0,0,0
360779,0,1,1990,0,0,0,0,0,0,0,0,0,0
360779,1,1,1990,0,0,0,0,0,0,0,0,0,0
360780,1,1,1990,0,0,0,0,0,0,0,0,0,0
360780,2,1,1990,0,0,0,0,0,0,0,0,0,0
360780,3,1,1990,0,0,0,0,0,0,0,0,0,0
360781,0,1,1990,0,0,0,0,0,0,0,0,0,0
360781,1,1,1990,0,0,0,0,0,0,0,0,0,0
360782,1,1,1990,0,0,0,0,0,0,0,0,0,0
360782,2,1,1990,0,0,0,0,0,0,0,0,0,0
360783,1,1,1990,0,0,0,0,0,0,9,0,0,0
360783,2,1,1990,0,0,0,0,0,0,0,0,0,0
360784,1,1,1990,0,0,0,0,0,0,0,0,0,0
360785,1,1,1990,21,21,21,21,21,21,21,21,21,21
360786,0,1,1990,17,17,15,25,23,0,0,0,22,21
360786,0,2,1990,12,17,0,0,9,15,15,0,0,0
360786,1,1,1990,0,0,0,0,0,0,0,4,0,0
360786,2,1,1990,0,0,0,0,0,0,0,0,0,0
360786,3,1,1990,0,0,0,0,0,0,0,0,0,0
360787,1,1,1990,0,0,0,0,0,0,0,0,0,0
360787,2,1,1990,0,0,0,0,0,0,0,0,0,0
360788,1,1,1990,0,0,0,0,0,0,0,0,0,0
360789,1,1,1990,5,5,5,5,5,5,5,5,5,5
360790,1,1,1990,0,0,0,0,0,0,0,0,0,0
360790,2,1,1990,0,0,0,0,0,0,0,0,0,0
360791,1,1,1990,0,0,0,0,0,0,0,0,0,0
360791,2,1,1990,0,0,0,0,0,0,0,0,0,0
360792,1,1,1990,26,0,0,0,0,0,0,0,11,0
360792,2,1,1990,0,0,0,0,0,0,0,0,0,0
360793,0,1,1990,0,0,0,0,0,0,0,0,0,0
360793,1,1,1990,0,0,0,0,0,0,0,13,0,0
360794,1,1,1990,0,0,0,0,0,0,0,0,0,0
360794,2,1,1990,0,0,0,0,0,0,0,0,0,0
360794,3,1,1990,0,0,0,0,0,0,12,0,0,0
360795,1,1,1990,0,0,0,0,0,0,0,0,0,0
360795,2,1,1990,0,0,0,0,0,0,0,0,0,0
360795,3,1,1990,0,0,0,8,0,0,0,0,0,0
360796,1,1,1990,24,24,24,24,24,24,24,24,24,24
360796,2,1,1990,0,0,0,0,0,0,0,0,0,0
360797,1,1,1990,0,0,0,0,0,7,0,0,0,0
360797,2,1,1990,0,0,0,0,0,0,0,0,0,0
360799,1,1,1990,0,0,0,0,0,0,0,0,0,0
360799,2,1,1990,0,0,0,0,0,0,0,0,0,0
360800,0,1,1990,15,15,15,15,15,15,15,15,15,15
360800,1,1,1990,0,0,0,0,0,0,0,0,0,0
360801,0,1,1990,28,28,28,28,28,28,28,28,28,28
360801,1,1,1990,23,9,25,26,17,8,22,16,9,21
360802,0,1,1990,0,0,0,0,0,0,0,0,0,0
360802,1,1,1990,0,0,0,0,0,0,0,0,0,0
360803,1,1,1990,6,6,6,6,6,6,6,6,6,6
360804,0,1,1990,0,0,0,0,0,0,0,0,0,0
360804,1,1,1990,0,0,0,0,0,0,0,0,0,0
360805,1,1,1990,0,0,0,0,0,0,0,0,0,0
360806,1,1,1990,11,21,33,19,26,23,16,31,19,24
360807,0,1,1990,7,7,7,7,7,7,7,7,7,7
360807,1,1,1990,24,0,16,10,0,0,0,0,13,0
360809,1,1,1990,0,0,0,0,0,0,0,0,0,13
360810,1,1,1990,27,27,27,27,27,27,27,27,27,27
360811,1,1,1990,23,23,23,23,23,23,23,23,23,23
360812,0,1,1990,0,0,17,0,0,0,0,0,0,0
360812,1,1,1990,0,0,0,0,0,0,0,0,0,0
360813,0,1,1990,6,6,6,6,6,6,6,6,6,6
360813,1,1,1990,0,0,0,0,0,0,0,0,0,0
360814,0,1,1990,0,18,0,9,0,0,0,0,0,0
360814,0,2,1990,35,9,0,22,16,0,0,26,12,9
360814,0,3,1990,0,0,0,0,0,0,0,0,0,0
360814,1,1,1990,0,0,0,0,0,0,0,0,0,0
360814,2,1,1990,0,0,0,0,0,17,11,0,0,0
360815,1,1,1990,0,0,0,0,0,0,0,0,0,0
360816,0,1,1990,0,0,0,0,0,0,0,0,0,0
360816,1,1,1990,0,0,0,0,0,0,0,0,0,0
360817,1,1,1990,0,0,0,0,0,0,0,0,0,0
360817,2,1,1990,7,7,7,7,7,7,7,7,7,7
360818,1,1,1990,22,22,22,22,22,22,22,22,22,22