ST_CASE,VEH_NO,PER_NO,YEAR,P1,P2,P3,P4,P5,P6,P7,P8,P9,P10
360819,1,1,1990,5,5,5,5,5,5,5,5,5,5
360820,0,1,1990,22,22,22,22,22,22,22,22,22,22
360820,1,1,1990,0,0,0,0,0,0,0,0,0,0
360821,0,1,1990,8,8,8,8,8,8,8,8,8,8
360821,1,1,1990,0,0,23,0,0,0,17,32,0,23
360822,0,1,1990,0,0,0,0,0,0,0,0,0,0
360822,1,1,1990,0,0,0,0,0,0,0,0,27,0
360824,1,1,1990,13,28,23,26,19,22,32,20,22,30
360824,2,1,1990,0,14,0,0,0,17,0,0,0,11
360824,3,1,1990,26,0,0,0,0,0,0,0,0,0
360825,1,1,1990,0,0,0,0,0,0,0,0,0,0
360825,2,1,1990,1,1,1,1,1,1,1,1,1,1
360826,0,1,1990,23,23,23,23,23,23,23,23,23,23
360826,1,1,1990,22,0,7,0,0,0,0,9,0,0
360827,1,1,1990,0,20,0,0,0,0,0,0,0,10
360827,2,1,1990,0,0,0,0,0,0,0,0,0,0
360828,1,1,1990,19,19,19,19,19,19,19,19,19,19
360829,0,1,1990,0,0,0,0,0,0,0,0,0,0
360829,1,1,1990,0,0,0,0,0,0,0,0,0,0
360831,1,1,1990,0,0,0,0,0,0,0,10,0,6
360831,2,1,1990,9,30,20,15,25,0,11,20,19,29
360832,1,1,1990,0,0,0,0,0,0,0,0,0,0
360832,2,1,1990,0,0,0,0,0,0,0,0,0,6
360833,1,1,1990,0,0,0,0,0,0,0,0,0,0
360833,2,1,1990,0,0,0,0,0,0,0,0,0,0
360834,1,1,1990,0,0,0,0,0,0,0,0,0,0
360835,1,1,1990,7,7,7,7,7,7,7,7,7,7
360836,1,1,1990,0,0,0,0,9,0,0,0,0,0
360836,2,1,1990,0,0,0,0,0,0,0,0,0,0
360837,0,1,1990,0,0,0,0,0,0,0,0,0,0
360837,1,1,1990,0,0,0,0,0,0,0,0,24,0
360838,1,1,1990,0,0,0,0,0,0,0,0,0,0
360839,0,1,1990,0,0,0,0,0,0,0,0,0,32
360839,1,1,1990,0,0,0,0,0,0,0,0,0,0
360839,2,1,1990,2,2,2,2,2,2,2,2,2,2
360840,1,1,1990,8,8,8,8,8,8,8,8,8,8
360841,1,1,1990,0,0,0,0,0,0,0,0,0,0
360842,0,1,1990,0,0,0,0,0,0,0,0,0,0
360842,1,1,1990,0,0,0,0,6,0,0,0,0,0
360842,2,1,1990,0,0,0,0,0,16,0,15,0,0
360843,0,1,1990,0,0,0,0,0,0,0,0,0,0
360843,1,1,1990,0,0,0,0,0,0,0,0,0,0
360844,1,1,1990,31,31,31,31,31,31,31,31,31,31
360845,1,1,1990,0,0,0,0,0,0,0,0,0,0
360845,2,1,1990,0,0,0,0,0,0,0,0,0,0
360846,0,1,1990,37,37,37,37,37,37,37,37,37,37
360846,1,1,1990,0,4,0,0,0,0,0,0,0,0
360847,1,1,1990,0,0,0,0,0,0,0,0,0,0
360848,1,1,1990,0,0,0,0,0,0,0,0,0,0
360849,1,1,1990,0,0,0,0,0,0,0,0,0,0
360849,2,1,1990,0,0,0,0,0,0,0,0,0,0
360850,0,1,1990,36,36,36,36,36,36,36,36,36,36
360850,1,1,1990,15,0,13,0,7,0,0,0,12,22
360851,0,1,1990,0,0,0,0,0,0,0,0,0,0
360851,1,1,1990,0,0,0,0,0,0,0,0,0,0
360851,2,1,1990,0,0,0,0,0,0,0,0,0,0
360852,1,1,1990,0,0,0,0,0,18,0,0,0,0
360852,2,1,1990,14,14,14,14,14,14,14,14,14,14
360853,0,1,1990,0,0,0,0,0,0,0,0,0,0
360853,1,1,1990,0,0,0,0,0,0,0,0,0,0
360854,1,1,1990,0,0,0,0,0,0,0,0,0,0
360855,0,1,1990,0,0,0,0,0,0,0,0,0,0
360855,1,1,1990,0,0,0,0,0,0,0,0,0,0
360856,1,1,1990,0,0,0,0,4,0,0,0,0,0
360857,1,1,1990,20,20,20,20,20,20,20,20,20,20
360857,2,1,1990,17,14,21,0,12,0,0,0,0,13
360858,1,1,1990,0,10,19,0,15,17,27,12,0,0
360859,1,1,1990,0,0,0,0,0,0,0,0,0,0
360859,2,1,1990,0,0,0,0,0,0,0,0,0,0
360860,1,1,1990,11,11,11,11,11,11,11,11,11,11
360861,1,1,1990,0,0,0,0,0,0,0,0,0,0
360861,2,1,1990,8,18,19,13,11,20,13,16,6,22
360862,1,1,1990,22,22,22,22,22,22,22,22,22,22
360863,1,1,1990,0,16,0,0,0,20,0,0,0,0
360863,2,1,1990,0,0,0,0,0,0,0,0,0,0
360864,1,1,1990,0,0,0,0,0,0,0,0,0,0
360865,1,1,1990,0,0,0,0,0,0,0,0,8,9
360865,2,1,1990,0,0,0,0,0,0,0,0,0,0
360866,1,1,1990,0,0,0,0,0,0,0,0,0,0
360866,2,1,1990,0,0,0,0,0,0,0,0,0,0
360867,1,1,1990,20,31,32,15,20,20,14,23,25,11
360868,1,1,1990,23,9,22,11,26,6,13,31,11,7
360869,0,1,1990,0,0,0,0,0,0,0,0,0,0
360869,1,1,1990,0,0,0,0,0,0,0,0,0,0
360870,1,1,1990,0,0,0,0,0,0,0,0,0,0
360871,1,1,1990,0,0,0,0,0,0,0,0,0,0
360871,2,1,1990,17,17,17,17,17,17,17,17,17,17
360872,1,1,1990,0,0,0,0,0,0,0,0,0,0
360872,2,1,1990,0,0,0,0,0,0,0,0,0,0
360873,1,1,1990,0,0,0,0,0,0,0,0,0,0
360873,2,1,1990,0,0,0,0,0,0,0,0,0,0
360874,1,1,1990,0,0,0,0,0,0,0,0,0,0
360874,2,1,1990,0,0,0,0,0,0,0,0,0,0
360875,1,1,1990,0,0,0,0,0,0,0,0,7,0
360875,2,1,1990,0,0,0,0,0,0,0,0,0,0
360876,1,1,1990,0,0,0,0,0,0,4,0,0,0
360876,2,1,1990,0,0,0,0,0,0,0,0,0,0
360877,1,1,1990,18,18,18,18,18,18,18,18,18,18
360878,1,1,1990,0,0,0,0,0,0,0,0,0,0
360878,2,1,1990,0,0,0,0,0,0,0,0,24,0
360879,0,1,1990,0,0,18,21,23,0,0,38,16,0
360879,1,1,1990,0,0,0,0,0,14,0,0,0,0
360880,1,1,1990,12,4,10,8,4,4,0,0,0,11
360880,2,1,1990,0,0,0,5,0,0,0,15,7,18
360881,0,1,1990,20,20,20,20,20,20,20,20,20,20
360881,0,2,1990,0,0,4,22,0,29,0,0,0,6
360881,1,1,1990,17,3,23,8,11,20,14,15,9,9
360882,1,1,1990,39,39,39,39,39,39,39,39,39,39
360883,1,1,1990,0,0,0,0,0,0,0,0,0,0
360883,2,1,1990,0,15,0,0,6,0,0,0,0,0
360884,1,1,1990,5,5,5,5,5,5,5,5,5,5
360884,2,1,1990,0,5,0,0,0,0,0,0,0,13
360885,0,1,1990,42,42,42,42,42,42,42,42,42,42
360885,1,1,1990,0,0,0,0,0,0,0,0,0,0
360886,0,1,1990,0,0,0,0,0,0,0,0,0,0
360886,1,1,1990,0,0,0,0,0,0,0,0,0,0
360887,1,1,1990,0,0,0,0,0,0,0,0,0,0
360888,1,1,1990,0,0,0,0,0,0,0,0,0,0
360888,2,1,1990,0,0,0,0,0,0,0,0,0,0
360889,1,1,1990,14,14,14,14,14,14,14,14,14,14
360890,1,1,1990,19,19,19,19,19,19,19,19,19,19
360891,1,1,1990,0,0,0,0,0,0,0,0,0,0
360892,0,1,1990,0,0,0,0,0,0,0,0,0,0
360892,1,1,1990,0,0,0,0,0,0,0,0,0,0
360893,1,1,1990,20,20,20,20,20,20,20,20,20,20
360893,2,1,1990,0,0,0,0,10,0,0,0,0,0
360894,1,1,1990,0,0,0,0,0,0,0,0,0,0
360894,2,1,1990,0,0,0,0,0,0,0,0,0,0
360895,1,1,1990,0,0,0,0,0,0,0,0,0,0
360895,2,1,1990,0,0,0,0,0,0,0,0,0,0
360896,1,1,1990,0,0,0,0,0,0,0,0,0,0
360896,2,1,1990,0,0,0,0,0,0,0,0,0,0
360897,1,1,1990,31,25,0,0,0,24,23,19,0,35
360898,1,1,1990,15,9,0,12,22,21,21,14,23,17
360899,1,1,1990,0,0,0,0,0,0,0,0,0,0
360900,1,1,1990,16,16,16,16,16,16,16,16,16,16
360901,1,1,1990,0,0,0,0,0,0,0,0,0,0
360902,1,1,1990,2,2,2,2,2,2,2,2,2,2
360903,1,1,1990,0,0,2,0,0,0,0,0,0,0
360903,2,1,1990,0,0,0,0,0,0,0,0,0,0
360903,3,1,1990,0,0,0,0,0,0,0,0,0,0
360904,1,1,1990,0,21,16,17,17,13,40,13,0,0
360905,1,1,1990,0,0,0,0,0,0,0,0,0,0
360905,2,1,1990,0,0,0,0,0,0,0,0,0,0
360905,3,1,1990,0,0,0,0,0,0,0,0,0,0
360906,0,1,1990,0,0,0,0,0,0,0,0,0,0
360906,1,1,1990,0,0,0,0,0,0,0,0,0,0
360907,1,1,1990,0,0,0,0,8,0,0,0,0,0
360907,2,1,1990,0,0,0,0,0,0,0,0,20,0
360908,1,1,1990,20,20,20,20,20,20,20,20,20,20
360909,0,1,1990,0,0,0,0,0,0,0,0,0,0
360909,1,1,1990,0,0,0,0,0,0,16,0,0,0
360910,1,1,1990,0,0,0,0,0,0,0,0,0,0
360910,2,1,1990,0,0,0,0,0,0,0,0,0,0
360911,1,1,1990,13,13,13,13,13,13,13,13,13,13
360912,1,1,1990,0,0,0,0,0,0,0,0,0,0
360913,1,1,1990,0,0,0,0,0,0,0,0,0,0
360913,2,1,1990,0,0,0,0,0,0,0,0,0,0
360914,1,1,1990,0,0,0,0,0,0,0,0,0,0
360915,1,1,1990,0,0,0,0,0,0,0,0,0,0
360916,1,1,1990,0,0,0,0,0,0,0,0,0,0
360917,1,1,1990,15,15,15,15,15,15,15,15,15,15
360918,0,1,1990,23,23,23,23,23,23,23,23,23,23
360918,1,1,1990,0,0,0,0,10,0,13,0,0,0
360919,1,1,1990,16,27,4,19,32,10,16,12,17,17
360920,1,1,1990,19,21,15,21,11,4,19,25,27,12
360921,1,1,1990,0,0,9,6,0,0,0,0,0,0
360922,1,1,1990,0,0,0,0,0,0,0,0,0,0
360922,2,1,1990,0,0,0,0,0,0,0,0,0,0
360923,1,1,1990,16,16,16,16,16,16,16,16,16,16
360924,1,1,1990,19,19,19,19,19,19,19,19,19,19
360924,2,1,1990,0,0,0,0,0,0,0,0,10,0
360924,3,1,1990,0,0,0,0,0,0,0,0,0,0
360925,1,1,1990,8,8,8,8,8,8,8,8,8,8
360926,0,1,1990,0,0,0,0,0,0,0,0,0,0
360926,1,1,1990,0,0,0,0,0,0,0,0,0,0
360927,1,1,1990,13,13,13,13,13,13,13,13,13,13
360928,1,1,1990,0,0,0,0,0,0,0,0,0,0
360928,2,1,1990,0,0,0,0,0,11,0,0,0,0
360928,3,1,1990,0,0,0,0,0,0,11,0,0,0
360928,4,1,1990,0,0,0,0,0,0,0,0,0,0
360928,5,1,1990,0,0,0,0,0,0,0,0,0,0
360929,1,1,1990,0,0,0,0,0,0,0,0,0,0
360930,1,1,1990,12,12,12,12,12,12,12,12,12,12
360931,1,1,1990,19,0,0,0,0,0,26,0,0,0
360931,2,1,1990,0,0,0,0,0,0,0,0,0,0
360932,1,1,1990,0,0,0,0,0,0,0,0,0,0
360932,2,1,1990,0,0,0,0,0,0,14,0,0,0
360933,1,1,1990,0,0,0,0,0,0,0,0,0,0
360934,1,1,1990,0,0,0,0,0,0,13,0,0,0
360934,2,1,1990,0,0,0,0,0,3,0,0,0,0
360935,0,1,1990,14,14,14,14,14,14,14,14,14,14
360935,1,1,1990,0,0,0,0,0,0,0,0,0,6
360936,1,1,1990,21,21,21,21,21,21,21,21,21,21
360937,0,1,1990,0,0,0,0,0,0,0,0,0,0
360937,1,1,1990,0,0,0,0,0,0,0,0,0,0
360938,0,1,1990,0,0,0,0,0,0,0,0,0,0
360938,1,1,1990,0,0,0,0,2,0,0,0,0,18
360939,1,1,1990,3,3,3,3,3,3,3,3,3,3
360940,1,1,1990,9,6,16,11,19,11,17,13,9,17
360941,1,1,1990,0,0,0,0,0,0,0,0,0,0
360941,2,1,1990,0,0,0,0,0,0,0,0,0,0
360942,1,1,1990,0,19,0,0,31,0,0,29,0,0
360943,1,1,1990,0,0,0,9,0,0,0,0,0,0
360943,2,1,1990,0,0,0,0,0,0,0,0,0,0
360944,1,1,1990,15,15,15,15,15,15,15,15,15,15
360944,2,1,1990,16,0,0,0,5,7,19,0,0,0
360945,0,1,1990,0,0,0,0,0,0,0,0,0,0
360945,0,2,1990,0,0,0,0,0,0,0,0,0,0
360945,1,1,1990,0,0,0,0,0,0,0,0,0,0
360946,1,1,1990,13,13,13,13,13,13,13,13,13,13
360946,2,1,1990,0,0,0,0,0,0,0,0,20,0
360947,0,1,1990,4,4,4,4,4,4,4,4,4,4
360947,1,1,1990,7,20,22,21,9,3,19,15,0,20
360948,1,1,1990,0,0,0,0,5,0,9,0,0,0
360948,2,1,1990,0,0,0,0,0,0,10,0,0,0
360949,0,1,1990,0,0,0,0,0,0,0,0,0,0
360949,1,1,1990,0,0,0,0,0,0,0,0,0,0
360950,1,1,1990,0,0,0,0,0,0,0,0,0,0
360951,1,1,1990,0,21,0,0,0,0,0,15,0,0
360952,1,1,1990,0,0,0,0,0,0,0,0,0,0
360952,2,1,1990,0,0,0,0,0,0,0,0,0,0
360953,1,1,1990,0,0,0,0,0,0,0,0,0,0
360953,2,1,1990,0,0,0,0,0,0,0,0,0,0
360954,1,1,1990,27,27,27,27,27,27,27,27,27,27
360955,0,1,1990,0,0,0,0,0,0,0,0,0,0
360955,1,1,1990,0,0,0,0,0,0,0,0,0,0
360956,1,1,1990,31,20,15,24,18,18,13,17,28,25
360957,1,1,1990,21,21,21,21,21,21,21,21,21,21
360958,1,1,1990,15,15,15,15,15,15,15,15,15,15
360959,0,1,1990,17,17,17,17,17,17,17,17,17,17
360959,0,2,1990,16,21,31,11,0,0,0,17,34,21
360959,1,1,1990,0,0,0,0,0,0,0,0,0,0
360960,1,1,1990,0,0,0,0,0,0,0,0,0,0
360961,1,1,1990,22,12,19,16,14,4,20,22,5,3
360961,2,1,1990,10,4,4,9,8,11,10,23,11,0
360962,1,1,1990,0,0,0,0,0,0,0,0,16,0
360962,2,1,1990,0,0,0,0,0,0,0,0,0,0
360963,1,1,1990,0,0,0,0,0,0,0,0,0,0
360963,2,1,1990,0,0,0,0,0,0,0,0,0,0
360964,0,1,1990,22,22,22,22,22,22,22,22,22,22
360964,1,1,1990,0,0,0,0,0,14,0,0,0,0
360965,1,1,1990,0,0,0,0,4,7,0,0,0,0
360966,1,1,1990,0,0,0,0,0,0,0,0,0,0
360966,2,1,1990,0,0,0,0,0,0,0,0,0,0
360967,1,1,1990,25,31,11,14,14,6,29,19,23,10
360968,1,1,1990,0,0,0,0,0,0,0,0,0,0
360968,2,1,1990,0,0,0,0,0,0,0,0,0,0
360969,1,1,1990,0,0,0,0,0,0,0,0,0,0
360969,2,1,1990,0,0,0,0,0,0,0,0,0,0
360970,1,1,1990,0,0,0,0,0,16,0,0,0,10
360970,2,1,1990,0,0,0,0,0,0,0,0,0,0
360971,1,1,1990,0,0,0,0,0,0,0,0,0,0
360971,2,1,1990,0,0,0,0,10,0,0,0,0,0
360971,3,1,1990,0,0,0,0,0,0,0,0,0,23
360972,1,1,1990,29,29,29,29,29,29,29,29,29,29
360973,1,1,1990,21,21,21,21,21,21,21,21,21,21
360974,1,1,1990,0,0,0,0,0,0,0,0,0,0
360975,1,1,1990,6,6,6,6,6,6,6,6,6,6
360976,1,1,1990,0,0,11,0,0,12,0,0,0,0
360977,0,1,1990,14,14,14,14,14,14,14,14,14,14
360977,0,2,1990,34,40,34,22,12,0,26,0,10,26
360977,1,1,1990,13,0,0,33,0,0,15,26,9,19
360978,1,1,1990,8,29,16,16,22,24,9,22,13,18
360978,2,1,1990,0,0,0,0,0,0,0,0,0,0
360979,1,1,1990,0,0,0,0,0,0,0,0,0,0
360979,2,1,1990,0,0,0,0,0,0,0,0,3,0
360980,0,1,1990,0,12,14,22,16,0,15,24,0,21
360980,1,1,1990,0,13,0,0,0,0,0,0,0,0
360981,1,1,1990,7,0,0,0,0,0,0,0,3,0
360981,2,1,1990,20,20,20,20,20,20,20,20,20,20
360982,1,1,1990,0,0,0,0,0,0,0,0,0,0
360983,1,1,1990,4,4,4,4,4,4,4,4,4,4
360984,1,1,1990,0,0,0,0,0,0,0,0,0,0
360985,1,1,1990,0,0,0,0,0,0,0,0,0,0
360986,0,1,1990,0,0,0,0,0,0,0,0,0,0
360986,0,2,1990,0,12,9,12,15,8,2,19,36,5
360986,1,1,1990,0,0,0,4,0,0,0,0,0,0
360987,1,1,1990,15,15,15,15,15,15,15,15,15,15
360987,2,1,1990,9,7,0,14,21,10,20,16,5,22
360988,1,1,1990,3,3,3,3,3,3,3,3,3,3
360988,2,1,1990,0,0,0,0,0,0,0,0,0,0
360989,1,1,1990,0,7,0,0,0,0,0,15,9,0
360989,2,1,1990,0,0,0,0,0,0,0,0,0,0
360990,0,1,1990,0,0,0,0,0,0,0,0,0,0
360990,1,1,1990,0,0,11,0,0,0,0,0,0,0
360991,0,1,1990,9,9,9,9,9,9,9,9,9,9
360991,1,1,1990,0,0,0,0,0,0,0,0,0,0
360992,0,1,1990,20,20,20,20,20,20,20,20,20,20
360992,1,1,1990,23,17,20,15,19,10,29,10,4,10
360993,1,1,1990,23,18,41,22,9,5,21,15,29,14
360994,0,1,1990,0,0,0,0,0,0,0,0,0,0
360994,1,1,1990,0,0,0,0,0,0,0,0,0,0
360995,1,1,1990,0,0,16,0,0,0,0,0,0,0
360996,1,1,1990,0,0,0,0,0,0,0,0,0,0
360997,1,1,1990,16,0,0,0,0,0,0,11,0,0
360998,1,1,1990,0,0,0,0,0,0,0,0,0,0
360999,1,1,1990,0,0,0,0,0,0,0,18,0,0
361000,1,1,1990,0,0,0,0,0,0,0,0,0,0
361001,0,1,1990,0,0,0,0,0,0,0,0,0,0
361001,1,1,1990,0,17,0,3,0,18,0,0,0,19
361002,0,1,1990,0,0,0,0,0,0,0,0,0,0
361002,1,1,1990,0,0,0,0,0,0,0,0,0,0
361003,1,1,1990,28,18,15,12,23,28,31,10,17,14
361003,2,1,1990,4,7,10,12,10,25,13,9,26,9
361004,1,1,1990,17,17,17,17,17,17,17,17,17,17
361005,1,1,1990,0,0,0,0,0,0,0,0,0,0
361005,2,1,1990,0,0,0,0,0,0,0,0,0,0
361006,1,1,1990,0,0,0,0,0,0,0,0,0,0
361006,2,1,1990,0,0,0,0,0,0,0,0,0,0
361007,1,1,1990,23,23,23,23,23,23,23,23,23,23
361008,1,1,1990,0,0,0,0,0,0,0,0,0,0
361008,2,1,1990,0,0,0,0,0,0,0,19,0,0
361009,1,1,1990,8,11,11,11,4,13,7,16,23,20
361009,2,1,1990,0,0,0,6,0,0,0,0,0,0
361010,1,1,1990,0,0,0,0,0,0,0,0,0,0
361010,2,1,1990,0,0,0,0,0,0,0,0,0,0
361011,1,1,1990,0,0,0,0,0,0,0,0,0,0
361011,2,1,1990,0,0,0,0,0,0,0,0,10,0
361012,1,1,1990,0,0,0,0,0,0,0,0,0,0
361012,2,1,1990,0,0,10,0,0,0,0,0,0,0
361013,1,1,1990,0,0,0,24,0,0,25,0,0,0
361014,1,1,1990,0,0,0,0,0,0,0,0,0,0
361014,2,1,1990,0,0,0,0,0,0,0,0,0,0
361015,1,1,1990,31,16,14,4,10,35,0,2,8,0
361016,1,1,1990,7,26,17,5,5,13,25,9,15,7
361017,1,1,1990,0,0,0,0,0,0,0,0,0,0
361017,2,1,1990,0,0,0,0,0,0,0,0,0,0
361018,1,1,1990,0,0,0,0,0,0,0,0,0,0
361018,2,1,1990,0,0,0,0,0,0,0,0,0,0
361019,1,1,1990,0,0,0,0,0,0,0,0,0,0
361019,2,1,1990,0,0,22,0,0,0,0,17,0,0
361019,3,1,1990,0,0,0,0,0,0,0,0,0,0
361019,4,1,1990,0,0,0,0,0,0,0,0,0,0
361020,1,1,1990,0,0,0,0,0,0,0,0,0,0
361021,1,1,1990,0,0,0,0,0,0,0,0,0,0
361021,2,1,1990,0,0,0,0,0,0,0,0,0,0
361021,3,1,1990,0,0,0,0,0,0,0,0,0,0
361022,1,1,1990,0,0,0,8,0,0,0,0,0,0
361022,2,1,1990,0,0,0,0,0,0,0,0,13,0
361023,0,1,1990,14,14,14,14,14,14,14,14,14,14
361023,1,1,1990,13,13,13,13,13,13,13,13,13,13
361024,0,1,1990,0,0,0,0,0,0,0,0,0,0
361024,1,1,1990,0,0,0,0,0,0,0,0,0,0
361024,2,1,1990,0,0,0,0,0,0,0,0,0,0
361025,1,1,1990,1,1,1,1,1,1,1,1,1,1
361026,0,1,1990,0,0,0,0,0,0,0,0,0,0
361026,1,1,1990,0,0,0,0,0,0,0,0,0,0
361027,1,1,1990,0,0,16,0,0,0,0,0,0,0
361027,2,1,1990,0,0,0,0,0,0,0,0,0,0
361028,0,1,1990,0,0,0,0,0,0,0,0,0,0
361028,1,1,1990,0,0,0,0,0,0,0,0,0,0
361029,0,1,1990,19,13,18,0,42,0,14,21,0,0
361029,1,1,1990,18,12,18,0,0,0,0,0,8,0
361030,1,1,1990,0,0,0,0,0,0,0,0,0,0
361030,2,1,1990,0,0,25,0,0,0,0,0,0,0
361031,1,1,1990,11,11,11,11,11,11,11,11,11,11
361031,2,1,1990,0,0,0,0,0,0,0,0,0,0
361032,1,1,1990,0,0,0,0,0,0,0,0,0,0
361033,1,1,1990,13,13,13,13,13,13,13,13,13,13
361034,1,1,1990,0,28,0,0,0,0,0,0,0,0
361035,1,1,1990,24,24,24,24,24,24,24,24,24,24
361036,0,1,1990,0,0,0,0,0,0,0,0,0,0
361036,1,1,1990,37,6,0,0,0,0,18,0,20,0
361037,1,1,1990,0,0,0,0,0,0,0,0,0,0
361038,1,1,1990,22,22,22,22,22,22,22,22,22,22
361039,0,1,1990,0,0,0,0,0,0,0,0,0,0
361039,1,1,1990,0,0,0,0,0,14,0,19,0,0
361040,1,1,1990,0,0,0,0,0,0,0,0,0,0
361041,1,1,1990,0,0,0,0,0,0,0,0,0,0
361041,2,1,1990,0,0,0,0,0,0,0,0,0,0
361041,3,1,1990,0,0,0,0,0,0,0,0,0,0
361042,0,1,1990,20,20,20,20,20,20,20,20,20,20
361042,1,1,1990,13,0,0,0,11,0,0,0,0,0
361043,0,1,1990,0,0,0,0,0,0,0,0,0,0
361043,1,1,1990,0,0,0,0,0,0,0,0,0,0
361044,1,1,1990,0,0,0,0,0,0,0,0,0,0
361044,2,1,1990,14,14,14,14,14,14,14,14,14,14
361045,0,1,1990,0,0,0,0,0,0,0,0,0,0
361045,1,1,1990,0,0,0,0,0,0,0,0,0,0
361046,0,1,1990,0,0,0,0,0,0,0,0,0,0
361046,1,1,1990,13,16,0,19,28,0,0,29,13,26
361047,1,1,1990,0,0,0,0,0,0,0,0,0,0
361048,1,1,1990,0,11,0,13,0,0,0,0,0,0
361048,2,1,1990,0,0,22,0,0,0,0,0,0,0
361049,0,1,1990,0,0,0,0,0,0,0,0,0,0
361049,1,1,1990,10,11,0,0,14,0,18,0,31,19
361050,1,1,1990,19,7,20,34,21,12,17,23,0,22
361050,2,1,1990,0,0,0,0,0,0,5,0,0,11
361050,3,1,1990,0,15,14,0,9,9,0,0,0,0
361051,0,1,1990,21,21,21,21,21,21,21,21,21,21
361051,1,1,1990,0,0,0,0,0,0,0,0,0,0
361052,0,1,1990,0,0,0,0,0,0,0,0,0,0
361052,1,1,1990,11,0,16,0,0,11,15,0,32,0
361053,1,1,1990,0,0,0,0,0,0,0,0,0,0
361053,2,1,1990,0,0,0,0,0,0,0,0,0,0
361054,0,1,1990,0,0,0,0,0,0,0,0,0,0
361054,1,1,1990,8,0,0,0,0,0,0,0,0,0
361055,0,1,1990,3,3,3,3,3,3,3,3,3,3
361055,1,1,1990,0,0,0,0,0,0,0,0,0,0
361056,0,1,1990,0,0,0,0,0,0,0,0,0,0
361056,0,2,1990,0,0,0,0,0,0,0,0,0,0
361056,1,1,1990,0,0,0,0,0,0,0,0,0,0
361057,0,1,1990,0,0,0,0,0,0,0,0,0,0
361057,1,1,1990,0,0,0,0,0,0,0,0,0,0
361058,0,1,1990,38,38,38,38,38,38,38,38,38,38
361058,1,1,1990,18,0,0,9,0,0,12,32,21,0
361059,0,1,1990,0,0,0,0,0,0,14,0,0,0
361059,1,1,1990,0,0,0,0,0,0,0,0,0,0
361060,1,1,1990,0,0,0,0,0,0,0,0,0,0
361060,2,1,1990,0,0,0,0,0,0,0,0,0,0
361061,0,1,1990,0,0,0,0,0,0,0,0,0,0
361061,1,1,1990,0,0,0,0,0,0,0,0,0,0
361062,1,1,1990,0,0,0,0,0,0,0,0,0,0
361062,2,1,1990,0,0,0,0,0,0,0,0,0,0
361063,0,1,1990,0,0,0,0,0,0,0,0,0,0
361063,1,1,1990,0,16,17,0,0,0,0,0,0,0
361064,0,1,1990,0,0,0,0,0,0,0,0,0,0
361064,1,1,1990,0,0,0,0,0,4,0,0,0,0
361065,1,1,1990,27,27,4,19,17,10,35,15,22,26
361066,1,1,1990,0,0,0,0,0,0,0,0,0,0
361066,2,1,1990,0,0,0,0,0,0,0,0,8,0
361067,1,1,1990,0,0,0,0,0,0,0,0,0,0
361067,2,1,1990,0,0,0,0,0,0,0,0,0,0
361068,1,1,1990,14,20,0,0,0,0,7,0,33,18
361069,1,1,1990,8,0,0,0,0,0,0,0,0,14
361070,1,1,1990,0,0,0,0,0,12,0,0,0,0
361070,2,1,1990,0,0,0,0,0,0,0,0,0,0
361071,0,1,1990,0,0,0,0,0,0,0,0,0,0
361071,1,1,1990,0,0,0,0,0,0,0,0,0,0
361072,0,1,1990,0,0,0,0,0,0,0,0,0,0
361072,1,1,1990,15,10,0,0,3,19,15,14,16,9
361073,0,1,1990,0,0,0,0,0,0,0,0,0,0
361073,1,1,1990,0,0,0,0,0,0,0,0,0,0
361074,0,1,1990,0,0,0,0,0,0,0,0,0,0
361074,1,1,1990,0,0,0,0,0,0,0,0,0,0
361075,0,1,1990,0,0,0,0,0,0,0,0,0,0
361075,1,1,1990,0,13,22,17,0,6,16,26,7,0
361076,1,1,1990,0,0,14,0,0,7,0,17,0,0
361078,1,1,1990,19,14,12,30,20,30,4,20,24,3
361079,1,1,1990,0,0,0,0,0,0,0,0,0,0
361079,2,1,1990,0,0,0,0,0,0,0,0,0,0
361080,1,1,1990,0,0,0,0,0,0,0,0,0,0
361081,0,1,1990,0,0,0,0,0,0,0,0,0,0
361081,1,1,1990,0,0,0,0,0,0,0,0,0,0
361082,0,1,1990,0,0,0,0,0,0,0,0,0,0
361082,1,1,1990,9,0,0,22,0,0,0,0,0,10
361083,0,1,1990,0,0,0,0,0,0,0,0,0,0
361083,1,1,1990,0,0,15,0,0,14,0,17,0,0
361085,0,1,1990,6,6,6,6,6,6,6,6,6,6
361085,1,1,1990,0,0,0,0,0,0,0,0,0,0
361086,1,1,1990,0,0,0,0,0,0,0,0,4,0
361086,2,1,1990,0,0,0,0,0,0,0,0,0,0
361087,0,1,1990,0,0,0,0,0,0,0,0,0,0
361087,1,1,1990,0,0,0,0,0,0,0,0,0,0
361088,0,1,1990,0,0,0,0,0,0,0,0,0,0
361088,0,2,1990,0,0,0,0,0,0,0,0,0,0
361088,0,3,1990,0,0,0,0,0,0,0,0,0,0
361088,0,4,1990,0,0,0,0,0,0,0,0,0,0
361088,0,5,1990,0,0,0,0,0,0,0,0,0,0
361088,1,1,1990,12,0,0,0,0,0,0,6,1,0
361089,1,1,1990,0,0,0,0,0,0,0,0,9,0
361089,2,1,1990,0,0,0,0,0,0,0,0,0,0
361090,1,1,1990,0,0,0,0,0,0,0,0,0,0
361091,1,1,1990,7,0,4,0,11,0,0,0,0,0
361091,2,1,1990,0,0,0,0,0,0,13,0,0,0
361092,0,1,1990,0,0,0,0,0,0,0,0,0,0