ST_CASE,VEH_NO,PER_NO,YEAR,P1,P2,P3,P4,P5,P6,P7,P8,P9,P10
361092,1,1,1990,0,0,0,0,0,0,0,0,0,0
361093,1,1,1990,30,30,30,30,30,30,30,30,30,30
361093,2,1,1990,0,0,0,0,0,0,0,0,0,0
361094,0,1,1990,0,0,0,0,0,0,0,0,0,0
361094,1,1,1990,18,11,17,29,32,19,17,23,0,12
361095,0,1,1990,24,24,24,24,24,24,24,24,24,24
361095,1,1,1990,0,0,0,0,0,0,25,0,0,8
361096,2,1,1990,0,0,0,0,0,0,0,0,0,0
361097,1,1,1990,0,0,0,0,0,0,0,0,0,0
361098,0,1,1990,0,0,0,0,0,0,0,0,0,0
361098,1,1,1990,0,0,5,0,0,0,0,0,0,0
361099,0,1,1990,0,0,0,0,0,0,0,0,0,0
361099,1,1,1990,0,0,0,0,0,0,0,0,0,0
361100,1,1,1990,0,0,0,0,0,0,0,0,0,0
361100,2,1,1990,7,0,0,0,0,0,0,0,0,0
361101,1,1,1990,0,0,0,0,0,0,0,0,0,0
361101,2,1,1990,6,21,0,0,13,3,0,0,0,0
361102,1,1,1990,0,0,0,20,0,0,0,0,0,0
361102,2,1,1990,0,7,0,0,0,0,0,0,0,0
361102,3,1,1990,0,0,0,0,0,0,0,0,0,0
361102,4,1,1990,0,0,0,0,0,0,0,0,0,0
361102,5,1,1990,0,11,0,10,0,0,0,0,0,0
361102,6,1,1990,0,0,0,0,0,0,0,0,0,0
361103,0,1,1990,0,0,0,0,0,0,0,0,0,0
361103,1,1,1990,0,0,0,0,0,0,0,16,0,0
361104,1,1,1990,0,23,47,14,12,37,7,11,30,11
361104,2,1,1990,0,0,0,0,0,0,0,0,0,0
361106,2,1,1990,0,0,0,0,0,0,0,0,0,0
361107,0,1,1990,0,0,0,0,0,0,0,0,0,0
361107,1,1,1990,0,8,0,0,0,0,0,0,0,0
361108,0,1,1990,0,0,0,0,0,0,0,0,0,0
361108,1,1,1990,0,0,0,0,0,0,0,0,0,0
361108,2,1,1990,0,0,7,0,0,0,0,0,0,0
361109,1,1,1990,0,0,0,0,12,0,0,5,0,0
361109,2,1,1990,0,0,0,0,0,0,0,0,0,0
361110,1,1,1990,0,25,22,0,0,0,0,0,24,0
361110,2,1,1990,0,0,0,0,0,0,0,0,0,0
361111,1,1,1990,0,0,0,0,0,0,0,0,0,0
361111,2,1,1990,0,0,0,0,0,0,0,0,0,0
361112,1,1,1990,23,23,23,23,23,23,23,23,23,23
361113,1,1,1990,7,7,7,7,7,7,7,7,7,7
361114,1,1,1990,28,14,19,19,10,18,8,16,14,5
361114,2,1,1990,0,0,0,0,0,0,0,0,0,0
361115,1,1,1990,20,0,0,0,0,0,0,18,0,0
361115,2,1,1990,9,9,9,9,9,9,9,9,9,9
361116,1,1,1990,1,1,1,1,1,1,1,1,1,1
361117,1,1,1990,0,0,0,0,0,0,0,0,0,0
361118,1,1,1990,16,16,16,16,16,16,16,16,16,16
361119,1,1,1990,0,0,0,0,29,0,0,0,0,0
361120,0,1,1990,0,34,21,27,16,12,17,9,19,35
361120,1,1,1990,0,0,0,0,0,0,0,0,0,0
361121,1,1,1990,32,32,32,32,32,32,32,32,32,32
361122,1,1,1990,0,0,0,0,0,0,0,0,0,0
361122,2,1,1990,0,0,0,0,0,0,0,0,0,0
361123,1,1,1990,14,0,17,0,0,14,36,15,13,0
361124,1,1,1990,0,0,0,0,0,0,0,0,0,0
361124,2,1,1990,0,0,0,0,0,0,0,0,0,0
361125,1,1,1990,0,0,0,0,0,0,0,0,0,0
361125,2,1,1990,22,0,0,0,0,0,0,0,0,0
361126,1,1,1990,0,0,0,0,17,0,0,0,9,0
361126,2,1,1990,0,0,0,0,0,0,0,13,0,0
361126,3,1,1990,6,6,6,6,6,6,6,6,6,6
361126,4,1,1990,17,16,5,3,6,32,16,12,14,10
361127,1,1,1990,0,0,0,0,0,0,0,0,0,0
361128,1,1,1990,0,0,0,0,0,0,0,0,0,0
361128,2,1,1990,20,20,20,20,20,20,20,20,20,20
361129,0,1,1990,16,22,18,16,39,21,23,14,22,37
361129,1,1,1990,0,0,0,0,0,0,0,0,0,0
361130,0,1,1990,0,0,0,0,0,0,0,0,0,0
361130,1,1,1990,10,32,30,20,22,13,18,21,23,13
361131,1,1,1990,0,0,0,0,0,0,0,0,0,0
361131,2,1,1990,22,11,0,0,11,0,4,26,20,15
361132,1,1,1990,0,0,0,0,0,0,0,0,0,0
361133,1,1,1990,0,0,0,0,0,0,0,0,0,0
361133,2,1,1990,0,0,0,0,0,0,0,0,0,0
361134,1,1,1990,0,0,0,0,0,0,0,0,0,0
361134,2,1,1990,0,0,0,0,0,0,0,0,0,0
361135,1,1,1990,18,18,18,18,18,18,18,18,18,18
361136,1,1,1990,0,0,0,0,0,0,0,0,0,0
361137,1,1,1990,22,22,22,22,22,22,22,22,22,22
361138,1,1,1990,0,0,0,0,17,0,0,38,0,0
361139,1,1,1990,0,0,0,0,0,0,31,0,0,0
361140,1,1,1990,22,11,16,16,35,27,24,7,37,8
361141,1,1,1990,14,14,14,14,14,14,14,14,14,14
361142,1,1,1990,0,0,0,0,0,0,0,20,0,0
361143,1,1,1990,0,0,0,0,0,0,0,0,0,0
361143,2,1,1990,1,1,1,1,1,1,1,1,1,1
361144,1,1,1990,0,0,0,0,0,0,0,0,0,0
361145,0,1,1990,13,14,21,20,12,6,0,29,11,0
361145,1,1,1990,9,20,20,8,23,24,10,8,9,22
361146,1,1,1990,0,0,0,0,0,0,0,0,0,0
361146,2,1,1990,7,7,7,7,7,7,7,7,7,7
361146,3,1,1990,0,0,0,0,0,0,0,0,0,0
361147,0,1,1990,7,7,7,7,7,7,7,7,7,7
361147,1,1,1990,0,0,0,9,0,0,0,0,0,0
361147,2,1,1990,31,17,0,0,0,0,0,0,0,11
361148,1,1,1990,20,7,22,9,5,10,9,25,22,16
361149,1,1,1990,7,13,21,9,10,24,12,34,17,16
361150,1,1,1990,8,8,8,8,8,8,8,8,8,8
361151,1,1,1990,0,0,0,0,0,0,0,0,0,0
361151,2,1,1990,5,0,0,0,0,0,0,0,0,0
361152,1,1,1990,0,0,0,0,0,0,0,0,0,0
361152,2,1,1990,0,0,0,0,0,0,0,0,0,0
361152,3,1,1990,0,0,0,0,0,0,0,0,0,0
361153,1,1,1990,19,5,18,16,4,13,21,13,15,3
361154,0,1,1990,0,0,0,0,0,0,0,0,0,0
361154,1,1,1990,0,0,0,0,0,0,0,0,0,0
361155,1,1,1990,0,0,0,0,0,0,0,0,0,0
361155,2,1,1990,0,0,0,0,0,0,0,0,0,0
361156,0,1,1990,0,0,0,0,0,0,0,0,0,0
361156,1,1,1990,0,0,0,0,0,0,9,0,0,0
361156,2,1,1990,0,0,0,0,0,0,0,0,0,0
361157,1,1,1990,0,0,0,0,0,0,0,0,0,23
361157,2,1,1990,0,0,0,0,0,0,0,0,0,0
361158,1,1,1990,0,0,0,0,0,0,0,0,0,0
361158,2,1,1990,0,0,0,0,0,0,0,0,0,0
361158,3,1,1990,0,0,0,0,0,0,0,0,0,0
361159,1,1,1990,0,0,0,0,0,0,0,0,0,0
361159,2,1,1990,0,0,0,0,0,0,0,0,0,0
361160,1,1,1990,0,0,0,0,0,0,0,0,0,0
361160,2,1,1990,0,0,0,0,0,0,0,0,0,0
361161,0,1,1990,0,0,0,0,0,0,0,0,0,0
361161,1,1,1990,0,0,0,0,0,0,0,0,23,0
361162,0,1,1990,0,0,0,0,0,0,0,0,0,0
361162,1,1,1990,0,0,0,0,0,0,0,19,0,0
361162,2,1,1990,0,0,0,0,0,0,0,0,0,0
361163,0,1,1990,0,0,0,0,0,0,0,0,0,0
361163,1,1,1990,0,0,0,0,0,0,0,0,0,0
361164,0,1,1990,0,0,0,0,0,0,0,0,0,0
361164,0,2,1990,0,0,0,0,0,0,0,0,0,0
361164,0,3,1990,16,0,0,0,1,0,0,0,0,0
361164,1,1,1990,0,0,12,0,33,0,0,23,0,0
361165,0,1,1990,52,52,52,52,52,52,52,52,52,52
361165,1,1,1990,0,0,0,0,0,0,0,9,0,17
361166,1,1,1990,0,0,0,0,0,0,0,0,0,0
361166,2,1,1990,0,0,0,0,29,0,0,0,0,0
361167,1,1,1990,30,30,30,30,30,30,30,30,30,30
361168,0,1,1990,0,0,0,0,0,0,0,0,0,0
361168,1,1,1990,20,15,20,12,5,16,0,0,16,0
361169,1,1,1990,3,0,9,18,0,0,9,0,0,0
361169,2,1,1990,0,0,0,0,0,0,0,0,0,0
361169,3,1,1990,0,0,0,0,0,0,0,0,0,0
361170,0,1,1990,15,15,15,15,15,15,15,15,15,15
361170,1,1,1990,0,0,0,0,0,0,0,0,0,0
361171,1,1,1990,0,0,0,0,0,0,0,0,0,0
361171,2,1,1990,12,12,12,12,12,12,12,12,12,12
361172,0,1,1990,0,0,0,0,0,0,0,0,0,0
361172,1,1,1990,0,0,0,0,0,17,0,0,11,0
361173,1,1,1990,0,0,0,0,0,0,0,0,0,0
361173,2,1,1990,0,0,0,0,0,0,0,0,0,0
361174,0,1,1990,0,0,0,0,0,0,0,0,0,0
361174,1,1,1990,0,0,0,0,0,0,0,0,0,0
361175,0,1,1990,0,0,0,0,0,0,0,0,0,0
361175,1,1,1990,0,0,0,0,0,0,0,0,0,0
361176,1,1,1990,9,18,21,0,7,0,0,0,0,13
361177,1,1,1990,0,0,0,0,0,0,0,0,0,0
361177,2,1,1990,0,0,0,0,0,0,0,0,0,0
361178,1,1,1990,0,0,0,0,0,0,0,0,22,13
361179,0,1,1990,0,0,0,0,0,0,0,0,0,4
361179,1,1,1990,0,0,0,0,0,0,0,0,0,0
361180,1,1,1990,11,0,20,11,14,22,24,22,3,6
361181,1,1,1990,23,23,23,23,23,23,23,23,23,23
361181,2,1,1990,0,0,0,0,0,0,0,0,0,0
361182,1,1,1990,22,0,9,10,0,9,11,16,23,23
361182,2,1,1990,4,4,4,4,4,4,4,4,4,4
361183,0,1,1990,0,0,0,0,0,0,0,0,0,0
361183,1,1,1990,0,0,0,20,0,22,0,0,0,0
361184,1,1,1990,9,9,17,10,10,23,6,15,15,26
361184,2,1,1990,0,0,12,0,8,15,0,0,0,0
361185,0,1,1990,0,0,0,0,0,0,0,0,0,0
361185,1,1,1990,0,0,0,0,0,0,0,0,0,0
361186,1,1,1990,0,0,0,0,0,0,0,0,0,0
361187,1,1,1990,0,0,0,0,0,0,0,0,0,0
361187,2,1,1990,0,0,0,0,0,0,0,0,0,0
361188,0,1,1990,11,11,11,11,11,11,11,11,11,11
361188,1,1,1990,16,5,17,19,29,11,16,14,13,25
361189,0,1,1990,0,0,0,0,0,0,0,0,0,0
361189,1,1,1990,0,0,0,0,0,0,0,0,0,0
361190,1,1,1990,23,23,23,23,23,23,23,23,23,23
361190,2,1,1990,0,0,0,0,0,0,0,0,0,0
361191,0,1,1990,27,6,0,8,0,0,0,0,0,0
361191,1,1,1990,4,17,20,18,16,9,10,27,14,15
361192,1,1,1990,0,0,0,0,0,0,0,0,0,0
361192,2,1,1990,0,0,29,17,0,0,9,23,0,10
361193,1,1,1990,6,6,6,6,6,6,6,6,6,6
361194,1,1,1990,0,0,0,0,0,0,0,0,0,0
361195,1,1,1990,0,0,0,0,0,0,0,0,0,0
361195,2,1,1990,0,0,0,0,0,0,0,0,0,0
361196,0,1,1990,0,0,0,0,0,0,0,0,0,0
361196,1,1,1990,0,0,0,0,0,0,0,0,23,0
361196,2,1,1990,0,23,19,21,11,0,0,0,0,0
361197,1,1,1990,0,0,0,0,0,30,0,10,0,0
361197,2,1,1990,0,0,0,0,0,0,0,0,0,0
361198,1,1,1990,8,29,22,20,17,15,0,16,17,34
361199,1,1,1990,19,10,12,15,19,5,11,13,7,1
361200,0,1,1990,0,0,0,0,0,0,0,0,0,0
361200,1,1,1990,23,0,25,14,12,34,4,26,0,32
361201,1,1,1990,31,31,31,31,31,31,31,31,31,31
361202,1,1,1990,0,0,0,0,0,0,18,0,0,11
361203,1,1,1990,0,0,0,0,0,0,0,19,0,0
361204,1,1,1990,0,0,0,0,0,0,0,0,0,0
361205,1,1,1990,0,0,0,0,0,0,0,0,0,0
361206,0,1,1990,0,0,0,0,0,0,0,0,0,0
361206,0,2,1990,23,12,28,27,17,19,30,18,22,16
361206,1,1,1990,37,0,5,0,0,15,17,31,0,0
361207,1,1,1990,0,0,0,0,0,0,0,0,0,13
361207,2,1,1990,0,0,0,0,0,0,0,0,0,0
361208,0,1,1990,0,0,0,0,0,0,0,0,0,0
361208,1,1,1990,0,11,0,21,0,0,0,22,0,0
361209,1,1,1990,2,2,2,2,2,2,2,2,2,2
361210,1,1,1990,20,20,20,20,20,20,20,20,20,20
361211,1,1,1990,0,0,0,0,0,0,0,0,0,0
361211,2,1,1990,23,0,22,0,0,13,13,0,0,19
361212,1,1,1990,12,0,0,0,0,0,0,0,0,0
361212,2,1,1990,0,0,0,0,0,0,0,0,0,15
361213,0,1,1990,0,0,0,0,0,0,0,0,0,0
361213,1,1,1990,0,0,0,0,0,0,0,0,0,0
361214,0,1,1990,25,25,25,25,25,25,25,25,25,25
361214,1,1,1990,0,0,0,0,10,20,0,0,0,19
361215,0,1,1990,0,0,0,0,0,0,0,0,0,0
361215,1,1,1990,0,11,0,10,0,0,0,0,0,19
361216,1,1,1990,0,0,0,0,0,0,0,0,0,0
361217,1,1,1990,0,0,0,11,14,0,0,0,0,0
361217,2,1,1990,0,0,18,0,0,0,19,0,0,0
361218,1,1,1990,0,0,0,0,0,0,0,0,0,0
361219,1,1,1990,0,0,0,0,0,39,0,0,0,0
361220,1,1,1990,10,0,0,0,0,0,0,0,0,0
361221,1,1,1990,0,0,0,0,0,0,0,0,0,0
361221,2,1,1990,0,0,0,0,0,0,0,0,0,0
361221,3,1,1990,0,0,0,0,0,0,0,0,0,0
361222,1,1,1990,12,12,12,12,12,12,12,12,12,12
361222,2,1,1990,0,0,0,0,0,0,0,13,16,14
361223,1,1,1990,0,0,0,0,0,12,0,0,0,0
361223,2,1,1990,0,0,0,0,0,0,0,0,0,0
361224,1,1,1990,0,0,0,0,0,0,0,0,0,0
361224,2,1,1990,0,0,0,0,0,0,0,0,0,0
361225,1,1,1990,0,0,0,0,0,0,0,0,0,0
361225,2,1,1990,0,0,0,0,0,0,0,0,0,0
361226,1,1,1990,0,0,0,0,0,0,0,0,0,0
361227,1,1,1990,0,0,0,0,0,0,0,0,0,0
361227,2,1,1990,0,0,0,0,0,0,0,0,0,0
361227,3,1,1990,0,0,0,0,0,0,0,0,0,0
361228,1,1,1990,21,21,21,21,21,21,21,21,21,21
361228,2,1,1990,6,18,8,20,0,12,7,9,11,11
361228,3,1,1990,22,22,22,22,22,22,22,22,22,22
361229,0,1,1990,0,0,0,0,0,0,0,0,0,0
361229,1,1,1990,0,0,0,0,0,0,0,0,0,0
361230,1,1,1990,0,0,0,0,0,0,0,0,0,0
361231,1,1,1990,0,0,0,9,0,0,14,0,0,0
361231,2,1,1990,0,11,0,12,15,0,0,0,0,0
361232,1,1,1990,0,0,0,0,0,6,0,0,0,0
361233,0,1,1990,0,0,0,0,0,0,0,0,0,0
361233,1,1,1990,0,0,0,0,0,0,0,0,0,5
361234,1,1,1990,0,0,0,0,0,0,14,0,0,0
361234,2,1,1990,33,0,18,0,17,0,0,0,0,19
361235,1,1,1990,0,0,0,0,0,0,0,0,0,0
361235,2,1,1990,10,10,10,10,10,10,10,10,10,10
361236,0,1,1990,0,0,0,0,0,0,0,0,0,0
361236,1,1,1990,0,0,0,0,0,0,0,0,0,0
361237,0,1,1990,18,18,18,18,18,18,18,18,18,18
361237,1,1,1990,0,0,0,0,0,0,5,0,0,0
361238,1,1,1990,0,0,0,0,0,0,0,0,0,0
361238,2,1,1990,15,15,15,15,15,15,15,15,15,15
361239,1,1,1990,0,0,17,0,25,27,10,16,0,0
361240,0,1,1990,0,0,0,0,0,0,0,0,0,0
361240,1,1,1990,17,0,0,19,12,0,0,13,9,13
361241,0,1,1990,0,0,0,0,0,0,0,0,0,0
361241,1,1,1990,23,10,15,12,7,15,0,12,0,11
361242,0,1,1990,1,1,1,1,1,1,1,1,1,1
361242,1,1,1990,0,0,0,0,0,2,0,0,0,0
361243,0,1,1990,0,0,0,0,0,0,0,0,0,0
361243,1,1,1990,0,16,0,0,0,0,5,0,8,0
361244,0,1,1990,0,0,0,0,0,0,0,0,0,0
361244,1,1,1990,0,0,0,0,0,0,0,0,0,0
361245,0,1,1990,0,0,0,0,0,0,0,0,0,0
361245,1,1,1990,0,0,0,0,0,0,0,0,0,0
361246,0,1,1990,0,0,0,0,0,0,0,0,0,0
361246,1,1,1990,29,8,25,18,14,22,28,18,6,18
361247,1,1,1990,0,0,0,0,0,0,0,0,0,0
361247,2,1,1990,0,10,19,0,0,0,0,0,0,27
361248,0,1,1990,0,0,0,0,0,0,0,0,0,0
361248,1,1,1990,15,0,0,0,0,0,0,0,0,0
361249,0,1,1990,0,0,0,0,0,0,0,0,0,0
361249,1,1,1990,0,0,0,0,0,0,0,0,0,0
361250,0,1,1990,0,0,0,0,0,0,0,0,0,0
361250,0,2,1990,0,0,0,0,0,0,0,0,0,0
361250,1,1,1990,0,0,0,0,0,0,0,0,0,0
361251,0,1,1990,0,0,0,0,0,0,0,0,0,0
361251,1,1,1990,0,0,0,0,0,0,0,0,0,0
361252,0,1,1990,0,0,0,0,0,0,0,0,0,0
361252,1,1,1990,0,0,0,0,0,0,0,0,0,0
361253,1,1,1990,0,0,0,0,0,0,0,0,0,0
361254,1,1,1990,0,0,0,0,15,0,19,0,0,0
361254,2,1,1990,0,0,0,0,0,0,0,3,0,0
361255,0,1,1990,13,0,0,0,0,0,0,31,20,0
361255,1,1,1990,19,0,0,0,20,0,18,22,10,12
361256,1,1,1990,14,0,35,27,21,0,0,0,0,29
361257,0,1,1990,23,25,20,15,25,25,0,16,0,29
361257,0,2,1990,0,0,0,0,0,0,0,0,0,0
361257,1,1,1990,0,0,0,0,0,0,0,0,7,0
361258,0,1,1990,0,0,0,0,0,0,3,0,0,0
361258,1,1,1990,0,0,0,0,0,0,14,15,0,0
361258,2,1,1990,0,0,0,0,0,0,0,0,0,0
361259,1,1,1990,0,0,0,0,0,0,0,0,0,0
361259,2,1,1990,0,0,0,0,0,0,0,0,0,0
361260,0,1,1990,28,28,28,28,28,28,28,28,28,28
361260,1,1,1990,0,0,0,14,0,0,0,0,17,0
361261,1,1,1990,0,0,0,0,0,0,0,0,0,0
361261,2,1,1990,0,0,13,0,0,0,0,0,0,0
361261,3,1,1990,0,0,0,0,0,0,0,0,0,0
361262,1,1,1990,0,0,0,0,0,0,0,0,0,0
361262,2,1,1990,0,0,0,0,0,0,0,0,0,0
361263,1,1,1990,12,0,0,0,0,0,14,0,0,0
361263,2,1,1990,12,0,0,2,0,5,0,16,0,0
361264,0,1,1990,0,0,0,0,0,0,0,0,0,0
361264,1,1,1990,0,0,0,0,0,0,0,0,0,0
361265,0,1,1990,0,0,0,0,0,0,0,0,0,0
361265,1,1,1990,0,0,0,0,0,0,0,0,0,0
361266,1,1,1990,0,0,0,0,0,0,0,0,0,0
361266,2,1,1990,3,0,12,0,0,26,14,10,0,21
361267,0,1,1990,25,25,25,25,25,25,25,25,25,25
361267,1,1,1990,0,0,0,0,0,0,0,0,0,0
361267,2,1,1990,0,0,3,18,0,0,4,0,0,0
361269,0,1,1990,13,13,13,13,13,13,13,13,13,13
361269,1,1,1990,0,0,0,0,0,0,0,0,0,0
361270,1,2,1990,27,16,0,0,0,0,6,0,0,0
361271,1,1,1990,1,1,1,1,1,1,1,1,1,1
361272,1,1,1990,0,0,0,0,9,0,0,0,0,0
361272,2,1,1990,0,0,0,0,0,0,0,0,0,0
361273,1,1,1990,0,0,0,0,0,0,0,0,0,0
361273,2,3,1990,0,0,0,0,0,0,0,0,0,0
361274,0,1,1990,0,0,0,0,0,0,0,0,0,0
361274,1,1,1990,0,0,0,0,0,0,0,0,0,0
361275,1,1,1990,0,0,0,0,0,0,0,0,0,0
361277,1,1,1990,0,0,0,0,0,0,0,0,0,0
361277,2,1,1990,0,0,0,0,0,0,0,0,0,0
361278,1,1,1990,16,16,16,16,16,16,16,16,16,16
361279,1,1,1990,0,0,0,0,0,0,0,0,0,0
361279,2,1,1990,12,0,17,0,0,0,0,0,0,0
361280,0,1,1990,23,23,23,23,23,23,23,23,23,23
361280,1,1,1990,0,0,0,0,0,0,0,0,0,0
361281,1,1,1990,0,0,0,0,0,0,0,0,14,0
361282,0,1,1990,0,0,0,0,0,0,0,0,0,0
361282,1,1,1990,0,0,0,0,0,0,0,0,0,0
361283,1,1,1990,0,0,0,0,0,0,0,0,0,0
361283,2,1,1990,0,0,0,0,0,0,0,0,0,0
361284,1,1,1990,23,17,47,9,19,27,26,20,19,13
361285,1,1,1990,28,28,28,28,28,28,28,28,28,28
361286,1,1,1990,0,0,0,0,0,0,0,0,0,0
361286,2,1,1990,0,0,0,0,0,0,0,0,0,0
361286,3,1,1990,0,0,0,0,0,0,0,0,0,0
361287,1,1,1990,0,0,15,0,0,0,0,0,0,0
361287,2,1,1990,18,18,18,18,18,18,18,18,18,18
361288,0,1,1990,0,0,0,0,0,0,0,0,0,0
361288,1,1,1990,3,19,11,14,22,21,20,26,0,14
361289,1,1,1990,0,0,0,0,0,0,0,0,0,0
361290,1,1,1990,19,19,19,19,19,19,19,19,19,19
361290,2,1,1990,8,8,8,8,8,8,8,8,8,8
361290,3,1,1990,0,20,0,10,27,15,9,0,17,16
361291,1,1,1990,2,2,2,2,2,2,2,2,2,2
361292,0,1,1990,0,0,0,0,0,0,0,0,0,0
361292,1,1,1990,0,0,0,0,0,0,0,0,0,0
361293,1,1,1990,0,0,0,0,0,0,0,0,0,0
361293,2,1,1990,0,0,0,0,0,0,0,0,0,0
361294,0,1,1990,0,0,0,0,0,0,0,0,0,0
361294,1,1,1990,0,0,0,0,0,0,0,0,0,0
361295,1,1,1990,31,6,15,16,12,2,5,23,21,9
361296,1,1,1990,0,0,13,0,0,0,0,0,0,0
361297,1,1,1990,0,0,0,0,0,0,0,0,0,0
361297,2,1,1990,0,0,0,0,0,0,0,0,0,0
361298,0,1,1990,15,15,15,15,15,15,15,15,15,15
361298,1,1,1990,0,0,0,0,0,0,0,0,0,0
361299,1,1,1990,0,0,0,0,0,0,0,0,0,0
361300,1,1,1990,0,0,0,0,0,0,0,0,0,0
361300,2,1,1990,0,0,0,0,0,0,0,0,0,0
361301,0,1,1990,0,0,0,0,0,0,0,0,0,0
361301,1,1,1990,0,0,0,0,0,0,0,0,0,0
361302,1,1,1990,0,0,0,0,0,0,0,0,0,0
361302,2,1,1990,0,0,0,0,0,0,0,0,0,0
361303,1,1,1990,22,22,22,22,22,22,22,22,22,22
361304,1,1,1990,0,0,0,0,0,0,0,0,0,0
361304,2,1,1990,0,0,0,0,0,0,0,0,0,0
361305,1,1,1990,11,27,0,26,18,6,17,0,15,33
361306,0,1,1990,0,0,0,0,0,0,0,0,0,0
361306,1,1,1990,0,0,0,0,0,0,0,0,0,0
361307,0,1,1990,0,0,0,0,0,0,0,0,0,0
361307,1,1,1990,0,0,0,0,0,0,0,0,0,0
361308,1,1,1990,0,0,0,0,0,0,0,0,0,0
361308,2,1,1990,0,0,0,0,0,0,0,0,0,0
361309,1,1,1990,0,0,0,0,0,0,0,8,0,0
361310,0,1,1990,29,29,29,29,29,29,29,29,29,29
361310,1,1,1990,14,0,14,0,0,0,0,0,0,0
361311,1,1,1990,0,0,0,0,19,0,41,11,0,0
361312,1,1,1990,0,0,0,0,0,0,0,0,0,0
361312,2,1,1990,0,0,0,0,0,0,0,0,0,0
361313,0,1,1990,0,0,0,0,0,0,0,0,0,0
361313,1,1,1990,21,14,32,19,17,9,15,11,6,9
361314,1,1,1990,11,11,11,11,11,11,11,11,11,11
361314,2,1,1990,0,0,0,0,8,14,0,0,0,0
361315,1,1,1990,0,0,30,0,0,0,0,0,0,0
361316,1,1,1990,11,4,19,18,12,11,0,0,9,15
361316,2,1,1990,14,6,6,0,0,23,24,6,5,5
361317,1,1,1990,0,0,0,0,0,0,0,0,0,0
361317,2,1,1990,20,0,0,0,0,0,0,0,0,0
361318,1,1,1990,20,9,21,0,10,18,12,26,0,6
361318,2,1,1990,21,21,21,21,21,21,21,21,21,21
361319,0,1,1990,0,0,0,0,0,0,0,0,0,0
361319,1,1,1990,0,0,0,0,0,0,0,0,0,0
361320,1,1,1990,0,0,0,0,0,0,0,0,0,0
361320,2,1,1990,0,0,0,0,0,0,0,0,0,0
361320,3,1,1990,0,0,0,0,0,0,0,0,0,0
361321,0,1,1990,0,0,0,0,0,0,0,0,0,0
361321,1,1,1990,9,0,0,0,0,0,21,22,10,0
361322,0,1,1990,1,1,1,1,1,1,1,1,1,1
361322,1,1,1990,0,0,0,29,0,6,0,0,0,11
361323,0,1,1990,0,0,0,0,0,0,0,0,0,0
361323,1,1,1990,0,0,0,0,0,0,0,0,0,0
361324,1,1,1990,0,0,0,0,0,0,0,0,0,0
361325,1,1,1990,18,18,18,18,18,18,18,18,18,18
361326,0,1,1990,0,0,0,0,0,0,0,0,0,0
361326,0,2,1990,0,0,0,0,0,0,0,0,0,0
361326,1,1,1990,0,0,0,0,0,0,19,0,0,0
361326,2,1,1990,0,0,0,0,0,0,14,0,0,0
361327,0,1,1990,15,15,15,15,15,15,15,15,15,15
361327,1,1,1990,0,0,0,0,0,0,19,0,0,0
361328,0,1,1990,0,0,4,0,0,0,0,0,0,0
361328,1,1,1990,0,0,0,0,0,0,0,0,0,4
361329,1,1,1990,12,2,8,0,7,0,0,0,4,0
361330,1,1,1990,0,0,0,0,0,0,0,0,0,0
361331,0,1,1990,0,0,0,0,0,0,0,0,0,0
361331,1,1,1990,0,0,0,0,0,0,0,0,0,8
361332,0,1,1990,0,0,0,0,0,0,0,0,0,0
361332,1,1,1990,0,0,0,0,0,0,0,13,0,0
361334,1,1,1990,0,0,0,0,0,0,0,0,0,0
361334,2,1,1990,0,11,12,25,10,0,0,18,17,9
361336,1,1,1990,37,0,0,0,0,0,20,10,0,0
361337,0,1,1990,0,0,0,0,0,0,0,0,0,0
361337,1,1,1990,26,16,4,21,13,17,25,18,19,0
361338,0,1,1990,0,0,0,0,0,0,0,0,0,0
361338,1,1,1990,0,0,0,8,0,0,0,0,0,0
361339,1,1,1990,14,0,0,0,0,0,0,0,12,17
361340,1,1,1990,0,0,0,0,0,0,0,0,0,0
361341,1,1,1990,31,18,19,10,16,11,21,14,0,14
361342,1,1,1990,0,0,18,0,0,0,0,0,0,0
361342,2,1,1990,0,0,0,0,0,8,0,16,0,0
361343,1,1,1990,1,1,1,1,1,1,1,1,1,1
361344,1,1,1990,24,24,24,24,24,24,24,24,24,24
361345,1,1,1990,0,0,0,0,0,0,0,0,0,0
361345,2,1,1990,0,0,0,0,0,0,0,0,0,9
361346,1,1,1990,14,14,14,14,14,14,14,14,14,14
361347,1,1,1990,0,0,0,0,0,0,0,0,0,0
361347,2,1,1990,0,0,0,0,0,0,0,0,0,0
361348,1,1,1990,9,9,9,9,9,9,9,9,9,9
361349,0,1,1990,0,0,0,0,0,0,0,0,0,0
361349,1,1,1990,0,0,0,0,0,0,0,0,0,0
361350,0,1,1990,7,7,7,7,7,7,7,7,7,7
361350,1,1,1990,0,14,17,24,16,10,14,25,9,24
361351,1,1,1990,0,0,0,0,0,0,0,0,0,0
361351,2,1,1990,1,1,1,1,1,1,1,1,1,1
361352,1,1,1990,12,9,15,9,25,15,9,21,20,6
361353,1,1,1990,7,21,7,8,21,18,7,8,15,7
361354,1,1,1990,10,10,10,10,10,10,10,10,10,10
361355,1,1,1990,0,0,0,0,0,0,0,0,0,0
361355,2,1,1990,0,0,0,0,0,0,0,0,0,0
361356,0,1,1990,0,0,0,0,0,0,0,0,0,0
361356,1,1,1990,0,0,0,4,0,0,0,0,16,0
361356,2,1,1990,0,0,14,0,0,0,15,9,0,0