ST_CASE,VEH_NO,PER_NO,YEAR,P1,P2,P3,P4,P5,P6,P7,P8,P9,P10
361357,1,1,1990,14,13,12,17,25,26,9,11,18,26
361358,1,1,1990,0,0,0,0,0,0,0,0,0,0
361358,2,1,1990,0,0,0,0,0,0,0,0,0,0
361359,1,1,1990,22,22,22,22,22,22,22,22,22,22
361360,1,1,1990,11,11,11,11,11,11,11,11,11,11
361361,1,1,1990,25,25,25,25,25,25,25,25,25,25
361361,2,1,1990,0,0,0,0,0,0,0,0,0,0
361362,1,1,1990,0,0,0,0,0,0,0,0,0,0
361362,2,1,1990,0,0,0,0,0,0,0,0,0,0
361363,1,1,1990,26,26,26,26,26,26,26,26,26,26
361364,1,1,1990,0,0,9,0,4,13,0,0,0,0
361364,2,1,1990,1,1,1,1,1,1,1,1,1,1
361365,1,1,1990,19,19,19,19,19,19,19,19,19,19
361366,1,1,1990,14,16,22,26,12,14,20,0,16,13
361367,1,1,1990,0,0,0,0,0,0,0,0,0,0
361367,2,1,1990,0,0,0,0,0,0,0,0,0,0
361367,3,1,1990,0,0,0,15,0,0,0,0,0,0
361368,1,1,1990,11,22,21,15,18,10,8,9,12,15
361368,2,1,1990,0,0,0,18,0,0,0,0,0,0
361369,0,1,1990,0,0,0,0,36,0,0,0,0,12
361369,2,1,1990,26,22,32,20,20,19,16,19,26,15
361370,1,1,1990,27,27,27,27,27,27,27,27,27,27
361371,1,1,1990,13,13,13,13,13,13,13,13,13,13
361371,2,1,1990,0,10,0,0,0,0,0,0,0,12
361372,0,1,1990,0,0,0,0,0,0,0,0,0,0
361372,1,1,1990,0,0,0,0,0,0,0,0,0,0
361373,0,1,1990,0,0,0,0,0,0,0,0,0,0
361373,1,1,1990,0,0,0,0,0,0,0,0,0,0
361374,1,1,1990,0,0,0,0,0,0,0,0,0,0
361374,2,1,1990,0,0,0,0,0,0,0,0,18,0
361375,1,1,1990,0,0,0,0,0,0,0,0,0,0
361375,2,1,1990,0,0,0,0,0,0,0,0,0,0
361376,1,1,1990,0,0,0,0,0,0,0,0,0,0
361376,2,1,1990,0,0,0,0,0,0,0,0,0,0
361377,1,1,1990,0,0,0,0,0,0,0,0,0,0
361377,2,1,1990,0,0,0,0,0,0,0,0,0,0
361378,1,1,1990,0,0,0,0,0,0,0,0,0,0
361379,1,1,1990,16,5,12,23,21,10,0,7,5,9
361380,1,1,1990,14,13,13,13,6,18,10,11,28,3
361381,1,1,1990,10,10,10,10,10,10,10,10,10,10
361382,0,1,1990,0,0,0,0,0,0,0,0,0,0
361382,1,1,1990,0,0,0,0,0,0,0,0,0,0
361383,1,1,1990,0,0,0,0,0,0,0,0,0,0
361383,2,1,1990,0,0,0,0,0,0,19,0,0,0
361384,1,1,1990,0,0,0,0,0,0,0,0,0,0
361384,2,1,1990,4,4,4,4,4,4,4,4,4,4
361385,1,1,1990,0,0,0,0,0,0,0,0,0,0
361386,1,1,1990,0,0,0,0,0,0,0,0,0,0
361388,1,1,1990,0,0,0,0,0,0,0,0,0,0
361388,2,1,1990,0,0,0,0,0,0,0,0,0,0
361389,1,1,1990,0,0,0,0,0,0,0,0,0,0
361389,2,1,1990,0,0,0,0,0,0,0,0,0,0
361390,1,1,1990,0,0,0,0,0,0,0,0,0,0
361390,2,1,1990,0,0,0,0,0,0,0,0,0,0
361391,1,1,1990,0,0,0,0,0,0,0,0,0,0
361391,2,1,1990,0,0,0,0,0,0,0,0,0,0
361392,0,1,1990,18,18,18,18,18,18,18,18,18,18
361392,1,1,1990,0,0,0,0,0,0,0,0,0,0
361393,0,1,1990,1,1,1,1,1,1,1,1,1,1
361393,1,1,1990,0,8,0,0,0,0,17,0,0,0
361394,2,1,1990,16,16,16,16,16,16,16,16,16,16
361395,1,1,1990,0,0,0,0,0,0,0,0,0,0
361395,2,1,1990,0,0,0,0,0,0,0,0,0,0
361396,1,1,1990,8,0,0,0,0,0,17,0,6,0
361397,1,1,1990,14,14,14,14,14,14,14,14,14,14
361398,0,1,1990,0,0,0,0,0,0,0,0,0,0
361398,1,1,1990,0,0,0,0,0,0,0,14,0,15
361399,0,1,1990,0,0,0,0,0,0,0,0,0,0
361399,1,1,1990,0,0,0,0,0,0,0,0,0,0
361400,1,1,1990,17,17,17,17,17,17,17,17,17,17
361400,2,1,1990,0,0,0,0,0,0,0,0,0,0
361401,1,1,1990,0,0,0,0,0,0,0,0,0,0
361402,1,1,1990,11,11,11,11,11,11,11,11,11,11
361403,0,1,1990,0,0,0,0,0,0,0,0,0,0
361403,1,1,1990,0,0,0,0,0,0,0,0,0,5
361404,0,1,1990,0,0,0,0,0,0,0,0,0,0
361404,1,1,1990,0,0,0,0,0,0,0,0,0,0
361405,0,1,1990,0,0,0,0,0,0,0,0,0,0
361405,1,1,1990,0,0,0,0,0,0,0,0,0,0
361406,1,1,1990,0,0,0,0,0,0,0,0,0,0
361406,2,1,1990,0,0,0,0,0,0,0,0,0,0
361407,1,1,1990,6,9,0,11,10,0,14,10,0,0
361408,1,1,1990,21,21,21,21,21,21,21,21,21,21
361409,1,1,1990,18,18,18,18,18,18,18,18,18,18
361411,1,1,1990,14,30,13,14,29,37,10,20,15,17
361412,1,1,1990,0,0,0,0,0,0,0,0,0,0
361412,2,1,1990,31,19,0,0,0,0,0,0,0,0
361413,0,1,1990,0,0,0,0,0,0,0,0,0,0
361413,0,2,1990,0,0,0,0,0,0,0,0,0,0
361413,0,3,1990,0,10,0,0,0,0,0,0,0,15
361413,1,1,1990,0,0,0,0,0,0,0,0,0,0
361414,0,1,1990,0,0,0,0,0,0,0,0,0,0
361414,1,1,1990,0,0,0,0,13,0,0,0,0,0
361415,0,1,1990,0,0,0,0,0,0,0,0,0,0
361415,1,1,1990,15,19,0,24,24,13,7,17,23,12
361416,2,1,1990,0,0,0,0,0,0,0,0,0,0
361417,1,1,1990,18,29,15,20,9,25,33,0,0,21
361417,2,1,1990,2,2,2,2,2,2,2,2,2,2
361417,3,1,1990,0,0,6,0,0,0,0,0,8,0
361418,1,1,1990,0,0,0,0,0,0,9,0,0,0
361418,2,1,1990,11,11,11,11,11,11,11,11,11,11
361419,1,1,1990,30,12,0,0,15,14,19,32,14,27
361420,1,1,1990,27,27,27,27,27,27,27,27,27,27
361421,1,1,1990,21,21,21,21,21,21,21,21,21,21
361422,1,2,1990,31,10,12,14,0,0,0,0,6,0
361423,1,1,1990,0,0,0,0,0,0,0,0,0,0
361424,1,1,1990,0,0,0,0,0,0,0,0,0,0
361425,0,1,1990,21,0,15,17,0,0,0,0,0,0
361425,1,1,1990,0,0,0,0,0,0,0,23,0,0
361426,1,1,1990,15,0,0,0,0,0,0,0,0,0
361426,2,1,1990,7,7,7,7,7,7,7,7,7,7
361427,1,1,1990,0,14,0,0,18,10,15,0,0,0
361427,2,1,1990,0,0,0,0,0,0,0,0,0,0
361428,0,1,1990,0,0,0,0,0,0,0,0,0,0
361428,1,1,1990,0,0,0,0,0,0,0,13,0,0
361429,1,1,1990,0,0,0,0,0,0,0,0,0,0
361430,1,1,1990,0,14,12,0,11,14,8,18,0,6
361430,2,1,1990,0,0,0,0,0,0,0,2,0,0
361431,1,1,1990,25,22,12,17,0,0,0,0,6,15
361432,1,1,1990,0,0,0,0,0,0,0,0,0,0
361432,2,1,1990,0,0,0,0,0,0,0,0,0,0
361433,0,1,1990,0,0,0,0,0,0,0,0,0,33
361433,1,1,1990,26,13,14,31,12,27,6,10,28,17
361434,1,1,1990,0,0,21,11,16,15,22,19,0,0
361435,1,1,1990,10,0,0,0,0,0,0,10,11,0
361436,0,1,1990,6,6,6,6,6,6,6,6,6,6
361436,1,1,1990,0,0,0,0,0,0,0,0,0,0
361437,0,1,1990,0,0,0,0,0,0,0,0,0,0
361437,1,1,1990,0,0,0,0,0,0,0,0,0,0
361438,0,1,1990,0,0,0,0,0,0,0,0,0,0
361438,1,1,1990,0,0,0,0,0,0,25,0,0,0
361438,3,1,1990,0,0,0,0,0,0,21,0,0,17
361439,1,1,1990,12,12,12,12,12,12,12,12,12,12
361440,1,1,1990,0,0,12,0,0,0,0,11,19,0
361441,0,1,1990,0,0,0,0,0,0,0,0,0,0
361441,1,1,1990,0,0,0,0,0,0,0,0,0,0
361442,1,1,1990,0,0,0,0,0,0,0,0,0,0
361442,2,1,1990,0,0,0,0,0,0,0,0,0,0
361443,1,1,1990,15,15,15,15,15,15,15,15,15,15
361444,1,1,1990,22,0,17,0,0,0,9,10,0,0
361445,1,1,1990,0,0,0,0,0,0,0,0,0,0
361445,2,1,1990,0,0,0,0,0,0,0,0,0,0
361446,1,1,1990,0,0,0,0,0,0,0,0,0,0
361446,2,1,1990,0,11,0,0,14,0,0,0,0,7
361447,1,1,1990,33,33,33,33,33,33,33,33,33,33
361448,1,1,1990,12,12,12,12,12,12,12,12,12,12
361449,1,1,1990,0,0,0,0,0,0,0,0,0,0
361449,2,1,1990,0,0,0,0,0,0,0,0,0,0
361450,0,1,1990,0,0,0,0,0,0,0,0,0,0
361450,0,2,1990,33,8,41,19,23,11,34,0,0,27
361450,1,1,1990,0,23,17,28,28,18,24,12,19,22
361451,1,1,1990,0,0,0,0,0,0,0,0,0,0
361451,2,1,1990,0,0,0,0,0,0,0,0,0,0
361452,0,1,1990,0,0,0,0,0,0,0,0,0,0
361452,1,1,1990,0,0,0,3,7,7,0,21,20,8
361453,1,1,1990,0,0,0,0,0,0,0,0,0,0
361454,0,1,1990,0,0,0,0,0,0,0,0,0,0
361454,1,1,1990,0,0,0,0,0,0,0,0,0,14
361455,0,1,1990,0,0,0,0,0,0,0,0,0,0
361455,1,1,1990,0,19,0,12,24,16,0,0,0,9
361456,1,1,1990,11,0,4,15,0,0,8,0,22,0
361456,2,1,1990,0,22,0,16,21,0,21,32,0,0
361457,0,1,1990,21,21,21,21,21,21,21,21,21,21
361457,1,1,1990,0,4,0,5,0,0,0,0,0,0
361458,1,1,1990,18,18,18,18,18,18,18,18,18,18
361458,2,1,1990,0,11,10,15,15,15,0,17,24,19
361459,0,1,1990,0,0,0,0,0,0,0,0,0,0
361459,1,1,1990,0,0,0,0,0,0,0,0,0,0
361460,0,1,1990,17,17,17,17,17,17,17,17,17,17
361460,1,1,1990,0,0,0,0,0,0,0,0,0,0
361461,0,1,1990,6,6,6,6,6,6,6,6,6,6
361461,1,1,1990,11,15,8,14,19,21,31,18,19,0
361462,1,1,1990,13,28,24,30,17,24,9,12,21,28
361463,1,1,1990,0,0,0,0,0,0,0,0,0,0
361463,2,1,1990,0,0,0,0,0,0,0,0,0,0
361463,3,1,1990,0,0,0,0,0,0,0,0,0,0
361465,0,1,1990,0,0,0,0,0,0,0,0,0,0
361465,1,1,1990,0,0,0,0,0,0,0,0,0,0
361466,1,1,1990,0,0,0,0,0,0,0,0,0,0
361467,1,1,1990,4,4,4,4,4,4,4,4,4,4
361468,0,1,1990,30,30,30,30,30,30,30,30,30,30
361468,1,1,1990,0,0,0,0,0,0,0,0,6,0
361468,2,1,1990,0,0,0,0,0,0,5,9,0,0
361469,1,1,1990,0,0,0,0,0,0,0,0,0,0
361469,2,1,1990,0,0,0,0,0,0,0,0,0,0
361470,1,1,1990,0,0,0,0,0,0,0,0,0,0
361471,1,1,1990,0,0,0,0,0,0,0,0,0,0
361471,2,1,1990,0,0,4,0,0,0,0,0,0,0
361471,3,1,1990,0,0,0,7,0,0,0,0,0,0
361472,0,1,1990,0,0,0,0,0,0,0,0,0,0
361472,1,1,1990,0,0,0,0,0,0,0,0,0,0
361473,0,1,1990,0,0,0,0,0,0,0,0,0,0
361473,0,2,1990,0,0,0,0,0,0,0,0,0,0
361473,0,3,1990,0,0,0,0,0,0,0,0,0,0
361473,1,1,1990,0,0,0,0,0,25,0,0,0,0
361474,0,1,1990,0,0,0,0,0,0,0,0,0,0
361474,1,1,1990,0,0,0,0,0,0,0,0,0,0
361474,2,1,1990,0,0,0,0,0,0,0,0,0,0
361475,1,1,1990,0,0,0,0,0,0,0,0,0,0
361476,1,1,1990,0,0,0,0,0,15,0,0,0,0
361476,2,1,1990,0,0,0,0,0,0,0,0,0,0
361477,0,1,1990,0,0,0,0,0,0,0,0,0,0
361477,1,1,1990,0,0,0,0,0,0,0,0,0,0
361478,1,1,1990,0,0,0,0,0,0,0,0,0,0
361478,2,1,1990,0,0,0,0,0,0,0,0,0,0
361479,1,1,1990,30,30,30,30,30,30,30,30,30,30
361479,2,1,1990,0,0,0,0,13,0,0,0,0,0
361480,1,1,1990,0,0,0,0,0,0,0,0,0,0
361480,2,1,1990,0,0,0,0,0,0,0,0,0,0
361481,0,1,1990,0,0,0,0,0,0,0,0,0,0
361481,1,1,1990,0,0,0,0,0,0,0,0,0,0
361481,2,1,1990,0,0,0,0,0,0,0,0,0,0
361482,1,1,1990,11,11,19,18,18,13,34,17,12,15
361482,2,1,1990,0,0,0,0,0,0,0,0,0,0
361482,3,1,1990,0,0,0,0,0,0,0,0,12,0
361483,1,1,1990,15,15,15,15,15,15,15,15,15,15
361483,2,1,1990,0,0,0,0,0,0,0,0,0,0
361484,0,1,1990,0,0,0,0,0,0,0,0,0,0
361484,1,1,1990,0,0,0,0,0,0,0,0,0,0
361485,0,1,1990,0,0,0,0,0,0,0,0,0,0
361485,0,2,1990,9,10,8,27,0,0,0,0,13,0
361485,1,1,1990,0,0,0,0,0,0,0,0,0,0
361486,1,1,1990,14,14,14,14,14,14,14,14,14,14
361487,1,1,1990,6,6,6,6,6,6,6,6,6,6
361487,2,1,1990,0,0,0,0,0,0,0,0,0,0
361488,0,1,1990,23,23,23,23,23,23,23,23,23,23
361488,1,1,1990,0,0,0,0,0,0,0,20,0,0
361489,1,1,1990,0,0,0,0,0,0,0,0,0,0
361490,0,1,1990,0,0,0,0,0,0,0,0,0,0
361490,1,1,1990,0,0,11,0,0,0,0,0,0,0
361491,1,1,1990,0,0,0,0,0,0,0,0,0,0
361491,2,1,1990,0,0,0,0,0,0,0,0,0,0
361492,0,1,1990,0,0,0,0,0,0,0,0,0,0
361492,1,1,1990,12,0,0,0,0,0,0,0,0,0
361493,1,1,1990,0,0,0,0,0,3,19,0,0,0
361494,0,1,1990,0,0,0,0,0,0,0,0,0,0
361494,1,1,1990,0,0,27,0,29,0,18,0,0,0
361495,1,1,1990,0,0,0,0,0,0,0,0,0,0
361495,2,1,1990,0,0,0,0,0,0,0,0,0,0
361496,1,1,1990,0,0,0,0,0,0,0,0,0,0
361497,1,1,1990,0,0,0,0,0,0,0,0,0,0
361497,2,1,1990,0,0,0,0,0,23,0,0,0,31
361498,1,1,1990,0,0,0,0,0,0,0,0,0,4
361498,2,1,1990,0,0,0,0,0,0,0,0,0,0
361499,1,1,1990,0,0,0,0,0,0,0,0,0,0
361499,2,1,1990,0,0,0,0,0,0,0,0,0,0
361499,3,1,1990,0,0,0,0,0,0,0,0,0,0
361499,4,1,1990,0,0,24,7,0,0,0,0,0,0
361500,1,1,1990,0,0,16,0,0,0,0,0,0,0
361500,2,1,1990,23,0,0,0,0,14,0,0,0,0
361501,1,1,1990,16,16,16,16,16,16,16,16,16,16
361502,1,1,1990,18,18,18,18,18,18,18,18,18,18
361503,0,1,1990,0,0,0,0,0,0,0,0,0,0
361503,1,1,1990,21,0,0,0,0,0,0,0,12,0
361504,1,1,1990,16,0,0,0,17,0,0,0,0,0
361504,2,1,1990,0,0,0,0,0,0,0,0,0,0
361505,1,1,1990,0,0,0,0,0,0,0,0,0,0
361505,2,1,1990,0,0,0,0,0,0,0,0,0,0
361506,0,1,1990,0,0,0,0,0,0,0,0,0,0
361506,1,1,1990,0,0,18,17,0,11,17,0,18,30
361507,1,1,1990,0,0,0,0,0,0,0,0,0,0
361507,2,1,1990,0,0,0,0,0,0,0,0,0,0
361508,0,1,1990,0,13,15,31,7,27,0,0,0,8
361508,1,1,1990,0,0,0,0,0,0,0,0,0,13
361509,0,1,1990,0,11,2,18,26,41,0,19,30,26
361509,1,1,1990,0,0,0,0,10,0,0,0,0,0
361510,0,1,1990,0,0,0,0,0,0,0,0,0,0
361510,1,1,1990,0,0,0,0,0,0,0,0,0,0
361511,1,1,1990,23,12,7,24,14,15,21,15,26,27
361512,0,1,1990,0,0,0,0,0,0,0,0,0,0
361512,1,1,1990,25,0,0,0,0,0,13,12,0,0
361513,1,1,1990,0,0,0,0,0,0,0,0,0,0
361513,2,1,1990,0,0,0,0,0,0,0,0,0,0
361514,1,1,1990,0,0,0,0,0,0,0,0,0,0
361514,2,1,1990,0,0,0,0,0,0,0,0,0,0
361515,0,1,1990,0,0,0,0,0,0,0,0,20,0
361515,1,1,1990,0,0,0,0,0,0,0,0,19,0
361516,1,1,1990,0,0,0,0,0,0,0,0,0,0
361517,0,1,1990,0,0,0,0,0,0,0,0,0,0
361517,1,1,1990,31,0,9,0,14,13,14,0,24,29
361518,1,1,1990,0,0,0,0,0,0,0,0,0,0
361518,2,1,1990,0,0,0,0,0,0,0,0,0,0
361519,1,1,1990,9,9,9,9,9,9,9,9,9,9
361520,1,1,1990,0,0,0,0,0,0,0,0,0,0
361520,2,1,1990,14,0,0,0,0,10,0,24,19,0
361521,1,1,1990,22,22,22,22,22,22,22,22,22,22
361522,1,1,1990,22,22,22,22,22,22,22,22,22,22
361523,1,1,1990,0,0,0,0,0,0,0,0,0,0
361524,1,1,1990,5,5,5,5,5,5,5,5,5,5
361525,1,1,1990,0,0,0,0,0,0,0,0,0,0
361526,1,1,1990,26,26,26,26,26,26,26,26,26,26
361527,1,1,1990,30,44,10,26,7,23,13,12,15,27
361528,1,1,1990,0,0,0,0,0,0,0,0,0,0
361528,2,1,1990,20,0,0,13,12,28,0,0,0,0
361529,1,1,1990,0,0,0,0,0,0,0,0,0,0
361529,2,1,1990,0,0,0,0,0,0,0,0,0,0
361530,1,1,1990,20,37,17,28,0,20,26,30,14,16
361530,2,1,1990,0,0,0,0,0,0,0,0,0,0
361530,3,1,1990,0,0,0,0,0,0,0,0,0,0
361531,1,1,1990,0,0,0,0,0,0,0,0,0,0
361531,2,1,1990,0,0,0,0,0,0,0,0,0,0
361532,1,1,1990,0,0,0,0,0,0,0,0,0,0
361532,2,1,1990,0,0,0,0,18,0,0,0,0,0
361533,1,1,1990,0,0,0,0,0,0,0,0,0,0
361533,2,1,1990,0,0,0,0,0,0,7,0,0,0
361534,1,1,1990,23,23,23,23,23,23,23,23,23,23
361535,1,1,1990,0,0,0,0,0,0,0,0,0,0
361536,1,1,1990,7,7,7,7,7,7,7,7,7,7
361537,1,1,1990,14,14,14,14,14,14,14,14,14,14
361538,1,1,1990,0,0,0,0,0,0,0,0,0,0
361538,2,1,1990,0,26,0,0,0,0,15,0,0,17
361539,1,1,1990,0,0,0,0,0,0,0,0,0,0
361540,1,1,1990,10,10,10,10,10,10,10,10,10,10
361541,0,1,1990,0,0,0,0,0,0,0,0,0,0
361541,1,1,1990,15,15,7,9,18,24,25,0,3,11
361542,1,1,1990,0,0,0,0,0,0,0,0,0,0
361542,2,1,1990,0,0,0,0,0,0,0,0,0,0
361543,1,1,1990,7,7,7,7,7,7,7,7,7,7
361544,1,1,1990,0,0,0,0,0,0,0,0,0,0
361544,2,1,1990,0,0,0,0,0,0,0,0,0,0
361545,1,1,1990,23,26,22,0,23,14,12,11,0,10
361545,2,1,1990,0,0,0,0,0,0,0,0,0,0
361546,1,1,1990,0,0,0,0,0,0,0,0,0,0
361546,2,1,1990,0,0,0,0,0,0,0,0,0,0
361547,0,1,1990,27,27,27,27,27,27,27,27,27,27
361547,1,1,1990,0,10,31,0,23,0,0,24,0,0
361548,1,1,1990,0,0,17,0,17,12,9,15,9,18
361548,2,1,1990,0,0,0,0,0,0,0,0,0,0
361549,1,1,1990,0,0,0,0,0,0,0,0,0,0
361549,2,1,1990,0,0,0,0,0,0,0,0,0,0
361549,3,1,1990,0,0,0,0,0,0,0,0,0,0
361550,1,1,1990,0,0,0,0,0,0,0,0,0,0
361552,1,1,1990,0,0,7,0,0,25,14,0,0,0
361552,2,1,1990,0,13,10,18,0,0,0,0,0,13
361553,1,1,1990,0,0,0,0,0,0,0,0,7,0
361554,1,1,1990,0,0,0,0,0,0,0,0,0,0
361554,2,1,1990,0,0,0,0,0,0,0,0,0,0
361555,1,1,1990,10,0,10,0,0,0,0,0,1,8
361556,0,1,1990,0,0,0,0,0,0,0,0,0,0
361556,1,1,1990,0,0,0,0,0,0,15,0,0,0
361558,1,1,1990,25,10,3,4,14,9,19,13,5,22
361558,2,1,1990,10,11,12,19,7,15,16,10,21,7
361559,1,1,1990,0,0,0,0,0,0,0,0,0,0
361560,0,1,1990,0,0,0,0,0,0,0,0,0,0
361560,0,2,1990,0,0,0,0,0,0,0,0,0,0
361560,0,3,1990,0,0,0,0,0,0,0,0,0,0
361560,1,1,1990,0,0,0,0,0,0,0,0,0,0
361561,1,1,1990,0,0,0,0,0,0,0,0,0,0
361563,1,1,1990,19,26,0,0,17,0,16,0,14,0
361564,1,1,1990,0,0,0,0,0,0,0,0,0,0
361564,2,1,1990,0,0,0,0,0,0,0,0,0,0
361565,0,1,1990,0,0,0,0,0,0,0,0,0,0
361565,1,1,1990,0,0,21,0,16,0,0,0,17,0
361566,1,1,1990,0,0,15,0,0,0,5,0,0,0
361566,2,1,1990,0,0,31,0,0,0,15,0,0,0
361567,1,1,1990,0,0,0,0,0,0,0,0,0,0
361567,2,1,1990,0,0,0,0,0,0,0,0,0,0
361568,1,1,1990,11,11,11,11,11,11,11,11,11,11
361569,1,1,1990,0,0,0,0,0,0,0,0,0,0
361570,1,1,1990,0,0,0,0,0,0,0,0,0,0
361570,2,1,1990,21,21,21,21,21,21,21,21,21,21
361571,0,1,1990,0,0,0,0,0,0,0,0,0,0
361571,1,1,1990,0,0,0,0,0,0,0,0,0,0
361572,1,1,1990,20,20,20,20,20,20,20,20,20,20
361573,1,1,1990,13,13,13,13,13,13,13,13,13,13
361574,1,1,1990,0,0,0,0,0,0,0,0,0,0
361574,2,1,1990,0,0,0,23,0,0,0,0,0,0
361574,3,1,1990,0,0,0,0,0,0,0,0,0,0
361575,0,1,1990,30,24,12,13,0,40,23,35,19,21
361575,1,1,1990,13,16,5,11,6,12,5,11,18,6
361576,1,1,1990,0,0,0,0,0,0,0,0,0,0
361577,0,1,1990,14,14,14,14,14,14,14,14,14,14
361577,1,1,1990,0,0,0,0,0,0,0,0,0,0
361577,2,1,1990,0,0,0,0,0,0,0,0,0,0
361578,1,1,1990,22,0,0,0,17,0,0,0,0,0
361579,1,1,1990,0,0,0,0,0,0,0,0,0,0
361580,1,1,1990,0,0,0,0,0,0,0,0,0,0
361580,2,1,1990,0,0,0,0,8,0,0,0,0,0
361581,1,1,1990,0,0,0,0,0,0,0,0,0,0
361581,2,1,1990,0,0,0,0,0,0,0,0,0,0
361582,1,1,1990,18,18,18,18,18,18,18,18,18,18
361582,2,1,1990,0,0,0,0,0,0,0,0,0,0
361583,1,1,1990,0,10,0,0,0,0,0,0,0,0
361583,2,1,1990,0,0,0,0,0,0,0,0,11,0
361583,3,1,1990,0,0,0,0,0,0,0,0,0,0
361583,4,1,1990,0,0,0,0,15,0,0,0,0,0
361584,0,1,1990,0,0,0,0,0,0,0,0,0,0
361584,1,1,1990,0,0,0,0,0,0,0,0,0,0
361585,1,1,1990,0,0,0,0,0,0,0,0,0,0
361585,2,1,1990,0,0,0,0,0,0,0,0,0,0
361586,1,1,1990,8,20,3,13,5,9,15,0,14,20
361587,1,1,1990,0,0,0,0,0,0,0,0,0,0
361588,1,1,1990,0,0,0,0,0,0,0,0,0,0
361588,2,1,1990,0,0,0,0,0,0,0,0,0,0
361590,0,1,1990,0,0,0,0,0,0,0,0,0,0
361590,1,1,1990,0,6,0,0,0,12,0,0,0,6
361591,1,1,1990,0,0,0,0,0,0,0,0,0,0
361591,2,1,1990,1,1,1,1,1,1,1,1,1,1
361592,0,1,1990,0,0,0,0,0,0,0,0,0,0
361592,1,1,1990,0,0,35,0,0,0,0,17,0,0
361593,0,1,1990,0,0,0,0,0,0,0,0,0,0
361593,1,1,1990,0,0,0,0,0,0,0,0,0,0
361594,1,1,1990,0,0,0,0,0,0,0,0,0,0
361595,1,1,1990,18,18,18,18,18,18,18,18,18,18
361596,0,1,1990,8,8,8,8,8,8,8,8,8,8
361596,1,1,1990,0,23,0,0,16,0,0,15,6,24
361597,1,1,1990,23,18,0,31,18,0,19,13,0,21
361598,1,1,1990,0,0,0,0,0,0,0,0,0,0
361598,2,1,1990,0,0,0,0,0,0,0,0,0,0
361599,1,1,1990,0,0,0,0,0,0,0,0,0,0
361600,1,1,1990,22,34,16,43,20,40,13,18,20,20
361601,1,1,1990,0,0,0,0,0,0,0,0,0,0
361602,0,1,1990,0,0,0,0,0,0,0,0,0,0
361602,1,1,1990,0,0,0,0,0,0,0,0,0,0
361603,1,1,1990,24,24,24,24,24,24,24,24,24,24
361604,1,1,1990,0,0,0,0,23,0,0,0,0,0
361605,1,1,1990,0,0,0,0,0,0,0,0,0,0
361605,2,1,1990,0,0,0,0,0,0,0,0,0,0
361606,1,1,1990,0,3,0,0,0,0,0,0,0,0
361606,2,1,1990,0,0,13,0,0,0,0,0,0,0
361606,3,1,1990,9,9,9,9,9,9,9,9,9,9
361607,1,1,1990,15,15,15,15,15,15,15,15,15,15
361608,0,1,1990,16,16,16,16,16,16,16,16,16,16
361608,1,1,1990,0,11,0,15,5,12,5,7,0,9
361610,0,1,1990,0,13,15,0,6,27,0,0,0,0
361610,0,2,1990,0,0,0,0,0,0,0,0,0,0
361610,1,1,1990,0,0,0,0,0,0,0,0,0,0
361610,2,1,1990,0,0,0,0,0,0,0,0,0,0
361611,1,1,1990,22,22,22,22,22,22,22,22,22,22
361611,2,1,1990,0,0,0,0,0,0,0,0,0,0
361612,0,1,1990,0,0,0,0,17,0,31,0,0,0
361612,1,1,1990,0,0,0,0,0,0,0,0,0,0
361613,1,1,1990,0,0,0,0,0,0,0,0,0,0
361613,2,1,1990,11,11,11,11,11,11,11,11,11,11
361614,1,1,1990,0,0,0,0,0,7,0,0,0,0
361614,2,1,1990,0,0,0,0,0,0,0,0,0,0
361614,3,1,1990,0,0,0,0,0,0,0,0,14,0
361614,4,1,1990,0,0,0,0,0,0,0,12,0,0
361615,0,1,1990,0,0,0,0,0,0,0,0,0,0
361615,1,1,1990,0,0,0,0,0,0,0,0,0,15
361616,1,1,1990,0,0,0,0,0,0,0,0,0,0
361616,2,1,1990,0,0,0,0,0,0,0,0,0,0
361617,1,1,1990,0,0,0,0,0,0,0,0,0,0
361618,1,1,1990,0,0,0,0,6,0,0,0,0,0
361618,2,1,1990,0,0,0,0,0,0,0,0,0,0
361619,1,1,1990,0,0,0,0,0,0,0,0,0,0
361619,2,1,1990,0,0,0,0,0,0,0,0,0,0
361620,1,1,1990,4,4,4,4,4,4,4,4,4,4
361620,2,1,1990,0,0,0,0,0,0,0,0,0,0
361621,1,1,1990,15,15,15,15,15,15,15,15,15,15
361621,2,1,1990,0,0,0,0,0,0,0,0,0,0
361622,0,1,1990,28,28,28,28,28,28,28,28,28,28
361622,1,1,1990,0,0,0,0,0,0,0,0,0,0
361623,0,1,1990,0,0,0,0,0,0,0,0,0,0
361623,1,1,1990,19,24,13,10,0,0,0,10,10,13
361624,0,1,1990,14,14,14,14,14,14,14,14,14,14
361624,1,1,1990,15,5,0,14,3,13,15,23,0,0
361625,0,1,1990,0,0,0,16,26,27,0,0,0,0
361625,1,1,1990,0,0,0,0,0,15,0,0,0,0
361626,1,1,1990,4,5,0,10,16,14,15,14,16,0
361627,1,1,1990,0,0,0,0,0,0,0,0,0,0
361627,2,1,1990,8,8,8,8,8,8,8,8,8,8
361628,1,1,1990,0,0,0,0,0,0,0,0,0,0
361629,1,1,1990,5,5,5,5,5,5,5,5,5,5
361629,2,1,1990,0,0,0,0,0,0,0,0,0,0
361630,1,1,1990,0,0,0,0,0,0,0,0,0,0