ST_CASE,VEH_NO,PER_NO,YEAR,P1,P2,P3,P4,P5,P6,P7,P8,P9,P10
361631,1,1,1990,0,18,0,5,0,0,0,0,0,0
361631,2,1,1990,0,0,0,0,0,0,0,0,0,0
361632,1,1,1990,0,0,0,5,0,0,0,0,0,0
361632,2,1,1990,0,0,0,0,0,0,0,0,0,13
361633,1,1,1990,8,8,8,8,8,8,8,8,8,8
361634,0,1,1990,0,0,0,0,0,0,0,0,0,0
361634,1,1,1990,0,0,11,0,0,0,0,0,0,0
361635,1,1,1990,33,33,33,33,33,33,33,33,33,33
361635,2,1,1990,12,0,0,8,0,0,0,0,10,0
361636,0,1,1990,17,17,17,17,17,17,17,17,17,17
361636,1,1,1990,0,0,0,0,0,0,0,0,0,0
361639,0,1,1990,13,13,13,13,13,13,13,13,13,13
361639,1,1,1990,0,14,18,0,0,0,0,0,0,0
361640,1,1,1990,27,0,0,0,0,0,0,0,0,0
361640,2,1,1990,0,0,0,17,0,0,8,0,0,0
361641,0,1,1990,5,5,5,5,5,5,5,5,5,5
361641,1,1,1990,0,0,0,0,0,0,0,0,14,0
361642,1,1,1990,0,0,0,0,0,0,0,0,0,0
361642,2,1,1990,0,0,0,0,0,0,0,0,0,0
361643,0,1,1990,0,0,0,0,0,0,0,0,0,0
361643,1,1,1990,0,0,0,0,0,0,0,0,0,0
361644,0,1,1990,19,19,19,19,19,19,19,19,19,19
361644,1,1,1990,0,0,0,0,0,0,0,0,0,11
361645,0,1,1990,0,0,0,0,0,0,0,0,0,0
361645,1,1,1990,0,0,27,0,0,0,0,0,26,0
361646,0,1,1990,0,0,0,0,0,0,0,0,0,0
361646,1,1,1990,0,0,0,0,0,0,0,0,0,0
361647,1,1,1990,15,0,23,22,18,18,17,19,15,26
361648,1,1,1990,0,0,0,0,0,0,0,0,0,0
361648,2,1,1990,0,0,0,0,0,0,0,0,0,0
361649,1,1,1990,19,19,19,19,19,19,19,19,19,19
361650,1,1,1990,0,0,0,0,0,0,0,0,0,0
361650,2,1,1990,0,0,0,0,0,0,0,0,0,0
361651,1,1,1990,0,0,0,0,0,0,0,0,0,0
361652,1,1,1990,30,30,30,30,30,30,30,30,30,30
361653,1,1,1990,0,0,0,0,0,0,0,0,0,0
361654,1,1,1990,0,0,0,0,0,0,0,0,0,0
361654,2,1,1990,0,0,0,0,0,0,0,0,0,0
361655,0,1,1990,18,18,18,18,18,18,18,18,18,18
361655,1,1,1990,0,0,0,0,0,0,0,0,0,0
361656,1,1,1990,0,0,0,16,29,0,8,15,16,17
361656,2,1,1990,5,5,5,5,5,5,5,5,5,5
361657,1,1,1990,0,0,0,0,0,0,0,0,0,0
361657,2,1,1990,27,27,27,27,27,27,27,27,27,27
361658,1,1,1990,5,5,5,5,5,5,5,5,5,5
361658,2,1,1990,0,0,0,0,0,0,20,0,0,0
361659,0,1,1990,22,22,22,22,22,22,22,22,22,22
361659,1,1,1990,0,19,0,0,0,9,0,0,0,0
361660,1,1,1990,2,2,2,2,2,2,2,2,2,2
361660,2,1,1990,0,0,11,0,0,0,0,0,0,0
361661,0,1,1990,0,0,0,0,0,0,0,0,0,0
361661,1,1,1990,0,0,0,0,0,12,0,0,0,0
361661,2,1,1990,0,0,0,0,0,0,0,0,0,0
361662,1,1,1990,0,0,0,0,0,0,0,12,0,0
361662,2,1,1990,0,0,0,0,0,0,0,0,0,0
361663,1,1,1990,0,0,0,0,0,0,0,0,0,0
361663,2,1,1990,0,0,0,0,0,0,0,0,0,0
361664,1,1,1990,0,0,0,0,0,0,0,0,0,0
361664,2,1,1990,0,0,0,0,0,0,0,0,0,0
361665,1,1,1990,0,0,0,0,0,0,0,0,0,0
361665,2,1,1990,0,0,0,0,0,0,0,0,0,0
361666,1,1,1990,0,0,0,0,0,0,0,0,0,0
361666,2,1,1990,9,16,26,19,24,9,22,19,0,17
361667,0,1,1990,0,0,0,0,0,0,0,0,0,0
361667,1,1,1990,0,0,0,0,0,0,0,0,0,0
361669,2,1,1990,0,0,0,0,0,0,0,0,0,0
361670,0,1,1990,0,0,0,0,0,0,0,0,0,0
361670,1,1,1990,0,0,0,0,0,0,0,0,0,0
361671,1,1,1990,28,28,28,28,28,28,28,28,28,28
361671,2,1,1990,0,0,0,26,0,0,3,0,0,0
361672,1,1,1990,0,0,0,0,0,0,0,0,0,0
361672,2,1,1990,0,0,0,0,0,0,0,0,0,0
361672,3,1,1990,0,0,0,0,0,0,0,0,0,0
361673,0,1,1990,24,24,24,24,24,24,24,24,24,24
361673,1,1,1990,0,0,15,9,0,0,0,0,0,16
361674,0,1,1990,0,0,0,0,0,0,0,0,0,0
361674,1,1,1990,0,0,0,0,0,0,0,0,0,0
361674,2,1,1990,0,0,0,0,0,0,0,0,0,0
361675,0,1,1990,0,0,0,0,0,0,0,0,0,0
361675,1,1,1990,0,0,0,0,0,0,0,0,0,13
361676,1,1,1990,0,0,0,0,0,0,0,0,0,0
361676,2,1,1990,0,0,0,0,0,0,0,0,0,0
361676,3,1,1990,0,0,0,14,0,0,0,15,0,0
361677,1,1,1990,29,29,29,29,29,29,29,29,29,29
361678,0,1,1990,0,0,0,0,0,0,0,0,0,0
361678,1,1,1990,0,0,0,0,0,0,0,0,0,0
361679,1,1,1990,0,0,0,0,0,0,0,0,0,0
361679,2,1,1990,0,0,0,0,0,0,0,0,0,0
361680,0,1,1990,3,3,3,3,3,3,3,3,3,3
361680,1,1,1990,0,0,0,0,0,0,0,0,0,0
361681,0,1,1990,0,0,0,0,0,0,0,0,0,0
361681,1,1,1990,0,0,0,0,0,0,0,0,0,0
361682,1,1,1990,0,0,0,0,0,0,0,0,0,0
361683,0,1,1990,0,0,0,0,0,0,0,0,0,0
361683,2,1,1990,13,0,0,14,0,9,0,0,0,0
361684,1,1,1990,0,0,0,0,0,0,0,0,0,0
361684,2,1,1990,0,0,0,0,0,0,0,0,0,0
361685,0,1,1990,0,0,0,0,0,0,0,0,0,0
361685,1,1,1990,0,0,0,0,0,0,0,0,0,0
361686,1,1,1990,0,0,0,0,0,0,0,0,0,0
361686,2,1,1990,0,0,0,0,0,0,0,0,0,0
361686,3,1,1990,0,0,0,5,0,0,0,0,0,0
361687,1,1,1990,0,0,0,23,0,0,0,0,0,0
361687,2,1,1990,0,0,0,0,0,0,0,0,0,0
361688,1,1,1990,13,13,13,13,13,13,13,13,13,13
361688,2,1,1990,0,0,0,0,0,0,0,0,0,0
361689,1,1,1990,20,20,20,20,20,20,20,20,20,20
361690,1,1,1990,27,27,27,27,27,27,27,27,27,27
361690,2,1,1990,0,0,0,0,0,0,0,0,0,0
361691,1,1,1990,28,28,28,28,28,28,28,28,28,28
361692,1,1,1990,0,0,0,0,0,0,0,0,0,0
361692,2,1,1990,0,0,0,0,0,0,0,0,0,0
361693,1,1,1990,25,25,25,25,25,25,25,25,25,25
361693,2,1,1990,0,0,0,0,0,0,0,0,0,0
361694,1,1,1990,0,0,0,0,0,0,0,0,0,0
361695,0,1,1990,0,0,0,0,0,0,0,0,0,0
361695,1,1,1990,0,0,0,0,0,0,0,0,0,0
361695,2,1,1990,0,0,0,0,0,0,0,0,16,0
361695,3,1,1990,0,0,0,0,0,15,0,0,0,0
361696,1,1,1990,20,20,20,20,20,20,20,20,20,20
361696,2,1,1990,14,14,14,14,14,14,14,14,14,14
361699,1,1,1990,27,27,27,27,27,27,27,27,27,27
361700,1,1,1990,4,0,0,0,0,0,0,0,8,0
361702,1,1,1990,0,0,0,0,0,0,0,0,0,0
361702,2,1,1990,24,0,0,17,28,20,10,8,16,17
361703,1,1,1990,0,0,0,0,0,0,0,0,0,0
361703,2,1,1990,0,0,0,0,0,0,0,0,0,0
361704,1,1,1990,11,11,11,11,11,11,11,11,11,11
361705,0,1,1990,0,0,0,0,0,0,0,0,0,0
361705,1,1,1990,0,0,0,0,0,0,0,0,0,0
361706,0,1,1990,0,0,0,0,0,0,0,0,0,0
361706,1,1,1990,8,0,0,0,0,0,0,20,17,0
361707,1,1,1990,0,0,0,0,0,0,0,0,0,0
361708,1,1,1990,0,0,0,0,0,0,0,0,0,0
361709,1,1,1990,0,0,0,0,0,0,0,0,0,0
361709,2,1,1990,0,0,0,0,0,0,0,0,0,0
361710,0,1,1990,0,0,0,0,0,0,0,0,0,0
361710,1,1,1990,0,0,0,0,0,0,0,0,0,0
361711,1,1,1990,0,0,0,0,0,0,0,0,0,0
361711,2,1,1990,0,0,0,0,0,0,0,0,0,0
361712,1,1,1990,0,0,0,0,0,0,0,0,0,0
361712,2,1,1990,0,0,0,0,0,0,0,0,0,0
361712,3,1,1990,8,0,0,0,0,0,0,0,0,0
361713,1,1,1990,0,0,0,0,0,0,0,0,0,0
361713,2,1,1990,28,28,28,28,28,28,28,28,28,28
361714,1,1,1990,0,0,0,0,0,0,0,0,0,10
361714,2,1,1990,0,0,0,0,0,0,0,0,0,0
361715,1,1,1990,0,0,0,0,0,0,0,0,0,0
361716,1,1,1990,28,20,12,5,21,4,21,26,12,22
361717,1,1,1990,19,19,19,19,19,19,19,19,19,19
361718,1,1,1990,15,31,17,16,8,24,24,7,4,15
361719,1,1,1990,0,0,0,0,11,0,0,0,0,0
361719,2,1,1990,0,0,0,0,0,0,0,0,0,0
361720,1,1,1990,24,24,24,24,24,24,24,24,24,24
361721,0,1,1990,0,0,0,0,0,0,0,0,0,0
361721,1,1,1990,17,0,8,0,0,3,21,20,0,0
361722,1,1,1990,10,10,10,10,10,10,10,10,10,10
361723,0,1,1990,0,0,0,0,0,0,0,0,0,0
361723,1,1,1990,0,0,0,0,0,0,0,0,0,0
361724,1,1,1990,0,0,0,0,0,0,0,0,0,0
361724,2,1,1990,0,0,0,0,0,0,0,0,0,0
361725,1,1,1990,0,0,0,0,0,0,0,0,0,0
361726,1,1,1990,0,0,0,0,0,0,0,0,0,0
361726,2,1,1990,11,11,11,11,11,11,11,11,11,11
361726,3,1,1990,0,0,18,0,0,0,0,0,0,0
361727,0,1,1990,0,0,0,0,0,0,0,0,0,0
361727,1,1,1990,0,0,0,0,0,0,0,0,0,0
361728,1,1,1990,0,0,0,0,0,0,0,0,0,0
361728,2,1,1990,0,0,0,0,0,0,0,0,0,0
361729,1,1,1990,0,0,0,0,0,0,0,8,0,0
361730,1,1,1990,12,12,12,12,12,12,12,12,12,12
361731,1,1,1990,0,0,0,0,0,0,0,0,0,0
361731,2,1,1990,0,0,0,0,0,0,0,0,0,0
361731,3,1,1990,0,0,0,0,0,0,0,0,0,0
361732,1,1,1990,0,19,0,0,15,0,0,0,24,0
361733,1,1,1990,0,0,0,0,0,0,0,0,0,0
361733,2,1,1990,0,0,0,0,0,0,0,0,0,0
361734,1,1,1990,0,0,0,0,0,0,0,0,0,0
361734,2,1,1990,0,0,0,0,0,0,0,0,0,0
361735,1,1,1990,2,2,2,2,2,2,2,2,2,2
361735,2,1,1990,0,0,0,14,0,0,0,0,0,0
361736,1,1,1990,23,23,23,23,23,23,23,23,23,23
361737,1,1,1990,0,0,0,0,0,0,0,0,0,0
361737,2,1,1990,0,0,0,0,0,0,0,0,0,0
361738,1,1,1990,19,18,0,27,18,3,10,0,0,16
361738,2,1,1990,0,0,16,0,0,0,0,0,0,9
361739,0,1,1990,0,0,0,0,0,0,0,0,36,0
361739,1,1,1990,0,0,0,0,0,0,0,0,0,0
361740,1,1,1990,0,0,0,0,0,0,0,0,0,0
361740,2,1,1990,0,0,0,0,0,0,0,0,0,0
361740,3,1,1990,0,0,0,0,0,0,0,0,0,0
361741,0,1,1990,0,0,0,0,0,0,0,0,0,0
361741,1,1,1990,0,0,0,0,0,0,0,0,0,0
361742,1,1,1990,0,0,0,0,0,0,0,0,0,0
361742,2,1,1990,0,0,0,0,0,0,0,0,0,0
361743,1,1,1990,0,0,0,0,0,0,0,0,0,0
361743,2,1,1990,0,0,0,0,0,0,0,0,0,0
361744,0,1,1990,0,0,0,0,0,0,0,0,21,0
361744,1,1,1990,0,0,0,0,0,0,0,0,0,0
361745,1,1,1990,0,0,0,0,0,0,0,0,0,0
361746,1,1,1990,0,0,0,0,0,0,0,0,0,0
361747,1,1,1990,28,27,27,7,12,17,17,14,10,3
361748,0,1,1990,0,0,0,0,0,0,0,0,0,0
361748,1,1,1990,0,0,0,0,0,0,0,0,0,0
361749,1,1,1990,5,5,5,5,5,5,5,5,5,5
361750,1,1,1990,0,0,0,0,0,0,0,0,0,0
361750,2,1,1990,0,0,0,0,0,0,0,0,0,0
361751,1,1,1990,0,8,0,0,0,0,0,0,0,0
361752,1,1,1990,18,0,0,0,10,0,13,0,0,0
361752,2,1,1990,0,0,0,0,0,0,0,0,0,0
361753,0,1,1990,7,7,7,7,7,7,7,7,7,7
361753,1,1,1990,0,0,0,0,0,0,0,0,0,0
361754,0,1,1990,0,0,0,0,0,0,0,0,0,0
361754,1,1,1990,12,0,15,19,0,0,0,0,0,0
361755,0,1,1990,2,2,2,2,2,2,2,2,2,2
361755,0,2,1990,0,9,0,16,27,0,0,0,0,0
361755,0,3,1990,0,0,0,0,0,0,0,0,0,0
361755,0,4,1990,0,0,0,0,0,0,0,0,0,0
361755,1,1,1990,0,0,0,0,0,0,0,0,0,0
361756,1,1,1990,0,0,0,0,0,0,0,0,0,0
361756,2,1,1990,0,0,0,0,0,0,0,0,0,0
361757,0,1,1990,22,22,22,22,22,22,22,22,22,22
361757,1,1,1990,20,23,16,28,18,9,19,15,19,22
361758,1,1,1990,13,13,13,13,13,13,13,13,13,13
361758,2,1,1990,0,0,0,0,0,0,0,0,0,0
361759,1,1,1990,0,0,0,0,0,0,0,0,0,0
361759,2,1,1990,24,24,24,24,24,24,24,24,24,24
361760,0,1,1990,0,0,0,0,0,0,0,0,0,0
361760,1,1,1990,0,0,0,0,0,0,0,0,0,0
361761,2,1,1990,10,9,14,9,16,23,0,4,9,4
361762,1,1,1990,0,0,0,0,0,0,0,0,0,0
361763,1,1,1990,0,0,0,0,8,0,0,0,0,5
361763,2,1,1990,18,18,18,18,18,18,18,18,18,18
361764,1,1,1990,19,19,19,19,19,19,19,19,19,19
361765,0,1,1990,0,0,0,0,0,0,0,0,0,0
361765,1,1,1990,0,0,0,0,0,0,0,0,0,0
361766,1,1,1990,25,35,27,14,12,14,22,20,14,13
361767,0,1,1990,0,0,0,0,0,0,8,0,0,0
361767,1,1,1990,0,0,0,0,0,0,0,0,0,0
361768,1,1,1990,9,9,9,9,9,9,9,9,9,9
361769,1,1,1990,0,0,0,0,0,0,0,0,0,0
361769,2,1,1990,15,15,15,15,15,15,15,15,15,15
361770,1,1,1990,11,0,0,0,0,0,19,0,0,0
361770,2,1,1990,0,0,0,0,0,0,0,0,0,0
361771,1,1,1990,7,0,0,0,29,0,0,0,8,0
361772,1,1,1990,16,25,12,18,10,8,16,0,8,19
361772,2,1,1990,0,0,0,0,0,0,0,0,0,0
361772,3,1,1990,0,0,0,0,0,0,9,0,0,26
361773,1,1,1990,25,25,25,25,25,25,25,25,25,25
361774,1,1,1990,0,0,0,0,0,0,0,0,0,0
361774,2,1,1990,0,0,0,0,0,0,0,0,0,0
361775,1,1,1990,0,0,0,0,0,0,0,0,0,0
361775,2,1,1990,0,0,0,0,0,0,0,0,0,0
361775,3,1,1990,0,0,0,0,0,0,0,0,0,0
361776,1,1,1990,0,0,0,0,0,0,0,0,0,0
361776,2,1,1990,0,0,25,0,0,0,0,0,0,0
361777,1,1,1990,0,0,0,0,0,0,0,0,0,0
361777,2,1,1990,0,0,0,0,0,0,0,0,0,0
361778,1,1,1990,0,0,0,0,0,0,5,0,0,0
361778,2,1,1990,0,0,0,0,0,8,0,0,0,0
361779,1,1,1990,0,0,0,0,0,0,0,0,0,6
361779,2,1,1990,12,9,14,18,12,15,16,14,16,0
361780,1,1,1990,18,18,18,18,18,18,18,18,18,18
361781,1,1,1990,0,0,0,0,0,0,0,0,0,0
361782,1,1,1990,1,1,1,1,1,1,1,1,1,1
361782,2,1,1990,0,0,16,13,15,10,0,13,0,0
361783,1,1,1990,18,18,18,18,18,18,18,18,18,18
361784,1,1,1990,0,0,0,0,0,0,0,0,12,0
361785,1,1,1990,0,0,0,0,0,0,0,0,0,0
361786,0,1,1990,0,0,0,0,0,0,0,10,0,0
361786,1,1,1990,0,0,0,0,0,0,0,0,0,0
361787,1,1,1990,3,3,3,3,3,3,3,3,3,3
361787,2,1,1990,0,0,0,0,0,0,0,0,0,0
361788,1,1,1990,0,0,0,0,14,0,0,0,0,4
361789,0,1,1990,0,0,0,0,0,0,0,0,0,0
361789,1,1,1990,0,0,0,0,0,0,0,0,0,0
361790,1,1,1990,0,0,0,15,0,2,0,0,0,0
361790,2,1,1990,0,0,0,0,0,0,0,0,0,0
361791,0,1,1990,0,0,0,0,0,0,0,0,0,20
361791,1,1,1990,0,0,0,0,0,0,0,0,0,0
361792,1,1,1990,0,0,0,0,0,0,0,0,0,0
361792,2,1,1990,0,0,0,0,0,0,0,0,0,0
361793,0,1,1990,0,0,0,0,0,0,0,0,0,0
361793,1,1,1990,0,0,0,0,0,0,0,0,0,0
361793,2,1,1990,0,0,0,0,0,0,0,0,0,0
361794,1,1,1990,0,2,0,0,0,0,0,0,11,12
361796,1,1,1990,0,0,0,0,0,0,0,0,0,0
361796,2,1,1990,0,0,0,0,0,0,0,0,0,0
361796,3,1,1990,0,0,0,0,0,0,0,0,0,0
361797,1,1,1990,0,0,0,0,0,0,0,0,0,0
361798,1,1,1990,0,0,0,0,0,0,0,0,0,0
361798,2,1,1990,15,11,16,24,8,15,20,11,15,6
361799,1,1,1990,0,0,14,7,0,0,0,19,0,0
361800,1,1,1990,0,0,0,0,0,0,0,0,0,0
361800,2,1,1990,9,9,9,9,9,9,9,9,9,9
361801,1,1,1990,0,0,0,0,0,0,0,0,0,0
361802,1,1,1990,0,0,0,0,0,0,0,0,0,0
361803,1,1,1990,18,27,15,23,11,13,6,12,12,7
361804,1,1,1990,0,0,0,0,0,0,0,0,0,0
361804,2,1,1990,0,0,0,0,0,0,0,0,0,0
361805,0,1,1990,0,0,0,0,0,0,0,0,26,16
361805,1,1,1990,0,0,0,0,0,0,0,0,0,0
361806,1,1,1990,0,0,0,0,0,0,0,0,0,0
361807,1,1,1990,13,0,0,0,0,0,0,10,0,13
361807,2,1,1990,0,0,0,0,0,0,0,0,0,0
361809,1,1,1990,0,0,0,0,0,0,0,0,0,0
361809,2,1,1990,0,0,0,0,0,0,0,0,0,0
361810,1,1,1990,21,30,13,7,19,18,9,21,13,23
361810,2,1,1990,0,0,0,0,0,0,0,0,0,0
361811,0,1,1990,24,0,0,0,0,0,0,0,0,24
361811,1,1,1990,0,0,11,0,0,0,0,0,0,0
361812,1,1,1990,0,0,0,0,0,0,0,0,0,0
361813,1,1,1990,0,0,0,0,0,0,0,0,0,0
361813,2,1,1990,0,0,23,0,0,12,0,0,0,0
361814,0,1,1990,0,0,0,0,0,0,0,0,0,0
361814,1,1,1990,0,0,0,0,0,0,0,0,0,0
361815,1,1,1990,0,0,0,0,0,0,12,0,25,10
361815,2,1,1990,0,0,0,0,0,0,0,0,0,0
361816,1,1,1990,0,0,0,0,0,0,0,0,0,0
361816,2,1,1990,0,0,0,0,0,0,0,0,0,0
361817,1,1,1990,0,0,17,0,0,0,0,0,0,0
361818,1,1,1990,0,0,0,16,0,0,0,38,0,34
361819,1,1,1990,4,4,4,4,4,4,4,4,4,4
361820,1,1,1990,0,0,0,0,0,0,0,0,5,0
361820,2,1,1990,0,0,0,0,0,0,0,0,0,0
361821,0,1,1990,0,0,0,0,0,0,0,0,0,0
361821,1,1,1990,0,0,0,0,0,0,0,0,0,0
361822,1,1,1990,0,0,0,12,0,0,0,0,0,0
361822,2,1,1990,10,19,19,0,26,9,20,15,4,25
361823,1,1,1990,15,15,15,15,15,15,15,15,15,15
361824,0,1,1990,0,0,0,0,0,0,0,0,0,0
361824,1,1,1990,0,0,0,0,0,0,4,0,0,0
361825,1,1,1990,21,21,21,21,21,21,21,21,21,21
361825,2,1,1990,0,0,0,0,0,0,0,0,0,0
361826,1,1,1990,0,0,0,0,0,0,0,0,0,0
361826,2,1,1990,0,0,0,12,0,0,0,0,0,0
361826,3,1,1990,0,0,0,0,0,0,0,0,0,0
361827,1,1,1990,11,0,13,16,0,10,0,8,0,7
361827,2,1,1990,25,25,25,25,25,25,25,25,25,25
361828,1,1,1990,0,0,0,0,0,0,0,0,0,0
361828,2,1,1990,0,0,0,0,0,8,0,0,0,0
361829,1,1,1990,14,21,24,22,17,8,25,24,20,14
361830,1,1,1990,29,24,30,24,14,29,22,14,21,15
361831,0,1,1990,0,0,0,0,0,0,0,0,0,0
361831,1,1,1990,0,0,0,0,0,6,0,0,4,0
361832,1,1,1990,0,0,0,0,0,0,0,0,0,0
361833,1,1,1990,0,0,0,0,0,0,0,0,0,0
361834,0,1,1990,0,0,0,0,0,0,0,0,0,0
361834,1,1,1990,0,0,0,0,0,0,0,0,0,0
361835,1,1,1990,0,0,0,0,0,0,0,0,0,0
361836,1,1,1990,0,0,0,0,0,0,0,0,0,0
361836,2,1,1990,0,0,0,0,0,0,0,0,0,0
361837,1,1,1990,0,0,0,0,0,0,0,0,0,0
361838,1,1,1990,0,0,0,0,0,0,0,0,0,0
361838,2,1,1990,0,0,0,0,0,0,0,0,0,0
361839,1,2,1990,13,13,13,13,13,13,13,13,13,13
361840,1,1,1990,0,0,0,0,0,0,0,0,0,0
361840,2,1,1990,0,0,0,0,0,0,0,0,0,0
361841,1,1,1990,0,0,0,0,0,0,0,0,0,0
361841,2,1,1990,0,0,0,0,0,0,0,0,0,0
361841,3,1,1990,0,0,0,0,0,0,0,0,0,0
361841,4,1,1990,0,0,0,0,0,0,0,0,0,0
361842,1,1,1990,0,0,0,0,0,0,0,0,0,0
361843,1,1,1990,0,0,0,0,0,0,0,0,0,0
361843,2,1,1990,0,0,0,0,17,0,0,0,0,0
361844,1,1,1990,0,0,0,0,0,0,0,0,0,0
361845,1,1,1990,24,24,24,24,24,24,24,24,24,24
361846,1,1,1990,0,0,0,0,0,0,0,0,0,0
361846,2,1,1990,0,0,0,13,0,0,0,0,0,0
361847,1,1,1990,19,16,11,18,16,37,0,0,21,23
361848,1,1,1990,15,15,15,15,15,15,15,15,15,15
361849,1,1,1990,15,22,0,21,23,32,32,12,5,24
361850,1,1,1990,25,25,25,25,25,25,25,25,25,25
361851,1,1,1990,0,0,0,0,0,0,0,0,0,0
361851,2,1,1990,0,0,0,0,0,0,0,0,0,0
361852,0,1,1990,12,12,12,12,12,12,12,12,12,12
361852,1,1,1990,0,9,0,0,15,15,0,35,23,26
361853,1,1,1990,18,14,31,20,22,20,0,22,16,12
361853,2,1,1990,0,0,0,0,0,0,0,0,0,0
361854,1,1,1990,15,15,15,15,15,15,15,15,15,15
361855,1,1,1990,14,14,14,14,14,14,14,14,14,14
361856,0,1,1990,0,0,31,0,28,22,0,0,0,0
361856,1,1,1990,0,0,0,0,0,0,0,0,0,0
361857,0,1,1990,7,7,7,7,7,7,7,7,7,7
361857,1,1,1990,0,0,0,0,0,0,0,0,0,0
361858,1,1,1990,12,24,0,14,0,0,0,15,0,0
361858,2,1,1990,0,0,0,0,0,0,0,0,0,0
361859,0,1,1990,29,29,29,29,29,29,29,29,29,29
361859,1,1,1990,0,0,8,0,0,0,0,0,13,11
361860,0,1,1990,0,0,0,0,0,0,0,0,0,0
361860,1,1,1990,0,0,0,0,0,0,0,0,0,0
361861,1,1,1990,0,0,0,0,0,0,0,0,0,0
361861,2,1,1990,0,0,0,0,0,0,0,0,0,0
361862,0,1,1990,0,0,0,0,0,0,0,0,0,0
361862,1,1,1990,0,0,0,0,0,13,0,16,0,0
361863,0,1,1990,0,0,0,0,0,0,0,0,0,0
361863,1,1,1990,0,0,0,0,0,0,0,0,0,0
361864,0,1,1990,0,0,0,0,0,0,0,0,0,0
361864,1,1,1990,0,0,0,0,0,0,0,0,0,0
361865,1,1,1990,0,0,0,0,0,0,0,0,0,0
361866,1,1,1990,0,0,0,0,0,0,0,0,0,0
361866,2,1,1990,0,0,0,0,0,0,0,0,0,0
361867,0,1,1990,21,21,21,21,21,21,21,21,21,21
361867,1,1,1990,0,8,20,26,19,20,0,0,14,15
361868,1,1,1990,0,0,0,0,0,0,0,0,0,0
361868,2,1,1990,0,0,0,0,0,0,0,0,0,0
361869,1,1,1990,9,9,9,9,9,9,9,9,9,9
361870,0,1,1990,22,22,22,22,22,22,22,22,22,22
361870,1,1,1990,0,0,0,0,0,0,0,0,0,0
361871,0,1,1990,25,25,25,25,25,25,25,25,25,25
361871,1,1,1990,13,9,15,8,10,9,21,26,0,25
361872,0,1,1990,0,0,0,0,0,0,0,0,0,0
361872,1,1,1990,0,0,0,0,0,0,0,0,0,0
361873,1,1,1990,8,0,0,0,24,12,15,21,0,0
361874,1,1,1990,7,7,7,7,7,7,7,7,7,7
361874,2,1,1990,0,0,0,0,0,0,0,0,0,0
361875,0,1,1990,14,14,14,14,14,14,14,14,14,14
361875,1,1,1990,0,0,0,0,0,0,0,0,0,0
361876,1,1,1990,0,8,15,15,15,15,13,21,3,23
361877,1,1,1990,0,0,0,0,0,0,0,0,0,0
361877,2,1,1990,0,0,0,0,0,0,0,0,0,22
361878,0,1,1990,0,0,0,0,9,0,0,15,0,14
361878,1,1,1990,0,0,0,0,0,12,0,0,0,0
361879,1,1,1990,0,0,0,0,0,0,0,0,0,0
361879,2,1,1990,0,0,0,0,0,0,0,0,0,0
361880,0,1,1990,0,0,0,0,0,0,0,0,0,0
361880,1,1,1990,19,18,16,11,0,0,0,0,11,0
361881,1,1,1990,18,18,18,18,18,18,18,18,18,18
361882,0,1,1990,16,16,16,16,16,16,16,16,16,16
361882,1,1,1990,0,0,0,0,0,26,0,0,0,0
361883,1,1,1990,0,0,0,0,0,0,0,0,0,0
361884,0,1,1990,25,25,25,25,25,25,25,25,25,25
361884,1,1,1990,0,0,0,11,0,0,0,0,10,7
361886,1,1,1990,0,0,0,0,0,0,0,0,0,0
361887,1,1,1990,0,0,0,0,0,0,0,0,0,0
361888,1,1,1990,26,26,26,26,26,26,26,26,26,26
361888,2,1,1990,0,0,0,11,0,0,0,0,0,0
361889,1,1,1990,0,0,0,0,0,0,0,0,0,0
361889,2,1,1990,16,36,27,13,27,20,25,15,23,23
361889,3,1,1990,0,0,0,0,0,0,0,0,0,0
361890,1,1,1990,0,0,0,0,0,13,0,0,0,0
361890,2,1,1990,18,18,18,18,18,18,18,18,18,18
361891,1,1,1990,11,21,20,16,16,15,10,15,10,7
361892,0,1,1990,9,9,9,9,9,9,9,9,9,9
361892,1,1,1990,11,19,16,25,23,8,18,10,20,27
361893,1,1,1990,15,4,9,24,7,10,11,13,8,16
361893,2,1,1990,0,0,0,0,0,0,0,0,0,19
361894,1,1,1990,0,0,0,0,0,0,0,0,0,0
361894,2,1,1990,10,10,10,10,10,10,10,10,10,10
361895,0,1,1990,0,0,0,0,0,0,0,0,0,0
361895,1,1,1990,0,0,0,0,0,0,0,0,0,0
361896,1,1,1990,0,15,31,15,0,21,6,0,0,0
361897,1,1,1990,0,0,0,0,0,0,0,0,0,0
361897,2,1,1990,0,0,0,0,0,0,0,0,0,0
361898,1,1,1990,0,0,0,0,0,0,0,0,0,0
361898,2,1,1990,0,0,0,0,0,0,0,0,0,0
361899,0,1,1990,0,0,0,0,0,0,0,0,0,0
361899,1,1,1990,0,0,0,0,0,0,0,0,0,0
361900,0,1,1990,0,0,0,0,0,0,0,0,0,0
361900,1,1,1990,23,0,0,0,0,0,0,0,0,0
361901,0,1,1990,0,0,0,0,0,0,0,0,0,0
361901,1,1,1990,0,0,0,0,0,0,0,0,0,0
361902,0,1,1990,0,0,0,0,0,0,0,0,0,0
361902,1,1,1990,0,0,0,0,0,0,0,0,0,0
361903,0,1,1990,0,0,0,0,0,0,0,0,0,0
361903,1,1,1990,0,0,0,0,0,0,0,0,0,0
361904,1,1,1990,0,0,0,0,0,0,0,0,0,0