ST_CASE,VEH_NO,PER_NO,YEAR,P1,P2,P3,P4,P5,P6,P7,P8,P9,P10
361904,2,1,1990,0,0,0,0,0,0,0,0,0,0
361905,0,1,1990,9,9,9,9,9,9,9,9,9,9
361905,1,1,1990,0,0,0,0,0,10,14,0,6,0
361905,2,1,1990,5,11,14,0,0,0,0,17,0,0
361906,0,1,1990,16,0,0,0,0,0,0,0,0,0
361906,1,1,1990,0,0,0,0,0,0,0,0,0,0
361907,1,1,1990,0,0,0,0,0,0,0,0,0,0
361907,2,1,1990,0,0,0,0,0,0,0,0,0,0
361908,0,1,1990,0,0,0,0,0,0,0,0,0,0
361908,1,1,1990,0,0,0,0,0,0,0,0,0,0
361909,1,1,1990,28,0,16,0,12,0,20,14,24,23
361909,2,1,1990,1,1,1,1,1,1,1,1,1,1
361910,1,1,1990,0,0,0,0,0,0,0,0,0,0
361911,1,1,1990,18,0,9,0,0,8,12,0,0,0
361912,0,1,1990,0,0,0,0,0,0,0,0,0,0
361912,0,2,1990,0,0,0,0,0,0,0,0,0,0
361912,1,1,1990,0,0,10,0,0,0,0,0,11,0
361913,0,1,1990,27,9,15,0,57,19,13,17,10,36
361913,1,1,1990,20,27,0,0,0,0,0,20,0,0
361914,0,1,1990,0,0,0,0,0,0,0,0,0,0
361914,1,1,1990,26,0,0,0,17,0,31,0,0,0
361915,0,1,1990,0,0,0,0,0,0,0,0,0,0
361915,1,1,1990,0,0,7,0,0,0,0,0,0,0
361916,0,1,1990,0,0,0,0,0,0,0,0,0,0
361916,1,1,1990,0,0,0,0,0,0,0,0,0,0
361917,1,1,1990,0,0,0,0,0,0,0,0,0,0
361917,2,1,1990,0,0,0,0,9,0,0,0,0,0
361918,1,1,1990,0,0,0,0,0,0,0,0,0,0
361918,2,1,1990,0,0,0,0,0,0,0,0,0,0
361919,0,1,1990,0,0,0,0,0,0,0,0,0,0
361919,1,1,1990,0,0,26,27,33,30,11,11,14,17
361920,0,1,1990,0,0,0,0,0,0,0,0,0,0
361920,1,1,1990,0,0,0,0,0,0,0,0,0,0
361921,1,1,1990,0,0,0,12,0,0,5,0,0,0
361922,1,1,1990,0,0,0,0,0,0,0,0,0,0
361922,2,1,1990,0,0,0,0,0,12,0,0,0,0
361923,0,1,1990,0,0,0,0,0,0,0,0,0,0
361923,1,1,1990,0,0,0,0,0,0,0,0,0,0
361924,1,1,1990,0,0,0,0,0,0,0,0,0,0
361925,0,1,1990,0,0,0,0,0,0,0,0,0,0
361925,1,1,1990,0,0,0,0,0,0,0,0,0,0
361926,0,1,1990,0,0,0,24,0,0,9,0,0,20
361926,1,1,1990,0,0,0,0,0,0,0,31,0,0
361927,1,1,1990,0,0,0,0,0,0,0,0,0,0
361927,2,1,1990,0,0,0,0,0,0,0,0,10,0
361928,1,1,1990,11,23,10,0,0,7,0,23,0,19
361929,1,1,1990,5,8,0,0,0,0,0,4,0,0
361930,0,1,1990,0,0,0,0,0,0,0,0,0,0
361930,1,1,1990,25,0,0,0,8,0,0,9,22,0
361931,0,1,1990,0,16,0,0,0,0,0,0,0,0
361931,1,1,1990,0,0,0,0,0,0,0,0,0,0
361932,1,1,1990,0,0,0,0,0,0,0,0,0,0
361932,2,1,1990,0,0,0,0,0,0,0,0,0,0
361933,0,1,1990,13,22,53,0,25,5,19,25,21,16
361933,0,2,1990,0,0,0,0,0,0,0,0,0,0
361933,1,1,1990,5,4,0,0,0,0,20,0,0,8
361933,2,1,1990,0,11,0,0,0,10,0,0,12,0
361934,0,1,1990,0,0,0,0,0,0,0,0,0,0
361934,1,1,1990,0,0,0,0,0,0,0,0,0,0
361935,1,1,1990,0,0,0,0,0,0,0,0,0,0
361935,2,1,1990,0,0,0,0,0,0,0,0,0,0
361935,3,1,1990,0,0,0,0,0,0,0,0,0,0
361936,0,1,1990,0,0,0,6,0,0,0,0,0,0
361936,1,1,1990,0,0,0,0,0,0,0,0,0,0
361937,0,1,1990,0,0,0,0,0,0,0,0,0,0
361937,1,1,1990,0,0,0,0,0,0,0,15,0,0
361938,1,1,1990,0,0,0,0,0,0,0,0,0,0
361939,1,1,1990,0,0,0,0,0,0,0,0,0,0
361939,2,1,1990,0,0,0,0,0,20,0,0,0,0
361940,0,1,1990,0,0,0,0,0,0,0,0,0,0
361940,0,2,1990,0,0,0,0,0,0,0,27,0,0
361940,0,3,1990,24,0,0,18,0,0,0,0,28,0
361940,1,1,1990,0,7,5,0,0,0,0,0,0,11
361941,1,1,1990,0,0,0,21,0,0,0,10,0,0
361941,2,1,1990,0,10,4,16,4,10,20,0,12,13
361941,3,1,1990,0,0,0,0,0,0,0,0,0,0
361942,1,1,1990,0,0,0,0,0,0,0,0,0,0
361942,2,1,1990,0,0,0,0,0,0,0,0,0,0
361942,3,1,1990,0,0,0,0,0,0,0,0,0,0
361943,0,1,1990,0,0,0,0,0,0,0,0,0,0
361943,1,1,1990,0,0,0,0,12,0,0,0,0,0
361944,0,1,1990,0,0,0,0,0,0,0,0,0,0
361944,0,2,1990,13,0,0,0,0,0,26,17,0,28
361944,0,3,1990,0,0,0,0,0,0,0,0,0,0
361944,0,4,1990,0,0,0,0,0,0,0,0,0,0
361944,1,1,1990,23,10,0,0,21,0,16,0,32,26
361945,0,1,1990,0,0,0,0,0,0,0,0,0,0
361945,1,1,1990,0,0,0,0,0,0,0,0,0,0
361946,0,1,1990,0,0,0,0,0,0,0,0,0,0
361946,1,1,1990,0,0,0,0,0,15,12,0,0,0
361947,1,1,1990,0,0,0,0,0,0,0,0,0,0
361947,2,1,1990,0,0,0,0,0,0,0,0,0,0
361948,1,1,1990,0,0,0,0,0,0,0,0,0,0
361948,2,1,1990,0,0,0,0,0,0,0,0,0,0
361949,1,1,1990,0,0,0,0,0,6,0,0,0,15
361949,2,1,1990,0,0,0,0,0,0,21,0,0,0
361950,1,1,1990,0,0,0,0,0,0,0,0,15,0
361950,2,1,1990,0,0,0,0,0,0,0,0,0,0
361951,1,1,1990,0,0,0,0,0,0,0,0,0,0
361951,2,1,1990,0,0,0,0,0,0,0,0,0,0
361952,1,1,1990,0,0,0,0,0,0,0,0,0,0
361952,2,1,1990,0,0,0,0,0,0,0,0,0,0
361953,0,1,1990,19,19,19,19,19,19,19,19,19,19
361953,1,1,1990,5,18,9,26,21,22,26,10,15,23
361954,1,1,1990,0,0,0,0,0,0,0,17,0,12
361955,0,1,1990,0,19,0,0,12,13,0,24,0,0
361955,0,2,1990,0,19,19,15,0,25,0,0,9,0
361955,1,1,1990,0,40,13,0,13,0,0,0,0,0
361956,1,1,1990,0,0,0,0,0,0,0,0,0,0
361957,1,1,1990,0,0,0,0,0,0,0,0,0,0
361957,2,1,1990,0,0,0,0,0,0,0,0,0,0
361958,1,1,1990,0,0,0,0,0,0,0,0,0,0
361959,1,1,1990,0,0,0,0,0,0,0,0,0,0
361959,2,1,1990,0,0,0,0,0,0,0,0,0,0
361959,3,1,1990,0,0,0,0,0,0,0,0,0,0
361960,0,1,1990,3,3,3,3,3,3,3,3,3,3
361960,1,1,1990,0,0,0,0,0,0,0,12,0,0
361961,1,1,1990,19,15,27,26,28,26,9,17,0,16
361962,1,1,1990,0,0,0,0,0,0,0,0,0,0
361963,1,1,1990,0,0,0,0,0,0,0,0,0,14
361964,0,1,1990,0,0,0,0,0,0,0,0,0,0
361964,1,1,1990,0,0,0,0,0,0,0,19,0,0
361965,0,1,1990,0,0,0,0,0,0,0,0,0,0
361965,1,1,1990,0,0,0,0,0,0,0,0,0,0
361966,1,1,1990,19,19,19,19,19,19,19,19,19,19
361967,1,1,1990,0,0,0,15,0,0,0,0,0,0
361967,2,1,1990,0,0,0,0,0,0,0,0,0,0
361968,1,1,1990,0,14,22,14,11,6,0,15,6,4
361968,2,1,1990,0,0,0,0,0,0,0,0,0,0
361970,0,1,1990,0,0,0,0,0,0,0,0,0,0
361970,1,1,1990,0,0,0,0,0,0,0,0,0,0
361971,1,1,1990,27,27,27,27,27,27,27,27,27,27
361972,1,1,1990,0,0,0,0,0,0,0,0,0,0
361972,2,1,1990,0,25,0,0,0,0,0,11,0,0
361973,1,1,1990,0,0,0,0,0,0,17,0,0,0
361974,0,1,1990,0,0,0,0,0,0,0,0,0,0
361974,1,1,1990,0,0,0,0,0,0,0,0,0,0
361975,0,1,1990,0,0,0,0,0,0,0,0,0,0
361975,1,1,1990,0,0,0,0,0,0,0,0,0,0
361975,2,1,1990,0,0,0,0,0,0,0,0,0,0
361976,1,1,1990,0,0,0,0,0,0,0,0,0,0
361976,2,1,1990,0,0,0,0,0,0,0,0,0,0
361977,1,1,1990,3,3,3,3,3,3,3,3,3,3
361978,0,1,1990,13,13,13,13,13,13,13,13,13,13
361978,1,1,1990,0,14,0,0,0,0,0,0,0,0
361979,1,1,1990,0,0,0,0,0,0,0,0,0,0
361979,2,1,1990,0,0,0,0,0,0,0,0,0,0
361979,3,1,1990,0,0,0,0,0,0,0,0,0,0
361979,4,1,1990,0,0,0,0,0,0,0,0,0,0
361979,5,1,1990,0,0,0,0,0,0,0,0,0,0
361979,6,1,1990,0,0,0,0,0,0,0,0,0,0
361980,0,1,1990,0,0,0,0,0,0,0,0,0,0
361980,1,1,1990,0,0,0,0,0,0,0,0,0,0
361981,0,1,1990,10,10,10,10,10,10,10,10,10,10
361981,1,1,1990,11,8,16,23,0,18,25,29,6,17
361982,1,1,1990,23,12,0,11,30,0,0,0,0,22
361982,2,1,1990,0,9,20,11,9,14,0,21,0,0
361983,0,1,1990,0,0,0,0,0,0,0,0,0,0
361983,1,1,1990,0,0,0,0,0,0,0,0,0,0
361984,1,1,1990,0,0,0,0,0,0,0,0,0,0
361985,0,1,1990,0,0,0,0,0,0,0,0,0,0
361985,1,1,1990,0,0,21,0,7,0,29,0,0,0
361986,1,1,1990,0,0,0,0,0,0,15,0,0,0
361986,2,1,1990,0,0,0,0,0,0,0,0,0,0
361987,1,1,1990,16,16,16,16,16,16,16,16,16,16
361988,1,1,1990,0,0,0,23,0,0,0,0,12,0
361989,1,1,1990,0,0,0,0,0,0,0,0,0,0
361990,1,1,1990,0,0,0,0,0,0,0,0,0,0
361991,1,1,1990,16,0,14,0,0,0,0,0,0,9
361991,2,1,1990,0,0,0,0,0,0,0,0,0,0
361991,3,1,1990,0,0,0,0,0,0,9,0,0,0
361992,1,1,1990,10,20,0,0,18,25,22,20,0,0
361993,1,1,1990,0,0,0,0,0,0,14,0,0,13
361993,2,1,1990,0,0,0,0,0,0,0,0,0,0
361993,3,1,1990,0,0,0,0,0,0,0,0,0,0
361994,1,1,1990,0,0,0,0,0,0,0,0,0,0
361994,2,1,1990,0,0,0,0,0,0,0,0,0,0
361995,0,1,1990,0,0,0,0,0,0,0,0,0,0
361995,1,1,1990,0,0,0,0,14,0,0,0,0,0
361996,0,1,1990,0,0,0,0,0,0,0,0,0,0
361996,1,1,1990,0,0,0,0,0,0,0,0,0,18
361997,1,1,1990,0,0,0,0,0,0,0,0,0,0
361998,1,1,1990,0,0,0,0,0,0,0,0,0,0
361998,2,1,1990,0,0,0,0,0,0,0,0,0,0
361999,0,1,1990,16,16,16,16,16,16,16,16,16,16
361999,1,1,1990,23,9,14,21,0,9,19,14,3,11
362000,0,1,1990,0,0,0,0,0,0,0,0,0,0
362000,1,1,1990,0,0,0,0,0,0,0,0,0,0
362001,0,1,1990,0,0,0,0,0,0,0,0,0,0
362001,1,1,1990,0,0,0,0,0,0,0,0,0,0
362002,0,1,1990,0,0,0,0,0,0,0,0,0,0
362002,1,1,1990,0,0,0,0,0,0,0,0,0,0
362003,1,1,1990,0,0,0,0,0,0,0,0,0,0
362003,2,1,1990,0,0,0,0,0,0,0,0,0,0
362004,1,1,1990,21,21,21,21,21,21,21,21,21,21
362005,0,1,1990,0,0,0,0,0,0,0,0,0,0
362005,1,1,1990,0,0,0,0,0,0,0,0,0,0
362006,0,1,1990,2,2,2,2,2,2,2,2,2,2
362006,1,1,1990,0,0,0,0,0,0,0,33,0,0
362007,0,1,1990,31,19,0,0,30,0,25,0,6,22
362007,0,2,1990,14,0,0,0,0,0,26,18,15,0
362007,1,1,1990,0,0,0,0,0,17,0,0,0,0
362008,1,1,1990,0,0,0,0,0,0,0,0,0,13
362008,2,1,1990,21,21,21,21,21,21,21,21,21,21
362009,1,1,1990,6,6,6,6,6,6,6,6,6,6
362009,2,1,1990,0,0,0,0,0,0,0,5,0,13
362010,1,1,1990,30,0,6,0,0,0,0,0,0,0
362011,0,1,1990,0,0,0,0,0,0,0,0,0,0
362011,0,2,1990,0,19,0,0,0,0,0,0,0,0
362011,1,1,1990,0,0,0,0,0,0,0,14,0,0
362012,1,1,1990,0,0,0,0,0,0,0,0,0,0
362012,2,1,1990,0,0,0,0,0,0,0,0,0,0
362013,0,1,1990,17,17,17,17,17,17,17,17,17,17
362013,1,1,1990,25,0,0,0,12,0,0,0,0,0
362014,1,1,1990,20,20,20,20,20,20,20,20,20,20
362015,0,1,1990,16,16,16,16,16,16,16,16,16,16
362015,1,1,1990,0,0,0,0,9,0,0,0,0,0
362016,0,1,1990,0,0,0,0,0,0,0,0,0,0
362016,1,1,1990,0,0,11,0,0,0,17,0,13,0
362017,1,1,1990,0,0,0,0,0,0,0,0,0,0
362018,0,1,1990,0,0,0,0,0,0,0,0,21,0
362018,1,1,1990,23,0,23,0,20,20,0,0,18,18
362019,1,1,1990,0,0,0,0,0,0,0,0,0,0
362020,0,1,1990,0,0,0,0,0,0,0,0,0,0
362020,1,1,1990,0,0,0,0,0,0,0,0,0,0
362021,1,1,1990,0,16,9,0,0,0,0,0,0,11
362022,1,1,1990,0,0,16,0,0,0,0,0,0,22
362023,1,1,1990,25,12,2,26,20,19,23,0,17,7
362023,2,1,1990,0,0,0,0,0,0,0,0,0,0
362024,1,1,1990,14,14,14,14,14,14,14,14,14,14
362025,1,1,1990,0,0,0,0,0,0,0,0,0,0
362025,2,1,1990,18,0,0,0,0,0,0,0,0,0
362026,1,1,1990,0,0,0,0,0,0,0,0,0,0
362027,0,1,1990,1,1,1,1,1,1,1,1,1,1
362027,1,1,1990,11,13,0,0,0,0,0,21,0,0
362028,0,1,1990,17,21,15,13,16,10,18,0,17,14
362028,1,1,1990,0,0,0,0,0,0,0,0,0,0
362029,0,1,1990,0,0,0,0,0,0,0,0,0,0
362029,1,1,1990,0,19,0,0,0,0,0,0,0,0
362030,0,1,1990,0,0,0,0,0,0,0,0,0,0
362030,1,1,1990,0,0,0,0,0,0,0,0,0,0
362031,0,1,1990,0,0,0,0,0,0,0,0,0,0
362031,1,1,1990,0,0,0,0,0,0,0,0,0,0
362032,0,1,1990,0,0,21,0,14,19,0,0,0,0
362032,1,1,1990,0,0,0,0,0,0,30,0,0,0
362033,1,1,1990,27,0,28,20,24,13,19,0,14,21
362034,0,1,1990,0,0,0,0,0,0,0,0,0,0
362034,1,1,1990,0,13,15,18,0,26,7,0,0,9
362035,1,1,1990,0,0,0,0,17,0,0,0,0,0
362035,2,1,1990,0,0,13,0,12,0,0,0,0,22
362036,1,1,1990,28,0,0,9,0,0,0,18,0,17
362036,2,1,1990,0,0,0,0,0,0,0,0,0,0
362037,0,1,1990,0,0,0,0,0,0,0,0,0,0
362037,1,1,1990,0,0,0,0,0,0,0,0,0,0
362038,1,1,1990,19,19,19,19,19,19,19,19,19,19
362038,2,1,1990,11,0,0,8,0,16,0,0,0,17
362039,0,1,1990,0,0,0,0,0,0,0,0,0,0
362039,1,1,1990,0,0,0,0,0,0,0,0,0,0
362040,1,1,1990,0,0,0,0,0,0,14,0,0,0
362041,1,1,1990,0,0,0,0,0,0,0,0,0,0
362042,1,1,1990,18,18,18,18,18,18,18,18,18,18
362043,0,1,1990,0,0,0,0,0,0,0,0,0,0
362043,1,1,1990,0,0,0,0,0,0,0,0,0,0
362045,0,1,1990,9,0,0,0,0,0,0,4,0,0
362045,1,1,1990,0,0,0,0,0,0,0,0,0,0
362046,1,1,1990,0,0,15,0,0,0,0,0,0,0
362046,2,1,1990,0,0,0,0,0,0,0,0,0,0
362047,0,1,1990,0,0,0,0,0,0,0,0,0,0
362047,1,1,1990,0,0,0,0,0,0,0,0,0,0
362048,0,1,1990,0,0,0,0,0,0,0,0,0,0
362048,1,1,1990,0,0,0,0,0,0,0,0,0,0
362049,0,1,1990,0,0,0,0,0,0,0,0,0,0
362049,1,1,1990,0,0,0,0,0,0,0,0,0,0
362050,1,1,1990,0,0,0,0,0,0,0,0,0,0
362050,2,1,1990,0,0,0,0,0,0,0,0,0,0
362051,1,1,1990,0,0,31,15,0,0,23,0,0,0
362052,1,1,1990,0,0,0,0,0,0,0,0,0,0
362052,2,1,1990,0,0,0,0,0,0,0,0,0,0
362053,0,1,1990,0,0,0,0,0,0,0,0,0,0
362053,1,1,1990,0,0,0,0,0,0,0,0,0,0
362054,1,1,1990,8,0,0,0,0,0,0,0,0,0
362054,2,1,1990,0,0,0,0,0,0,0,0,0,0
362055,1,1,1990,0,0,0,0,0,11,0,0,0,0
362055,2,1,1990,0,0,0,0,0,0,0,0,0,0
362056,1,1,1990,0,0,0,0,0,0,0,0,0,0
362056,2,1,1990,13,13,22,0,0,18,0,14,0,8
362057,1,1,1990,0,0,0,0,0,0,0,0,0,0
362058,1,1,1990,0,0,0,0,0,0,0,0,0,0
362058,2,1,1990,0,0,0,0,0,0,0,0,0,0
362058,3,1,1990,0,0,0,0,0,0,0,0,0,0
362059,0,1,1990,0,0,0,0,0,0,0,0,0,0
362059,1,1,1990,0,0,0,0,0,0,0,0,0,0
362060,0,1,1990,0,0,0,0,0,0,0,0,0,0
362060,1,1,1990,0,0,0,0,0,0,0,0,0,0
362061,1,1,1990,0,0,0,0,0,0,0,0,0,0
362061,2,1,1990,18,15,10,13,17,3,30,19,21,23
362062,1,1,1990,0,0,0,0,0,0,0,15,0,0
362063,0,1,1990,8,8,8,8,8,8,8,8,8,8
362063,1,1,1990,0,0,0,0,0,33,0,29,5,15
362063,2,1,1990,0,18,0,0,0,0,0,14,11,17
362064,1,1,1990,0,0,0,0,0,0,0,0,0,0
362064,2,1,1990,0,0,0,0,0,0,0,0,0,0
362065,1,1,1990,0,23,0,0,0,0,0,0,0,0
362065,2,1,1990,27,11,7,0,0,11,7,0,30,0
362066,1,1,1990,0,0,0,14,0,0,0,0,0,0
362066,2,1,1990,0,0,0,0,0,0,0,0,0,0
362067,0,1,1990,0,19,9,30,12,8,0,0,0,0
362067,0,2,1990,0,0,0,0,0,0,0,0,0,0
362067,1,1,1990,0,0,0,0,0,0,0,0,0,0
362067,2,1,1990,0,0,0,0,0,0,0,0,0,0
362068,1,1,1990,0,0,0,0,0,0,0,0,0,0
362068,2,1,1990,0,0,0,0,0,0,0,0,0,10
362069,0,1,1990,6,0,27,19,0,25,21,29,0,14
362069,1,1,1990,0,0,0,29,12,24,0,0,8,20
362070,0,1,1990,0,0,0,0,0,0,0,0,0,0
362070,1,1,1990,0,0,0,0,0,0,0,10,0,0
362071,0,1,1990,0,0,0,0,0,0,0,0,0,0
362071,1,1,1990,0,0,0,0,0,0,0,0,0,0
362072,0,1,1990,0,0,0,0,0,0,0,0,0,0
362072,1,1,1990,0,0,0,0,0,0,0,0,0,0
362073,0,1,1990,10,10,10,10,10,10,10,10,10,10
362073,1,1,1990,0,0,0,0,0,0,11,0,0,0
362074,0,1,1990,0,0,15,0,12,0,25,18,0,17
362074,0,2,1990,14,48,18,23,26,26,0,3,13,14
362074,1,1,1990,18,25,21,0,0,20,0,0,9,4
362075,0,1,1990,2,2,2,2,2,2,2,2,2,2
362075,1,1,1990,7,5,0,4,0,0,10,10,10,9
362076,1,1,1990,0,0,0,0,0,0,0,0,0,0
362077,1,1,1990,0,0,0,0,0,0,0,0,0,0
362077,2,1,1990,0,17,0,0,13,0,0,0,19,0
362078,2,1,1990,0,0,0,0,0,0,0,0,0,0
362078,3,1,1990,0,0,0,0,0,0,0,0,0,17
362078,4,1,1990,0,0,0,0,0,0,0,0,0,0
362079,1,1,1990,0,0,7,0,0,0,0,0,0,0
362079,2,1,1990,0,0,0,0,0,0,0,0,0,0
362080,0,1,1990,0,0,0,0,37,0,0,0,0,0
362080,1,1,1990,0,0,9,0,6,24,0,0,4,19
370001,1,1,1990,18,18,18,18,18,18,18,18,18,18
370001,2,1,1990,0,0,0,0,0,0,0,0,12,0
370002,0,1,1990,0,0,0,0,0,0,0,0,0,0
370002,1,1,1990,0,0,0,0,0,0,0,14,0,0
370003,0,1,1990,41,41,41,41,41,41,41,41,41,41
370003,1,1,1990,0,0,0,0,0,0,0,0,0,0
370004,1,1,1990,0,0,0,0,0,0,0,0,0,0
370004,2,1,1990,0,0,0,0,0,0,0,0,0,0
370005,1,1,1990,0,0,0,0,0,0,0,0,0,0
370005,2,1,1990,11,0,8,10,0,6,0,7,10,8
370006,1,1,1990,26,26,26,26,26,26,26,26,26,26
370007,0,1,1990,10,17,0,14,14,0,0,28,0,27
370007,1,1,1990,19,19,19,19,19,19,19,19,19,19
370008,0,1,1990,0,0,0,0,0,0,0,0,0,0
370008,1,1,1990,0,0,0,0,0,0,0,0,0,0
370008,2,1,1990,0,0,0,0,0,0,0,0,0,0
370009,1,1,1990,0,0,0,0,0,0,0,0,0,0
370010,1,1,1990,0,0,0,0,0,0,0,0,0,0
370010,2,1,1990,0,0,0,13,0,0,0,15,0,0
370010,3,1,1990,0,0,0,0,0,0,0,0,17,0
370011,0,1,1990,0,0,0,0,0,0,0,0,0,0
370011,1,1,1990,0,13,0,0,0,0,0,0,0,0
370012,1,1,1990,0,0,0,0,0,0,0,0,0,0
370012,2,1,1990,0,0,0,0,0,0,0,0,0,0
370013,1,1,1990,0,0,0,0,0,0,0,0,0,0
370014,1,1,1990,0,0,0,0,0,0,0,0,0,0
370015,1,1,1990,0,0,0,0,0,0,0,0,0,0
370015,2,1,1990,0,0,0,0,0,0,0,0,0,0
370016,0,1,1990,0,0,0,0,16,0,0,0,0,0
370016,1,1,1990,0,0,0,0,17,0,0,0,0,0
370018,1,1,1990,0,0,0,0,0,0,0,0,0,0
370018,2,1,1990,0,0,0,0,0,0,0,0,0,0
370019,1,1,1990,0,0,0,0,0,0,0,0,0,0
370019,2,1,1990,0,0,0,0,0,0,0,0,0,0
370019,3,1,1990,0,0,0,0,0,0,0,0,0,0
370019,4,1,1990,0,0,0,0,0,0,0,0,0,0
370020,1,1,1990,0,0,0,0,0,0,0,0,0,0
370020,2,1,1990,0,0,0,0,0,0,0,0,0,0
370021,1,1,1990,0,0,0,0,0,0,0,0,0,0
370021,2,1,1990,0,0,0,0,0,0,0,0,0,0
370021,3,1,1990,0,0,0,0,0,0,0,0,0,0
370022,1,1,1990,0,0,0,0,0,0,0,0,0,0
370022,2,1,1990,0,0,0,0,0,0,18,0,0,0
370023,0,1,1990,41,41,41,41,41,41,41,41,41,41
370023,1,1,1990,0,0,0,0,0,0,0,0,0,0
370024,1,1,1990,36,36,36,36,36,36,36,36,36,36
370025,1,1,1990,15,15,15,15,15,15,15,15,15,15
370026,1,1,1990,0,0,0,0,0,0,0,0,0,0
370026,2,1,1990,0,9,0,0,0,0,0,0,0,0
370026,3,1,1990,0,0,0,0,0,0,0,0,0,12
370027,1,1,1990,0,0,0,0,0,0,0,0,0,0
370027,2,1,1990,10,0,17,0,0,0,0,0,0,0
370028,1,1,1990,0,0,0,0,0,0,0,0,0,0
370028,2,1,1990,0,0,0,0,0,0,0,0,0,0
370029,1,1,1990,27,2,29,23,28,14,20,12,17,4
370030,0,1,1990,0,0,0,0,0,0,0,0,0,0
370030,1,1,1990,0,0,0,0,0,0,0,0,0,0
370031,1,1,1990,0,0,0,0,0,0,0,0,0,0
370031,2,1,1990,0,0,0,0,0,0,6,0,0,0
370033,1,1,1990,0,0,0,0,0,0,0,0,0,0
370033,2,1,1990,0,0,16,19,0,0,9,16,23,0
370034,1,1,1990,0,0,0,0,0,0,0,0,0,0
370034,2,1,1990,3,0,0,0,0,0,0,0,0,0
370035,1,1,1990,0,0,0,16,0,0,0,0,0,0
370036,1,1,1990,0,0,0,0,0,0,0,0,0,0
370036,2,1,1990,0,0,0,0,0,0,0,0,0,0
370037,1,1,1990,0,0,0,0,0,0,0,0,0,0
370037,2,1,1990,0,0,0,0,0,0,0,0,0,0
370038,1,1,1990,0,0,0,0,0,0,0,0,0,0
370038,2,1,1990,0,0,0,0,0,0,0,0,0,0
370039,1,1,1990,10,20,19,5,12,25,6,20,13,13
370039,2,1,1990,0,0,0,0,14,0,0,0,0,0
370040,1,1,1990,0,0,0,0,0,0,0,0,0,0
370040,2,1,1990,0,0,0,0,0,0,0,0,0,0
370041,1,1,1990,0,0,0,0,0,0,0,0,0,5
370041,2,1,1990,0,0,0,0,0,0,0,0,0,0
370042,1,1,1990,0,0,0,0,0,0,0,0,0,0
370042,2,1,1990,0,0,0,0,0,0,0,0,0,0
370043,1,1,1990,0,0,0,0,0,0,0,0,0,0
370043,2,1,1990,0,0,0,0,0,0,0,0,0,0
370044,1,1,1990,0,0,0,0,0,0,0,0,0,0
370044,2,1,1990,0,0,0,0,0,0,0,0,0,0
370045,1,1,1990,5,18,29,19,12,8,26,14,12,8
370046,0,1,1990,23,15,48,25,11,11,14,10,24,17
370046,1,1,1990,0,0,0,0,0,0,0,0,0,0
370047,1,1,1990,0,0,0,0,0,0,0,0,0,0
370048,1,1,1990,0,0,0,0,0,0,0,0,0,0
370048,2,1,1990,0,0,0,0,0,0,0,0,0,7
370049,1,1,1990,5,18,11,20,19,36,21,4,9,12
370050,0,1,1990,35,35,35,35,35,35,35,35,35,35
370050,1,1,1990,0,0,0,0,0,0,0,0,0,0
370051,1,1,1990,0,0,0,0,0,0,0,0,0,0
370051,2,1,1990,20,20,20,20,20,20,20,20,20,20
370052,1,1,1990,22,20,7,31,16,17,12,18,14,27
370053,1,1,1990,18,18,18,18,18,18,18,18,18,18
370054,1,1,1990,26,26,26,26,26,26,26,26,26,26
370055,1,1,1990,0,0,0,0,0,0,0,0,0,0
370055,2,1,1990,0,0,0,13,14,0,0,18,0,0
370056,1,1,1990,0,0,0,0,0,0,0,0,0,0
370056,2,1,1990,21,21,21,21,21,21,21,21,21,21
370057,0,1,1990,33,33,33,33,33,33,33,33,33,33
370057,1,1,1990,0,0,0,0,0,0,0,0,0,0
370058,1,1,1990,0,0,0,0,0,0,0,0,0,0
370058,2,1,1990,0,0,0,0,0,0,0,0,0,0
370058,3,1,1990,0,0,0,0,0,0,0,0,0,0
370059,1,1,1990,22,22,22,22,22,22,22,22,22,22
370059,2,1,1990,0,0,0,0,0,0,0,0,0,0
370059,3,1,1990,0,0,0,0,7,0,0,0,0,0
370060,1,1,1990,0,0,0,0,0,0,0,0,0,0
370061,1,1,1990,0,0,0,0,0,0,0,0,0,0
370061,2,1,1990,0,0,0,0,0,0,0,0,0,0
370062,1,1,1990,0,0,0,0,0,0,0,0,0,0
370062,2,1,1990,0,0,0,0,0,0,0,0,0,0
370063,1,1,1990,0,0,0,0,0,0,0,0,0,0
370064,1,1,1990,0,0,0,0,0,0,0,0,0,0
370064,2,1,1990,0,0,0,0,0,0,0,0,0,0
370065,1,1,1990,0,0,0,0,0,0,5,0,0,0
370065,2,1,1990,7,0,0,0,7,0,10,0,0,0
370066,1,1,1990,0,0,0,0,0,29,0,0,0,12
370066,2,1,1990,0,0,0,0,0,0,0,0,0,0
370066,3,1,1990,0,0,0,0,0,0,0,0,0,0
370066,4,1,1990,17,19,12,13,20,16,15,12,6,14
370067,1,1,1990,0,0,0,0,0,0,0,0,0,0
370068,1,1,1990,16,5,33,13,18,26,13,12,16,12
370068,2,1,1990,18,3,11,4,8,0,17,9,11,10
370069,1,1,1990,0,0,0,0,0,0,0,0,0,0
370069,2,1,1990,24,24,24,24,24,24,24,24,24,24
370070,1,1,1990,15,10,15,21,12,10,9,9,19,0
370070,2,1,1990,0,0,4,0,0,0,0,0,10,0
370071,1,1,1990,0,0,0,0,0,0,0,0,0,0
370071,2,1,1990,0,0,0,0,0,0,0,0,0,0
370072,1,1,1990,0,0,0,0,0,0,0,0,0,0
370072,2,1,1990,0,0,0,0,0,9,0,0,0,0
370073,1,1,1990,0,0,0,0,0,0,0,0,0,5
370073,2,1,1990,0,0,0,0,0,0,0,0,0,0