ST_CASE,VEH_NO,PER_NO,YEAR,P1,P2,P3,P4,P5,P6,P7,P8,P9,P10
370339,1,1,1990,0,0,0,0,0,0,0,0,0,0
370340,1,1,1990,11,11,11,11,11,11,11,11,11,11
370341,1,1,1990,22,22,22,22,22,22,22,22,22,22
370342,1,1,1990,0,0,0,0,0,0,0,0,0,0
370342,2,1,1990,24,12,18,9,0,8,7,14,18,14
370343,1,1,1990,16,16,16,16,16,16,16,16,16,16
370344,1,1,1990,0,0,0,0,0,0,0,0,0,0
370345,1,1,1990,8,12,0,0,10,13,15,13,17,14
370345,2,1,1990,0,0,0,0,0,0,0,0,0,0
370346,1,1,1990,15,15,15,15,15,15,15,15,15,15
370347,0,1,1990,33,33,33,33,33,33,33,33,33,33
370347,1,1,1990,0,0,0,0,31,0,0,0,0,0
370348,1,1,1990,0,0,0,0,0,0,0,0,0,0
370348,2,1,1990,10,10,10,10,10,10,10,10,10,10
370349,1,1,1990,0,0,0,0,0,0,0,0,0,0
370350,1,1,1990,17,27,42,19,13,20,12,13,6,15
370351,1,1,1990,10,10,10,10,10,10,10,10,10,10
370352,1,1,1990,21,21,21,21,21,21,21,21,21,21
370353,0,1,1990,0,0,0,0,0,0,0,0,0,0
370353,1,1,1990,0,0,0,0,0,0,0,0,0,0
370354,1,1,1990,0,0,0,0,0,0,0,0,0,0
370355,1,1,1990,0,0,0,0,0,0,0,0,0,0
370355,2,1,1990,0,12,40,19,8,30,29,19,20,18
370356,0,1,1990,26,26,26,26,26,26,26,26,26,26
370356,1,1,1990,14,9,0,12,9,0,0,24,0,15
370357,1,1,1990,0,0,0,10,0,0,0,30,0,0
370358,1,1,1990,0,0,21,0,0,0,0,0,0,0
370358,2,1,1990,10,0,0,0,0,0,0,0,0,0
370359,1,1,1990,0,0,0,0,0,0,0,0,0,0
370360,1,1,1990,11,24,11,18,23,5,30,30,15,22
370361,1,1,1990,0,0,0,0,0,0,0,0,0,0
370362,0,1,1990,26,26,26,26,26,26,26,26,26,26
370362,1,1,1990,0,0,0,0,0,0,25,0,0,0
370363,1,1,1990,20,20,20,20,20,20,20,20,20,20
370364,0,1,1990,18,18,18,18,18,18,18,18,18,18
370364,1,1,1990,0,0,0,0,0,0,0,0,0,0
370365,1,1,1990,0,0,0,0,0,0,0,0,0,0
370365,2,1,1990,0,0,0,0,0,0,0,0,0,0
370366,1,1,1990,0,0,0,0,0,0,0,0,0,0
370367,1,1,1990,0,0,0,0,0,0,0,0,0,0
370367,2,1,1990,0,0,0,0,0,0,0,0,0,0
370368,1,1,1990,16,16,5,0,10,17,0,18,12,9
370368,2,1,1990,0,0,0,0,0,0,0,0,0,0
370369,1,1,1990,17,17,17,17,17,17,17,17,17,17
370370,1,1,1990,0,0,0,0,0,0,0,0,0,0
370370,2,1,1990,0,0,0,0,0,0,0,0,0,0
370371,0,1,1990,0,0,0,0,0,0,0,0,0,0
370371,1,1,1990,0,0,0,0,0,0,0,0,0,0
370372,1,1,1990,0,0,0,0,0,0,0,0,0,0
370373,1,1,1990,0,0,4,0,0,0,0,0,0,0
370373,2,1,1990,0,0,0,0,0,0,11,21,0,22
370374,1,1,1990,0,0,0,25,0,13,0,0,0,0
370374,2,1,1990,0,0,0,0,0,0,0,0,0,0
370375,1,1,1990,12,0,0,0,0,0,0,0,0,0
370376,1,1,1990,20,20,20,20,20,20,20,20,20,20
370377,1,1,1990,14,14,14,14,14,14,14,14,14,14
370378,0,1,1990,0,0,0,0,0,0,0,0,0,0
370378,1,1,1990,0,0,0,0,0,0,0,0,0,0
370379,1,1,1990,0,0,0,0,0,0,0,0,0,0
370379,2,1,1990,9,0,11,8,0,13,10,9,13,0
370380,1,1,1990,0,0,0,0,0,0,0,0,0,0
370380,2,1,1990,0,0,0,0,0,0,0,0,0,0
370381,1,1,1990,0,0,0,0,0,0,0,0,0,0
370382,1,1,1990,0,10,0,16,0,0,18,0,0,0
370382,2,1,1990,0,0,0,0,0,0,0,0,0,0
370382,3,1,1990,0,19,0,0,0,0,0,0,0,0
370383,1,1,1990,19,19,13,39,25,21,8,6,27,23
370383,2,1,1990,0,0,0,0,0,0,0,0,0,0
370384,1,1,1990,0,0,0,0,0,0,0,0,0,3
370384,2,1,1990,0,0,0,0,0,0,0,0,0,0
370385,1,1,1990,0,0,0,0,0,0,0,0,0,0
370385,2,1,1990,0,0,0,0,0,0,0,0,0,0
370385,3,1,1990,0,0,0,0,0,0,0,0,0,0
370386,1,1,1990,39,18,18,23,18,7,16,26,26,22
370387,1,1,1990,0,0,0,0,0,0,0,0,0,0
370387,2,1,1990,0,0,0,0,0,0,0,0,0,0
370388,1,1,1990,16,16,16,16,16,16,16,16,16,16
370389,1,1,1990,0,0,0,0,0,0,0,0,0,0
370390,1,1,1990,0,0,0,0,0,0,0,0,0,0
370391,0,1,1990,0,0,0,0,0,0,0,0,0,0
370391,1,1,1990,16,0,0,0,0,0,0,0,0,0
370392,1,1,1990,0,0,0,0,0,0,0,0,0,0
370392,2,1,1990,0,0,0,0,0,0,0,0,0,0
370393,1,1,1990,0,0,0,0,0,0,0,0,0,0
370394,1,1,1990,0,0,0,0,0,0,0,0,0,0
370394,2,1,1990,0,25,0,0,0,0,0,0,0,0
370394,3,1,1990,0,0,0,0,0,0,0,0,0,0
370395,0,1,1990,0,0,0,0,0,0,0,0,0,0
370395,1,1,1990,16,13,18,4,16,9,6,7,11,8
370396,1,1,1990,0,0,0,0,0,0,0,0,0,0
370397,1,1,1990,21,21,21,21,21,21,21,21,21,21
370398,1,1,1990,10,26,11,23,24,8,18,18,28,9
370399,1,1,1990,12,17,16,9,24,15,16,16,24,0
370400,0,1,1990,0,0,0,0,0,0,30,0,0,0
370400,1,1,1990,0,0,0,0,0,0,0,0,0,0
370401,0,1,1990,0,0,0,0,0,0,0,0,0,0
370401,1,1,1990,0,0,0,0,0,0,0,0,0,0
370402,1,1,1990,22,22,22,22,22,22,22,22,22,22
370403,1,1,1990,0,0,0,0,0,0,0,0,0,0
370404,1,1,1990,9,9,9,9,9,9,9,9,9,9
370404,2,1,1990,0,0,0,0,0,0,0,0,0,0
370405,1,1,1990,16,0,0,16,0,16,0,12,5,0
370406,1,1,1990,0,0,0,15,0,0,0,0,0,0
370406,2,1,1990,0,0,0,0,0,0,0,0,0,0
370407,1,1,1990,0,0,0,0,0,0,0,0,0,0
370408,0,1,1990,19,19,19,19,19,19,19,19,19,19
370408,1,1,1990,0,0,14,16,16,21,17,23,0,0
370409,1,1,1990,0,0,0,0,0,0,0,0,0,0
370409,2,1,1990,0,0,0,0,0,0,0,0,0,0
370410,1,1,1990,0,0,0,0,0,0,0,0,0,0
370410,2,1,1990,0,0,0,0,0,0,0,0,0,0
370411,1,1,1990,0,0,0,0,0,0,0,0,0,0
370411,2,1,1990,0,0,0,0,0,0,0,0,0,0
370412,1,1,1990,22,22,22,22,22,22,22,22,22,22
370413,1,1,1990,21,11,6,16,33,17,9,17,18,27
370414,1,1,1990,13,13,13,13,13,13,13,13,13,13
370415,1,1,1990,17,17,17,17,17,17,17,17,17,17
370417,1,1,1990,11,11,11,11,11,11,11,11,11,11
370418,1,1,1990,0,0,0,0,0,0,0,0,0,0
370418,2,1,1990,0,0,0,0,0,0,0,0,0,0
370418,3,1,1990,0,0,0,0,0,0,0,0,0,0
370419,1,1,1990,0,0,0,0,0,0,0,0,0,0
370420,1,1,1990,20,20,20,20,20,20,20,20,20,20
370421,1,1,1990,0,0,0,0,0,0,0,0,0,0
370422,1,1,1990,0,0,0,0,0,0,0,0,0,0
370422,2,1,1990,0,0,0,0,0,0,0,0,0,0
370423,1,1,1990,0,0,0,0,0,0,0,0,0,0
370423,2,1,1990,0,0,0,0,0,0,0,0,0,19
370424,1,1,1990,19,17,19,7,11,29,0,7,29,11
370424,2,1,1990,0,0,0,0,0,0,0,0,0,0
370425,1,1,1990,0,0,0,0,0,0,0,0,0,0
370426,1,1,1990,9,9,9,9,9,9,9,9,9,9
370427,0,1,1990,0,0,0,0,0,0,0,0,0,0
370427,1,1,1990,0,0,0,0,0,0,0,0,0,0
370428,1,1,1990,0,23,2,0,14,12,6,6,32,0
370429,0,1,1990,21,21,21,21,21,21,21,21,21,21
370429,1,1,1990,0,0,0,0,0,0,0,0,0,0
370430,1,1,1990,0,0,0,0,0,0,0,0,0,0
370431,1,1,1990,0,0,0,0,0,0,0,0,0,0
370431,2,1,1990,0,11,9,0,0,2,22,3,0,0
370432,1,1,1990,0,0,4,0,0,0,0,0,18,0
370432,2,1,1990,0,0,0,0,0,0,0,0,0,0
370433,1,1,1990,20,20,20,20,20,20,20,20,20,20
370433,2,1,1990,0,0,0,0,0,0,0,0,0,0
370434,1,1,1990,0,0,0,0,0,0,0,0,0,0
370434,2,1,1990,0,0,0,0,5,15,0,0,0,3
370435,1,1,1990,0,0,0,0,0,0,0,0,0,0
370435,2,1,1990,0,0,0,0,0,0,0,0,0,0
370436,1,1,1990,0,0,0,0,0,0,0,0,0,0
370436,2,1,1990,0,0,0,0,0,0,0,0,0,0
370437,1,1,1990,20,20,20,20,20,20,20,20,20,20
370438,1,1,1990,22,22,22,22,22,22,22,22,22,22
370439,1,1,1990,0,0,0,0,0,0,0,0,0,0
370439,2,1,1990,0,0,0,0,0,0,0,0,0,0
370440,0,1,1990,9,0,26,21,0,12,32,0,0,36
370440,1,1,1990,0,8,0,12,0,0,15,0,0,16
370441,1,1,1990,18,0,0,0,10,0,0,0,7,0
370441,2,1,1990,0,0,0,0,0,0,0,0,0,0
370441,3,1,1990,0,24,0,0,0,0,0,0,0,0
370441,4,1,1990,6,19,20,22,14,21,16,24,7,7
370442,1,1,1990,21,21,21,21,21,21,21,21,21,21
370443,0,1,1990,0,0,0,0,0,0,0,0,0,0
370443,1,1,1990,0,0,0,0,0,0,0,0,0,0
370444,1,1,1990,24,24,24,24,24,24,24,24,24,24
370445,1,1,1990,7,7,7,7,7,7,7,7,7,7
370446,1,1,1990,0,0,0,0,0,0,0,0,0,0
370446,2,1,1990,0,0,0,0,0,0,0,0,0,0
370446,3,1,1990,0,0,0,0,0,0,0,0,0,0
370447,1,1,1990,8,8,8,8,8,8,8,8,8,8
370448,1,1,1990,14,14,14,14,14,14,14,14,14,14
370449,1,1,1990,26,26,26,26,26,26,26,26,26,26
370450,1,1,1990,0,0,0,0,0,0,0,0,0,0
370450,2,1,1990,11,11,11,11,11,11,11,11,11,11
370451,1,1,1990,24,24,24,24,24,24,24,24,24,24
370452,1,1,1990,0,0,0,0,0,0,0,0,0,0
370452,2,1,1990,0,0,26,19,13,20,0,0,24,17
370453,1,1,1990,0,0,0,0,0,0,0,0,0,0
370453,2,1,1990,0,0,0,0,0,0,0,0,0,0
370454,1,1,1990,9,9,9,9,9,9,9,9,9,9
370454,2,1,1990,0,0,0,0,0,9,0,0,0,0
370455,0,1,1990,0,0,0,0,0,0,0,0,0,0
370455,1,1,1990,16,45,12,28,36,33,23,12,12,6
370456,1,1,1990,18,18,18,18,18,18,18,18,18,18
370457,1,1,1990,36,36,36,36,36,36,36,36,36,36
370458,1,1,1990,0,0,0,0,0,0,0,0,0,0
370458,2,1,1990,0,0,0,0,0,0,0,0,0,0
370459,1,1,1990,17,16,5,21,0,32,10,0,12,0
370461,1,1,1990,0,0,0,0,0,0,0,0,0,0
370461,2,1,1990,0,0,0,0,0,0,0,0,0,0
370462,1,1,1990,0,0,0,0,0,0,0,0,0,0
370462,2,1,1990,0,0,0,0,0,0,0,0,0,0
370463,1,1,1990,19,19,19,19,19,19,19,19,19,19
370463,2,1,1990,0,0,0,0,15,0,0,0,0,0
370464,1,1,1990,0,0,0,0,0,0,0,0,0,0
370465,0,1,1990,9,9,9,9,9,9,9,9,9,9
370465,1,1,1990,0,13,0,0,4,11,0,13,0,0
370465,2,1,1990,0,0,0,0,0,19,0,0,0,0
370466,1,1,1990,0,0,0,0,0,0,0,0,0,0
370466,2,1,1990,0,0,0,0,7,0,0,0,0,0
370467,1,1,1990,16,16,16,16,16,16,16,16,16,16
370468,1,1,1990,0,0,0,0,0,0,0,0,0,0
370469,1,1,1990,0,0,0,0,0,0,0,0,0,0
370470,1,1,1990,0,0,0,0,0,0,0,0,0,0
370471,1,1,1990,0,0,0,0,12,0,0,0,0,0
370471,2,1,1990,0,0,0,0,0,0,0,0,0,0
370472,1,1,1990,23,23,23,23,23,23,23,23,23,23
370473,0,1,1990,0,0,0,0,0,0,0,0,0,0
370473,1,1,1990,0,0,0,0,20,0,0,10,0,0
370474,1,1,1990,0,0,0,0,0,0,0,0,0,0
370474,2,1,1990,0,0,0,0,0,0,0,0,0,0
370474,3,1,1990,0,0,0,0,0,0,0,0,0,0
370474,4,1,1990,0,0,0,0,0,0,0,0,0,0
370475,1,1,1990,4,4,4,4,4,4,4,4,4,4
370475,2,1,1990,0,0,0,0,0,0,0,0,0,0
370476,1,1,1990,11,17,24,19,7,28,15,12,25,30
370477,0,1,1990,0,0,0,0,0,0,0,0,0,0
370477,1,1,1990,0,0,0,0,0,0,0,0,0,0
370478,1,1,1990,14,30,25,14,16,21,0,18,22,11
370479,0,1,1990,0,0,0,0,0,0,0,0,0,0
370479,0,2,1990,23,15,15,0,22,0,11,14,0,0
370479,0,3,1990,20,32,18,25,12,0,0,23,44,0
370479,1,1,1990,0,0,0,0,0,8,0,0,0,0
370480,1,1,1990,0,0,0,0,0,0,0,0,0,0
370480,2,1,1990,14,0,4,30,10,18,8,10,3,12
370481,1,1,1990,0,0,0,0,0,0,0,0,0,0
370482,1,1,1990,3,3,3,3,3,3,3,3,3,3
370483,0,1,1990,0,0,0,0,0,0,0,0,0,0
370483,0,2,1990,0,0,0,0,0,0,30,0,0,0
370483,1,1,1990,0,0,0,0,22,0,0,0,0,0
370484,1,1,1990,0,0,0,0,0,0,0,0,0,0
370484,2,1,1990,0,0,0,0,0,0,0,0,0,0
370485,1,1,1990,0,0,0,0,0,0,0,0,0,0
370485,2,1,1990,0,0,0,0,0,0,0,0,0,0
370486,1,1,1990,0,0,5,0,0,21,0,0,0,0
370486,2,1,1990,0,0,0,0,0,0,0,0,0,0
370487,0,1,1990,0,0,0,0,0,0,0,0,0,0
370487,1,1,1990,0,0,0,0,0,0,0,0,0,0
370488,1,1,1990,19,18,40,14,20,31,21,21,28,38
370489,1,1,1990,22,22,22,22,22,22,22,22,22,22
370490,1,1,1990,9,9,9,9,9,9,9,9,9,9
370491,1,1,1990,0,0,0,0,0,0,0,0,0,0
370492,1,1,1990,14,14,14,14,14,14,14,14,14,14
370492,2,1,1990,0,0,0,0,0,0,0,0,8,0
370493,1,1,1990,0,0,0,0,0,0,0,0,0,0
370493,2,1,1990,0,0,0,0,0,0,0,0,0,0
370494,0,1,1990,0,0,0,0,0,0,0,0,0,0
370494,1,1,1990,0,0,0,0,0,0,0,0,0,0
370495,1,1,1990,0,0,0,0,0,0,0,18,0,0
370495,2,1,1990,0,0,0,0,0,0,0,0,0,0
370496,0,1,1990,24,24,24,24,24,24,24,24,24,24
370496,1,1,1990,0,0,0,0,0,0,0,0,0,0
370497,0,1,1990,0,0,0,0,0,0,0,0,0,0
370497,1,1,1990,19,28,11,18,21,9,12,0,7,17
370498,1,1,1990,22,22,22,22,22,22,22,22,22,22
370499,1,1,1990,28,24,9,15,4,9,21,3,21,19
370500,1,1,1990,18,18,18,18,18,18,18,18,18,18
370501,1,1,1990,44,44,44,44,44,44,44,44,44,44
370502,1,1,1990,0,0,0,0,0,0,0,0,0,0
370502,2,1,1990,0,0,0,0,0,0,0,0,0,0
370502,3,1,1990,0,0,0,0,0,0,0,0,0,0
370503,0,1,1990,0,0,0,0,0,0,0,0,0,0
370503,1,1,1990,24,18,19,14,21,10,22,6,21,0
370504,1,1,1990,26,0,18,0,11,17,31,0,0,15
370505,1,1,1990,14,14,14,14,14,14,14,14,14,14
370506,1,1,1990,30,30,30,30,30,30,30,30,30,30
370507,0,1,1990,20,20,20,20,20,20,20,20,20,20
370507,1,1,1990,0,0,0,0,0,0,0,0,0,0
370508,1,1,1990,0,0,0,9,0,0,0,0,0,0
370508,2,1,1990,0,0,0,0,0,0,0,0,0,0
370509,1,1,1990,15,15,15,15,15,15,15,15,15,15
370509,2,1,1990,0,0,0,0,0,0,0,0,0,0
370510,1,1,1990,0,4,20,0,0,0,0,0,15,0
370511,0,1,1990,0,0,0,0,0,0,0,0,0,0
370511,1,1,1990,0,0,0,0,0,0,0,0,0,0
370512,1,1,1990,22,22,22,22,22,22,22,22,22,22
370513,1,1,1990,15,15,15,15,15,15,15,15,15,15
370514,0,1,1990,0,0,0,0,17,0,0,0,0,0
370514,0,2,1990,0,0,0,0,0,0,0,0,0,0
370514,1,1,1990,0,0,0,0,0,0,0,0,0,0
370515,1,1,1990,0,0,6,0,0,0,0,0,0,0
370515,2,1,1990,0,0,0,0,0,0,0,0,0,0
370516,1,1,1990,10,10,10,10,10,10,10,10,10,10
370517,1,1,1990,17,17,17,17,17,17,17,17,17,17
370518,1,1,1990,0,18,10,0,5,0,2,4,20,12
370519,1,1,1990,0,0,0,0,0,0,0,0,0,0
370519,2,1,1990,0,0,0,0,0,0,0,0,0,0
370520,1,1,1990,0,0,0,0,0,0,0,13,0,0
370520,2,1,1990,0,0,0,0,0,0,0,0,0,0
370521,1,1,1990,0,0,0,0,0,0,0,0,0,0
370521,2,1,1990,0,0,0,0,0,0,0,0,0,0
370522,1,1,1990,0,0,0,0,0,0,0,0,0,0
370522,2,1,1990,0,0,0,0,0,0,0,0,0,0
370523,1,1,1990,0,0,0,0,0,0,0,0,0,0
370523,2,1,1990,0,0,0,0,0,0,0,0,0,0
370523,3,1,1990,0,0,0,0,0,0,0,0,0,0
370524,0,1,1990,33,33,33,33,33,33,33,33,33,33
370524,0,2,1990,19,42,17,29,28,16,0,0,25,28
370524,1,1,1990,31,17,20,27,24,16,13,9,17,26
370525,1,1,1990,10,4,0,33,11,15,21,22,14,14
370526,1,1,1990,16,24,28,25,13,17,27,18,13,24
370526,2,1,1990,0,0,0,0,0,0,0,0,0,0
370527,1,1,1990,24,24,24,24,24,24,24,24,24,24
370528,1,1,1990,10,17,15,11,17,16,28,16,17,17
370528,2,1,1990,0,0,0,0,0,0,7,0,0,0
370529,1,1,1990,0,0,0,0,13,0,0,0,0,0
370529,2,1,1990,0,0,0,0,0,0,0,0,0,0
370530,1,1,1990,0,0,0,0,0,0,0,0,0,0
370530,2,1,1990,0,0,0,0,0,0,0,0,0,0
370531,1,1,1990,20,20,20,20,20,20,20,20,20,20
370532,1,1,1990,0,0,0,0,0,0,0,0,0,0
370533,1,1,1990,30,9,10,8,11,14,13,16,0,2
370533,2,1,1990,0,0,0,0,0,0,0,0,0,0
370534,0,1,1990,23,23,23,23,23,23,23,23,23,23
370534,1,1,1990,0,0,0,0,24,0,0,0,0,0
370535,1,1,1990,0,0,0,0,0,0,0,0,0,0
370536,1,1,1990,0,0,0,0,0,0,0,0,0,0
370536,2,1,1990,0,0,0,0,0,0,0,0,0,0
370537,1,1,1990,0,0,0,0,13,0,0,0,0,0
370537,2,1,1990,14,5,0,11,17,6,10,8,10,9
370538,1,1,1990,13,0,0,0,0,0,0,0,0,0
370538,2,1,1990,0,0,0,0,0,0,0,0,0,0
370539,1,1,1990,0,0,0,0,0,0,0,0,0,0
370540,0,1,1990,0,0,0,17,25,0,0,19,0,0
370540,1,1,1990,0,0,0,0,0,0,0,0,0,0
370541,1,1,1990,38,38,38,38,38,38,38,38,38,38
370542,0,1,1990,0,0,0,0,0,0,0,0,0,0
370542,1,1,1990,13,13,25,7,12,19,14,12,21,26
370543,1,1,1990,0,0,0,0,0,0,0,0,0,0
370543,2,1,1990,0,0,0,0,0,0,0,0,0,0
370544,1,1,1990,13,13,13,13,13,13,13,13,13,13
370544,2,1,1990,0,15,20,23,0,29,13,12,8,12
370545,1,1,1990,7,7,7,7,7,7,7,7,7,7
370546,1,1,1990,0,0,0,0,0,0,0,0,0,0
370547,1,1,1990,16,14,9,0,8,16,16,14,27,24
370548,1,1,1990,0,0,0,0,0,0,0,0,0,0
370548,2,1,1990,0,0,0,0,0,0,0,0,0,0
370549,1,1,1990,3,12,12,12,16,13,11,23,25,16
370550,1,1,1990,0,0,0,0,0,0,0,0,0,0
370550,2,1,1990,0,0,0,0,0,0,0,0,0,0
370551,1,1,1990,0,0,0,0,0,7,0,0,0,0
370551,2,1,1990,5,5,5,5,5,5,5,5,5,5
370552,1,1,1990,0,0,0,0,0,0,0,0,0,0
370553,0,1,1990,0,0,0,0,0,0,0,0,0,0
370553,1,1,1990,26,12,17,13,19,21,13,19,19,17
370554,1,1,1990,0,0,0,0,0,0,0,0,0,0
370554,2,1,1990,0,0,0,0,0,0,0,0,0,0
370555,1,1,1990,0,0,0,0,0,0,0,0,0,0
370555,2,1,1990,0,0,0,11,0,15,0,0,0,0
370555,3,1,1990,0,0,0,0,0,0,0,0,0,0
370555,4,1,1990,0,0,0,0,0,0,0,0,0,0
370556,1,1,1990,0,0,0,0,0,0,0,32,0,0
370556,2,1,1990,0,0,0,0,0,0,0,0,0,8
370557,1,1,1990,19,14,21,10,30,22,21,13,9,15
370557,2,1,1990,9,14,0,0,0,9,11,0,0,0
370558,0,1,1990,27,27,27,27,27,27,27,27,27,27
370558,1,1,1990,12,20,20,22,11,16,8,5,11,10
370559,1,1,1990,0,0,0,0,0,0,0,0,0,0
370559,2,1,1990,0,0,0,0,0,0,0,0,0,0
370560,1,1,1990,23,23,23,23,23,23,23,23,23,23
370561,1,1,1990,0,0,0,0,0,0,0,0,0,0
370562,1,1,1990,0,0,9,0,15,0,0,0,0,0
370562,2,1,1990,4,14,20,11,27,10,15,9,17,3
370563,1,1,1990,22,22,22,22,22,22,22,22,22,22
370564,1,1,1990,0,0,0,0,0,15,0,0,0,8
370564,2,1,1990,0,0,0,0,0,0,0,0,0,0
370565,1,1,1990,0,0,0,0,0,5,0,0,0,0
370566,1,1,1990,0,0,0,0,0,0,0,0,0,0
370566,2,1,1990,0,0,0,6,0,0,0,0,0,0
370566,3,1,1990,6,0,0,0,0,0,0,0,0,0
370567,1,1,1990,0,0,0,0,0,0,0,0,0,0
370568,1,1,1990,0,0,0,0,0,0,0,0,0,12
370568,2,1,1990,0,0,0,0,0,0,0,0,0,0
370569,1,1,1990,0,0,0,0,0,13,0,0,0,0
370569,2,1,1990,0,0,0,0,0,0,0,0,0,0
370570,0,1,1990,25,25,25,25,25,25,25,25,25,25
370570,1,1,1990,0,0,0,0,0,0,0,0,0,0
370571,1,1,1990,0,0,0,0,0,0,0,0,0,0
370571,2,1,1990,0,0,0,0,0,0,0,0,0,0
370572,1,1,1990,0,13,9,0,0,7,0,0,2,9
370573,1,1,1990,0,0,0,0,0,0,0,0,0,0
370573,2,1,1990,0,0,0,0,0,0,0,0,0,0
370574,1,1,1990,0,0,0,0,0,0,0,0,0,11
370575,1,1,1990,13,13,13,13,13,13,13,13,13,13
370576,1,1,1990,14,14,14,14,14,14,14,14,14,14
370576,2,1,1990,0,0,0,0,0,0,0,0,0,0
370577,1,1,1990,11,11,11,11,11,11,11,11,11,11
370578,1,1,1990,0,0,0,0,0,0,0,0,0,0
370578,2,1,1990,0,0,0,0,0,0,0,0,0,0
370579,0,1,1990,13,13,13,13,13,13,13,13,13,13
370579,1,1,1990,0,0,0,0,0,0,0,0,0,0
370580,1,1,1990,0,0,0,0,0,0,0,0,0,0
370580,2,1,1990,0,0,0,0,0,0,0,0,0,0
370581,1,1,1990,9,34,16,8,14,25,0,3,3,20
370582,1,1,1990,0,0,0,0,0,0,0,0,0,0
370582,2,1,1990,0,0,0,0,0,0,0,0,0,0
370583,1,1,1990,0,0,0,0,0,0,0,0,0,0
370585,0,1,1990,24,24,24,24,24,24,24,24,24,24
370585,1,1,1990,9,0,0,0,0,0,15,0,0,0
370586,1,1,1990,0,0,0,0,0,0,0,0,0,0
370586,2,1,1990,0,0,0,0,0,6,0,0,0,0
370587,1,1,1990,7,0,0,0,0,0,0,34,0,0
370587,2,1,1990,0,0,0,0,0,0,0,0,0,0
370587,3,1,1990,12,12,12,12,12,12,12,12,12,12
370588,1,1,1990,0,0,0,0,0,0,0,0,0,0
370589,1,1,1990,0,0,0,0,0,0,0,0,0,0
370589,2,1,1990,0,0,0,0,0,0,0,0,0,0
370590,1,1,1990,11,21,12,15,19,14,8,13,11,11
370590,2,1,1990,0,0,16,10,0,0,0,0,8,9
370591,1,1,1990,24,24,24,24,24,24,24,24,24,24
370592,1,1,1990,0,0,0,0,0,0,0,0,0,0
370592,2,1,1990,0,0,0,0,0,0,0,0,0,0
370593,1,1,1990,0,0,0,0,0,0,0,0,0,0
370593,2,1,1990,0,0,22,0,0,0,0,0,0,0
370594,1,1,1990,0,0,0,0,0,0,0,0,0,0
370594,2,1,1990,0,0,0,0,0,0,0,0,0,0
370595,1,1,1990,0,0,0,0,0,0,0,0,0,0
370596,1,1,1990,12,12,12,12,12,12,12,12,12,12
370597,1,1,1990,0,0,0,0,0,0,0,0,0,0
370598,1,1,1990,20,20,20,20,20,20,20,20,20,20
370599,1,1,1990,12,12,12,12,12,12,12,12,12,12
370600,1,1,1990,0,0,0,0,0,0,0,0,0,0
370601,1,1,1990,0,0,0,0,0,0,0,0,0,0
370602,1,1,1990,0,0,0,0,0,0,0,0,0,0
370602,2,1,1990,9,9,9,9,9,9,9,9,9,9
370603,1,1,1990,0,0,0,0,0,0,0,0,0,0
370603,2,1,1990,0,11,0,0,0,0,0,0,0,0
370604,1,1,1990,0,0,0,0,0,0,0,0,0,0
370605,1,1,1990,29,9,11,15,16,27,5,15,8,15
370606,1,1,1990,14,22,13,3,11,15,14,16,9,7
370608,1,1,1990,15,17,12,21,14,6,3,8,29,2
370609,1,1,1990,31,31,31,31,31,31,31,31,31,31
370610,1,1,1990,0,0,0,0,0,0,0,0,0,0
370610,2,1,1990,0,0,0,0,0,0,0,0,0,0
370611,0,1,1990,21,21,21,21,21,21,21,21,21,21
370611,1,1,1990,0,0,16,0,0,0,29,0,0,0
370612,0,1,1990,0,0,0,0,0,0,0,0,0,0
370612,1,1,1990,0,0,0,0,0,0,0,0,0,0
370613,1,1,1990,0,0,0,0,0,0,0,0,0,0
370613,2,1,1990,0,0,0,0,0,0,0,0,0,0
370614,1,1,1990,0,0,0,0,0,0,0,0,0,0
370615,1,1,1990,0,0,0,0,0,0,0,0,0,0
370615,2,1,1990,0,0,0,0,0,4,0,0,0,0
370615,3,1,1990,0,0,0,0,0,9,0,0,0,0
370616,1,1,1990,0,0,0,0,0,0,0,0,0,0
370617,1,1,1990,0,0,0,0,0,0,0,0,0,0
370617,2,1,1990,0,0,0,0,0,0,0,0,0,0
370618,1,1,1990,0,0,0,0,0,0,0,0,0,17
370618,2,1,1990,0,0,0,0,0,0,0,0,0,0
370619,1,1,1990,0,0,0,0,0,0,0,0,0,0
370620,0,1,1990,0,0,0,0,0,0,0,0,0,0
370620,1,1,1990,0,0,0,0,0,0,0,0,0,0
370621,1,1,1990,0,0,0,0,0,0,0,0,0,0
370621,2,1,1990,0,0,0,0,0,0,0,0,0,0
370622,1,1,1990,3,11,6,11,12,15,15,16,4,7
370623,1,1,1990,0,0,0,0,0,0,0,0,0,0
370624,1,1,1990,11,11,11,11,11,11,11,11,11,11
370625,1,1,1990,12,12,12,12,12,12,12,12,12,12
370625,2,1,1990,0,14,0,0,0,0,0,0,0,17
370626,1,1,1990,18,18,18,18,18,18,18,18,18,18