ST_CASE,VEH_NO,PER_NO,YEAR,P1,P2,P3,P4,P5,P6,P7,P8,P9,P10
370627,1,1,1990,0,0,0,0,0,0,0,0,0,0
370627,2,1,1990,0,0,0,0,0,0,0,0,0,0
370628,1,1,1990,19,21,13,17,10,18,1,26,23,33
370629,1,1,1990,0,0,0,0,0,0,0,0,0,0
370630,1,1,1990,0,0,0,0,0,0,0,0,0,0
370630,2,1,1990,0,0,0,0,0,0,0,0,0,0
370631,1,1,1990,8,8,8,8,8,8,8,8,8,8
370632,1,1,1990,0,0,0,0,0,0,0,0,0,0
370632,2,1,1990,0,0,0,0,0,0,0,0,0,0
370632,3,1,1990,0,0,0,0,0,0,0,0,0,0
370633,1,1,1990,10,10,10,10,10,10,10,10,10,10
370634,1,1,1990,0,0,0,0,0,0,0,0,0,0
370634,2,1,1990,0,0,0,0,0,0,0,0,0,0
370635,0,1,1990,0,0,0,0,0,0,0,0,0,0
370635,1,1,1990,0,0,0,0,0,0,0,0,0,0
370636,1,1,1990,0,0,0,0,0,0,0,0,0,0
370636,2,1,1990,0,0,0,0,0,0,0,0,0,0
370637,0,1,1990,0,9,29,14,43,30,13,21,24,20
370637,1,1,1990,0,0,0,0,0,0,0,0,5,0
370638,1,1,1990,0,0,0,0,0,0,0,0,0,0
370638,2,1,1990,0,0,0,0,0,0,0,0,0,0
370639,1,1,1990,0,0,0,0,0,0,0,0,0,0
370639,2,1,1990,0,0,0,0,0,0,0,0,0,0
370640,1,1,1990,0,0,0,0,0,0,0,0,0,0
370640,2,1,1990,0,0,0,0,0,0,0,0,0,0
370641,1,1,1990,0,0,0,0,0,0,0,0,0,0
370641,2,1,1990,0,0,0,0,0,0,0,0,0,0
370642,0,1,1990,28,28,28,28,28,28,28,28,28,28
370642,1,1,1990,3,0,0,0,6,0,0,0,0,0
370643,1,1,1990,0,0,0,0,0,0,0,0,0,0
370643,2,1,1990,15,10,14,8,0,14,8,6,14,4
370644,1,1,1990,22,22,22,22,22,22,22,22,22,22
370645,1,1,1990,13,13,0,0,0,8,0,14,0,0
370646,1,1,1990,25,18,15,18,12,22,28,13,19,19
370647,1,1,1990,0,0,0,0,0,0,0,0,0,0
370648,1,1,1990,0,0,0,0,0,0,0,0,11,0
370649,0,1,1990,26,26,26,26,26,26,26,26,26,26
370649,1,1,1990,0,0,0,0,0,0,0,0,0,0
370650,1,1,1990,14,12,0,14,17,6,9,2,18,0
370651,1,1,1990,0,0,0,0,0,0,0,0,0,0
370651,2,1,1990,0,0,0,0,0,0,0,0,0,0
370652,1,1,1990,0,0,0,0,0,0,0,0,0,8
370652,2,1,1990,0,0,0,0,0,0,0,0,0,0
370653,1,1,1990,22,22,22,22,22,22,22,22,22,22
370654,1,1,1990,0,0,0,0,0,0,0,0,0,0
370654,2,1,1990,0,0,0,0,0,0,0,0,0,0
370655,1,1,1990,19,19,19,19,19,19,19,19,19,19
370656,1,1,1990,0,8,8,6,0,0,6,0,0,0
370657,1,1,1990,0,0,0,0,0,0,0,0,0,0
370657,2,1,1990,21,0,0,0,0,0,0,0,0,0
370658,1,1,1990,0,0,0,0,0,0,0,0,0,0
370659,1,1,1990,12,8,9,22,10,20,8,13,22,25
370660,1,1,1990,0,0,0,0,0,0,0,0,0,0
370660,2,1,1990,0,0,0,0,0,0,0,0,0,0
370661,1,1,1990,2,2,2,2,2,2,2,2,2,2
370662,1,1,1990,17,17,17,17,17,17,17,17,17,17
370663,1,1,1990,0,0,0,0,0,0,0,0,0,0
370664,1,1,1990,17,17,17,17,17,17,17,17,17,17
370665,1,1,1990,0,0,0,0,0,0,0,0,0,0
370665,2,1,1990,0,0,0,0,0,25,0,0,0,0
370666,1,1,1990,0,0,0,0,0,0,0,0,0,0
370666,2,1,1990,0,0,0,0,0,0,9,0,0,0
370666,3,1,1990,0,0,0,0,0,0,0,0,0,0
370667,1,1,1990,15,15,15,15,15,15,15,15,15,15
370668,1,1,1990,0,0,0,0,0,0,0,0,0,0
370669,1,1,1990,0,0,0,0,0,0,0,0,0,0
370669,2,1,1990,0,0,0,0,0,0,0,0,0,0
370670,1,1,1990,0,0,0,0,0,0,0,0,0,0
370670,2,1,1990,0,0,17,0,0,0,0,0,5,0
370671,1,1,1990,0,0,0,0,0,0,0,0,0,0
370672,1,2,1990,0,0,0,0,0,0,0,0,0,0
370672,2,1,1990,0,0,0,0,0,0,0,0,0,0
370672,3,1,1990,17,0,0,0,0,0,0,0,0,0
370673,1,1,1990,0,0,0,0,12,0,0,0,22,0
370673,2,1,1990,0,0,0,0,8,0,0,0,0,0
370673,3,1,1990,0,0,11,0,0,0,11,12,0,0
370674,1,1,1990,8,8,8,8,8,8,8,8,8,8
370675,1,1,1990,0,0,0,0,0,0,0,0,0,0
370675,2,1,1990,4,21,25,15,19,14,11,27,6,27
370676,1,1,1990,0,0,0,0,0,0,0,0,0,0
370676,2,1,1990,0,0,0,0,0,0,0,0,0,0
370677,1,1,1990,21,0,0,0,0,0,0,0,0,0
370677,2,1,1990,0,0,0,0,0,0,0,0,0,0
370678,1,1,1990,0,0,0,9,0,0,0,0,0,0
370679,1,1,1990,34,34,34,34,34,34,34,34,34,34
370680,0,1,1990,0,18,18,24,17,32,18,17,22,31
370680,1,1,1990,0,0,0,0,0,0,0,0,0,11
370680,2,1,1990,0,0,0,0,0,0,0,0,0,0
370681,1,1,1990,0,0,0,0,0,0,0,0,0,0
370681,2,1,1990,0,0,0,0,0,0,0,0,0,0
370682,1,1,1990,0,0,0,0,0,0,0,0,0,0
370683,1,1,1990,0,0,0,0,0,0,0,0,0,0
370683,2,1,1990,0,0,0,0,0,0,0,0,0,0
370684,1,1,1990,18,18,18,18,18,18,18,18,18,18
370685,0,1,1990,0,0,0,0,0,0,0,0,0,0
370685,1,1,1990,0,0,0,0,0,0,0,0,0,0
370686,1,1,1990,0,0,0,0,0,0,0,0,0,0
370686,2,1,1990,0,0,0,0,0,0,0,0,0,0
370687,1,1,1990,0,3,8,0,0,24,11,0,5,13
370688,1,1,1990,0,0,0,0,0,0,0,0,0,0
370689,1,1,1990,2,2,2,2,2,2,2,2,2,2
370690,1,1,1990,17,17,17,17,17,17,17,17,17,17
370691,1,1,1990,13,13,13,13,13,13,13,13,13,13
370692,0,1,1990,0,0,0,0,0,0,0,0,0,0
370692,1,1,1990,0,0,0,0,0,0,0,0,0,0
370693,1,1,1990,25,25,25,25,25,25,25,25,25,25
370694,1,1,1990,0,0,0,0,0,0,0,0,0,0
370694,2,1,1990,0,0,0,0,0,0,0,0,0,0
370695,1,1,1990,15,2,12,17,10,14,14,29,14,13
370696,1,1,1990,0,0,0,0,0,0,0,0,0,0
370697,1,1,1990,18,18,18,18,18,18,18,18,18,18
370698,1,1,1990,0,0,0,0,0,0,0,0,0,0
370698,2,1,1990,0,0,0,0,0,0,0,0,0,0
370699,1,1,1990,0,0,0,0,0,0,0,0,0,0
370700,1,1,1990,11,11,11,11,11,11,11,11,11,11
370700,2,1,1990,0,0,0,0,0,0,0,0,0,14
370701,1,1,1990,20,20,20,20,20,20,20,20,20,20
370702,1,1,1990,0,0,0,0,0,0,0,0,0,0
370702,2,1,1990,0,0,0,0,0,0,0,0,0,0
370703,1,1,1990,9,25,25,18,13,30,20,9,13,0
370704,1,1,1990,14,14,14,14,14,14,14,14,14,14
370705,1,1,1990,0,0,0,0,0,0,0,0,0,0
370705,2,1,1990,0,0,0,0,0,0,0,16,0,0
370706,0,1,1990,0,0,0,0,0,0,0,0,0,0
370706,1,1,1990,0,0,0,10,12,0,0,20,0,17
370707,1,1,1990,22,22,22,22,22,22,22,22,22,22
370708,0,1,1990,0,0,0,0,0,0,0,0,0,0
370708,1,1,1990,0,8,0,0,0,0,0,0,0,0
370709,1,1,1990,10,31,9,11,12,15,14,22,15,23
370710,1,1,1990,0,0,0,0,0,0,0,0,0,0
370710,2,1,1990,0,0,0,0,0,0,0,0,0,0
370711,0,1,1990,15,15,15,15,15,15,15,15,15,15
370711,1,1,1990,9,0,0,0,0,0,9,0,0,0
370712,1,1,1990,0,0,0,0,0,0,0,0,0,0
370713,0,1,1990,0,0,0,0,0,0,0,0,0,0
370713,1,1,1990,0,0,0,0,0,0,0,0,0,0
370714,0,1,1990,0,0,0,0,0,0,0,0,0,0
370714,1,1,1990,0,0,29,0,20,0,0,0,0,0
370715,1,1,1990,0,17,0,3,0,0,6,0,12,0
370715,2,1,1990,0,0,0,0,0,0,0,0,0,0
370716,0,1,1990,0,0,0,0,0,0,0,0,0,0
370716,1,1,1990,11,4,10,6,0,2,7,8,8,9
370722,1,1,1990,31,31,31,31,31,31,31,31,31,31
370722,2,1,1990,21,21,0,0,0,0,12,14,0,11
370723,1,1,1990,16,16,16,16,16,16,16,16,16,16
370724,1,1,1990,0,0,0,0,0,0,0,0,0,0
370724,2,1,1990,0,0,0,0,0,0,0,0,0,0
370725,1,1,1990,15,15,15,15,15,15,15,15,15,15
370726,1,1,1990,0,0,0,0,0,0,0,0,0,0
370726,2,1,1990,0,0,0,0,0,0,0,0,0,0
370726,3,1,1990,0,0,0,0,0,0,0,0,0,0
370727,1,1,1990,0,0,0,0,0,0,0,0,0,0
370728,0,1,1990,0,0,0,0,0,0,0,0,0,0
370728,1,1,1990,0,0,0,0,21,0,14,0,0,0
370729,1,1,1990,0,15,13,8,23,13,9,22,15,20
370730,1,1,1990,16,16,16,16,16,16,16,16,16,16
370731,1,1,1990,12,15,0,11,5,0,9,0,20,5
370732,1,1,1990,0,0,0,0,0,0,0,0,0,0
370732,2,1,1990,0,0,0,0,0,0,0,0,0,0
370732,3,1,1990,0,0,0,0,0,0,0,0,0,0
370733,1,1,1990,0,0,0,0,0,0,0,0,0,0
370733,2,1,1990,0,0,0,0,0,0,0,0,0,0
370734,1,1,1990,0,0,0,0,0,0,0,0,0,0
370734,2,1,1990,0,0,0,0,0,0,0,0,0,0
370735,1,1,1990,0,0,0,0,0,0,0,0,0,0
370736,1,1,1990,4,4,4,4,4,4,4,4,4,4
370737,1,1,1990,42,42,42,42,42,42,42,42,42,42
370737,2,1,1990,0,0,0,0,0,0,0,0,0,0
370738,0,1,1990,24,24,24,24,24,24,24,24,24,24
370738,1,1,1990,0,0,0,0,0,0,0,0,0,0
370739,1,1,1990,0,0,0,0,0,0,0,0,0,0
370739,2,1,1990,0,0,0,19,0,0,0,0,0,0
370739,3,1,1990,0,0,0,0,13,0,0,0,0,0
370740,1,1,1990,0,0,0,0,0,0,0,0,0,0
370740,2,1,1990,0,0,0,0,0,0,0,0,0,0
370741,1,1,1990,0,0,0,0,0,0,0,0,0,0
370741,2,1,1990,0,0,0,0,0,0,0,0,0,0
370742,0,1,1990,0,0,0,0,0,0,0,0,0,0
370742,0,2,1990,0,0,0,0,0,0,0,0,0,0
370742,1,1,1990,0,0,0,0,0,0,0,8,0,0
370743,1,1,1990,0,0,0,0,0,0,0,0,0,0
370744,1,1,1990,27,27,27,27,27,27,27,27,27,27
370744,2,1,1990,0,0,0,0,0,0,0,0,0,0
370745,1,1,1990,0,0,0,0,0,0,0,0,0,0
370745,2,1,1990,0,0,0,0,0,0,0,0,0,0
370746,0,1,1990,0,0,0,0,0,0,0,0,0,0
370746,1,1,1990,0,0,0,0,0,0,0,0,0,0
370747,1,1,1990,0,0,0,0,0,0,0,0,0,0
370748,1,1,1990,0,0,0,0,0,0,0,0,0,0
370749,1,1,1990,0,0,0,0,0,0,0,0,0,0
370749,2,1,1990,0,0,0,0,0,0,0,0,0,0
370750,1,1,1990,0,0,0,0,0,0,0,0,0,0
370751,1,1,1990,0,0,0,0,0,0,0,0,0,0
370751,2,1,1990,0,0,0,0,0,0,0,0,0,0
370752,1,1,1990,0,0,0,0,0,0,0,0,0,12
370752,2,1,1990,0,0,0,0,0,0,0,0,0,0
370753,0,1,1990,0,0,0,0,0,0,0,0,0,0
370753,1,1,1990,0,0,0,0,0,0,0,0,0,0
370754,1,1,1990,0,0,0,0,0,0,0,0,0,0
370754,2,1,1990,0,0,0,0,0,0,0,0,0,0
370755,1,1,1990,0,0,0,0,0,0,0,14,0,10
370756,0,1,1990,21,36,30,18,26,19,14,23,12,18
370756,1,1,1990,0,0,0,0,12,0,16,0,13,0
370757,1,1,1990,16,0,22,18,24,0,0,4,27,20
370758,1,1,1990,0,0,0,0,0,0,0,0,0,0
370758,2,1,1990,0,0,0,0,0,0,0,0,0,0
370759,1,1,1990,12,9,4,26,4,13,21,20,0,12
370759,2,1,1990,0,0,0,0,0,0,0,0,0,0
370759,3,1,1990,0,0,0,0,0,0,0,0,0,0
370759,4,1,1990,0,0,0,0,0,0,0,0,0,0
370760,1,1,1990,16,16,16,16,16,16,16,16,16,16
370761,1,1,1990,16,16,16,16,16,16,16,16,16,16
370762,1,1,1990,11,11,11,11,11,11,11,11,11,11
370763,0,1,1990,10,10,10,10,10,10,10,10,10,10
370763,1,1,1990,0,0,10,0,0,0,0,0,0,0
370764,0,1,1990,13,13,13,13,13,13,13,13,13,13
370764,1,1,1990,0,0,0,0,15,0,6,16,7,0
370765,1,1,1990,0,0,0,0,0,0,0,0,0,0
370765,2,1,1990,0,0,0,0,0,0,0,0,0,0
370766,1,1,1990,24,24,24,24,24,24,24,24,24,24
370766,2,1,1990,5,11,0,0,0,0,8,24,24,0
370767,0,1,1990,0,0,0,0,0,0,0,0,0,0
370767,1,1,1990,0,0,0,0,0,0,0,0,0,0
370768,0,1,1990,27,27,27,27,27,27,27,27,27,27
370768,1,1,1990,26,20,12,6,21,7,17,27,33,3
370769,1,1,1990,0,0,0,0,0,0,0,0,0,0
370769,2,1,1990,18,18,18,18,18,18,18,18,18,18
370770,1,1,1990,0,0,0,0,0,0,5,0,0,0
370771,1,1,1990,21,0,0,0,0,0,0,0,0,0
370771,2,1,1990,0,0,0,0,0,5,0,0,0,0
370772,0,1,1990,22,22,22,22,22,22,22,22,22,22
370772,0,2,1990,19,20,16,11,30,30,23,0,19,8
370772,1,1,1990,0,0,0,0,0,0,0,0,0,0
370773,0,1,1990,30,30,30,30,30,30,30,30,30,30
370773,1,1,1990,0,0,0,0,0,0,0,0,0,0
370774,1,1,1990,0,0,0,0,0,0,0,0,0,0
370774,2,1,1990,0,0,0,0,0,0,0,0,0,0
370775,1,1,1990,15,11,20,12,11,7,31,13,25,18
370776,1,1,1990,21,22,34,30,14,17,19,19,12,21
370777,1,1,1990,0,0,0,0,0,0,0,0,0,0
370777,2,1,1990,18,18,18,18,18,18,18,18,18,18
370778,1,1,1990,35,35,35,35,35,35,35,35,35,35
370778,2,1,1990,0,0,0,0,0,0,0,0,0,0
370779,1,1,1990,0,0,0,0,0,0,0,0,0,0
370779,2,1,1990,0,0,0,0,0,0,0,0,0,0
370780,1,1,1990,0,0,0,0,0,0,0,0,0,0
370781,1,1,1990,6,0,7,14,0,0,0,0,9,0
370782,1,1,1990,22,22,22,22,22,22,22,22,22,22
370782,2,1,1990,0,0,0,0,0,0,0,0,0,0
370783,0,1,1990,0,0,0,0,0,0,0,0,0,0
370783,1,1,1990,0,8,0,0,0,0,0,0,0,0
370784,1,1,1990,26,26,26,26,26,26,26,26,26,26
370785,1,1,1990,0,0,0,0,0,0,0,0,0,0
370786,0,1,1990,0,0,0,0,0,0,0,0,0,0
370786,1,1,1990,0,0,0,0,0,9,0,0,0,14
370787,1,1,1990,0,21,10,21,0,10,0,0,0,0
370788,0,1,1990,0,0,0,0,0,0,0,0,0,0
370788,1,1,1990,0,0,0,7,0,0,12,0,0,0
370789,1,1,1990,28,28,28,28,28,28,28,28,28,28
370790,1,1,1990,23,11,15,12,15,9,17,26,12,18
370791,1,1,1990,0,0,0,0,0,0,0,0,0,0
370792,1,1,1990,0,0,0,0,0,0,0,0,0,0
370792,2,1,1990,0,0,0,0,0,0,0,0,0,0
370793,1,1,1990,0,0,0,0,0,0,0,0,0,0
370793,2,1,1990,0,0,0,0,0,0,0,0,0,0
370794,1,1,1990,32,32,32,32,32,32,32,32,32,32
370795,1,1,1990,0,0,0,0,0,0,0,0,0,0
370795,2,1,1990,0,0,0,0,0,0,0,0,0,0
370796,0,1,1990,20,20,20,20,20,20,20,20,20,20
370796,1,1,1990,0,14,0,0,0,0,0,0,0,0
370797,0,1,1990,22,22,22,22,22,22,22,22,22,22
370797,1,1,1990,0,0,5,0,0,0,0,10,0,0
370797,2,1,1990,0,0,0,0,0,0,0,0,0,0
370798,0,1,1990,42,42,42,42,42,42,42,42,42,42
370798,1,1,1990,0,0,0,0,0,0,0,0,13,0
370799,0,1,1990,13,13,13,13,13,13,13,13,13,13
370799,0,2,1990,35,35,35,35,35,35,35,35,35,35
370799,1,1,1990,0,0,0,14,0,0,0,0,22,0
370800,1,1,1990,0,0,0,0,0,0,0,0,0,0
370800,2,1,1990,0,0,0,0,0,0,0,15,0,0
370800,3,1,1990,0,0,0,0,0,0,0,0,0,0
370801,1,1,1990,0,0,0,0,0,0,22,0,0,0
370802,1,1,1990,10,0,3,0,0,14,0,0,7,0
370802,2,1,1990,0,0,0,0,0,0,0,0,0,0
370803,0,1,1990,0,0,0,0,0,0,0,0,0,0
370803,1,1,1990,0,0,0,0,7,0,0,13,12,0
370804,1,1,1990,0,0,0,0,0,0,0,0,0,0
370804,2,1,1990,0,0,0,0,0,0,0,0,0,0
370805,1,1,1990,15,0,0,0,0,0,0,0,0,0
370805,2,1,1990,0,0,0,0,0,0,0,0,0,0
370806,1,1,1990,0,0,0,0,0,0,0,0,0,0
370806,2,1,1990,0,0,0,0,0,0,0,0,0,0
370806,3,1,1990,0,0,0,0,0,0,0,8,0,0
370807,1,1,1990,0,0,0,0,0,0,0,0,0,0
370808,0,1,1990,0,0,0,0,0,0,0,0,0,0
370808,1,1,1990,20,17,27,20,8,13,16,24,5,29
370809,1,1,1990,0,0,0,0,0,0,0,0,0,0
370809,2,1,1990,0,0,0,0,0,0,0,0,0,0
370810,0,1,1990,0,0,39,0,0,0,0,24,0,0
370810,1,1,1990,0,0,0,0,0,0,0,0,0,0
370811,0,1,1990,0,0,0,0,0,0,0,0,0,0
370811,1,1,1990,0,0,0,0,0,0,0,0,0,0
370812,1,1,1990,25,25,25,25,25,25,25,25,25,25
370813,1,1,1990,14,24,19,23,15,25,13,22,8,15
370814,1,1,1990,0,0,0,0,0,0,0,0,0,0
370814,2,1,1990,0,0,0,0,0,0,0,0,0,0
370815,1,1,1990,0,0,0,0,13,0,0,22,0,0
370815,2,1,1990,10,10,10,10,10,10,10,10,10,10
370816,0,1,1990,29,29,29,29,29,29,29,29,29,29
370816,1,1,1990,0,0,0,0,0,0,0,0,0,0
370817,0,1,1990,7,7,7,7,7,7,7,7,7,7
370817,1,1,1990,12,10,3,16,0,0,10,15,0,8
370818,0,1,1990,0,0,0,0,0,0,0,0,0,0
370818,1,1,1990,0,0,0,0,0,0,0,0,0,0
370819,1,1,1990,19,19,19,19,19,19,19,19,19,19
370820,1,1,1990,36,36,36,36,36,36,36,36,36,36
370820,2,1,1990,0,0,0,0,0,0,0,0,0,0
370821,1,1,1990,0,0,0,0,0,0,0,0,0,0
370821,2,1,1990,0,0,0,0,0,0,0,0,0,0
370821,3,1,1990,23,23,23,23,23,23,23,23,23,23
370822,1,1,1990,20,20,20,20,20,20,20,20,20,20
370822,2,1,1990,0,22,0,28,14,0,0,0,0,0
370823,1,1,1990,0,0,12,15,23,16,33,12,15,32
370824,1,1,1990,0,0,0,0,0,0,0,0,0,0
370824,2,1,1990,0,0,0,0,0,0,0,0,0,0
370824,3,1,1990,0,0,0,0,0,0,0,0,0,0
370824,4,1,1990,0,0,0,0,0,0,0,0,0,0
370825,1,1,1990,0,0,0,0,0,0,0,0,0,0
370826,1,1,1990,0,0,0,0,0,0,0,0,0,0
370826,2,1,1990,0,0,0,0,0,0,0,0,0,0
370827,1,1,1990,0,0,0,0,0,0,0,0,0,0
370827,2,1,1990,0,0,0,0,0,0,0,0,0,0
370828,1,1,1990,2,9,13,7,22,10,14,0,10,19
370828,2,1,1990,22,8,23,13,17,15,5,20,16,25
370829,1,1,1990,65,65,65,65,65,65,65,65,65,65
370830,1,1,1990,6,0,16,0,0,0,0,0,0,0
370831,1,1,1990,22,4,21,23,20,16,11,21,16,24
370831,2,1,1990,0,0,0,0,0,0,0,18,0,0
370832,1,1,1990,0,0,0,0,0,0,0,0,0,0
370832,2,1,1990,0,0,0,0,0,0,0,0,0,0
370833,1,1,1990,0,0,0,0,0,12,0,0,0,0
370833,2,1,1990,0,0,0,0,0,0,0,0,0,0
370834,0,1,1990,40,40,40,40,40,40,40,40,40,40
370834,1,1,1990,0,0,0,12,0,0,0,0,0,0
370835,1,1,1990,0,0,0,0,0,0,0,0,0,0
370835,2,1,1990,0,0,14,0,0,0,17,0,0,0
370836,1,1,1990,31,31,31,31,31,31,31,31,31,31
370836,2,1,1990,0,0,0,0,0,0,0,15,0,0
370837,1,1,1990,0,0,0,0,0,0,0,0,0,0
370837,2,1,1990,0,0,0,0,0,0,0,0,0,10
370838,1,1,1990,0,0,0,0,0,0,0,0,0,0
370838,2,1,1990,0,11,0,0,0,0,0,0,0,22
370839,1,1,1990,0,0,0,0,0,0,0,0,0,0
370839,2,1,1990,0,0,0,0,0,0,0,0,0,0
370840,1,1,1990,0,0,15,20,0,14,8,0,0,0
370840,2,1,1990,0,0,0,0,0,0,0,0,0,0
370841,1,1,1990,0,0,0,0,0,0,0,0,0,0
370841,2,1,1990,0,0,0,0,20,0,0,0,0,0
370841,3,1,1990,18,15,5,11,8,17,20,28,23,17
370842,1,1,1990,22,22,22,22,22,22,22,22,22,22
370843,1,1,1990,15,18,26,4,12,9,7,11,18,16
370844,1,1,1990,25,25,25,25,25,25,25,25,25,25
370845,1,1,1990,0,0,0,0,0,0,15,0,0,0
370845,2,1,1990,0,0,0,0,0,0,0,0,0,0
370845,3,1,1990,0,0,0,0,0,0,0,0,0,0
370846,1,1,1990,0,0,0,0,0,0,0,0,0,0
370846,2,1,1990,0,0,0,0,0,0,0,0,0,0
370847,1,1,1990,20,20,20,20,20,20,20,20,20,20
370848,1,1,1990,0,0,0,0,0,0,0,0,0,0
370848,2,1,1990,0,0,0,0,0,0,0,0,0,0
370849,1,1,1990,0,0,0,0,0,0,0,8,0,0
370850,1,1,1990,0,0,0,0,0,0,0,0,0,0
370850,2,1,1990,0,0,0,0,0,0,0,0,0,0
370851,1,1,1990,18,18,18,18,18,18,18,18,18,18
370852,1,1,1990,13,26,16,35,32,26,10,27,11,20
370853,1,1,1990,17,17,17,17,17,17,17,17,17,17
370853,2,1,1990,16,16,16,16,16,16,16,16,16,16
370854,1,1,1990,0,0,0,0,0,0,0,0,0,0
370855,1,1,1990,20,20,20,20,20,20,20,20,20,20
370856,1,1,1990,0,0,0,0,0,0,0,0,0,0
370856,2,1,1990,0,0,0,0,0,0,5,0,9,6
370857,1,1,1990,0,0,0,0,0,0,0,0,0,0
370858,1,1,1990,2,2,2,2,2,2,2,2,2,2
370859,1,1,1990,15,13,2,13,0,14,18,12,21,4
370860,1,1,1990,24,24,24,24,24,24,24,24,24,24
370861,1,1,1990,0,0,0,0,0,3,0,7,0,0
370861,2,1,1990,0,0,0,0,0,0,0,0,0,0
370862,1,1,1990,20,20,20,20,20,20,20,20,20,20
370863,1,1,1990,0,0,0,0,0,0,0,0,0,0
370863,2,1,1990,17,17,17,17,17,17,17,17,17,17
370864,0,1,1990,10,10,10,10,10,10,10,10,10,10
370864,1,1,1990,0,0,0,0,0,0,0,0,0,9
370865,1,1,1990,0,0,0,0,0,0,0,0,0,0
370865,2,1,1990,0,0,0,0,0,0,0,0,0,0
370866,1,1,1990,19,35,13,17,3,4,8,27,15,30
370867,1,1,1990,19,19,19,19,19,19,19,19,19,19
370868,1,1,1990,0,0,0,0,0,0,0,0,0,0
370868,2,1,1990,0,0,0,0,0,0,0,0,0,0
370869,1,1,1990,0,0,0,0,0,0,0,0,0,0
370869,2,1,1990,0,0,0,0,0,0,0,0,0,0
370869,3,1,1990,0,0,0,0,0,0,0,0,0,0
370870,0,1,1990,37,37,37,37,37,37,37,37,37,37
370870,1,1,1990,14,27,8,3,0,0,0,0,0,0
370871,1,1,1990,0,0,0,0,0,0,0,0,0,0
370871,2,1,1990,0,0,0,0,0,1,0,0,9,0
370872,0,1,1990,0,0,0,0,0,0,0,0,0,0
370872,1,1,1990,0,0,15,0,0,0,0,0,0,0
370874,1,1,1990,12,12,12,12,12,12,12,12,12,12
370875,1,1,1990,0,0,0,0,0,0,0,0,0,0
370875,2,1,1990,0,0,0,0,0,0,0,0,0,0
370876,1,1,1990,14,14,14,14,14,14,14,14,14,14
370877,1,1,1990,0,0,0,0,0,0,0,0,0,0
370878,1,1,1990,22,22,22,22,22,22,22,22,22,22
370879,1,1,1990,3,19,21,15,5,5,5,13,20,9
370879,2,1,1990,23,23,23,23,23,23,23,23,23,23
370880,1,1,1990,40,40,40,40,40,40,40,40,40,40
370881,0,1,1990,15,15,15,15,15,15,15,15,15,15
370881,1,1,1990,17,23,11,17,28,20,17,14,24,14
370882,1,1,1990,0,0,0,0,0,0,0,0,0,0
370882,2,1,1990,0,0,0,0,0,0,0,0,0,0
370882,3,1,1990,0,0,0,0,0,0,0,0,0,0
370883,1,1,1990,21,21,21,21,21,21,21,21,21,21
370884,1,1,1990,0,0,0,0,0,0,0,0,0,0
370884,2,1,1990,0,0,0,0,0,0,0,0,0,0
370885,1,1,1990,0,0,0,0,0,0,0,0,0,0
370885,2,1,1990,0,0,0,0,0,0,0,0,0,0
370886,0,1,1990,5,5,5,5,5,5,5,5,5,5
370886,1,1,1990,0,0,0,0,0,0,0,0,23,0
370887,1,1,1990,0,0,0,0,0,0,0,0,0,0
370888,1,1,1990,0,0,0,0,0,0,0,7,0,0
370888,2,1,1990,19,8,9,24,27,6,20,24,10,24
370888,3,1,1990,0,0,0,0,0,0,0,0,0,0
370889,0,1,1990,12,18,11,20,2,13,0,12,17,42
370889,1,1,1990,0,0,0,0,0,0,0,0,0,0
370890,1,1,1990,0,0,0,0,0,0,0,0,0,0
370890,2,1,1990,0,9,0,0,0,0,0,0,0,15
370890,3,1,1990,0,0,0,0,10,0,10,0,0,0
370891,1,1,1990,0,0,0,0,0,0,0,0,0,0
370891,2,1,1990,0,0,0,0,0,0,0,0,0,0
370892,1,1,1990,10,0,5,12,0,0,0,0,0,0
370892,2,1,1990,0,0,0,0,0,0,0,0,0,0
370893,1,1,1990,0,0,0,0,0,0,0,0,0,0
370893,2,1,1990,0,0,0,0,0,0,0,0,0,0
370894,0,1,1990,0,0,0,0,0,0,0,0,0,0
370894,1,1,1990,0,0,12,0,0,0,0,0,0,0
370895,1,1,1990,0,0,0,0,0,0,0,0,0,0
370895,2,1,1990,0,0,0,0,0,0,0,0,0,0
370896,1,1,1990,12,0,14,24,29,3,21,14,2,0
370897,0,1,1990,0,0,0,0,0,0,0,0,0,0
370897,1,1,1990,0,0,0,0,0,0,0,0,0,0
370898,1,1,1990,0,0,0,0,0,0,0,0,0,0
370898,2,1,1990,0,0,0,0,0,0,0,0,0,0
370899,1,1,1990,16,24,24,23,6,7,34,0,12,26
370900,1,1,1990,18,18,18,18,18,18,18,18,18,18
370901,1,1,1990,0,0,0,0,0,0,0,0,0,0
370902,1,1,1990,4,4,4,4,4,4,4,4,4,4
370903,1,1,1990,0,0,0,0,0,0,0,0,0,0
370904,1,1,1990,0,0,0,0,0,0,0,0,0,0
370904,2,1,1990,0,0,0,0,0,0,0,0,0,0
370905,1,1,1990,0,0,0,0,0,0,0,0,0,0