ST_CASE,VEH_NO,PER_NO,YEAR,P1,P2,P3,P4,P5,P6,P7,P8,P9,P10
370905,2,1,1990,0,0,0,0,0,0,0,0,0,0
370906,0,1,1990,0,0,0,0,0,0,0,0,0,0
370906,1,1,1990,0,0,0,0,0,0,0,0,0,0
370907,1,1,1990,12,17,13,17,17,12,9,13,12,17
370908,1,1,1990,10,17,21,15,20,29,7,7,5,0
370908,2,1,1990,14,0,10,0,0,0,0,0,0,0
370909,1,1,1990,19,19,19,19,19,19,19,19,19,19
370910,1,1,1990,0,0,0,0,0,0,0,0,0,0
370911,1,1,1990,11,0,14,7,19,9,17,18,11,0
370912,1,1,1990,18,12,13,6,19,25,21,34,19,11
370913,1,1,1990,26,26,26,26,26,26,26,26,26,26
370914,1,1,1990,4,4,4,4,4,4,4,4,4,4
370915,0,1,1990,0,0,0,0,0,0,0,0,0,0
370915,1,1,1990,0,0,0,0,0,0,0,0,0,0
370916,1,1,1990,16,16,16,16,16,16,16,16,16,16
370917,1,1,1990,24,24,24,24,24,24,24,24,24,24
370917,2,1,1990,0,0,0,0,0,0,0,0,0,0
370918,1,1,1990,0,0,0,0,0,0,0,0,0,0
370918,2,1,1990,0,0,0,0,0,0,0,0,0,0
370918,3,1,1990,3,0,0,0,0,0,0,0,0,0
370919,0,1,1990,0,0,0,0,0,0,0,0,0,0
370919,1,1,1990,10,0,0,0,0,0,0,0,0,0
370920,1,1,1990,22,22,22,22,22,22,22,22,22,22
370921,0,1,1990,19,19,19,19,19,19,19,19,19,19
370921,0,2,1990,0,28,0,0,0,25,0,0,0,21
370921,1,1,1990,5,17,0,12,18,14,12,24,2,15
370922,1,1,1990,0,0,0,0,0,0,0,0,0,0
370922,2,1,1990,0,0,0,0,0,0,0,0,0,0
370923,1,1,1990,16,0,10,0,21,24,21,0,16,11
370923,2,1,1990,0,0,0,0,0,0,0,0,12,0
370923,3,1,1990,0,0,0,0,0,0,0,0,4,0
370924,1,1,1990,19,0,18,24,13,13,13,19,13,17
370925,1,1,1990,0,0,0,0,0,0,0,0,0,0
370925,2,1,1990,0,0,0,0,0,0,0,0,0,0
370926,1,1,1990,0,0,0,0,0,0,0,0,0,0
370926,2,1,1990,0,0,0,0,0,0,0,0,0,0
370927,1,1,1990,0,0,0,0,0,0,0,0,0,0
370927,2,1,1990,0,0,0,0,0,0,0,0,0,17
370928,1,1,1990,0,0,0,0,0,0,0,0,0,0
370929,1,1,1990,0,17,0,14,15,0,15,11,14,18
370930,1,1,1990,0,0,0,0,0,0,0,0,0,0
370931,1,1,1990,0,0,0,0,0,0,0,0,0,0
370931,2,1,1990,0,0,0,0,0,0,0,0,0,0
370932,1,1,1990,0,0,0,0,0,12,11,4,18,14
370933,1,1,1990,0,0,0,0,0,0,0,0,0,0
370933,2,1,1990,0,0,0,0,7,0,0,0,0,0
370934,1,1,1990,2,2,2,2,2,2,2,2,2,2
370934,2,1,1990,19,0,0,0,0,0,0,0,0,0
370934,3,1,1990,0,0,0,0,0,0,0,0,8,0
370935,1,1,1990,12,12,12,12,12,12,12,12,12,12
370936,1,1,1990,0,0,11,0,0,0,0,0,0,0
370937,1,1,1990,4,14,21,23,16,26,20,3,17,4
370937,2,1,1990,6,0,14,10,6,0,0,0,0,0
370938,1,1,1990,22,22,22,22,22,22,22,22,22,22
370939,1,1,1990,0,0,0,0,0,0,0,0,0,0
370939,2,1,1990,0,0,0,0,0,0,0,0,0,0
370940,1,1,1990,0,0,0,0,0,0,0,0,0,0
370941,1,1,1990,10,30,16,5,27,26,9,16,17,29
370941,2,1,1990,0,0,0,0,0,0,0,0,0,0
370942,1,1,1990,26,26,26,26,26,26,26,26,26,26
370943,1,1,1990,0,0,0,0,0,0,0,0,0,0
370943,2,1,1990,0,0,0,0,0,0,0,0,0,0
370944,1,1,1990,0,0,0,0,0,0,0,0,0,0
370945,0,1,1990,0,0,0,0,0,0,0,0,0,0
370945,1,1,1990,0,0,0,0,0,0,0,0,0,0
370946,1,1,1990,16,16,16,16,16,16,16,16,16,16
370947,1,1,1990,0,0,0,0,0,0,0,0,0,0
370948,1,1,1990,20,20,20,20,20,20,20,20,20,20
370949,1,1,1990,12,12,12,12,12,12,12,12,12,12
370950,0,1,1990,31,31,31,31,31,31,31,31,31,31
370950,1,1,1990,4,0,0,0,0,0,0,0,26,8
370951,1,1,1990,16,16,16,16,16,16,16,16,16,16
370952,1,1,1990,0,0,0,0,0,0,0,0,0,0
370952,2,1,1990,0,0,0,0,0,0,0,0,0,0
370953,0,1,1990,0,0,0,0,0,0,0,0,0,0
370953,1,1,1990,0,0,0,0,0,0,0,0,0,0
370954,1,1,1990,0,0,0,0,0,0,0,16,0,0
370954,2,1,1990,0,0,0,0,0,0,0,0,0,0
370955,1,1,1990,10,10,10,10,10,10,10,10,10,10
370956,1,1,1990,0,3,0,0,0,0,0,0,0,0
370957,1,1,1990,7,7,7,7,7,7,7,7,7,7
370957,2,1,1990,0,0,0,0,0,0,0,0,0,0
370958,1,1,1990,0,0,0,0,0,0,0,0,0,0
370959,1,1,1990,18,39,23,0,22,24,25,16,29,7
370960,1,1,1990,23,23,23,23,23,23,23,23,23,23
370961,1,1,1990,0,0,0,0,0,0,0,0,0,0
370961,2,1,1990,0,0,0,0,0,0,0,0,0,0
370962,1,1,1990,0,0,0,0,0,0,0,0,0,0
370962,2,1,1990,0,0,0,0,0,0,0,0,0,0
370963,1,1,1990,3,3,3,3,3,3,3,3,3,3
370964,1,1,1990,0,0,0,0,0,0,0,0,0,0
370964,2,1,1990,0,0,0,0,0,0,0,0,0,16
370965,1,1,1990,21,21,21,21,21,21,21,21,21,21
370966,1,1,1990,0,0,0,0,0,0,0,0,0,0
370967,1,1,1990,0,0,0,0,0,0,22,0,0,0
370968,1,1,1990,0,0,0,0,0,0,0,0,0,0
370969,1,1,1990,0,0,0,0,0,0,0,0,0,0
370969,2,1,1990,0,0,0,0,0,0,0,0,0,0
370970,0,1,1990,0,0,0,0,0,0,0,0,0,0
370970,1,1,1990,0,0,13,0,0,0,0,0,0,0
370971,1,1,1990,13,13,13,13,13,13,13,13,13,13
370971,2,1,1990,10,0,0,0,29,0,0,0,0,16
370972,0,1,1990,0,0,0,0,0,0,0,0,0,0
370972,1,1,1990,0,0,0,0,0,0,0,0,0,0
370973,1,1,1990,16,16,16,16,16,16,16,16,16,16
370974,1,1,1990,16,16,16,16,16,16,16,16,16,16
370975,1,1,1990,15,12,24,12,11,6,10,5,22,10
370975,2,1,1990,0,0,0,0,0,0,0,0,0,0
370976,1,1,1990,20,20,20,20,20,20,20,20,20,20
370976,2,1,1990,0,0,0,0,0,0,0,0,0,0
370977,1,1,1990,0,0,0,0,19,0,0,0,0,0
370977,2,1,1990,0,0,0,0,0,0,0,0,0,0
370978,1,1,1990,16,16,16,16,16,16,16,16,16,16
370979,1,1,1990,4,4,4,4,4,4,4,4,4,4
370980,1,1,1990,21,21,21,21,21,21,21,21,21,21
370981,1,1,1990,0,0,0,0,0,0,0,0,0,0
370982,1,1,1990,31,0,13,20,18,19,16,25,6,14
370983,1,1,1990,0,0,0,0,0,0,0,0,0,0
370984,1,1,1990,33,33,33,33,33,33,33,33,33,33
370984,2,1,1990,0,0,0,0,0,0,0,26,0,0
370985,1,1,1990,0,0,0,0,0,0,0,0,0,0
370985,2,1,1990,0,0,0,0,0,0,0,0,0,0
370986,1,1,1990,32,32,32,32,32,32,32,32,32,32
370987,1,1,1990,33,33,33,33,33,33,33,33,33,33
370988,1,1,1990,0,0,0,0,0,0,0,0,0,0
370988,2,1,1990,35,35,35,35,35,35,35,35,35,35
370989,1,1,1990,0,0,0,0,0,0,0,0,0,0
370990,0,1,1990,26,26,26,26,26,26,26,26,26,26
370990,1,1,1990,0,0,0,0,0,0,0,12,0,0
370991,1,1,1990,0,0,0,0,0,0,0,0,0,0
370991,2,1,1990,0,0,0,0,0,0,0,0,0,0
370992,1,1,1990,9,9,9,9,9,9,9,9,9,9
370993,1,1,1990,0,0,0,0,0,0,0,0,0,0
370994,1,1,1990,0,0,0,0,0,0,0,0,0,12
370995,0,1,1990,0,0,0,0,0,0,0,0,0,0
370995,1,1,1990,0,0,0,0,0,0,0,0,0,0
370996,1,1,1990,0,0,0,0,0,0,0,0,0,0
370996,2,1,1990,0,0,0,0,0,39,0,0,0,0
370996,3,1,1990,0,0,0,0,0,0,0,0,0,0
370996,4,1,1990,0,0,0,0,0,0,0,0,0,0
370997,1,1,1990,0,0,0,0,14,0,0,0,0,0
370997,2,1,1990,0,0,0,0,0,0,0,0,0,0
370998,0,1,1990,0,0,0,0,0,0,0,0,0,0
370998,1,1,1990,0,0,0,0,0,0,0,0,0,0
370999,1,1,1990,17,17,17,17,17,17,17,17,17,17
370999,2,1,1990,0,0,0,0,0,0,0,0,0,0
371000,1,1,1990,0,0,0,0,0,0,0,0,0,0
371000,2,1,1990,0,0,0,0,0,0,0,0,0,0
371000,3,1,1990,0,0,0,0,0,0,0,0,0,0
371001,1,1,1990,0,0,0,23,0,0,0,0,18,0
371002,1,1,1990,0,0,0,0,0,0,0,0,0,0
371002,2,1,1990,0,0,0,0,0,0,0,0,0,0
371002,3,1,1990,20,15,9,15,8,12,17,11,16,17
371003,1,1,1990,9,0,0,0,0,0,0,0,6,0
371004,1,1,1990,0,0,0,0,0,0,0,0,0,0
371004,2,1,1990,0,0,0,0,0,0,0,0,0,22
371005,1,1,1990,0,0,0,0,0,0,0,0,0,0
371005,2,1,1990,0,0,0,0,0,19,0,0,0,0
371006,1,1,1990,0,0,0,0,0,0,0,0,0,0
371006,2,1,1990,26,26,26,26,26,26,26,26,26,26
371007,1,1,1990,25,25,25,25,25,25,25,25,25,25
371007,2,1,1990,0,0,0,0,0,0,0,0,0,0
371008,1,1,1990,20,20,20,20,20,20,20,20,20,20
371009,1,1,1990,0,18,17,2,8,9,16,2,12,0
371009,2,1,1990,0,0,0,0,0,0,0,0,0,0
371009,3,1,1990,0,0,0,0,0,0,0,0,0,0
371010,1,1,1990,14,14,14,14,14,14,14,14,14,14
371010,2,1,1990,0,0,0,0,0,0,0,0,0,0
371011,0,1,1990,27,27,27,27,27,27,27,27,27,27
371011,1,1,1990,0,15,0,0,18,0,0,24,0,0
371012,1,1,1990,0,0,0,0,0,0,0,0,0,0
371012,2,1,1990,0,0,0,0,0,0,0,0,0,0
371013,0,1,1990,0,0,0,0,0,0,0,0,26,0
371013,1,1,1990,0,0,0,0,0,0,0,0,0,0
371014,0,1,1990,0,0,0,0,0,0,0,0,0,0
371014,1,1,1990,7,22,12,16,12,10,0,0,11,12
371015,0,1,1990,23,23,23,23,23,23,23,23,23,23
371015,1,1,1990,0,0,0,0,0,0,0,0,0,0
371016,1,1,1990,34,16,24,11,18,13,8,15,21,11
371017,1,1,1990,0,0,0,0,0,0,0,0,0,0
371017,2,1,1990,0,0,0,0,0,0,0,0,0,0
371018,1,1,1990,0,0,0,0,0,0,0,0,0,0
371019,1,1,1990,29,13,0,0,13,35,26,0,10,11
371020,1,1,1990,0,0,0,0,0,0,0,0,0,0
371020,2,1,1990,0,0,0,0,0,0,0,0,0,0
371021,1,1,1990,0,0,0,0,0,0,0,0,0,0
371021,2,1,1990,0,0,0,0,0,0,0,0,0,0
371022,0,1,1990,26,26,26,26,26,26,26,26,26,26
371022,1,1,1990,0,0,0,0,0,0,0,0,0,0
371023,0,1,1990,14,14,14,14,14,14,14,14,14,14
371023,1,1,1990,0,0,0,0,33,0,0,0,0,0
371024,1,1,1990,0,0,0,0,0,0,0,0,0,0
371024,2,1,1990,0,0,0,0,0,24,0,0,0,0
371025,1,1,1990,0,0,0,24,0,0,0,0,0,0
371026,1,1,1990,0,0,0,0,0,0,0,0,0,0
371026,2,1,1990,0,0,0,0,0,0,0,0,0,0
371027,1,1,1990,0,0,0,0,0,0,0,0,0,0
371027,2,1,1990,0,0,0,0,0,0,0,0,0,0
371028,1,1,1990,0,0,0,0,0,0,0,0,0,0
371028,2,1,1990,0,0,0,0,0,0,0,0,0,0
371029,1,1,1990,0,0,0,0,0,0,0,0,0,0
371029,2,1,1990,0,0,0,0,0,0,0,0,0,0
371030,1,1,1990,0,0,0,0,0,0,7,0,0,0
371030,2,1,1990,0,0,0,0,0,0,0,0,0,0
371031,1,1,1990,11,11,7,4,17,9,9,8,4,0
371031,2,1,1990,0,0,0,0,0,0,0,0,0,0
371032,1,1,1990,0,0,0,0,0,0,0,0,9,0
371033,1,1,1990,0,0,13,0,4,3,0,27,0,0
371034,1,1,1990,20,25,19,20,41,13,19,29,11,19
371035,1,1,1990,0,0,0,0,0,0,0,0,0,0
371035,2,1,1990,0,0,0,0,0,0,0,0,0,0
371036,0,1,1990,0,0,0,0,0,0,0,0,0,0
371036,1,1,1990,0,0,0,0,0,0,0,0,0,0
371037,1,1,1990,0,0,0,0,0,0,0,0,0,0
371037,2,1,1990,0,0,0,20,0,0,0,0,0,0
371038,0,1,1990,0,0,0,0,0,0,0,0,0,0
371038,1,1,1990,0,0,0,0,0,0,0,0,0,0
371039,1,1,1990,0,0,0,0,0,0,0,0,0,0
371039,2,1,1990,0,0,0,0,0,0,0,0,0,0
371040,1,1,1990,0,0,0,0,0,0,0,0,0,0
371040,2,1,1990,0,0,0,0,0,0,0,0,0,0
371041,1,1,1990,0,0,0,0,0,0,0,0,0,0
371041,2,1,1990,0,0,0,0,0,0,0,0,0,0
371042,0,1,1990,45,4,8,23,35,26,22,23,8,32
371042,1,1,1990,9,0,0,0,0,0,0,0,0,0
371043,1,1,1990,0,0,0,0,0,0,0,0,0,0
371043,2,1,1990,0,0,0,0,0,0,0,0,0,0
371044,1,1,1990,0,0,0,0,0,0,0,0,0,0
371044,2,1,1990,0,0,0,0,0,0,0,17,2,0
371045,1,1,1990,0,0,0,0,0,0,0,0,0,0
371046,1,1,1990,0,0,0,0,0,0,0,0,0,0
371046,2,1,1990,9,0,18,21,0,17,0,19,5,29
371047,1,1,1990,13,13,13,13,13,13,13,13,13,13
371048,1,1,1990,0,0,0,0,0,0,0,0,0,0
371049,1,1,1990,7,18,12,24,15,24,30,16,24,19
371049,2,1,1990,0,0,0,0,0,0,0,0,0,0
371050,1,1,1990,13,0,15,17,11,23,13,17,17,30
371051,1,1,1990,0,0,0,0,0,0,0,0,0,0
371051,2,1,1990,0,0,0,0,0,0,0,0,0,0
371052,1,1,1990,24,32,20,11,26,11,6,7,23,16
371052,2,1,1990,0,0,0,0,0,0,0,0,0,0
371052,3,1,1990,0,0,0,0,0,0,0,0,0,0
371053,0,1,1990,24,24,24,24,24,24,24,24,24,24
371053,1,1,1990,0,0,0,0,0,0,0,0,0,0
371054,1,1,1990,15,15,15,15,15,15,15,15,15,15
371054,2,1,1990,0,0,0,0,0,0,0,0,0,0
371055,0,1,1990,0,0,0,0,0,0,0,0,0,0
371055,1,1,1990,0,0,0,4,0,0,0,0,0,0
371056,0,1,1990,0,0,0,0,0,0,0,0,0,0
371056,1,1,1990,0,0,0,0,0,0,0,0,0,0
371057,1,1,1990,0,0,0,0,0,0,0,0,0,0
371057,2,1,1990,0,0,0,0,0,0,0,0,0,0
371058,1,1,1990,0,0,0,0,0,0,0,0,0,0
371058,2,1,1990,27,27,27,27,27,27,27,27,27,27
371059,1,1,1990,0,0,0,0,0,0,0,0,0,0
371059,2,1,1990,0,0,0,0,0,0,0,0,0,0
371060,0,1,1990,0,0,0,0,0,0,0,0,0,0
371060,1,1,1990,0,4,0,0,0,0,0,0,0,0
371061,1,1,1990,27,27,27,27,27,27,27,27,27,27
371062,1,1,1990,0,0,0,0,0,0,0,0,0,0
371063,0,1,1990,21,21,21,21,21,21,21,21,21,21
371063,1,1,1990,0,0,0,0,0,0,0,16,0,0
371064,1,1,1990,0,0,0,0,0,0,0,0,0,0
371064,2,1,1990,0,0,0,0,0,0,0,0,0,0
371065,1,1,1990,7,14,4,17,0,8,8,16,8,7
371065,2,1,1990,0,0,0,0,0,0,0,0,0,0
371066,1,1,1990,0,0,0,0,0,0,0,0,0,0
371066,2,1,1990,0,0,0,10,0,0,0,0,0,0
371067,0,1,1990,37,37,37,37,37,37,37,37,37,37
371067,1,1,1990,0,0,0,0,0,0,0,0,0,6
371068,1,1,1990,6,27,24,13,28,30,14,34,26,17
371069,0,1,1990,0,0,0,0,0,0,0,0,0,0
371069,1,1,1990,0,0,0,0,0,0,0,0,0,0
371070,1,1,1990,0,0,0,0,0,0,0,11,0,17
371070,2,1,1990,0,0,0,0,0,0,0,0,0,0
371071,1,1,1990,10,11,24,6,4,0,7,6,15,0
371071,2,1,1990,0,0,0,0,0,0,0,0,0,0
371072,1,1,1990,24,24,24,24,24,24,24,24,24,24
371073,0,1,1990,0,0,0,0,0,0,0,0,0,0
371073,1,1,1990,6,23,18,13,11,12,14,18,20,0
371074,0,1,1990,33,33,33,33,33,33,33,33,33,33
371074,1,1,1990,0,14,16,0,0,0,0,21,0,16
371075,0,1,1990,17,17,17,17,17,17,17,17,17,17
371075,1,1,1990,9,10,15,26,28,13,11,13,0,0
371076,0,1,1990,0,0,0,0,0,0,0,0,0,0
371076,1,1,1990,0,0,0,0,0,0,0,0,0,0
371077,1,1,1990,0,0,0,0,0,0,0,0,0,0
371077,2,1,1990,0,0,0,0,0,25,0,0,0,0
371078,0,1,1990,0,0,0,0,0,0,0,0,0,0
371078,1,1,1990,0,0,0,0,0,0,0,0,0,0
371079,1,1,1990,0,0,0,0,0,0,0,0,0,0
371079,2,1,1990,0,0,15,0,0,0,0,17,0,0
371080,1,1,1990,0,0,0,0,0,0,0,0,0,0
371080,2,1,1990,0,0,0,0,0,0,0,0,0,0
371081,1,1,1990,0,0,0,0,0,0,0,0,0,0
371082,1,1,1990,8,8,8,8,8,8,8,8,8,8
371082,2,1,1990,15,17,4,19,0,21,12,15,30,21
371083,1,1,1990,0,0,0,0,0,0,0,0,0,0
371083,2,1,1990,0,0,0,0,0,0,0,0,0,0
371084,1,1,1990,0,0,0,0,0,0,0,0,0,0
371084,2,1,1990,0,0,0,0,0,0,0,0,0,0
371085,1,1,1990,0,0,0,0,0,4,0,0,0,0
371085,2,1,1990,0,0,0,0,0,0,0,0,0,0
371086,1,1,1990,0,0,0,0,0,0,0,0,0,0
371086,2,1,1990,0,0,0,0,0,0,0,13,0,0
371087,1,1,1990,0,0,0,0,0,0,0,0,0,0
371088,1,1,1990,0,0,0,0,0,0,0,0,0,0
371088,2,1,1990,0,0,0,0,0,0,0,0,0,0
371089,1,1,1990,0,0,0,0,0,0,0,0,0,0
371090,1,1,1990,0,0,0,0,0,0,0,0,0,0
371091,1,1,1990,0,0,0,0,23,0,0,0,4,0
371091,2,1,1990,0,16,11,0,0,0,0,0,0,0
371092,1,1,1990,0,20,15,0,0,0,0,0,0,0
371092,2,1,1990,0,0,0,0,0,0,0,0,0,0
371092,3,1,1990,0,0,0,0,0,0,0,0,0,0
371092,4,1,1990,0,0,0,0,0,0,0,0,0,0
371093,1,1,1990,0,0,0,0,0,0,0,0,0,0
371093,2,1,1990,0,0,0,0,0,0,0,0,0,0
371094,1,1,1990,0,0,0,0,0,0,0,0,0,0
371094,2,1,1990,0,0,0,0,0,0,0,0,0,0
371095,1,1,1990,0,0,0,0,0,0,0,0,0,0
371095,2,1,1990,0,0,0,0,0,0,5,0,0,6
371096,1,1,1990,0,0,0,17,0,0,0,0,0,0
371096,2,1,1990,19,13,14,0,20,16,19,15,0,6
371097,0,1,1990,24,24,24,24,24,24,24,24,24,24
371097,1,1,1990,0,0,0,0,0,0,0,0,0,0
371098,1,1,1990,15,21,8,26,21,26,9,32,12,6
371099,1,1,1990,19,19,19,19,19,19,19,19,19,19
371100,1,1,1990,0,0,0,0,0,0,0,0,0,0
371101,1,1,1990,0,0,0,0,0,0,0,0,0,0
371101,2,1,1990,0,0,0,0,0,0,0,0,0,0
371102,1,1,1990,0,0,0,0,0,0,0,0,0,0
371102,2,1,1990,0,0,0,0,0,0,0,0,0,0
371103,0,1,1990,10,10,10,10,10,10,10,10,10,10
371103,1,1,1990,0,0,0,0,0,0,0,0,0,0
371104,1,1,1990,21,21,21,21,21,21,21,21,21,21
371105,1,1,1990,23,15,9,8,14,21,12,14,7,3
371106,1,1,1990,18,18,18,18,18,18,18,18,18,18
371107,1,1,1990,0,0,0,0,0,0,0,0,0,0
371107,2,1,1990,0,0,0,0,0,0,0,0,10,0
371107,3,1,1990,0,0,0,0,0,0,0,0,0,0
371108,0,1,1990,12,12,12,12,12,12,12,12,12,12
371108,0,2,1990,0,0,6,0,0,0,23,0,0,0
371108,1,1,1990,0,11,9,9,0,0,11,32,0,11
371109,1,1,1990,0,0,0,0,0,0,0,0,0,0
371109,2,1,1990,0,0,0,0,0,0,0,0,0,0
371110,1,1,1990,33,33,33,33,33,33,33,33,33,33
371110,2,1,1990,0,0,0,0,0,0,0,0,0,0
371111,1,1,1990,0,0,0,0,0,0,0,0,0,0
371111,2,1,1990,0,0,0,0,0,0,0,0,0,0
371112,1,1,1990,0,0,0,0,0,0,0,0,0,0
371113,1,1,1990,14,14,14,14,14,14,14,14,14,14
371113,2,1,1990,0,0,0,0,0,0,0,0,0,0
371114,1,1,1990,0,0,0,0,0,0,0,0,0,0
371114,2,1,1990,0,0,0,0,0,0,0,0,0,0
371115,1,1,1990,0,0,0,0,0,0,0,0,0,0
371116,1,1,1990,0,0,0,0,0,0,0,0,0,0
371116,2,1,1990,0,0,0,0,0,0,0,0,0,11
371118,1,1,1990,0,16,0,0,0,6,17,0,6,4
371118,2,1,1990,36,36,36,36,36,36,36,36,36,36
371119,1,1,1990,0,0,0,0,0,0,0,0,0,0
371119,2,1,1990,0,0,0,0,0,0,0,0,0,0
371120,0,1,1990,0,0,0,0,0,0,0,0,0,0
371120,1,1,1990,13,14,10,24,18,2,14,12,10,10
371121,0,1,1990,15,15,15,15,15,15,15,15,15,15
371121,1,1,1990,0,0,0,0,0,0,0,7,0,0
371122,1,1,1990,6,9,15,14,32,0,0,21,18,4
371123,1,1,1990,11,11,11,11,11,11,11,11,11,11
371123,2,1,1990,17,0,0,0,0,0,0,0,11,0
371124,0,1,1990,0,0,0,0,0,0,0,0,0,0
371124,1,1,1990,0,0,0,0,0,0,0,0,0,7
371125,1,1,1990,0,0,0,0,0,0,0,0,0,0
371125,2,1,1990,0,0,0,0,0,0,0,0,0,0
371126,1,1,1990,0,0,0,0,0,0,0,0,0,0
371126,2,1,1990,0,0,0,0,0,0,0,0,0,0
371127,1,1,1990,0,0,0,0,0,0,0,0,0,0
371127,2,1,1990,0,0,0,0,0,0,0,8,0,0
371128,1,1,1990,0,0,0,0,0,0,0,0,0,0
371128,2,1,1990,22,22,22,22,22,22,22,22,22,22
371129,1,1,1990,15,15,6,11,9,13,12,12,9,8
371130,0,1,1990,13,13,13,13,13,13,13,13,13,13
371130,1,1,1990,0,0,0,0,0,0,0,0,0,0
371131,1,1,1990,0,0,0,0,0,0,0,0,0,0
371131,2,1,1990,0,0,0,0,0,0,0,0,0,0
371132,0,1,1990,19,19,19,19,19,19,19,19,19,19
371132,1,1,1990,0,0,0,0,0,0,0,0,0,0
371133,1,1,1990,0,0,0,0,0,0,0,0,0,16
371133,2,1,1990,0,0,0,0,0,0,0,0,0,0
371134,0,1,1990,0,0,0,0,0,0,0,0,0,0
371134,1,1,1990,0,0,0,0,0,0,0,0,0,0
371135,1,1,1990,0,0,0,0,0,0,0,0,0,0
371136,0,1,1990,0,0,0,0,0,0,0,0,0,0
371136,1,1,1990,0,0,0,0,0,0,0,0,0,0
371137,1,1,1990,30,30,30,30,30,30,30,30,30,30
371137,2,1,1990,0,0,0,0,1,0,0,0,0,0
371138,1,1,1990,0,0,0,0,0,0,0,0,0,0
371138,2,1,1990,0,0,0,0,0,0,0,0,0,0
371138,3,1,1990,0,0,0,0,0,0,0,0,0,0
371139,1,1,1990,0,0,0,0,0,0,0,0,0,0
371139,2,1,1990,0,0,0,0,0,0,0,0,0,0
371140,1,1,1990,22,15,5,11,0,16,3,21,11,0
371141,1,1,1990,0,0,0,0,0,0,0,0,0,0
371141,2,1,1990,0,0,0,0,0,0,0,0,0,0
371142,1,1,1990,0,0,0,0,0,0,0,0,0,0
371142,2,1,1990,20,20,20,20,20,20,20,20,20,20
371143,0,1,1990,20,27,3,17,25,34,26,13,29,20
371143,1,1,1990,0,0,0,0,0,0,0,0,0,0
371144,0,1,1990,26,25,0,0,0,27,0,0,31,14
371144,1,1,1990,10,6,14,34,37,9,20,15,6,16
371145,1,1,1990,0,5,0,0,0,5,0,0,0,0
371145,2,1,1990,0,0,0,0,0,0,0,0,0,0
371145,3,1,1990,0,0,0,0,8,25,0,0,0,0
371146,1,1,1990,19,19,19,19,19,19,19,19,19,19
371147,1,1,1990,38,38,38,38,38,38,38,38,38,38
371148,0,1,1990,0,0,0,0,0,0,0,0,0,0
371148,1,1,1990,0,0,0,0,0,0,0,0,0,0
371149,0,1,1990,0,0,0,0,0,0,0,0,0,0
371149,0,2,1990,42,0,0,0,28,0,0,0,0,0
371149,0,3,1990,0,0,0,0,0,0,0,0,0,23
371149,0,4,1990,17,43,6,0,0,24,32,0,0,0
371149,0,5,1990,0,0,0,0,0,0,0,0,0,0
371149,1,1,1990,0,0,0,0,0,0,0,0,0,0
371149,2,1,1990,0,0,0,0,0,0,0,0,0,0
371149,3,1,1990,0,0,0,0,0,0,0,0,0,0
371150,0,1,1990,20,20,20,20,20,20,20,20,20,20
371150,1,1,1990,0,0,0,0,0,0,0,0,0,0
371151,1,1,1990,29,29,29,29,29,29,29,29,29,29
371152,1,1,1990,10,10,10,10,10,10,10,10,10,10
371153,1,1,1990,0,0,0,0,0,0,0,0,0,0
371153,2,1,1990,0,0,0,0,0,0,0,0,0,0
371154,1,1,1990,0,0,0,0,0,0,0,0,0,0
371154,2,1,1990,0,0,0,0,0,0,0,0,0,0
371155,1,1,1990,7,7,7,7,7,7,7,7,7,7
371156,1,1,1990,16,16,16,16,16,16,16,16,16,16
371157,1,1,1990,0,0,0,0,0,0,0,0,0,0
371157,2,1,1990,0,0,0,0,0,0,0,0,0,0
371158,1,1,1990,0,0,0,0,0,0,10,0,0,0
371158,2,1,1990,0,0,0,0,0,0,0,0,0,0
371159,1,1,1990,0,0,0,0,0,0,0,0,0,0
371160,1,1,1990,15,14,8,11,13,28,11,26,23,16
371161,1,1,1990,18,0,16,27,34,25,13,0,27,14
371162,1,1,1990,11,11,11,11,11,11,11,11,11,11
371163,1,1,1990,42,42,42,42,42,42,42,42,42,42
371164,1,1,1990,27,27,27,27,27,27,27,27,27,27
371165,1,1,1990,0,0,0,0,0,0,0,0,0,0
371165,2,1,1990,0,0,0,0,0,0,0,0,0,0
371165,3,1,1990,0,0,11,0,0,0,0,0,0,0
371166,1,1,1990,0,0,0,0,0,0,0,0,0,0
371167,1,1,1990,0,0,0,0,0,0,0,0,0,0
371167,2,1,1990,0,0,0,0,0,0,0,0,0,0
371168,0,1,1990,12,12,12,12,12,12,12,12,12,12
371168,1,1,1990,0,0,0,0,0,0,0,5,0,0
371169,1,1,1990,0,0,0,0,0,0,0,0,0,0
371169,2,1,1990,0,0,0,0,0,0,0,0,0,0
371169,3,1,1990,0,0,0,0,0,0,0,0,0,0
371170,1,1,1990,20,20,20,20,20,20,20,20,20,20
371171,0,1,1990,0,0,0,0,0,0,0,0,0,0
371171,1,1,1990,0,0,0,0,0,0,0,0,0,0
371172,1,1,1990,0,0,0,0,0,0,0,0,0,0
371172,2,1,1990,0,0,0,0,0,0,0,0,0,0
371173,1,1,1990,0,0,0,0,0,0,0,0,0,0
371174,1,1,1990,0,0,0,0,0,0,0,0,0,0