ST_CASE,VEH_NO,PER_NO,YEAR,P1,P2,P3,P4,P5,P6,P7,P8,P9,P10
371174,2,1,1990,0,0,0,0,0,0,0,0,0,0
371175,1,1,1990,19,19,19,19,19,19,19,19,19,19
371176,1,1,1990,0,0,0,0,0,0,0,0,0,0
371176,2,1,1990,0,27,0,0,0,0,0,0,12,0
371177,1,1,1990,0,0,0,0,0,0,0,0,0,0
371177,2,1,1990,0,0,0,0,0,0,0,0,0,0
371178,1,1,1990,0,0,0,0,0,0,0,0,0,0
371179,1,1,1990,37,37,37,37,37,37,37,37,37,37
371180,1,1,1990,0,0,0,0,0,0,0,0,0,0
371180,2,1,1990,0,0,0,0,0,0,0,0,0,0
371180,3,1,1990,0,0,0,0,0,0,0,0,0,0
371181,1,1,1990,15,15,15,15,15,15,15,15,15,15
371182,1,1,1990,20,20,20,20,20,20,20,20,20,20
371182,2,1,1990,0,0,0,0,0,0,0,0,0,0
371183,0,1,1990,29,29,29,29,29,29,29,29,29,29
371183,1,1,1990,0,0,0,0,0,0,0,0,0,0
371184,1,1,1990,0,0,0,0,0,0,0,0,0,0
371185,0,1,1990,0,0,0,0,0,0,0,0,0,0
371185,1,1,1990,0,0,0,0,0,0,0,0,0,0
371186,0,1,1990,0,0,0,0,0,0,0,0,0,0
371186,1,1,1990,0,0,0,0,0,0,0,0,0,0
371187,1,1,1990,0,0,0,0,0,0,0,0,0,0
371188,1,1,1990,22,12,21,14,20,0,10,0,9,10
371188,2,1,1990,0,0,0,0,0,0,0,0,0,0
371189,1,1,1990,0,0,0,0,0,0,0,0,0,0
371189,2,1,1990,0,0,0,0,0,0,0,0,0,0
371190,0,1,1990,0,0,0,0,0,0,0,0,0,0
371190,1,1,1990,0,0,0,0,0,0,0,0,0,0
371191,1,1,1990,11,11,11,11,11,11,11,11,11,11
371192,1,1,1990,0,0,0,0,0,0,0,0,0,0
371193,1,1,1990,0,0,0,0,0,0,0,0,0,0
371193,2,1,1990,0,15,24,15,28,10,15,25,15,16
371194,1,1,1990,0,0,0,0,0,0,0,0,0,0
371195,1,1,1990,22,22,22,22,22,22,22,22,22,22
371196,1,1,1990,15,7,10,8,8,28,20,27,7,21
371197,1,1,1990,15,15,15,15,15,15,15,15,15,15
371197,2,1,1990,0,0,0,0,0,0,0,0,0,0
371198,1,1,1990,0,0,0,0,0,0,0,0,0,0
371199,1,1,1990,27,27,27,27,27,27,27,27,27,27
371199,2,1,1990,0,0,0,0,0,0,0,0,0,0
371200,0,1,1990,0,0,0,0,0,0,0,0,0,0
371200,1,1,1990,0,0,0,26,0,0,0,0,0,0
371201,1,1,1990,21,21,21,21,21,21,21,21,21,21
371202,1,1,1990,0,0,0,0,0,0,0,0,0,0
371202,2,1,1990,0,0,0,0,0,0,0,5,0,0
371203,0,1,1990,0,0,0,0,0,0,0,0,0,0
371203,1,1,1990,0,21,0,0,0,11,0,0,0,0
371204,1,1,1990,36,36,36,36,36,36,36,36,36,36
371205,1,1,1990,14,14,14,14,14,14,14,14,14,14
371206,1,1,1990,6,10,18,6,18,15,16,0,12,8
371207,0,1,1990,0,0,0,0,0,0,0,0,0,0
371207,0,2,1990,0,0,0,0,0,0,0,0,0,0
371207,1,1,1990,0,0,0,0,0,0,0,0,0,0
371208,1,1,1990,0,0,0,0,0,0,0,0,0,0
371209,1,1,1990,0,0,0,0,0,0,0,0,0,0
371210,1,1,1990,0,0,0,0,0,0,0,0,0,0
371211,1,1,1990,0,0,0,0,0,0,0,0,0,0
371212,1,1,1990,0,0,0,0,0,0,0,0,0,0
371212,2,1,1990,0,0,0,0,0,0,0,8,0,0
371212,3,1,1990,0,0,0,0,0,0,0,0,0,0
371213,1,1,1990,0,0,0,0,0,0,0,0,0,0
371214,0,1,1990,0,0,0,0,0,0,0,0,0,0
371214,1,1,1990,0,0,0,0,0,0,0,0,0,0
371215,1,1,1990,0,0,0,0,0,0,0,0,0,0
371215,2,1,1990,2,2,2,2,2,2,2,2,2,2
371216,1,1,1990,0,0,0,0,0,0,0,0,0,0
371216,2,1,1990,0,0,0,0,0,0,0,0,0,0
371217,1,1,1990,27,27,27,27,27,27,27,27,27,27
371218,1,1,1990,0,0,0,0,0,0,0,0,0,0
371219,1,1,1990,16,16,16,16,16,16,16,16,16,16
371220,1,1,1990,0,0,0,0,0,0,0,0,0,0
371220,2,1,1990,0,0,0,0,0,0,0,0,0,0
371221,1,1,1990,0,0,0,0,0,0,0,0,0,0
371222,0,1,1990,12,12,12,12,12,12,12,12,12,12
371222,1,1,1990,0,0,0,0,0,0,0,0,0,0
371223,0,1,1990,8,32,21,0,26,22,0,21,18,28
371223,1,1,1990,0,0,0,0,0,0,0,0,0,0
371224,1,1,1990,0,0,0,0,0,0,0,0,0,0
371225,1,1,1990,11,11,11,11,11,11,11,11,11,11
371226,0,1,1990,0,0,0,0,0,0,0,0,0,0
371226,1,1,1990,0,0,0,0,0,0,0,0,0,0
371227,0,1,1990,20,20,20,20,20,20,20,20,20,20
371227,1,1,1990,9,13,9,7,15,5,0,3,7,21
371228,1,1,1990,23,23,23,23,23,23,23,23,23,23
371229,1,1,1990,8,8,8,8,8,8,8,8,8,8
371230,1,1,1990,0,0,0,0,0,0,0,0,0,0
371230,2,1,1990,0,0,0,0,0,0,0,0,0,0
371230,3,1,1990,0,0,0,0,0,0,0,0,0,0
371231,1,1,1990,10,16,11,18,8,29,19,14,12,16
371232,1,1,1990,23,23,23,23,23,23,23,23,23,23
371233,1,1,1990,0,0,0,0,0,0,0,0,0,0
371233,2,1,1990,0,0,0,0,0,0,0,0,0,0
371234,1,1,1990,0,0,0,0,0,0,0,0,19,0
371234,2,1,1990,0,0,0,0,0,0,0,13,0,0
371234,3,1,1990,0,0,0,0,0,0,0,0,0,0
371235,1,1,1990,0,0,0,0,0,0,0,0,0,0
371235,2,1,1990,0,0,0,0,0,0,0,0,0,0
371235,3,1,1990,0,0,0,0,0,0,0,0,0,0
371236,0,1,1990,0,0,0,0,0,0,0,0,0,0
371236,1,1,1990,0,12,0,0,0,0,0,0,0,0
371238,1,1,1990,0,0,0,0,0,0,0,0,0,0
371238,2,1,1990,0,0,0,0,0,0,0,0,0,0
371239,1,1,1990,0,0,0,0,0,0,0,0,0,0
371239,2,1,1990,0,0,0,0,0,0,0,0,0,0
371240,0,1,1990,4,4,4,4,4,4,4,4,4,4
371240,1,1,1990,0,0,0,0,0,0,0,0,0,0
371241,1,1,1990,7,28,16,27,26,15,12,17,24,18
371242,0,1,1990,0,0,0,0,0,0,0,0,0,0
371242,1,1,1990,0,0,0,0,0,0,0,0,0,0
371243,0,1,1990,0,10,25,22,4,4,0,0,6,0
371243,1,1,1990,0,0,0,0,0,0,0,0,0,0
371244,1,1,1990,0,0,0,0,0,0,0,0,0,0
371245,1,1,1990,0,0,0,0,0,0,0,0,0,0
371245,2,1,1990,0,0,0,0,0,0,0,0,0,0
371246,0,1,1990,0,0,0,0,0,0,0,0,0,0
371246,1,1,1990,0,0,0,0,0,0,0,0,0,0
371247,1,1,1990,0,0,0,0,0,0,0,0,0,0
371247,2,1,1990,0,0,0,0,0,0,0,0,0,0
371248,1,1,1990,0,0,0,0,0,0,0,0,0,0
371248,2,1,1990,0,0,0,0,0,0,0,0,0,0
371249,1,1,1990,0,0,0,0,0,0,0,0,0,0
371249,2,1,1990,0,0,0,0,0,0,0,0,0,0
371250,1,1,1990,25,25,25,25,25,25,25,25,25,25
371251,1,1,1990,10,13,4,20,12,15,22,0,10,14
371252,1,1,1990,22,13,22,11,14,29,14,20,11,23
371253,1,1,1990,0,0,0,0,0,0,0,0,0,0
371253,2,1,1990,0,0,0,0,0,9,0,0,0,0
371254,1,1,1990,0,0,0,0,0,0,0,0,0,0
371255,1,1,1990,5,21,18,0,8,11,13,14,14,17
371255,2,1,1990,0,0,0,0,0,0,0,0,0,0
371256,0,1,1990,0,0,0,0,0,0,0,0,0,0
371256,1,1,1990,0,0,0,0,0,0,0,0,0,0
371257,1,1,1990,0,0,0,0,0,0,0,0,0,0
371257,2,1,1990,0,0,0,0,10,0,0,0,0,0
371258,1,1,1990,6,9,11,0,24,0,21,12,7,9
371258,2,1,1990,0,0,0,0,0,0,0,8,0,0
371258,3,1,1990,0,0,0,26,0,0,0,0,0,0
371259,1,1,1990,4,4,4,4,4,4,4,4,4,4
371260,1,1,1990,0,0,0,0,0,0,0,0,0,0
371261,0,1,1990,0,0,0,0,0,0,0,0,0,0
371261,1,1,1990,0,0,0,0,0,0,0,0,0,0
371262,1,1,1990,16,16,16,16,16,16,16,16,16,16
371263,0,1,1990,0,0,0,0,0,0,0,0,0,0
371263,1,1,1990,0,0,0,0,0,0,0,0,0,0
371264,0,1,1990,0,0,0,0,0,0,0,0,0,0
371264,1,1,1990,0,0,0,5,0,0,0,0,7,0
371264,2,1,1990,0,0,0,0,0,0,0,0,0,0
371265,1,1,1990,23,24,16,15,16,19,29,14,0,12
371266,1,1,1990,0,16,0,20,11,14,19,8,11,8
380001,1,1,1990,0,0,0,0,0,0,0,0,0,0
380002,0,1,1990,0,0,0,0,0,0,0,0,0,0
380002,1,1,1990,0,0,0,0,0,0,0,0,9,0
380003,1,1,1990,0,0,0,0,0,0,0,0,0,0
380004,1,1,1990,22,22,22,22,22,22,22,22,22,22
380005,1,1,1990,18,18,18,18,18,18,18,18,18,18
380006,0,1,1990,0,0,0,14,0,0,0,0,0,0
380006,1,1,1990,0,6,0,0,0,0,0,0,11,0
380007,1,1,1990,22,22,22,22,22,22,22,22,22,22
380008,1,1,1990,0,0,0,0,0,0,0,0,0,0
380008,2,1,1990,0,0,0,0,0,0,0,0,0,0
380009,0,1,1990,0,0,0,0,0,13,0,0,0,0
380009,0,2,1990,0,31,0,0,39,29,0,0,0,0
380009,1,1,1990,0,0,0,0,0,0,0,0,0,0
380010,1,1,1990,0,0,0,0,0,0,0,0,0,0
380011,1,1,1990,0,0,0,0,0,0,0,0,0,0
380012,1,1,1990,0,0,0,0,0,0,0,0,0,0
380013,0,1,1990,0,0,0,37,0,0,14,0,0,0
380013,1,1,1990,0,0,0,0,0,0,0,0,0,0
380014,1,1,1990,0,0,13,0,0,0,0,9,0,0
380015,1,1,1990,0,0,0,0,0,0,0,0,0,0
380016,1,1,1990,0,0,0,0,0,0,0,0,0,0
380017,1,1,1990,0,0,0,0,0,0,0,0,0,0
380017,2,1,1990,0,0,0,0,0,0,0,0,0,0
380018,0,1,1990,0,0,0,0,0,0,0,0,0,0
380019,1,1,1990,0,0,0,2,0,0,17,0,0,0
380020,1,1,1990,9,9,9,9,9,9,9,9,9,9
380021,1,1,1990,0,5,0,0,34,0,0,0,10,0
380022,0,1,1990,0,0,0,0,0,0,0,0,0,0
380022,1,1,1990,0,0,0,0,0,0,0,0,0,0
380023,1,1,1990,11,11,11,11,11,11,11,11,11,11
380024,1,1,1990,17,17,17,17,17,17,17,17,17,17
380025,1,1,1990,18,42,0,0,0,14,0,0,0,0
380026,1,1,1990,19,19,19,19,19,19,19,19,19,19
380027,1,1,1990,9,9,9,9,9,9,9,9,9,9
380028,1,1,1990,27,27,27,27,27,27,27,27,27,27
380028,2,1,1990,0,0,0,0,0,0,0,0,0,0
380029,1,1,1990,17,17,17,17,17,17,17,17,17,17
380030,1,1,1990,21,21,21,21,21,21,21,21,21,21
380031,1,1,1990,25,25,25,25,25,25,25,25,25,25
380032,1,1,1990,19,19,19,19,19,19,19,19,19,19
380032,2,1,1990,0,0,0,0,0,0,0,0,0,0
380033,1,1,1990,0,0,0,0,0,0,0,0,0,0
380033,2,1,1990,0,0,0,0,0,0,0,0,0,0
380034,1,1,1990,21,21,21,21,21,21,21,21,21,21
380035,1,1,1990,18,18,18,18,18,18,18,18,18,18
380036,1,1,1990,0,0,0,0,8,0,0,0,0,0
380037,1,1,1990,0,0,0,0,0,0,0,0,0,0
380038,1,1,1990,20,20,20,20,20,20,20,20,20,20
380039,1,1,1990,14,0,19,0,0,0,0,0,0,0
380040,1,1,1990,10,10,10,10,10,10,10,10,10,10
380041,1,1,1990,9,9,9,9,9,9,9,9,9,9
380041,2,1,1990,21,21,21,21,21,21,21,21,21,21
380042,0,1,1990,9,26,0,0,0,0,0,0,0,0
380042,1,1,1990,0,0,0,0,0,0,0,0,0,0
380043,1,1,1990,0,0,0,0,0,0,0,0,19,0
380044,1,1,1990,24,24,24,24,24,24,24,24,24,24
380045,1,1,1990,0,0,0,0,0,0,0,0,0,0
380045,2,1,1990,0,0,0,0,0,0,0,0,0,0
380046,1,1,1990,14,14,14,14,14,14,14,14,14,14
380046,2,1,1990,0,0,4,0,0,0,0,0,0,0
380047,1,1,1990,0,0,0,0,0,0,0,0,0,0
380047,2,1,1990,0,0,0,0,0,0,0,0,25,0
380048,1,1,1990,26,26,26,26,26,26,26,26,26,26
380049,1,1,1990,20,20,20,20,20,20,20,20,20,20
380050,1,1,1990,0,0,0,0,0,0,0,0,0,0
380051,1,1,1990,13,13,13,13,13,13,13,13,13,13
380052,1,1,1990,3,13,11,0,0,16,17,17,16,24
380053,1,1,1990,17,17,17,17,17,17,17,17,17,17
380054,1,1,1990,0,0,0,0,0,0,0,0,0,0
380055,0,1,1990,0,0,0,0,0,0,0,0,0,0
380055,1,1,1990,12,12,12,12,12,12,12,12,12,12
380056,1,1,1990,21,21,21,21,21,21,21,21,21,21
380057,0,1,1990,12,12,12,12,12,12,12,12,12,12
380057,1,1,1990,0,0,0,10,29,17,20,0,16,14
380058,1,1,1990,0,0,0,0,0,0,0,0,0,0
380058,2,1,1990,0,0,9,0,0,0,0,0,5,0
380059,1,1,1990,9,9,9,9,9,9,9,9,9,9
380060,1,1,1990,0,0,0,0,0,0,0,0,0,0
380060,2,1,1990,0,0,0,0,0,0,0,0,0,0
380061,1,1,1990,0,0,0,0,0,0,0,0,0,0
380062,1,1,1990,4,12,31,5,0,7,12,23,14,8
380064,1,1,1990,0,0,0,0,0,0,0,0,0,0
380065,1,1,1990,0,0,0,0,0,0,0,17,26,0
380066,1,1,1990,28,28,28,28,28,28,28,28,28,28
380067,1,1,1990,25,0,26,25,13,0,22,0,0,0
380067,2,1,1990,0,0,0,0,0,5,0,0,0,0
380068,1,1,1990,11,11,11,11,11,11,11,11,11,11
380068,2,1,1990,9,0,0,0,0,4,0,0,6,0
380069,1,1,1990,0,0,0,0,0,0,0,0,0,0
380070,1,1,1990,26,26,26,26,26,26,26,26,26,26
380071,1,1,1990,23,23,23,23,23,23,23,23,23,23
380071,2,1,1990,0,0,0,0,0,0,0,7,0,0
380072,1,1,1990,11,18,0,19,0,12,0,0,0,9
380073,1,1,1990,0,0,0,0,0,0,0,0,0,0
380074,1,1,1990,0,0,0,0,0,0,0,0,0,0
380074,2,1,1990,0,0,0,0,0,0,25,0,24,0
380075,1,1,1990,0,0,0,0,0,0,9,0,0,0
380075,2,1,1990,0,0,0,21,0,0,0,0,0,0
380076,1,1,1990,0,0,0,0,0,0,0,0,0,0
380076,2,1,1990,0,0,0,0,0,0,0,0,0,17
380078,1,1,1990,0,0,0,9,0,0,0,0,22,13
380078,2,1,1990,0,0,0,0,0,0,0,0,0,0
380079,1,1,1990,20,20,20,20,20,20,20,20,20,20
380080,1,1,1990,20,20,20,20,20,20,20,20,20,20
380081,1,1,1990,0,0,0,0,0,0,0,0,0,0
380082,0,1,1990,0,0,0,0,0,0,0,19,0,0
380082,1,1,1990,0,0,0,0,0,0,0,0,0,0
380083,1,1,1990,19,19,19,19,19,19,19,19,19,19
380084,1,1,1990,22,22,22,22,22,22,22,22,22,22
380085,1,1,1990,25,25,25,25,25,25,25,25,25,25
380085,2,1,1990,0,10,0,12,0,0,0,0,0,9
380085,3,1,1990,0,0,14,0,0,0,0,17,0,0
380086,1,1,1990,4,4,4,4,4,4,4,4,4,4
380086,2,1,1990,0,0,0,0,0,0,0,0,0,0
380087,1,1,1990,40,0,39,0,22,20,28,0,25,30
380088,1,1,1990,13,13,13,13,13,13,13,13,13,13
380088,2,1,1990,0,0,0,0,0,0,0,0,0,0
380089,1,1,1990,0,0,0,0,3,0,0,0,0,0
380089,2,1,1990,0,0,0,0,0,0,0,0,0,0
380090,1,1,1990,0,0,0,0,0,0,0,0,0,0
380091,1,1,1990,20,20,20,20,20,20,20,20,20,20
380094,0,1,1990,21,21,21,21,21,21,21,21,21,21
380094,1,1,1990,0,0,0,0,13,12,0,0,0,0
380095,1,1,1990,4,4,4,4,4,4,4,4,4,4
380095,2,1,1990,0,0,0,0,0,0,0,0,0,0
380096,1,1,1990,18,18,18,18,18,18,18,18,18,18
380097,0,1,1990,16,0,0,0,0,0,0,0,0,0
380097,1,1,1990,0,0,0,13,16,0,0,0,0,0
380098,1,1,1990,0,0,0,0,0,0,0,0,0,0
380099,1,1,1990,21,21,21,21,21,21,21,21,21,21
380099,2,1,1990,25,0,0,0,0,0,0,0,21,0
380100,1,1,1990,8,0,27,0,0,0,18,0,0,19
380101,0,1,1990,20,20,20,20,20,20,20,20,20,20
380101,1,1,1990,0,0,0,0,0,0,0,0,0,0
380102,1,1,1990,17,16,29,21,20,0,24,22,31,29
380103,1,1,1990,0,0,0,0,15,0,0,0,0,0
380104,1,1,1990,7,7,7,7,7,7,7,7,7,7
380105,1,1,1990,20,20,20,20,20,20,20,20,20,20
380106,0,1,1990,32,32,32,32,32,32,32,32,32,32
380106,1,2,1990,17,0,10,0,8,11,11,7,10,19
380107,1,1,1990,0,0,0,0,0,0,0,0,0,0
380108,1,1,1990,0,0,0,0,0,0,0,0,0,0
390001,1,1,1990,21,21,21,21,21,21,21,21,21,21
390002,1,1,1990,0,0,0,0,0,0,0,19,18,0
390002,2,1,1990,0,5,0,0,0,0,0,0,0,0
390002,3,1,1990,0,0,0,0,0,5,0,0,0,0
390003,1,1,1990,0,0,0,0,0,0,0,0,0,0
390004,1,1,1990,12,0,0,26,11,0,4,14,10,0
390005,1,1,1990,0,0,0,0,0,0,0,0,0,0
390006,1,1,1990,0,0,0,0,0,0,0,0,0,0
390006,2,1,1990,0,0,0,0,0,0,0,0,0,0
390007,1,1,1990,0,0,0,0,0,0,0,0,0,0
390008,1,1,1990,0,0,0,0,0,0,0,0,0,0
390008,2,1,1990,0,36,0,0,0,0,0,0,0,0
390009,1,1,1990,15,0,26,14,30,13,16,15,14,27
390009,2,1,1990,0,0,0,0,0,0,0,0,0,9
390010,1,1,1990,24,0,0,0,0,0,0,0,0,0
390011,1,1,1990,0,0,0,0,0,0,0,0,0,0
390012,1,1,1990,23,23,23,23,23,23,23,23,23,23
390013,1,1,1990,0,0,0,0,0,0,0,0,0,0
390013,2,1,1990,0,0,0,0,0,0,0,0,0,0
390014,1,1,1990,0,0,0,0,0,0,0,0,0,0
390015,0,1,1990,0,0,0,0,0,0,0,0,0,0
390015,1,1,1990,0,0,0,0,0,0,0,0,4,0
390016,1,1,1990,0,0,0,0,12,0,0,0,0,0
390017,1,1,1990,18,18,18,18,18,18,18,18,18,18
390018,1,1,1990,0,0,25,14,16,21,12,0,0,13
390019,1,1,1990,29,29,29,29,29,29,29,29,29,29
390021,1,1,1990,0,0,0,0,0,0,0,0,0,0
390021,2,1,1990,0,0,0,0,0,0,0,0,0,0
390023,1,1,1990,0,0,0,0,0,0,0,0,0,0
390023,2,1,1990,9,0,0,0,10,0,0,0,0,0
390024,1,1,1990,10,30,26,16,22,16,26,23,18,19
390025,1,1,1990,0,0,0,0,0,0,0,0,0,0
390025,2,1,1990,0,0,0,0,0,0,0,0,0,0
390026,1,1,1990,0,0,0,0,0,0,0,0,0,0
390027,1,1,1990,0,0,0,0,0,0,0,6,0,0
390028,1,1,1990,17,12,21,26,23,17,21,7,35,27
390029,1,1,1990,10,10,10,10,10,10,10,10,10,10
390029,2,1,1990,0,0,0,0,0,0,0,0,0,0
390030,1,1,1990,0,0,0,0,0,0,0,0,0,0
390030,2,1,1990,0,0,0,0,0,5,0,0,0,0
390031,1,1,1990,29,29,29,29,29,29,29,29,29,29
390032,1,1,1990,0,0,0,0,0,0,0,0,0,0
390033,1,1,1990,0,0,0,0,0,0,0,0,0,0
390033,2,1,1990,0,0,0,0,0,0,0,0,0,9
390033,3,1,1990,0,0,0,0,0,0,0,0,0,0
390034,0,1,1990,0,0,0,0,0,0,0,0,0,0
390034,1,1,1990,0,0,0,0,0,0,0,7,0,0
390035,0,1,1990,0,0,3,0,0,0,0,0,28,0
390035,1,1,1990,0,0,0,0,0,0,0,0,0,0
390036,0,1,1990,0,0,0,0,0,0,0,0,26,0
390036,1,1,1990,9,0,18,8,0,0,0,0,0,0
390037,1,1,1990,0,0,0,0,0,0,0,0,0,0
390037,2,1,1990,0,0,0,0,0,0,0,0,0,0
390038,1,1,1990,0,23,23,6,0,0,0,0,24,0
390038,2,1,1990,0,0,6,0,0,0,0,0,11,8
390039,1,1,1990,0,0,0,0,0,0,0,0,0,0
390039,2,1,1990,0,0,0,0,0,0,0,0,0,0
390040,1,1,1990,13,13,13,13,13,13,13,13,13,13
390040,2,1,1990,0,0,0,0,0,0,0,0,0,0
390041,1,1,1990,0,0,0,0,0,0,0,0,0,0
390041,2,1,1990,0,0,0,0,0,0,0,0,0,0
390042,1,1,1990,0,0,0,0,0,0,0,0,0,0
390042,2,1,1990,0,0,0,0,0,0,0,0,0,0
390043,1,1,1990,0,0,14,0,0,0,0,0,0,0
390043,2,1,1990,0,0,0,0,0,0,0,0,0,0
390044,1,1,1990,0,0,0,0,0,0,0,0,0,0
390045,1,1,1990,23,0,14,0,0,15,18,0,12,0
390046,1,1,1990,25,25,25,25,25,25,25,25,25,25
390047,1,1,1990,26,26,26,26,26,26,26,26,26,26
390048,1,1,1990,0,0,0,9,0,0,0,0,0,0
390048,2,1,1990,17,10,0,25,0,0,0,0,7,0
390049,1,1,1990,1,1,1,1,1,1,1,1,1,1
390050,1,1,1990,0,0,0,0,0,0,0,0,0,0
390050,2,1,1990,0,0,0,15,0,0,0,0,0,0
390051,0,1,1990,31,31,31,31,31,31,31,31,31,31
390051,1,1,1990,6,31,0,0,11,0,0,10,0,0
390052,1,1,1990,0,11,10,0,32,24,16,10,0,0
390052,2,1,1990,0,0,0,0,0,0,0,0,0,0
390053,1,1,1990,21,21,14,24,23,21,20,8,9,20
390054,0,1,1990,0,0,0,11,0,0,0,0,0,0
390054,1,1,1990,0,0,0,0,0,0,0,0,0,0
390055,1,1,1990,0,0,0,0,0,0,0,0,0,0
390055,2,1,1990,0,0,0,0,0,0,15,0,0,0
390055,3,1,1990,0,0,0,0,0,0,0,0,0,12
390056,0,1,1990,0,0,0,0,0,0,0,0,0,0
390056,1,1,1990,0,0,23,0,21,13,23,0,0,0
390057,1,1,1990,0,0,0,0,0,0,0,0,0,0
390058,1,1,1990,3,3,3,3,3,3,3,3,3,3
390058,2,1,1990,13,19,0,0,0,0,12,8,0,22
390059,1,1,1990,10,10,10,10,10,10,10,10,10,10
390059,2,1,1990,0,0,0,0,0,0,0,0,0,0
390060,1,1,1990,0,0,0,0,0,0,0,3,0,0
390060,2,1,1990,0,0,0,0,0,0,0,0,0,0
390061,1,1,1990,2,2,2,2,2,2,2,2,2,2
390061,2,1,1990,0,0,0,0,0,0,0,0,0,0
390062,1,1,1990,0,0,0,0,0,0,0,0,0,0
390062,2,1,1990,0,0,0,0,0,0,0,0,0,0
390063,1,1,1990,0,0,0,0,0,0,0,0,28,0
390064,1,1,1990,0,0,0,0,0,0,0,0,0,0
390064,2,1,1990,0,0,0,0,0,0,0,0,0,0
390064,3,1,1990,0,0,0,0,0,0,0,0,0,0
390064,4,1,1990,0,0,0,0,0,0,0,0,0,0
390065,1,1,1990,16,25,0,0,8,27,27,0,0,17
390066,0,1,1990,7,7,7,7,7,7,7,7,7,7
390066,1,1,1990,0,21,0,6,0,0,0,8,0,15
390067,1,1,1990,0,0,0,0,0,0,0,0,0,0
390068,1,1,1990,12,0,0,0,0,0,0,0,0,0
390068,2,1,1990,7,7,7,7,7,7,7,7,7,7
390069,1,1,1990,0,0,0,0,0,0,0,0,0,0
390069,2,1,1990,0,0,0,0,0,0,0,0,0,0
390070,1,1,1990,0,0,0,0,0,0,6,0,0,0
390070,2,1,1990,0,0,0,0,0,0,0,0,0,0
390071,1,1,1990,0,0,0,0,15,0,0,0,0,0
390071,2,1,1990,0,0,0,0,0,0,0,0,0,0
390072,1,1,1990,0,0,0,0,0,0,0,0,0,0
390073,0,1,1990,0,0,0,0,0,0,0,0,0,0
390073,1,1,1990,0,0,17,0,0,0,0,0,0,15
390074,1,1,1990,0,0,0,0,0,0,0,0,0,0
390075,1,1,1990,0,0,3,0,0,0,0,0,0,0
390076,1,1,1990,0,0,0,0,0,0,0,0,0,0
390076,2,1,1990,0,0,0,0,0,0,0,0,0,0
390077,1,1,1990,0,0,0,0,0,0,0,0,0,0
390077,2,1,1990,24,24,24,24,24,24,24,24,24,24
390078,1,1,1990,0,0,0,0,4,19,0,0,0,11
390078,2,1,1990,0,0,0,0,0,0,0,0,0,0
390079,1,1,1990,0,0,0,0,0,0,0,0,0,0
390079,2,1,1990,28,19,14,0,6,16,0,2,0,0
390079,3,1,1990,22,0,14,0,0,0,0,0,0,0
390080,1,1,1990,0,0,0,0,0,0,4,0,0,0
390081,1,1,1990,0,9,0,0,0,0,24,0,2,0
390082,1,1,1990,9,14,18,6,11,17,18,3,21,18
390083,0,1,1990,0,0,0,0,0,0,0,0,0,0
390083,1,1,1990,0,0,0,0,0,0,0,21,17,0
390084,0,1,1990,0,0,0,0,0,0,0,0,0,0
390084,1,1,1990,0,0,0,0,0,0,0,0,0,0
390085,1,1,1990,3,3,3,3,3,3,3,3,3,3
390086,1,1,1990,0,0,0,0,0,0,0,0,0,0
390086,2,1,1990,0,0,0,0,0,0,0,0,0,0
390087,1,1,1990,28,17,26,27,18,15,23,5,14,21
390088,1,1,1990,9,8,0,0,0,0,6,12,0,17
390088,2,1,1990,0,0,0,0,0,0,0,0,0,0
390088,3,1,1990,0,0,0,0,0,0,0,7,0,0
390089,1,1,1990,0,0,0,0,0,0,0,0,0,0
390089,2,1,1990,0,0,0,0,0,0,0,0,0,0
390090,1,1,1990,0,0,0,0,0,0,0,0,0,0
390091,1,1,1990,17,19,10,16,7,28,23,14,4,12
390092,0,1,1990,0,0,0,0,0,0,0,0,0,0
390092,0,2,1990,0,0,0,0,0,0,0,0,0,0
390092,1,1,1990,0,0,0,0,9,0,0,0,0,0
390093,1,1,1990,0,0,0,0,0,0,0,0,0,0
390093,2,1,1990,0,0,0,0,0,0,0,0,0,0
390094,1,1,1990,0,0,0,0,0,0,0,0,0,0
390094,2,1,1990,0,0,0,0,0,0,0,0,0,0
390094,3,1,1990,0,0,0,0,0,0,0,0,0,0
390095,1,1,1990,12,0,12,8,10,19,0,0,0,0
390096,1,1,1990,0,0,0,0,0,0,0,0,0,0
390096,2,1,1990,0,0,0,0,0,0,0,0,0,0
390097,0,1,1990,0,0,0,0,0,0,0,0,0,0
390097,1,1,1990,0,0,0,0,0,0,0,0,0,0
390098,1,1,1990,34,34,34,34,34,34,34,34,34,34
390098,2,1,1990,0,0,0,0,0,0,0,0,0,0
390099,1,1,1990,0,0,0,0,0,0,0,0,0,0
390099,2,1,1990,0,0,0,0,0,0,0,0,0,0
390100,1,1,1990,0,0,0,0,0,0,0,0,0,0
390100,2,1,1990,0,0,0,0,0,0,0,0,0,0
390101,1,1,1990,23,2,0,0,32,0,15,15,0,0
390101,2,1,1990,0,0,0,0,0,0,0,0,0,0
390103,0,1,1990,28,0,0,0,0,0,0,0,28,17
390103,1,1,1990,0,0,0,0,0,0,0,0,0,0
390103,6,1,1990,0,0,0,0,0,0,0,0,0,0