ST_CASE,VEH_NO,PER_NO,YEAR,P1,P2,P3,P4,P5,P6,P7,P8,P9,P10
390104,1,1,1990,0,0,0,0,0,0,0,0,0,0
390104,2,1,1990,0,0,17,0,0,0,0,0,0,0
390105,1,1,1990,0,0,0,0,0,0,0,0,0,0
390105,2,1,1990,0,0,0,0,0,0,0,0,0,0
390106,1,1,1990,33,30,33,19,30,24,21,7,16,19
390107,1,1,1990,0,7,0,0,0,0,0,0,0,0
390108,0,1,1990,0,27,8,14,39,20,15,14,21,17
390108,1,1,1990,0,0,0,0,0,0,0,0,0,0
390110,1,1,1990,0,0,0,0,0,0,0,0,0,0
390110,2,1,1990,0,0,0,0,0,0,0,0,0,0
390110,3,1,1990,0,0,0,0,0,0,0,0,0,0
390111,1,1,1990,0,0,0,0,0,0,0,0,0,0
390111,2,1,1990,21,21,21,21,21,21,21,21,21,21
390112,1,1,1990,0,0,0,0,0,0,0,0,0,0
390112,2,1,1990,0,0,0,0,0,0,0,0,0,0
390113,1,1,1990,0,0,0,0,0,0,0,0,0,0
390113,2,1,1990,0,0,0,0,24,0,0,0,0,0
390114,1,1,1990,13,8,15,17,22,32,18,7,17,18
390114,2,1,1990,0,0,0,0,0,0,0,0,0,0
390114,3,1,1990,0,0,0,0,0,0,0,0,0,0
390115,1,1,1990,0,0,0,0,0,0,0,0,0,0
390116,1,1,1990,17,17,17,17,17,17,17,17,17,17
390117,1,1,1990,0,0,0,0,0,0,0,0,0,0
390117,2,1,1990,0,0,0,0,0,0,0,0,0,0
390118,1,1,1990,0,0,0,0,0,0,0,0,0,20
390118,2,1,1990,31,31,31,31,31,31,31,31,31,31
390119,1,1,1990,0,0,10,0,0,0,0,0,0,0
390120,1,1,1990,20,20,20,20,20,20,20,20,20,20
390121,1,1,1990,0,0,0,0,0,0,7,0,0,0
390121,2,1,1990,0,0,0,0,0,0,0,0,0,0
390121,3,1,1990,5,0,0,0,0,0,0,0,2,0
390122,1,1,1990,12,12,12,12,12,12,12,12,12,12
390122,2,1,1990,0,0,0,0,0,8,0,0,24,0
390123,1,1,1990,0,0,13,0,0,0,0,0,0,0
390123,2,1,1990,0,0,0,0,0,0,0,0,0,12
390124,1,1,1990,0,0,0,0,0,0,0,0,0,0
390125,1,1,1990,11,11,11,11,11,11,11,11,11,11
390126,1,1,1990,18,13,19,12,0,9,0,9,32,21
390127,1,1,1990,0,0,0,0,0,0,0,0,0,0
390128,1,1,1990,14,14,14,14,14,14,14,14,14,14
390128,2,1,1990,0,0,0,0,0,0,0,0,0,0
390129,1,1,1990,0,0,0,0,0,0,0,0,0,0
390129,2,1,1990,6,0,0,0,0,0,0,0,0,0
390130,1,1,1990,16,0,32,20,12,10,17,7,0,15
390130,2,1,1990,0,0,0,0,0,0,0,0,0,0
390131,1,1,1990,0,0,0,0,0,0,0,0,0,0
390132,1,1,1990,0,0,0,0,0,0,0,0,0,0
390133,1,1,1990,0,12,0,0,0,0,0,0,0,0
390133,2,1,1990,0,0,0,0,0,0,0,0,0,0
390134,1,1,1990,0,0,0,0,0,0,0,0,0,0
390134,2,1,1990,0,0,0,0,0,0,0,0,0,0
390135,1,1,1990,0,0,0,0,0,0,0,0,0,0
390135,2,1,1990,11,21,0,0,0,0,0,0,0,0
390135,3,1,1990,0,0,0,0,0,0,0,0,0,0
390136,1,1,1990,7,7,7,7,7,7,7,7,7,7
390137,1,1,1990,0,0,0,0,0,0,0,0,0,0
390138,0,1,1990,0,0,0,0,0,0,0,0,0,0
390138,0,2,1990,0,0,0,0,0,0,0,0,0,0
390138,1,1,1990,0,0,0,0,0,0,0,0,0,0
390139,1,1,1990,0,0,0,0,0,0,0,0,0,0
390139,2,1,1990,0,0,0,0,0,0,0,0,17,16
390140,1,1,1990,0,0,0,14,0,0,0,0,0,0
390141,0,1,1990,0,0,0,0,0,0,0,0,14,0
390141,1,1,1990,0,0,0,0,0,0,0,0,0,0
390142,0,1,1990,0,0,0,0,0,0,0,0,0,0
390142,1,1,1990,0,0,0,0,31,0,0,0,0,0
390143,1,1,1990,0,0,0,0,8,0,0,0,0,0
390143,2,1,1990,0,0,0,0,0,0,0,0,0,0
390143,3,1,1990,0,0,0,0,0,0,0,0,0,0
390143,4,1,1990,0,0,0,0,0,0,0,0,18,0
390144,1,1,1990,0,0,0,0,0,0,0,0,0,0
390145,1,1,1990,18,18,18,18,18,18,18,18,18,18
390146,1,1,1990,0,0,0,0,0,0,0,0,0,0
390146,2,1,1990,0,0,0,0,0,0,0,0,0,0
390147,1,1,1990,24,24,24,24,24,24,24,24,24,24
390148,0,1,1990,27,0,11,12,0,0,16,0,0,0
390148,1,1,1990,0,0,0,0,0,0,0,0,0,0
390149,1,1,1990,0,0,0,0,0,0,0,0,0,19
390150,0,1,1990,0,0,0,0,0,0,0,0,0,0
390150,1,1,1990,0,0,0,0,0,0,0,24,0,0
390151,1,1,1990,0,9,10,10,0,0,23,19,14,13
390152,1,1,1990,0,0,0,0,0,0,0,0,0,0
390152,2,1,1990,32,32,32,32,32,32,32,32,32,32
390153,1,1,1990,17,17,17,17,17,17,17,17,17,17
390154,1,1,1990,0,0,0,0,0,0,0,0,0,0
390154,2,1,1990,0,0,0,6,0,0,0,0,0,0
390154,3,1,1990,0,0,0,0,0,0,9,0,0,0
390154,4,1,1990,0,0,0,0,0,0,0,0,0,0
390154,5,1,1990,19,0,0,0,0,0,9,0,0,0
390154,6,1,1990,0,0,0,0,0,0,11,0,0,0
390154,7,1,1990,0,0,0,0,0,18,0,0,0,0
390154,8,1,1990,0,0,0,27,0,0,0,0,16,0
390154,9,1,1990,0,0,0,0,0,0,0,0,0,0
390154,10,1,1990,0,0,0,0,0,0,0,10,0,0
390154,11,1,1990,0,0,0,0,0,0,0,0,0,0
390154,12,1,1990,0,0,0,8,0,0,0,0,0,0
390154,13,1,1990,0,11,0,0,0,0,0,0,11,0
390154,14,1,1990,0,0,0,0,0,0,0,0,0,0
390154,15,1,1990,0,0,0,0,0,0,0,0,0,0
390154,16,1,1990,0,0,0,0,0,0,0,0,0,0
390154,17,1,1990,0,0,21,0,0,0,0,0,0,0
390154,18,1,1990,0,0,0,0,0,0,0,0,0,0
390154,19,1,1990,0,0,0,0,0,0,0,0,0,0
390154,20,1,1990,0,0,0,0,0,0,0,0,0,0
390154,21,1,1990,0,0,0,0,0,0,0,0,0,0
390154,22,1,1990,0,0,0,0,0,0,0,12,0,0
390154,23,1,1990,0,0,0,0,0,0,0,0,0,3
390154,24,1,1990,0,0,0,0,0,0,0,0,0,0
390154,25,1,1990,0,0,0,0,0,0,0,0,0,0
390154,26,1,1990,0,0,0,0,0,0,0,0,0,0
390154,27,1,1990,0,0,0,0,0,0,0,0,0,0
390154,28,1,1990,0,0,0,0,0,0,0,0,0,0
390154,29,1,1990,0,0,0,0,0,0,0,0,0,0
390154,30,1,1990,0,0,0,5,0,0,0,0,0,0
390154,31,1,1990,0,0,0,0,0,0,0,0,0,0
390154,32,1,1990,0,0,0,0,0,0,0,0,0,0
390154,33,1,1990,0,0,0,0,0,0,0,0,0,0
390154,34,1,1990,0,0,0,0,0,0,0,0,0,0
390154,35,1,1990,0,0,0,0,0,0,0,0,0,0
390154,36,1,1990,0,17,0,9,0,0,0,0,0,0
390154,37,1,1990,0,0,0,23,0,0,0,34,0,0
390154,38,1,1990,0,19,0,0,7,0,0,0,16,18
390155,1,1,1990,12,12,12,12,12,12,12,12,12,12
390156,1,1,1990,0,0,0,0,0,0,0,0,0,0
390156,2,1,1990,0,0,0,0,0,0,0,0,0,0
390157,1,1,1990,0,0,0,0,0,0,0,0,0,0
390157,2,1,1990,0,0,0,0,0,0,0,0,0,0
390157,3,1,1990,0,0,0,0,0,0,0,0,0,0
390158,1,1,1990,0,6,0,0,0,0,15,0,7,0
390158,2,1,1990,11,0,0,0,0,0,0,7,0,0
390159,0,1,1990,0,0,0,0,0,0,0,0,0,0
390159,1,1,1990,0,0,0,0,0,0,0,0,0,0
390160,1,1,1990,9,0,21,10,13,14,30,23,16,17
390160,2,1,1990,8,13,0,0,19,0,0,0,0,26
390161,1,1,1990,18,14,7,12,0,0,20,7,12,15
390162,1,1,1990,13,0,19,10,9,21,17,7,14,24
390163,1,1,1990,40,19,0,0,18,0,0,12,0,15
390164,1,1,1990,9,9,9,9,9,9,9,9,9,9
390165,1,1,1990,0,0,0,0,0,0,0,0,0,0
390165,2,1,1990,0,0,0,0,0,0,0,0,0,0
390165,3,1,1990,0,0,0,0,0,0,0,0,0,0
390166,1,1,1990,0,0,0,0,0,0,17,0,0,0
390167,0,1,1990,0,0,0,0,0,0,0,45,0,0
390167,1,1,1990,16,0,0,0,0,0,0,15,0,0
390168,1,1,1990,0,0,0,0,0,0,0,0,0,0
390168,2,1,1990,25,25,25,25,25,25,25,25,25,25
390169,1,1,1990,0,14,0,0,0,0,14,0,0,0
390169,2,1,1990,0,0,0,0,0,0,0,0,0,0
390170,1,1,1990,0,8,0,0,9,0,16,4,0,0
390171,1,1,1990,0,0,0,0,0,0,0,0,0,0
390171,2,1,1990,0,0,0,0,0,0,0,0,0,0
390171,3,1,1990,0,0,0,0,0,0,0,0,0,0
390171,4,1,1990,0,0,0,0,19,0,0,0,0,0
390172,1,1,1990,22,22,22,22,22,22,22,22,22,22
390172,2,1,1990,11,11,11,11,11,11,11,11,11,11
390173,1,1,1990,17,17,17,17,17,17,17,17,17,17
390174,1,1,1990,0,0,0,0,0,0,3,0,0,0
390174,2,1,1990,9,38,48,0,15,14,20,17,9,7
390175,1,1,1990,2,2,2,2,2,2,2,2,2,2
390176,1,1,1990,0,0,0,0,0,0,0,0,0,0
390176,2,1,1990,0,0,0,0,0,0,0,0,0,0
390177,1,1,1990,0,0,0,0,0,0,0,0,0,0
390177,2,1,1990,0,0,0,0,0,0,0,0,0,0
390177,3,1,1990,0,0,0,0,0,0,0,0,0,0
390178,1,1,1990,0,0,0,0,0,0,0,0,0,0
390178,2,1,1990,0,0,0,0,0,0,0,0,0,0
390179,1,1,1990,10,10,10,10,10,10,10,10,10,10
390180,1,1,1990,16,16,16,16,16,16,16,16,16,16
390180,2,1,1990,0,0,14,0,9,0,0,25,0,0
390181,1,1,1990,0,0,0,0,0,0,0,0,0,0
390181,2,1,1990,0,0,0,0,0,0,0,0,0,0
390182,1,1,1990,0,0,0,0,0,0,0,0,0,0
390182,2,1,1990,0,0,0,0,0,0,0,0,0,0
390183,1,1,1990,0,0,0,23,0,0,0,18,0,0
390183,2,1,1990,0,0,0,18,0,0,0,0,0,0
390184,1,1,1990,0,0,0,0,0,0,0,0,0,0
390184,2,1,1990,0,0,0,0,0,21,0,0,0,0
390185,1,1,1990,0,0,0,10,0,40,21,25,0,26
390186,1,1,1990,0,0,0,0,0,0,0,0,0,0
390186,2,1,1990,0,0,0,0,0,0,0,0,0,0
390187,1,1,1990,0,0,0,0,0,0,0,0,0,0
390187,2,1,1990,0,0,0,0,0,0,0,0,0,0
390188,1,1,1990,0,0,0,0,0,0,0,0,0,0
390189,1,1,1990,0,0,0,0,0,0,0,0,0,0
390189,2,1,1990,1,1,1,1,1,1,1,1,1,1
390190,1,1,1990,0,36,0,0,0,0,0,12,0,0
390191,0,1,1990,0,0,0,0,0,0,0,0,0,0
390191,1,1,1990,0,0,0,0,0,0,0,0,0,0
390192,1,1,1990,0,0,0,0,0,0,0,0,0,0
390193,1,1,1990,0,0,0,0,0,0,0,0,0,0
390193,2,1,1990,14,14,14,14,14,14,14,14,14,14
390194,0,1,1990,0,10,0,22,18,0,0,0,0,0
390194,1,1,1990,0,0,0,0,0,0,0,0,0,0
390195,1,1,1990,0,0,0,0,0,0,0,0,0,0
390195,2,1,1990,0,0,0,0,0,0,0,0,0,0
390196,1,1,1990,0,0,0,0,0,0,0,0,0,0
390197,1,1,1990,0,0,0,0,0,0,0,0,0,0
390198,1,1,1990,18,18,18,18,18,18,18,18,18,18
390199,1,1,1990,0,0,0,0,0,0,0,0,0,0
390199,2,1,1990,0,0,0,0,0,0,0,0,0,0
390200,1,1,1990,28,28,28,28,28,28,28,28,28,28
390201,1,1,1990,11,11,11,11,11,11,11,11,11,11
390202,1,1,1990,0,8,0,0,0,0,7,0,0,30
390203,1,1,1990,0,0,0,0,0,9,0,0,0,0
390204,1,1,1990,0,0,0,0,0,0,0,0,0,0
390205,1,1,1990,0,0,0,0,0,0,0,0,0,0
390205,2,1,1990,0,0,0,0,0,0,0,0,0,0
390205,3,1,1990,0,0,0,0,0,4,0,0,0,0
390206,1,1,1990,0,0,0,0,0,0,23,0,0,0
390206,2,1,1990,0,0,0,0,0,0,0,0,19,0
390207,1,1,1990,0,0,0,0,0,0,0,0,0,0
390208,0,1,1990,15,4,0,12,42,30,0,0,10,35
390208,1,1,1990,20,3,14,6,24,15,10,14,11,17
390209,1,1,1990,28,28,28,28,28,28,28,28,28,28
390210,1,1,1990,0,0,0,0,0,0,17,0,0,0
390210,2,1,1990,0,0,0,0,0,0,0,0,0,0
390211,1,1,1990,0,0,0,0,14,13,0,0,0,0
390212,0,1,1990,0,0,0,0,0,0,0,0,0,0
390212,1,1,1990,0,0,0,0,0,0,0,0,0,0
390213,1,1,1990,12,0,0,0,0,12,0,0,0,0
390213,2,1,1990,0,15,0,0,0,0,0,0,0,13
390214,1,1,1990,18,18,18,18,18,18,18,18,18,18
390215,1,1,1990,0,0,0,0,0,0,0,0,0,0
390215,2,1,1990,0,0,0,0,0,0,0,0,0,0
390215,3,1,1990,0,0,0,0,0,0,0,0,0,0
390215,4,1,1990,0,0,0,0,0,0,0,8,0,0
390216,1,1,1990,19,19,19,19,19,19,19,19,19,19
390217,1,1,1990,0,0,0,0,0,0,0,0,0,0
390218,1,1,1990,17,17,17,17,17,17,17,17,17,17
390219,1,1,1990,0,0,0,0,0,0,0,0,0,0
390220,1,1,1990,0,0,0,0,0,0,0,0,0,0
390220,2,1,1990,0,0,0,0,0,0,0,0,0,0
390221,1,1,1990,17,2,35,34,26,17,9,20,37,17
390222,0,1,1990,0,0,0,0,0,0,0,0,0,0
390222,1,1,1990,0,0,0,0,0,0,0,0,0,0
390223,1,1,1990,0,0,0,0,0,0,0,0,0,0
390224,1,1,1990,0,0,0,0,0,0,0,0,0,0
390224,2,1,1990,0,0,0,0,0,0,0,0,0,0
390225,1,1,1990,0,0,0,0,0,0,0,0,0,0
390226,1,1,1990,0,0,0,0,0,0,0,0,0,0
390227,1,1,1990,0,0,0,0,0,0,0,0,0,0
390227,2,1,1990,0,0,0,0,0,0,13,3,0,0
390228,0,1,1990,0,0,0,0,0,0,0,0,0,0
390228,1,1,1990,0,0,0,0,0,0,0,0,0,0
390229,1,1,1990,26,26,26,26,26,26,26,26,26,26
390229,2,1,1990,0,0,18,20,21,0,0,0,0,18
390230,1,1,1990,4,4,4,4,4,4,4,4,4,4
390230,2,1,1990,0,0,0,0,0,0,0,0,0,0
390231,1,1,1990,22,22,22,22,22,22,22,22,22,22
390232,1,1,1990,0,0,0,0,0,0,0,0,0,0
390232,2,1,1990,0,16,0,0,0,0,0,15,0,8
390233,0,1,1990,0,0,0,0,0,0,0,0,0,0
390233,1,1,1990,0,0,0,0,0,0,0,0,0,0
390234,1,1,1990,0,0,0,0,0,0,0,0,0,0
390234,2,1,1990,0,0,0,0,0,0,0,0,0,0
390235,1,1,1990,17,17,17,17,17,17,17,17,17,17
390236,0,1,1990,21,21,21,21,21,21,21,21,21,21
390236,1,1,1990,33,0,25,20,13,22,0,4,14,0
390237,1,1,1990,0,0,0,0,0,0,0,0,0,0
390237,2,1,1990,0,0,0,0,0,0,0,0,0,0
390238,1,1,1990,17,17,17,17,17,17,17,17,17,17
390239,1,1,1990,0,0,0,0,0,0,0,0,0,0
390240,1,1,1990,0,5,19,0,0,17,15,25,29,10
390241,1,1,1990,0,0,0,0,0,15,0,0,15,0
390241,2,1,1990,0,5,0,0,0,0,27,0,0,12
390242,1,1,1990,0,0,0,0,0,0,0,0,0,0
390242,2,1,1990,0,0,0,0,0,0,9,13,0,0
390243,1,1,1990,0,0,0,0,0,0,0,0,0,8
390243,2,1,1990,0,0,0,0,0,0,13,0,0,0
390243,3,1,1990,0,0,0,0,0,0,0,0,0,0
390244,1,1,1990,17,17,17,17,17,17,17,17,17,17
390244,2,1,1990,4,0,0,0,0,19,0,23,0,0
390245,0,1,1990,17,19,0,0,0,0,24,15,27,31
390245,1,1,1990,0,0,0,0,0,0,0,0,0,0
390246,1,1,1990,21,21,21,21,21,21,21,21,21,21
390247,1,1,1990,0,0,0,0,0,0,0,0,0,0
390247,2,1,1990,0,0,0,0,0,0,0,0,0,0
390248,1,1,1990,0,0,0,0,0,0,0,0,0,0
390248,2,1,1990,0,0,0,0,0,0,0,0,0,0
390249,1,1,1990,0,15,32,0,17,0,0,0,0,0
390249,2,1,1990,0,0,0,0,0,0,0,0,0,0
390250,0,1,1990,0,8,0,22,0,0,0,0,0,0
390250,1,1,1990,11,0,0,18,0,0,16,0,0,23
390251,0,1,1990,0,0,0,0,0,0,0,0,0,18
390251,1,1,1990,0,0,0,0,0,0,0,0,0,0
390252,1,1,1990,42,42,42,42,42,42,42,42,42,42
390252,2,1,1990,28,28,28,28,28,28,28,28,28,28
390253,1,1,1990,8,22,0,14,16,4,20,48,12,10
390254,1,1,1990,0,0,0,0,15,0,18,8,0,31
390255,1,1,1990,0,0,0,0,0,0,0,0,0,0
390256,1,1,1990,9,10,12,13,12,17,17,0,8,0
390257,1,1,1990,0,0,0,0,0,0,0,0,0,0
390257,2,1,1990,0,0,0,0,0,0,0,0,0,0
390258,1,1,1990,0,15,13,14,0,16,0,0,0,11
390258,2,1,1990,0,0,0,0,0,0,0,0,0,0
390259,1,1,1990,40,40,40,40,40,40,40,40,40,40
390260,1,1,1990,0,0,0,0,0,0,22,0,0,0
390261,0,1,1990,0,0,49,0,10,0,29,19,20,0
390261,0,2,1990,0,29,22,0,22,26,41,25,0,28
390261,0,3,1990,33,0,32,0,0,20,0,0,43,26
390261,0,4,1990,0,0,0,23,0,0,0,18,0,0
390261,1,1,1990,11,13,4,14,20,0,22,13,9,13
390262,1,1,1990,10,0,0,0,0,0,0,0,0,0
390262,2,1,1990,0,0,0,0,0,0,0,0,0,0
390263,0,1,1990,0,0,0,0,0,0,0,0,0,0
390263,1,1,1990,0,0,0,0,0,0,0,0,0,0
390263,2,1,1990,11,0,24,0,0,0,0,0,0,3
390265,1,1,1990,0,0,0,0,0,0,0,0,0,0
390266,1,1,1990,0,0,0,0,0,0,0,0,0,0
390267,0,1,1990,2,2,2,2,2,2,2,2,2,2
390267,1,1,1990,3,0,22,6,0,0,12,5,0,19
390269,1,1,1990,0,0,0,0,0,0,0,0,0,0
390269,2,1,1990,0,0,0,0,0,0,0,0,0,0
390270,1,1,1990,0,0,0,0,0,0,0,0,0,0
390271,1,1,1990,20,20,20,20,20,20,20,20,20,20
390272,1,1,1990,35,0,32,29,4,34,20,32,19,6
390273,1,1,1990,38,3,0,22,0,13,0,23,22,23
390274,0,1,1990,0,0,0,0,0,0,0,0,0,0
390274,1,1,1990,19,24,21,8,0,6,24,19,28,12
390275,1,1,1990,14,14,14,14,14,14,14,14,14,14
390276,1,1,1990,11,11,11,11,11,11,11,11,11,11
390277,0,1,1990,22,22,22,22,22,22,22,22,22,22
390277,1,1,1990,12,0,0,7,0,0,0,0,10,11
390278,1,1,1990,0,0,0,0,0,0,0,0,0,0
390278,2,1,1990,28,23,16,7,17,25,24,29,7,11
390279,1,1,1990,0,0,0,0,0,0,0,0,0,0
390279,2,1,1990,18,18,18,18,18,18,18,18,18,18
390279,3,1,1990,0,0,0,0,0,0,0,0,0,0
390280,1,1,1990,16,0,0,0,16,23,20,16,17,5
390281,1,1,1990,10,0,12,0,10,15,0,18,0,21
390281,2,1,1990,0,0,0,18,0,10,0,0,0,0
390282,1,1,1990,0,0,0,0,0,0,0,0,0,0
390282,2,1,1990,0,0,0,0,0,0,0,0,0,0
390283,0,1,1990,20,20,20,20,20,20,20,20,20,20
390283,1,1,1990,0,0,0,0,0,0,0,0,0,0
390284,1,1,1990,0,0,0,0,0,0,0,0,0,0
390284,2,1,1990,0,0,0,0,0,0,0,0,0,0
390285,1,1,1990,14,0,0,0,8,8,37,8,18,0
390285,2,1,1990,0,20,18,13,22,20,0,0,29,0
390285,3,1,1990,0,0,0,0,0,0,0,0,0,0
390286,1,1,1990,0,0,0,0,0,0,0,0,0,0
390286,2,1,1990,0,0,0,0,0,0,0,0,0,0
390287,1,1,1990,0,0,0,0,0,0,0,0,0,0
390287,2,1,1990,0,0,0,0,0,0,0,0,0,0
390288,1,1,1990,0,0,0,0,0,0,0,0,0,0
390288,2,1,1990,0,0,0,0,0,0,0,0,0,0
390289,1,1,1990,0,0,0,0,0,0,0,0,0,0
390289,2,1,1990,0,0,15,0,0,10,0,0,0,0
390290,1,1,1990,0,0,0,0,0,0,0,0,0,0
390290,2,1,1990,0,0,0,0,0,0,13,0,0,0
390291,1,1,1990,15,11,23,24,0,0,6,0,15,8
390292,1,1,1990,0,0,0,0,0,0,0,0,0,0
390292,2,1,1990,0,0,0,0,0,0,6,0,0,0
390293,1,1,1990,0,0,0,0,0,0,0,0,0,0
390294,1,1,1990,16,26,12,0,9,0,17,0,2,3
390295,1,1,1990,0,0,0,0,0,0,0,0,0,0
390295,2,1,1990,0,0,0,0,0,0,0,0,0,0
390296,1,1,1990,0,0,0,0,0,0,0,0,0,0
390296,2,1,1990,10,10,10,10,10,10,10,10,10,10
390297,1,1,1990,18,18,18,18,18,18,18,18,18,18
390298,0,1,1990,25,25,25,25,25,25,25,25,25,25
390298,1,1,1990,0,0,25,0,0,0,0,0,6,0
390299,1,1,1990,0,0,0,0,0,0,0,0,0,0
390299,2,1,1990,0,0,0,0,0,0,0,0,0,0
390300,1,1,1990,0,0,0,0,0,0,0,0,0,0
390301,0,1,1990,0,0,12,0,0,0,0,0,0,0
390301,1,1,1990,0,0,0,0,0,0,0,0,0,0
390302,1,1,1990,0,0,0,0,0,0,0,0,0,0
390303,1,1,1990,0,0,0,4,0,0,0,0,0,0
390303,2,1,1990,0,0,0,0,0,0,0,0,0,0
390304,1,1,1990,36,36,36,36,36,36,36,36,36,36
390305,0,1,1990,20,20,20,20,20,20,20,20,20,20
390305,1,1,1990,7,13,20,9,25,14,0,25,0,22
390306,1,1,1990,9,9,9,9,9,9,9,9,9,9
390307,1,1,1990,18,11,21,18,31,0,11,35,0,19
390308,1,1,1990,0,10,0,0,0,0,0,0,0,0
390308,2,1,1990,0,0,0,0,0,0,0,0,0,0
390309,0,1,1990,0,0,0,0,0,0,0,0,0,0
390309,0,2,1990,0,38,0,0,16,0,10,33,0,32
390309,1,1,1990,0,0,0,0,0,0,0,0,0,0
390310,1,1,1990,0,0,0,0,0,0,0,0,0,0
390310,2,1,1990,0,0,0,0,0,0,0,0,0,0
390311,1,1,1990,0,5,0,16,16,14,15,24,0,0
390312,1,1,1990,14,31,22,16,13,25,11,15,34,0
390312,2,1,1990,0,0,0,0,0,0,0,0,0,0
390313,1,1,1990,0,0,0,0,0,30,0,0,0,0
390313,2,1,1990,0,0,0,0,0,0,0,0,0,0
390314,1,1,1990,0,0,0,0,0,0,0,0,0,0
390314,2,1,1990,0,0,0,0,0,0,0,0,0,0
390315,1,1,1990,0,0,0,0,0,0,0,0,0,0
390315,2,1,1990,0,0,0,0,0,0,0,0,0,0
390316,1,1,1990,10,20,39,19,21,31,29,26,15,19
390316,2,1,1990,8,8,8,8,8,8,8,8,8,8
390317,1,1,1990,0,0,0,0,0,0,0,0,0,0
390317,2,1,1990,0,0,0,0,0,0,0,0,0,0
390318,1,1,1990,0,31,28,16,7,5,21,33,12,14
390319,1,1,1990,0,0,0,0,0,0,0,7,0,0
390320,1,1,1990,17,17,17,17,17,17,17,17,17,17
390321,1,1,1990,0,0,0,0,0,0,0,0,0,0
390321,2,1,1990,16,16,16,16,16,16,16,16,16,16
390322,0,1,1990,36,3,9,6,22,16,8,15,21,16
390322,1,1,1990,0,9,0,0,0,0,0,0,0,29
390323,1,1,1990,0,0,0,0,0,0,0,0,0,0
390324,1,1,1990,0,0,0,0,0,0,0,0,0,0
390324,2,1,1990,0,0,0,0,0,0,0,0,0,0
390325,1,1,1990,20,20,20,20,20,20,20,20,20,20
390325,2,1,1990,0,0,0,0,0,0,0,0,0,0
390326,1,1,1990,0,0,0,0,0,0,0,0,9,0
390326,2,1,1990,22,22,22,22,22,22,22,22,22,22
390327,1,1,1990,0,10,16,9,0,13,11,16,7,15
390327,2,1,1990,13,10,18,10,13,21,17,0,15,12
390328,1,1,1990,26,26,26,26,26,26,26,26,26,26
390330,1,1,1990,22,12,6,33,12,0,0,22,9,22
390331,1,1,1990,16,16,16,16,16,16,16,16,16,16
390331,2,1,1990,0,0,0,0,0,0,0,0,0,0
390331,3,1,1990,0,13,0,0,0,0,0,0,0,0
390332,1,1,1990,0,0,0,0,0,0,0,0,0,0
390332,2,1,1990,0,0,0,0,0,0,0,0,0,0
390333,0,1,1990,0,0,0,0,0,0,0,0,0,0
390333,1,1,1990,0,0,0,0,0,0,0,0,0,0
390334,1,1,1990,0,16,22,0,18,15,0,0,0,0
390335,1,1,1990,0,15,23,19,0,16,0,27,19,15
390336,1,1,1990,21,21,21,21,21,21,21,21,21,21
390337,1,1,1990,0,0,0,0,0,8,0,0,0,0
390337,2,1,1990,0,0,0,0,0,0,0,0,0,0
390338,1,1,1990,0,0,0,0,0,0,0,0,0,0
390338,2,1,1990,0,0,0,0,0,0,0,0,0,0
390339,1,1,1990,25,0,17,0,0,0,0,22,0,13
390340,1,1,1990,11,11,11,11,11,11,11,11,11,11
390340,2,1,1990,2,2,2,2,2,2,2,2,2,2
390341,0,1,1990,37,37,37,37,37,37,37,37,37,37
390341,1,1,1990,19,14,0,15,0,7,23,18,0,17
390342,1,1,1990,0,0,0,23,0,0,0,0,21,0
390342,2,1,1990,10,0,0,0,0,0,0,0,0,0
390343,1,1,1990,14,14,14,14,14,14,14,14,14,14
390345,1,1,1990,22,22,22,22,22,22,22,22,22,22
390346,0,1,1990,0,0,0,0,0,0,0,0,0,0
390346,0,2,1990,0,0,0,0,8,13,0,0,0,0
390346,1,1,1990,23,23,23,23,23,23,23,23,23,23
390347,1,1,1990,3,3,3,3,3,3,3,3,3,3
390348,0,1,1990,0,0,0,0,0,0,0,0,0,0
390348,1,1,1990,0,0,0,11,0,0,0,0,13,0
390348,2,1,1990,0,0,0,0,0,0,0,0,0,0
390349,1,1,1990,28,28,28,28,28,28,28,28,28,28
390349,2,1,1990,0,0,0,0,0,0,0,0,0,0
390350,1,1,1990,0,0,0,0,0,0,0,0,0,0
390350,2,1,1990,0,0,0,0,0,0,0,0,0,0
390351,1,1,1990,0,0,0,0,0,0,0,0,0,0
390351,2,1,1990,0,0,0,0,0,0,0,0,0,0
390352,1,1,1990,0,17,0,18,0,0,0,24,0,0
390353,1,1,1990,18,18,18,18,18,18,18,18,18,18
390353,2,1,1990,0,0,0,0,0,0,0,0,0,0
390354,1,1,1990,11,11,11,11,11,11,11,11,11,11
390354,2,1,1990,0,0,0,0,0,0,0,0,0,0
390355,1,1,1990,29,15,36,23,16,10,37,0,17,17
390356,1,1,1990,0,0,0,0,0,0,0,0,0,0
390356,2,1,1990,0,0,0,6,0,21,0,0,5,0
390357,1,1,1990,11,0,0,6,7,0,0,7,24,17
390358,1,1,1990,15,24,26,20,14,21,21,24,3,12
390359,1,1,1990,0,0,0,0,16,0,0,0,0,0
390359,2,1,1990,0,0,0,0,23,0,0,17,0,0
390360,1,1,1990,0,0,0,0,0,0,0,0,0,0