ST_CASE,VEH_NO,PER_NO,YEAR,P1,P2,P3,P4,P5,P6,P7,P8,P9,P10
390360,2,1,1990,0,0,0,0,0,0,0,0,0,0
390361,1,1,1990,0,0,0,0,0,0,0,0,0,0
390361,2,1,1990,18,28,31,33,31,24,0,0,20,11
390362,1,1,1990,30,0,19,0,9,0,0,0,0,0
390363,1,1,1990,0,0,0,0,0,0,0,0,0,0
390363,2,1,1990,0,0,0,0,0,0,0,0,0,0
390364,1,1,1990,0,0,0,0,0,0,0,0,0,0
390364,2,1,1990,0,0,0,0,0,0,0,0,0,0
390365,1,1,1990,0,0,0,0,0,0,20,0,31,0
390366,1,1,1990,0,0,0,0,0,0,0,0,0,0
390366,2,1,1990,0,0,0,0,0,0,0,0,0,0
390367,1,1,1990,0,0,0,0,0,0,0,0,0,0
390367,2,1,1990,0,0,0,0,0,0,0,0,0,0
390368,1,1,1990,0,0,0,0,0,0,0,0,0,0
390368,2,1,1990,16,16,16,16,16,16,16,16,16,16
390370,0,1,1990,0,0,0,0,0,0,0,0,0,0
390370,1,1,1990,0,0,0,0,0,0,0,0,0,0
390371,1,1,1990,18,33,23,21,27,0,0,0,10,0
390372,1,1,1990,0,0,0,0,0,0,0,0,0,0
390372,2,1,1990,0,0,0,0,0,0,0,0,0,0
390373,1,1,1990,0,0,0,0,0,0,0,0,0,0
390373,2,1,1990,0,0,0,0,0,0,0,0,0,0
390374,1,1,1990,12,14,20,21,14,14,14,8,38,21
390375,1,1,1990,0,0,0,0,0,0,0,0,0,0
390376,1,1,1990,21,12,29,35,17,45,14,17,11,13
390377,1,1,1990,0,0,0,6,0,0,0,0,0,7
390377,2,1,1990,0,0,0,0,0,0,0,0,0,0
390378,0,1,1990,0,0,13,26,22,0,0,31,0,0
390378,0,2,1990,0,0,0,0,0,0,0,0,0,0
390378,1,1,1990,0,0,0,0,0,9,0,0,0,0
390379,1,1,1990,13,18,0,0,46,19,30,0,23,10
390380,1,1,1990,0,0,0,0,0,0,0,0,0,0
390380,2,1,1990,0,0,0,0,0,0,0,0,0,0
390381,0,1,1990,0,0,0,0,0,0,0,0,0,0
390381,1,1,1990,0,0,0,0,0,0,0,0,0,0
390382,1,1,1990,9,0,11,17,29,0,21,11,13,0
390383,1,1,1990,17,17,17,17,17,17,17,17,17,17
390384,1,1,1990,0,0,0,15,0,16,11,8,26,0
390385,0,1,1990,0,0,0,0,0,0,0,0,0,0
390385,1,1,1990,13,0,0,0,0,0,0,0,0,0
390386,1,1,1990,0,0,0,0,15,0,0,0,0,0
390386,2,1,1990,5,5,5,5,5,5,5,5,5,5
390387,1,1,1990,7,7,7,7,7,7,7,7,7,7
390387,2,1,1990,14,14,14,14,14,14,14,14,14,14
390388,1,1,1990,15,15,15,15,15,15,15,15,15,15
390389,1,1,1990,10,4,0,21,4,9,0,18,12,16
390390,1,1,1990,0,0,0,0,0,0,0,0,0,0
390391,1,1,1990,16,19,24,11,21,23,0,0,25,0
390392,1,1,1990,0,0,17,0,0,0,20,0,0,0
390394,1,1,1990,0,0,0,0,0,0,0,0,0,0
390394,2,1,1990,10,0,0,0,0,0,0,0,0,0
390395,1,1,1990,9,23,17,14,11,12,0,0,0,0
390396,1,1,1990,0,20,0,0,39,25,8,21,32,37
390397,1,1,1990,0,0,0,0,0,0,0,0,0,0
390397,2,1,1990,24,24,24,24,24,24,24,24,24,24
390397,3,1,1990,0,0,0,21,0,0,0,0,0,0
390397,4,1,1990,0,20,0,12,0,17,22,25,0,6
390399,1,1,1990,0,18,0,16,0,18,0,0,0,0
390399,2,1,1990,0,0,0,0,0,2,0,0,0,0
390400,1,1,1990,9,10,0,0,11,0,0,0,0,19
390401,1,1,1990,0,10,13,0,0,0,10,0,0,15
390402,1,1,1990,0,0,0,0,0,0,0,0,0,0
390403,1,1,1990,17,38,0,14,14,22,0,41,6,0
390404,1,1,1990,10,12,10,0,0,0,0,19,3,16
390405,1,1,1990,0,0,0,0,0,0,0,0,0,0
390405,2,1,1990,0,0,0,0,0,0,0,0,0,0
390406,1,1,1990,29,12,15,13,18,0,13,20,20,0
390406,2,1,1990,9,9,19,8,15,11,15,16,5,12
390406,3,1,1990,0,0,0,0,0,0,0,0,0,0
390407,1,1,1990,0,0,0,0,0,0,0,0,0,0
390407,2,1,1990,0,0,0,0,0,0,0,0,0,0
390408,1,1,1990,0,0,0,0,0,0,0,0,0,0
390408,2,1,1990,0,0,0,0,0,0,0,0,0,0
390408,3,1,1990,0,0,0,0,0,0,0,0,0,0
390409,1,1,1990,0,0,16,0,0,0,0,0,0,0
390409,2,1,1990,0,0,0,0,0,0,0,0,0,0
390410,1,1,1990,15,15,15,15,15,15,15,15,15,15
390411,1,1,1990,0,0,0,0,0,0,0,0,0,0
390411,2,1,1990,0,0,0,0,0,0,0,0,0,0
390412,0,1,1990,0,0,0,0,0,0,0,0,0,0
390412,1,1,1990,4,0,24,0,0,17,0,8,0,0
390413,1,1,1990,0,9,0,0,0,0,0,0,0,0
390413,2,1,1990,0,0,0,0,0,0,0,0,0,0
390414,1,1,1990,22,29,20,29,11,46,7,27,10,17
390416,1,1,1990,15,15,15,15,15,15,15,15,15,15
390417,1,1,1990,3,3,3,3,3,3,3,3,3,3
390417,2,1,1990,0,0,0,0,0,0,0,0,0,0
390418,1,1,1990,0,0,0,0,0,0,0,0,0,0
390418,2,1,1990,0,0,0,0,0,0,0,0,0,0
390419,1,1,1990,17,21,0,0,26,0,17,0,0,0
390420,1,1,1990,0,0,0,0,0,0,0,0,0,0
390421,0,1,1990,0,33,0,0,12,0,10,0,7,0
390421,1,1,1990,0,18,0,0,0,0,0,0,0,0
390422,0,1,1990,12,14,19,26,33,35,11,27,16,16
390422,1,1,1990,0,0,0,0,0,0,0,0,0,0
390424,1,1,1990,0,0,0,0,0,0,0,0,0,5
390425,1,1,1990,4,7,24,20,22,14,0,17,15,12
390426,0,1,1990,0,0,0,0,0,0,0,0,0,0
390426,1,1,1990,10,0,0,0,0,0,0,0,0,0
390427,1,1,1990,0,0,0,0,0,0,0,0,0,0
390427,2,1,1990,0,0,0,0,0,0,0,0,0,0
390428,1,1,1990,13,13,13,13,13,13,13,13,13,13
390431,1,1,1990,0,0,0,0,0,0,0,0,0,0
390431,2,1,1990,12,0,20,22,0,0,0,17,0,16
390432,1,1,1990,28,11,20,25,0,18,9,15,14,30
390433,1,1,1990,0,0,0,0,0,0,0,0,0,0
390433,2,1,1990,0,0,0,0,0,0,0,0,0,0
390434,1,1,1990,0,5,0,0,0,0,0,0,0,0
390434,2,1,1990,0,0,0,0,0,0,0,0,0,0
390435,0,1,1990,15,0,0,0,20,0,0,0,0,0
390435,1,1,1990,0,0,0,0,0,0,0,0,0,0
390436,0,1,1990,25,0,13,31,0,26,0,0,0,7
390436,1,1,1990,0,0,0,10,0,0,10,2,0,0
390437,1,2,1990,0,0,0,0,0,0,0,0,0,0
390437,2,1,1990,0,0,0,0,0,0,0,0,0,0
390438,0,1,1990,0,0,0,0,0,0,0,0,0,19
390438,1,1,1990,0,0,0,0,0,0,0,0,0,0
390439,1,1,1990,0,0,0,0,0,0,0,0,0,0
390439,2,1,1990,16,0,0,14,6,13,15,0,0,0
390440,0,1,1990,20,0,10,28,11,9,16,16,32,10
390440,1,1,1990,0,0,0,0,0,0,0,0,0,0
390441,1,1,1990,6,6,6,6,6,6,6,6,6,6
390442,1,1,1990,0,0,0,0,0,0,0,0,0,0
390443,1,1,1990,15,15,15,15,15,15,15,15,15,15
390443,2,1,1990,0,0,0,0,13,0,0,7,0,0
390443,3,1,1990,8,0,0,0,0,6,0,0,3,0
390444,1,1,1990,0,0,0,0,0,0,0,0,0,0
390444,2,1,1990,0,0,0,0,0,0,0,0,0,0
390444,3,1,1990,0,0,0,0,0,0,0,0,0,16
390445,2,1,1990,0,0,0,0,0,0,0,0,0,0
390445,3,1,1990,0,0,0,0,0,0,0,0,0,0
390445,4,1,1990,0,0,7,0,0,0,0,0,0,0
390446,1,1,1990,31,31,31,31,31,31,31,31,31,31
390447,1,1,1990,18,18,18,18,18,18,18,18,18,18
390448,1,1,1990,28,28,28,28,28,28,28,28,28,28
390449,1,1,1990,0,0,0,0,0,6,0,0,0,0
390449,2,1,1990,0,0,0,45,0,0,0,0,0,19
390450,0,1,1990,0,0,0,0,0,0,0,0,0,0
390450,0,2,1990,0,0,0,0,0,0,0,0,0,0
390450,0,3,1990,0,0,0,0,0,0,0,0,0,0
390450,1,1,1990,0,0,0,5,11,0,0,0,0,0
390451,1,1,1990,20,20,20,20,20,20,20,20,20,20
390452,0,1,1990,0,13,0,0,20,29,12,17,30,17
390452,1,1,1990,0,0,0,0,0,0,0,0,0,0
390453,1,1,1990,0,0,0,7,0,0,0,0,0,0
390453,2,1,1990,0,0,0,0,32,9,0,0,15,0
390454,1,1,1990,0,0,0,0,0,0,0,0,0,0
390454,2,1,1990,0,0,0,0,0,0,0,0,0,0
390455,1,1,1990,0,0,23,0,0,0,0,0,0,0
390456,1,1,1990,0,0,0,0,0,0,0,0,0,0
390456,2,1,1990,0,0,0,0,0,0,0,0,0,0
390456,3,1,1990,0,0,0,0,0,0,0,0,0,0
390457,1,1,1990,0,0,0,0,0,0,0,10,2,0
390458,1,1,1990,0,0,0,0,0,0,0,0,0,0
390459,1,1,1990,0,0,0,0,0,8,0,0,0,0
390460,0,1,1990,0,0,0,0,0,0,0,0,0,0
390460,1,1,1990,0,0,0,0,0,0,0,0,0,0
390461,1,1,1990,6,6,6,6,6,6,6,6,6,6
390462,1,1,1990,0,0,0,0,0,0,0,0,0,0
390462,2,1,1990,0,0,0,0,0,0,0,0,0,0
390463,1,1,1990,0,0,0,0,0,0,0,0,0,0
390464,1,1,1990,27,27,27,27,27,27,27,27,27,27
390465,1,1,1990,0,0,0,0,0,0,0,0,0,0
390465,2,1,1990,0,0,0,0,0,0,0,0,0,0
390466,1,1,1990,40,40,40,40,40,40,40,40,40,40
390467,1,1,1990,0,0,0,0,0,0,0,0,0,0
390467,2,1,1990,1,1,1,1,1,1,1,1,1,1
390468,1,1,1990,0,0,15,0,0,0,0,17,0,16
390468,2,1,1990,0,11,18,5,20,10,0,13,0,16
390469,1,1,1990,14,12,25,23,0,6,16,0,15,0
390469,2,1,1990,0,0,0,0,0,0,0,0,0,0
390471,1,1,1990,0,0,0,0,0,0,0,0,0,0
390471,2,1,1990,0,0,0,0,0,0,0,0,0,0
390472,1,1,1990,0,0,0,0,0,0,0,0,0,0
390472,2,1,1990,0,0,0,0,0,0,0,0,0,0
390473,1,1,1990,0,0,0,0,0,0,0,0,0,0
390473,2,1,1990,0,0,0,0,0,0,0,0,0,0
390474,1,1,1990,0,0,0,0,0,0,0,0,0,0
390475,1,1,1990,20,0,0,0,0,0,0,0,0,0
390475,2,1,1990,0,0,19,0,0,23,13,0,6,12
390476,1,1,1990,10,10,10,10,10,10,10,10,10,10
390476,2,1,1990,0,0,6,0,0,0,0,0,0,0
390477,1,1,1990,0,0,0,0,0,0,0,0,0,0
390477,2,1,1990,0,0,0,0,0,0,0,0,0,0
390478,1,1,1990,20,0,11,19,7,15,0,22,12,0
390479,1,1,1990,23,23,23,23,23,23,23,23,23,23
390480,1,1,1990,0,0,0,0,0,0,0,0,0,0
390480,2,1,1990,0,0,0,0,0,0,0,0,0,0
390481,1,1,1990,8,25,14,22,19,32,0,13,16,16
390482,1,1,1990,0,0,0,0,0,0,0,12,0,0
390482,2,1,1990,0,0,0,0,0,0,0,0,0,0
390483,1,1,1990,21,21,21,21,21,21,21,21,21,21
390484,1,1,1990,0,0,0,0,0,0,0,0,0,0
390485,0,1,1990,0,0,0,0,0,0,0,0,0,0
390485,1,1,1990,0,0,0,0,0,0,0,0,0,0
390486,1,1,1990,11,0,0,0,15,17,23,19,6,13
390487,1,1,1990,0,0,0,0,0,0,0,0,0,0
390487,2,1,1990,0,0,0,0,0,0,0,0,0,0
390488,1,1,1990,19,25,28,28,31,7,14,26,17,8
390488,2,1,1990,0,0,0,0,0,10,0,0,0,0
390489,0,1,1990,0,0,0,0,0,0,0,0,0,0
390489,1,1,1990,0,0,0,0,0,0,0,0,0,0
390490,0,1,1990,0,0,0,0,0,0,0,0,0,0
390490,1,1,1990,0,0,0,0,0,0,0,0,0,0
390491,1,1,1990,0,0,0,0,0,13,0,0,0,0
390491,2,1,1990,0,0,6,0,0,0,0,0,0,0
390491,3,1,1990,0,0,16,0,0,0,0,0,0,0
390493,1,1,1990,0,0,0,0,0,0,0,0,0,0
390493,2,1,1990,0,0,20,0,0,0,11,0,0,0
390493,3,1,1990,0,0,0,0,0,0,0,0,0,0
390494,1,1,1990,38,18,0,0,5,0,0,28,0,0
390494,2,1,1990,0,0,0,0,0,0,0,0,0,0
390495,1,1,1990,20,11,20,33,26,26,0,11,26,15
390496,1,1,1990,0,0,0,0,0,0,0,0,0,0
390496,2,1,1990,0,0,0,0,0,0,0,0,0,0
390497,1,1,1990,0,0,0,0,0,0,0,0,0,0
390497,2,1,1990,0,0,0,0,0,0,0,0,0,0
390498,1,1,1990,2,2,2,2,2,2,2,2,2,2
390499,1,1,1990,0,0,0,0,0,0,0,0,0,0
390499,2,1,1990,17,23,15,20,11,7,17,16,6,8
390500,1,1,1990,0,0,0,0,15,31,25,0,0,0
390500,2,1,1990,15,22,20,0,23,14,20,15,26,14
390501,1,1,1990,16,16,16,16,16,16,16,16,16,16
390502,1,1,1990,14,21,21,10,5,26,22,25,0,0
390503,1,1,1990,0,0,0,4,6,0,0,0,0,0
390504,1,1,1990,0,10,8,0,14,19,7,15,18,21
390505,1,1,1990,41,15,3,1,24,10,17,17,17,17
390506,1,1,1990,0,0,0,0,0,0,0,0,0,0
390507,1,1,1990,0,0,25,0,10,0,0,0,0,0
390507,2,1,1990,0,0,0,0,0,0,0,0,0,0
390508,1,1,1990,21,21,21,21,21,21,21,21,21,21
390508,2,1,1990,0,0,0,0,0,0,0,0,0,0
390509,1,1,1990,0,0,0,0,0,0,0,0,0,0
390509,2,1,1990,0,5,0,10,0,0,0,0,0,0
390510,1,1,1990,0,0,0,0,0,0,0,0,0,0
390510,2,1,1990,0,0,0,0,0,0,0,0,0,0
390511,1,1,1990,0,0,0,0,0,0,24,0,0,0
390512,1,1,1990,15,0,0,0,10,0,0,0,0,13
390512,2,1,1990,0,0,0,0,0,0,0,0,0,0
390513,1,1,1990,4,4,4,4,4,4,4,4,4,4
390514,1,1,1990,13,13,13,13,13,13,13,13,13,13
390515,1,1,1990,11,0,24,14,13,0,21,0,26,15
390515,2,1,1990,22,22,22,22,22,22,22,22,22,22
390516,1,1,1990,0,0,0,0,0,0,0,0,0,0
390516,2,1,1990,0,0,0,0,0,0,0,0,0,0
390517,1,1,1990,15,17,20,0,0,0,21,0,0,0
390518,1,1,1990,14,14,14,14,14,14,14,14,14,14
390519,1,1,1990,0,0,0,0,0,0,0,0,0,10
390520,1,1,1990,0,0,0,0,0,10,0,0,0,0
390520,2,1,1990,1,1,1,1,1,1,1,1,1,1
390521,1,1,1990,0,0,26,0,12,0,0,18,0,0
390522,1,1,1990,8,8,8,8,8,8,8,8,8,8
390522,2,1,1990,0,0,0,0,0,0,0,0,0,0
390523,1,1,1990,17,17,17,17,17,17,17,17,17,17
390524,1,1,1990,0,0,0,0,9,0,0,0,0,0
390526,1,1,1990,16,16,16,16,16,16,16,16,16,16
390527,1,1,1990,0,0,0,16,0,11,0,0,0,0
390527,2,1,1990,0,0,0,0,0,0,0,0,0,0
390528,0,1,1990,18,18,18,18,18,18,18,18,18,18
390528,0,2,1990,26,19,24,7,16,27,0,0,15,26
390528,1,1,1990,0,0,0,0,0,0,0,0,0,0
390529,1,1,1990,0,0,0,0,0,0,0,0,0,0
390529,2,1,1990,0,0,0,0,0,0,0,0,0,0
390530,1,1,1990,0,0,0,0,0,0,0,0,0,0
390531,1,1,1990,0,0,0,0,0,8,0,0,0,0
390531,2,1,1990,15,15,15,15,15,15,15,15,15,15
390532,1,1,1990,15,0,15,22,15,12,25,24,24,3
390533,1,1,1990,30,30,30,30,30,30,30,30,30,30
390534,1,1,1990,0,0,0,0,0,0,0,0,0,0
390535,0,1,1990,29,14,17,0,0,0,28,33,10,0
390535,0,2,1990,18,20,4,21,24,19,0,25,0,0
390535,0,3,1990,0,30,0,0,0,0,0,0,0,18
390535,0,4,1990,16,8,0,0,0,0,0,0,0,0
390535,0,5,1990,0,0,0,0,0,0,0,0,0,0
390535,1,1,1990,0,0,0,0,0,0,0,0,0,0
390535,2,1,1990,11,17,17,4,15,11,37,11,12,13
390536,1,1,1990,0,29,9,20,18,11,13,30,13,2
390537,1,1,1990,0,0,0,0,0,0,0,17,0,0
390538,1,1,1990,0,0,0,0,0,0,0,0,0,0
390538,2,1,1990,0,0,0,0,0,0,0,0,0,0
390539,1,1,1990,0,0,0,0,0,0,0,0,0,0
390540,1,1,1990,34,34,34,34,34,34,34,34,34,34
390540,2,1,1990,20,20,20,20,20,20,20,20,20,20
390541,1,1,1990,0,0,0,0,0,0,0,0,0,0
390541,2,1,1990,0,0,0,0,0,0,0,0,0,0
390542,1,1,1990,0,0,0,0,0,0,0,0,0,0
390542,2,1,1990,0,0,0,0,0,0,0,0,0,0
390543,0,1,1990,30,30,30,30,30,30,30,30,30,30
390543,1,1,1990,0,0,0,0,0,0,0,0,0,0
390544,1,1,1990,0,0,14,0,0,0,0,0,0,0
390544,2,1,1990,0,0,0,0,0,0,0,0,0,0
390545,1,1,1990,22,16,12,19,15,25,11,20,24,5
390546,1,1,1990,0,22,7,27,33,14,7,20,0,0
390547,1,1,1990,0,0,0,0,0,0,0,0,9,0
390548,1,1,1990,14,0,0,11,23,0,0,21,21,19
390548,2,1,1990,0,0,0,0,0,0,8,0,0,0
390549,0,1,1990,20,20,20,20,20,20,20,20,20,20
390549,1,1,1990,14,17,5,11,12,31,18,18,25,20
390550,0,1,1990,0,0,0,0,0,0,0,0,0,0
390550,0,2,1990,0,0,0,0,0,0,0,0,0,0
390550,1,1,1990,4,14,35,21,23,15,34,14,19,7
390551,0,1,1990,0,16,0,5,0,11,30,18,0,24
390551,1,1,1990,26,0,0,10,0,0,0,13,0,0
390552,1,1,1990,0,0,0,0,0,0,0,0,0,0
390552,2,1,1990,0,0,0,0,0,0,0,0,0,0
390553,1,1,1990,0,0,0,0,0,0,0,0,0,0
390553,2,1,1990,0,15,0,0,16,0,0,0,0,0
390554,0,3,1990,0,0,0,0,0,0,0,0,0,0
390554,1,1,1990,0,0,0,0,0,0,0,0,0,0
390555,1,1,1990,22,22,22,22,22,22,22,22,22,22
390556,1,1,1990,0,0,0,0,0,0,0,0,0,0
390557,0,1,1990,0,0,0,0,0,0,0,0,0,0
390557,1,1,1990,0,0,0,0,0,0,0,0,0,0
390558,1,1,1990,0,0,0,0,0,0,0,0,0,0
390558,2,1,1990,0,20,0,0,0,0,0,22,3,0
390559,1,1,1990,0,0,0,0,0,0,0,0,0,0
390559,2,1,1990,0,0,0,0,0,0,0,0,0,0
390560,1,1,1990,0,13,18,28,0,0,0,0,0,0
390561,1,1,1990,0,0,0,0,0,0,0,0,0,0
390561,2,1,1990,0,0,15,10,16,14,10,16,23,13
390562,1,1,1990,0,0,0,0,0,0,0,0,0,0
390563,0,1,1990,0,0,13,0,0,0,0,0,0,0
390563,1,1,1990,14,0,0,0,6,0,0,0,0,0
390564,1,1,1990,0,0,0,0,0,0,0,0,0,0
390564,2,1,1990,0,0,0,0,0,0,0,0,0,0
390565,1,1,1990,0,0,0,9,0,0,0,0,0,18
390565,2,1,1990,10,3,12,17,0,37,23,0,10,0
390565,3,1,1990,0,0,0,0,0,0,0,25,0,0
390566,1,1,1990,35,35,17,17,20,29,10,3,17,17
390568,1,1,1990,25,9,20,25,14,10,8,22,8,25
390569,1,1,1990,0,0,0,0,0,0,0,0,0,0
390569,2,1,1990,0,0,0,0,0,0,0,0,0,21
390570,1,1,1990,11,11,11,11,11,11,11,11,11,11
390571,1,1,1990,16,17,0,21,25,36,19,16,5,26
390572,1,1,1990,0,0,0,0,0,0,0,0,0,0
390573,1,1,1990,19,19,17,22,22,0,14,23,10,10
390574,1,1,1990,24,24,24,24,24,24,24,24,24,24
390575,0,1,1990,30,0,26,25,14,30,13,19,28,21
390575,1,1,1990,22,30,10,0,31,14,11,11,17,8
390576,1,1,1990,0,0,0,0,0,0,0,0,0,0
390576,2,1,1990,0,0,0,0,0,0,0,0,0,0
390578,0,1,1990,0,24,23,0,0,29,37,7,26,2
390578,1,1,1990,7,0,12,0,2,0,0,15,2,0
390579,0,1,1990,12,0,0,0,37,28,17,28,22,0
390579,1,1,1990,0,0,0,0,0,0,0,0,0,0
390580,1,1,1990,10,0,0,15,15,0,0,0,14,0
390581,1,1,1990,16,16,16,16,16,16,16,16,16,16
390582,1,1,1990,28,28,28,28,28,28,28,28,28,28
390583,1,1,1990,0,18,0,0,0,10,0,0,17,11
390584,1,1,1990,0,0,0,0,0,0,0,0,0,0
390585,1,1,1990,3,3,3,3,3,3,3,3,3,3
390586,1,1,1990,22,0,9,29,20,0,30,10,14,15
390587,1,1,1990,0,15,0,0,0,0,0,0,0,12
390587,2,1,1990,0,0,0,0,0,0,0,0,0,0
390587,3,1,1990,0,0,0,0,0,0,0,0,0,0
390587,4,1,1990,0,0,0,0,0,0,0,0,0,0
390588,1,1,1990,29,29,29,29,29,29,29,29,29,29
390588,2,1,1990,0,0,0,0,0,0,0,0,0,0
390588,3,1,1990,0,0,0,0,0,0,0,0,0,24
390589,1,1,1990,0,0,0,0,0,0,0,0,0,0
390589,2,1,1990,0,0,0,0,0,0,0,0,0,0
390589,3,1,1990,0,0,0,0,0,0,0,0,0,0
390591,1,1,1990,15,14,32,24,30,15,14,33,15,14
390592,1,1,1990,6,6,6,6,6,6,6,6,6,6
390593,1,1,1990,0,0,0,0,0,0,0,0,8,0
390593,2,1,1990,24,24,24,24,24,24,24,24,24,24
390594,1,1,1990,0,0,0,0,0,0,0,0,0,0
390595,1,1,1990,31,31,31,31,31,31,31,31,31,31
390595,2,1,1990,0,17,5,9,17,0,0,0,0,0
390595,3,1,1990,0,0,11,0,0,0,26,0,0,0
390596,1,1,1990,0,4,0,0,0,0,0,0,0,6
390596,2,1,1990,9,0,9,0,9,0,19,14,14,34
390597,1,1,1990,11,11,11,11,11,11,11,11,11,11
390598,1,1,1990,30,30,30,30,30,30,30,30,30,30
390599,1,1,1990,0,0,0,0,0,0,0,0,0,0
390599,2,1,1990,0,0,0,0,0,0,0,0,0,0
390600,1,1,1990,7,21,25,22,20,15,15,16,11,33
390601,1,1,1990,0,0,0,0,0,0,0,0,0,0
390601,2,1,1990,0,0,0,0,0,13,0,0,11,0
390602,1,1,1990,20,4,15,12,0,31,19,0,4,0
390603,0,1,1990,0,0,0,0,0,0,0,0,0,0
390603,1,1,1990,0,0,0,0,0,24,0,0,0,0
390604,0,1,1990,29,7,0,0,33,17,32,14,0,38
390604,1,1,1990,0,0,0,0,0,0,0,0,8,7
390605,1,1,1990,35,35,35,35,35,35,35,35,35,35
390606,1,1,1990,19,35,13,6,27,15,24,14,9,21
390607,1,1,1990,20,20,20,20,20,20,20,20,20,20
390608,0,1,1990,5,14,0,6,22,0,0,0,0,0
390608,1,1,1990,0,0,0,0,0,0,0,0,0,0
390609,1,1,1990,24,24,24,24,24,24,24,24,24,24
390610,1,1,1990,19,24,0,13,7,16,7,9,22,26
390611,1,1,1990,0,0,0,0,0,0,0,0,0,0
390611,2,1,1990,0,0,0,0,0,0,0,0,0,0
390612,1,1,1990,0,0,0,0,0,0,0,0,0,0
390612,2,1,1990,0,0,0,0,0,0,0,0,0,0
390612,3,1,1990,0,0,0,0,0,0,0,0,0,0
390612,4,1,1990,0,0,0,0,0,0,0,0,0,5
390613,1,1,1990,0,0,0,0,0,0,0,0,0,0
390613,2,1,1990,0,9,0,0,0,0,0,0,0,0
390614,1,1,1990,30,19,0,19,0,14,0,23,0,16
390614,2,1,1990,0,0,0,0,0,0,0,0,0,0
390615,1,1,1990,0,0,0,0,0,16,0,0,0,0
390615,2,1,1990,0,0,0,0,0,0,0,0,0,0
390616,1,1,1990,5,15,23,15,8,8,7,5,12,18
390617,0,1,1990,0,15,0,0,0,0,0,0,39,0
390617,1,1,1990,0,0,0,0,0,0,0,0,0,0
390618,1,1,1990,17,17,17,17,17,17,17,17,17,17
390619,1,1,1990,0,0,0,0,0,0,0,0,0,0
390620,0,1,1990,26,26,26,26,26,26,26,26,26,26
390620,1,1,1990,0,0,0,0,0,0,0,0,0,0
390621,1,1,1990,0,0,0,0,0,0,0,0,0,0
390621,2,1,1990,0,0,0,0,0,0,0,0,0,0
390622,1,1,1990,22,22,22,22,22,22,22,22,22,22
390622,2,1,1990,27,27,27,27,27,27,27,27,27,27
390623,1,1,1990,0,0,0,0,0,0,0,0,0,0
390624,1,1,1990,5,5,5,5,5,5,5,5,5,5
390624,2,1,1990,0,0,0,0,0,0,0,0,8,0
390624,3,1,1990,0,0,0,0,0,0,0,0,0,0
390625,1,1,1990,17,17,17,17,17,17,17,17,17,17
390626,1,1,1990,9,11,27,24,15,0,0,9,16,4
390626,2,1,1990,3,9,0,5,0,7,0,5,7,0
390627,1,1,1990,0,0,13,0,31,0,6,6,20,6
390628,1,1,1990,24,23,29,10,26,7,42,0,32,17
390629,0,1,1990,0,0,0,0,0,0,0,0,0,0
390629,1,1,1990,0,0,0,0,0,0,0,0,0,0
390630,1,1,1990,6,6,6,6,6,6,6,6,6,6
390631,1,1,1990,23,23,23,23,23,23,23,23,23,23
390632,1,1,1990,0,0,0,0,0,0,0,0,0,0
390633,1,1,1990,0,0,31,0,0,0,0,0,0,0
390634,1,1,1990,0,0,0,0,0,0,0,0,0,0
390634,2,1,1990,0,0,0,0,0,0,0,0,0,0
390635,1,1,1990,8,18,28,26,33,23,19,30,0,19
390636,1,1,1990,23,23,23,23,23,23,23,23,23,23
390636,2,1,1990,0,3,7,22,0,0,12,8,4,13
390636,3,1,1990,0,0,0,0,0,0,0,0,0,0
390637,1,1,1990,0,0,0,0,0,0,0,0,0,0
390637,2,1,1990,0,0,0,0,0,0,0,0,0,0
390637,3,1,1990,0,0,0,0,0,0,0,0,0,0
390638,1,1,1990,10,10,10,10,10,10,10,10,10,10
390639,1,1,1990,7,4,11,23,21,0,0,20,16,7
390639,2,1,1990,0,0,0,0,0,0,0,0,0,0
390640,1,1,1990,0,0,0,0,0,0,0,0,0,0
390640,2,1,1990,0,0,0,0,0,0,0,0,0,0
390640,3,1,1990,0,0,0,0,0,0,0,0,0,0
390641,1,1,1990,0,0,0,0,0,0,0,0,0,0
390641,2,1,1990,0,0,0,0,0,0,0,0,0,0
390642,0,1,1990,8,8,8,8,8,8,8,8,8,8
390642,1,1,1990,21,21,21,21,21,21,21,21,21,21
390643,1,1,1990,12,12,0,0,10,0,19,17,0,0
390644,1,1,1990,0,0,0,0,0,0,0,0,0,0
390645,1,1,1990,0,0,0,0,0,0,0,0,0,0
390645,2,1,1990,0,0,0,0,0,0,0,0,0,0
390646,1,1,1990,16,16,16,16,16,16,16,16,16,16
390647,1,1,1990,11,0,14,0,3,24,35,0,0,0
390647,2,1,1990,31,31,31,31,31,31,31,31,31,31
390648,1,1,1990,0,0,0,0,0,0,0,0,0,0
390648,2,1,1990,0,0,0,0,0,0,0,0,0,0
390649,1,1,1990,0,0,0,0,0,0,0,0,0,0
390649,2,1,1990,0,0,0,0,0,0,0,0,0,0
390649,3,1,1990,0,0,0,0,0,0,0,0,0,0