ST_CASE,VEH_NO,PER_NO,YEAR,P1,P2,P3,P4,P5,P6,P7,P8,P9,P10
391218,1,1,1990,17,0,0,19,17,0,0,0,0,0
391219,1,1,1990,0,0,0,0,0,0,0,12,0,0
391219,2,1,1990,0,0,0,0,0,5,0,0,0,0
391219,3,1,1990,0,0,0,0,0,0,0,0,0,0
391219,4,1,1990,0,0,0,0,0,0,0,0,0,0
391219,5,1,1990,11,0,0,0,0,0,0,0,0,0
391219,6,1,1990,0,0,0,0,0,0,0,0,0,0
391220,1,1,1990,0,0,0,0,0,0,0,0,0,0
391220,2,1,1990,0,0,0,0,0,0,0,0,0,0
391221,1,1,1990,0,0,0,0,18,0,6,0,10,0
391222,1,1,1990,0,0,0,0,0,0,0,0,0,0
391222,2,1,1990,17,9,48,0,0,0,4,0,0,0
391223,0,1,1990,23,18,0,0,22,0,17,11,0,30
391223,1,1,1990,0,0,0,0,0,0,0,0,0,0
391224,1,1,1990,0,0,0,0,0,0,0,0,0,0
391224,2,1,1990,0,0,0,0,0,0,0,0,0,0
391225,1,1,1990,0,0,0,0,0,0,0,0,0,0
391225,2,1,1990,0,0,0,0,0,0,0,0,0,0
391226,1,1,1990,0,0,0,0,0,0,0,0,0,0
391226,2,1,1990,0,0,0,0,0,0,0,0,0,0
391227,1,1,1990,0,0,0,0,0,0,0,0,0,0
391228,1,1,1990,3,0,14,0,8,14,0,30,26,30
391229,1,1,1990,0,0,0,0,0,0,0,0,0,0
391229,2,1,1990,0,0,0,0,0,0,0,0,0,0
391230,1,1,1990,0,0,0,0,0,0,0,0,0,0
391231,1,1,1990,0,0,0,0,0,0,0,0,0,0
391232,1,1,1990,0,0,0,0,0,0,0,0,0,0
391232,2,1,1990,0,0,0,0,0,10,0,0,0,0
391233,0,1,1990,0,0,0,0,0,0,45,12,0,0
391233,1,1,1990,0,0,0,0,0,0,0,0,0,0
391234,0,1,1990,0,0,0,0,0,0,0,0,0,0
391234,1,1,1990,16,20,25,15,19,22,24,14,11,18
391235,1,1,1990,18,14,23,20,21,19,0,16,25,19
391235,2,1,1990,25,0,0,0,0,0,8,0,0,0
391236,0,1,1990,21,21,21,21,21,21,21,21,21,21
391236,1,1,1990,24,14,16,0,0,0,12,0,6,27
391237,1,1,1990,23,9,0,14,0,0,0,0,0,0
391238,1,1,1990,0,0,0,0,0,0,0,0,0,0
391238,2,1,1990,0,0,0,0,0,0,0,0,0,0
391239,1,1,1990,0,0,0,0,0,0,0,0,13,0
391239,2,1,1990,0,0,0,0,0,0,0,0,0,0
391240,1,1,1990,0,0,0,0,0,0,0,0,0,0
391240,2,1,1990,0,9,0,0,29,0,0,0,6,13
391241,1,1,1990,0,13,0,0,0,0,16,25,0,0
391242,1,1,1990,0,21,0,11,0,0,0,0,0,0
391242,2,1,1990,7,0,0,0,0,0,0,9,13,0
391243,1,1,1990,0,0,0,0,0,0,0,0,0,0
391243,2,1,1990,0,0,0,0,0,0,0,0,0,0
391244,0,1,1990,0,0,0,0,0,0,0,0,0,0
391244,1,1,1990,0,11,0,0,0,0,0,25,0,0
391245,0,1,1990,0,0,0,0,11,0,0,0,0,0
391245,1,1,1990,0,0,0,0,0,0,0,0,0,0
391246,1,1,1990,9,0,0,0,0,0,13,0,5,0
391247,1,1,1990,21,21,21,21,21,21,21,21,21,21
391248,1,1,1990,0,0,0,0,0,0,0,0,0,0
391249,1,1,1990,0,0,22,0,0,0,0,0,0,0
391249,2,1,1990,0,0,0,0,0,0,0,0,0,0
391250,0,1,1990,0,0,0,0,0,0,0,0,0,0
391250,1,1,1990,0,0,3,0,0,0,0,0,0,0
391252,0,1,1990,0,0,0,0,0,0,0,0,0,0
391252,1,1,1990,0,0,2,0,0,0,0,0,0,0
391253,1,1,1990,0,0,0,16,0,0,0,0,0,0
391253,2,1,1990,26,0,0,18,0,0,0,0,0,0
391254,1,1,1990,0,0,0,0,0,0,0,0,0,0
391254,2,1,1990,0,8,0,0,23,0,0,0,0,0
391255,1,1,1990,15,0,26,16,41,25,9,11,0,22
391255,2,1,1990,0,11,0,22,0,19,10,0,0,18
391256,0,1,1990,26,5,0,0,0,0,0,0,0,0
391256,1,1,1990,0,15,0,0,0,18,9,0,0,0
391257,1,1,1990,0,0,0,0,0,0,0,18,0,0
391257,2,1,1990,0,0,0,0,0,0,0,0,0,0
391257,3,1,1990,0,0,0,0,0,0,24,0,0,0
391258,1,1,1990,8,8,8,8,8,8,8,8,8,8
391259,1,1,1990,14,14,14,14,14,14,14,14,14,14
391260,1,1,1990,20,20,20,20,20,20,20,20,20,20
391261,1,1,1990,0,0,0,0,0,0,0,0,0,0
391261,2,1,1990,0,9,20,16,0,18,0,0,0,0
391262,1,1,1990,0,0,0,0,0,0,0,0,0,0
391262,2,1,1990,11,11,11,11,11,11,11,11,11,11
391263,1,1,1990,0,0,0,0,0,0,0,0,0,0
391263,2,1,1990,0,0,0,0,0,0,0,0,0,0
391264,1,1,1990,23,23,23,23,23,23,23,23,23,23
391265,1,1,1990,0,0,0,0,18,21,0,0,0,0
391265,2,1,1990,0,0,0,0,0,0,0,0,0,0
391266,1,1,1990,0,13,0,0,17,0,0,0,0,0
391266,2,1,1990,0,0,0,0,0,0,0,0,0,0
391267,1,1,1990,0,0,0,0,0,0,0,0,0,0
391267,2,1,1990,29,0,0,24,0,9,10,16,8,7
391268,1,1,1990,0,0,0,0,0,0,0,0,0,0
391268,2,1,1990,0,0,0,0,0,0,0,0,4,0
391269,1,1,1990,28,28,28,28,28,28,28,28,28,28
391270,0,1,1990,0,0,0,0,0,0,0,13,0,0
391270,1,1,1990,0,0,0,0,0,0,0,0,0,0
391270,2,1,1990,0,0,0,24,0,0,0,0,0,0
391271,1,1,1990,0,0,0,0,0,0,0,0,0,0
391271,2,1,1990,0,0,0,0,0,0,0,0,0,0
391272,1,1,1990,0,0,0,0,0,5,0,0,0,0
391272,2,1,1990,0,0,0,0,0,0,0,0,0,0
391273,1,1,1990,0,0,0,0,0,0,0,0,0,0
391273,2,1,1990,0,0,0,0,0,0,0,0,0,0
391274,1,1,1990,0,31,14,25,17,9,11,8,4,8
391275,1,1,1990,0,0,13,0,0,0,0,6,9,0
391276,0,1,1990,0,20,34,10,44,24,0,16,0,28
391276,1,1,1990,3,0,0,0,0,0,15,6,0,0
391277,1,1,1990,0,0,0,6,0,0,0,0,0,0
391278,1,1,1990,0,0,0,0,0,0,0,0,0,0
391278,2,1,1990,0,0,0,0,0,0,0,0,0,0
391279,0,1,1990,0,0,0,29,0,6,0,0,0,0
391279,1,1,1990,0,0,26,0,0,0,0,0,0,0
391279,2,1,1990,0,0,0,0,0,0,0,0,0,0
391280,1,1,1990,0,0,0,0,0,0,0,0,0,0
391280,2,1,1990,0,0,0,0,0,0,0,0,0,0
391281,1,1,1990,0,0,0,0,0,0,0,0,0,0
391281,2,1,1990,0,0,0,0,0,0,0,0,0,0
391282,1,1,1990,0,0,0,0,0,0,0,0,0,0
391282,2,1,1990,10,0,11,0,8,27,8,8,0,10
391283,0,1,1990,0,0,0,0,0,0,0,0,0,0
391283,1,1,1990,0,0,0,0,0,0,0,0,0,0
391284,1,1,1990,30,17,11,37,19,31,11,16,8,0
391285,1,1,1990,0,0,0,0,0,0,0,8,0,0
391286,1,1,1990,0,0,0,0,0,0,0,0,0,0
391287,1,1,1990,0,20,0,0,0,0,0,0,0,0
391287,2,1,1990,0,0,0,0,0,0,0,0,0,0
391288,1,1,1990,0,23,19,16,10,28,17,15,0,10
391289,1,1,1990,0,0,0,0,0,0,0,0,0,0
391289,2,1,1990,0,0,0,0,0,0,0,0,0,0
391290,1,1,1990,0,0,0,0,0,0,0,0,0,0
391290,2,1,1990,0,0,0,0,0,0,0,0,0,0
391291,1,1,1990,29,8,27,27,18,19,11,30,34,22
391292,1,1,1990,0,0,0,0,0,0,0,0,0,0
391292,2,1,1990,0,7,0,0,0,0,0,0,17,0
391294,1,1,1990,11,29,21,6,0,0,0,42,18,0
391294,2,1,1990,3,11,15,20,11,22,2,12,9,8
391295,0,1,1990,0,0,0,0,0,0,0,0,21,5
391295,0,2,1990,30,0,0,0,0,0,0,0,0,13
391295,1,1,1990,0,0,0,0,0,0,0,0,0,0
391296,0,1,1990,0,0,0,0,0,0,0,0,0,0
391296,1,1,1990,0,0,0,0,0,0,0,0,0,0
391297,1,1,1990,0,0,0,15,0,16,0,7,0,0
391298,1,1,1990,18,18,18,18,18,18,18,18,18,18
391298,2,1,1990,0,0,0,0,0,0,0,0,0,0
391298,3,1,1990,3,0,10,14,0,19,0,19,0,0
391299,1,1,1990,7,14,20,8,0,10,0,0,30,26
391300,0,1,1990,26,26,26,26,26,26,26,26,26,26
391300,1,1,1990,12,19,17,10,10,9,9,0,0,0
391301,1,1,1990,0,0,0,0,0,0,0,0,0,0
391301,2,1,1990,0,0,0,0,0,0,0,0,0,0
391302,0,1,1990,0,21,0,6,0,0,14,0,0,0
391302,1,1,1990,0,0,26,24,0,0,0,7,0,0
391303,1,1,1990,20,22,9,0,10,15,7,21,12,0
391304,1,1,1990,9,7,20,14,16,14,12,22,22,9
391305,1,1,1990,9,0,0,0,0,0,0,0,0,0
391306,1,1,1990,0,20,12,17,0,17,0,20,0,0
391307,1,1,1990,0,18,0,14,0,28,0,24,32,16
391308,0,1,1990,0,0,0,0,0,0,0,0,0,0
391308,1,1,1990,0,0,0,0,0,0,0,0,0,0
391309,0,1,1990,0,0,0,0,0,0,0,0,0,0
391309,1,1,1990,0,0,0,0,0,0,0,0,0,0
391310,0,1,1990,0,0,0,0,0,0,0,0,0,0
391310,1,1,1990,0,0,0,9,0,0,0,0,0,0
391311,1,1,1990,10,9,0,23,0,0,21,0,22,0
391312,1,1,1990,0,0,0,0,0,0,0,0,0,0
391313,1,1,1990,15,0,0,28,0,28,29,0,0,27
391313,2,1,1990,0,0,0,0,0,0,0,0,0,0
391314,1,1,1990,0,24,0,0,0,0,20,0,0,12
391315,1,1,1990,15,15,15,15,15,15,15,15,15,15
391315,2,1,1990,16,0,0,0,0,4,0,0,0,0
391316,1,1,1990,0,0,0,0,0,0,0,0,0,0
391316,2,1,1990,0,0,0,0,0,0,0,0,0,0
391317,0,1,1990,0,0,0,0,0,0,0,0,0,0
391317,1,1,1990,0,0,0,0,0,19,0,0,0,0
391318,1,1,1990,0,0,0,0,0,0,0,0,0,0
391319,1,1,1990,0,0,0,0,0,0,0,17,0,0
391320,1,1,1990,0,0,0,0,0,0,0,0,0,0
391321,1,1,1990,26,26,26,26,26,26,26,26,26,26
391322,1,1,1990,0,0,0,0,0,0,0,0,0,0
391322,2,1,1990,0,0,0,0,0,0,0,0,0,0
391323,1,1,1990,0,0,0,0,0,0,0,0,0,0
391323,2,1,1990,0,13,0,28,7,0,0,9,18,12
391324,1,1,1990,0,0,0,0,0,0,0,0,0,0
391324,2,1,1990,11,0,0,0,0,0,0,0,0,18
391325,1,1,1990,0,0,0,10,0,0,0,0,0,0
391325,2,1,1990,0,0,0,0,0,0,0,0,0,0
391326,1,1,1990,0,0,0,0,0,0,0,0,0,0
391327,1,1,1990,0,0,0,0,0,0,0,0,0,0
391328,0,1,1990,10,0,24,25,13,43,44,12,0,15
391328,1,1,1990,0,17,0,0,0,20,0,0,0,0
391329,1,1,1990,15,15,15,15,15,15,15,15,15,15
391329,2,1,1990,0,0,0,2,0,0,0,17,0,0
391330,1,1,1990,0,0,0,0,0,0,10,12,0,0
391330,2,1,1990,15,22,0,0,0,19,0,0,18,15
391331,1,1,1990,8,21,9,25,19,18,13,0,9,27
391331,2,1,1990,30,15,19,0,1,19,0,0,0,29
391332,1,1,1990,0,17,18,0,6,17,17,14,17,0
391333,1,1,1990,0,14,0,0,0,0,0,0,0,0
391333,2,1,1990,4,4,4,4,4,4,4,4,4,4
391334,1,1,1990,0,0,0,0,0,0,0,0,0,0
391334,2,1,1990,26,0,16,0,0,10,30,0,0,0
391335,1,1,1990,0,0,0,0,0,0,0,0,0,0
391336,1,1,1990,0,0,31,30,24,8,3,0,43,0
391336,2,1,1990,0,0,0,0,0,0,0,0,0,0
391337,0,1,1990,0,0,0,0,0,0,0,0,0,0
391337,1,1,1990,0,0,0,0,0,0,0,0,0,0
391338,1,1,1990,0,0,0,9,0,0,0,0,0,0
391338,2,1,1990,0,0,0,0,12,0,7,0,26,27
391340,1,1,1990,0,0,0,0,0,0,0,0,0,0
391340,2,1,1990,0,0,0,0,0,0,0,0,0,0
391341,1,1,1990,19,44,22,0,15,24,0,30,10,32
391341,2,1,1990,0,0,0,8,0,0,0,0,0,0
391342,1,1,1990,0,0,0,0,0,0,0,0,0,0
391342,2,1,1990,0,29,0,0,0,0,0,0,0,0
391343,0,1,1990,0,0,0,0,0,0,0,0,0,0
391343,1,1,1990,0,0,0,0,0,0,0,0,0,0
391344,1,1,1990,0,4,26,0,21,21,13,17,20,12
391345,1,1,1990,0,0,0,0,0,0,0,0,0,0
391345,2,1,1990,0,0,13,0,0,0,0,0,0,0
391346,1,1,1990,33,20,23,12,10,16,0,5,29,0
391347,1,1,1990,16,0,0,20,19,0,15,33,24,0
391347,2,1,1990,22,22,22,22,22,22,22,22,22,22
391348,0,1,1990,0,34,0,11,0,0,0,0,0,8
391348,1,1,1990,21,21,0,19,0,13,0,36,0,30
391349,1,1,1990,0,0,0,0,0,0,0,0,0,0
391349,2,1,1990,0,0,0,0,0,0,0,0,0,0
391350,1,1,1990,0,0,0,0,0,13,0,0,14,0
391350,2,1,1990,0,0,0,0,0,0,0,0,0,0
391350,3,1,1990,0,0,0,0,0,0,0,0,0,0
391351,1,1,1990,0,0,0,14,0,0,0,1,20,0
391351,2,1,1990,0,0,0,0,0,0,0,0,0,0
391352,1,1,1990,9,9,9,9,9,9,9,9,9,9
391353,1,1,1990,0,0,0,0,0,0,0,0,0,0
391353,2,1,1990,0,15,0,0,0,0,0,0,0,0
391353,3,1,1990,15,0,0,0,0,0,0,0,0,0
391354,0,1,1990,0,0,0,0,0,0,0,0,0,0
391354,2,1,1990,0,0,0,0,0,0,0,0,0,0
391354,3,1,1990,0,0,0,0,0,0,0,0,0,0
391355,1,1,1990,9,0,0,29,0,0,0,0,0,0
391355,2,1,1990,0,0,18,0,0,0,0,0,0,0
391356,1,1,1990,17,17,17,17,17,17,17,17,17,17
391357,1,1,1990,0,0,0,0,0,0,0,0,0,0
391357,2,1,1990,0,0,0,0,0,0,0,0,0,0
391358,1,1,1990,0,0,0,0,0,0,0,0,0,0
391359,1,1,1990,21,21,21,21,21,21,21,21,21,21
391360,0,1,1990,0,0,0,11,16,0,0,0,0,0
391360,1,1,1990,0,0,0,0,8,0,9,0,0,0
391361,1,1,1990,4,4,4,4,4,4,4,4,4,4
391362,1,1,1990,0,0,0,0,0,0,0,0,0,0
391362,2,1,1990,8,8,8,8,8,8,8,8,8,8
391363,1,1,1990,0,5,0,0,0,0,0,0,0,0
391363,2,1,1990,16,16,16,16,16,16,16,16,16,16
391364,1,1,1990,0,0,0,0,0,0,0,0,0,0
391364,2,1,1990,0,0,0,0,0,0,0,0,0,0
391365,0,1,1990,0,0,27,0,0,23,0,31,0,0
391365,1,1,1990,0,0,0,0,0,0,9,0,0,10
391366,1,1,1990,0,0,0,0,0,0,0,0,0,0
391366,2,1,1990,0,0,0,0,0,0,0,0,0,0
391367,1,1,1990,0,0,0,0,0,15,0,16,0,6
391368,1,1,1990,11,11,11,11,11,11,11,11,11,11
391369,1,1,1990,0,13,0,17,15,21,28,13,28,34
391370,1,1,1990,0,0,0,0,0,0,0,0,0,0
391370,2,1,1990,0,0,0,0,0,0,0,0,0,0
391371,1,1,1990,0,0,0,29,0,23,0,0,7,0
391372,1,1,1990,27,0,0,3,21,0,0,0,0,0
391373,1,1,1990,0,0,0,0,0,0,0,0,0,0
391373,2,1,1990,0,0,0,0,0,0,15,0,0,0
391374,1,1,1990,0,0,0,0,3,0,0,0,0,0
391374,2,1,1990,0,0,0,0,0,0,0,0,0,0
391375,1,1,1990,20,19,37,38,29,10,22,0,26,33
391376,0,1,1990,0,5,0,0,0,0,0,0,0,0
391376,1,1,1990,0,0,24,0,0,0,0,0,13,0
391377,1,1,1990,20,20,20,20,20,20,20,20,20,20
391378,1,1,1990,0,0,0,0,0,0,0,0,0,0
391379,1,1,1990,0,0,0,0,0,0,0,0,0,0
391379,2,1,1990,0,0,0,0,0,0,0,0,0,0
391381,1,1,1990,0,0,0,0,0,0,0,0,0,0
391381,2,1,1990,0,0,19,0,14,0,0,0,0,16
391381,3,1,1990,0,0,0,0,15,0,0,0,0,0
391382,1,1,1990,0,0,0,0,0,0,0,0,0,0
391382,2,1,1990,0,0,0,0,0,0,11,0,0,0
391382,3,1,1990,0,0,0,0,0,0,0,0,0,0
391382,4,1,1990,0,0,0,0,0,0,0,0,0,0
391383,1,1,1990,14,5,0,0,0,0,0,0,0,19
391383,2,1,1990,0,0,0,0,16,22,0,0,16,0
391384,1,1,1990,0,0,0,0,0,0,0,0,0,0
391384,2,1,1990,0,0,0,0,0,0,0,0,0,0
391385,1,1,1990,0,4,0,0,0,0,0,10,23,0
391385,2,1,1990,0,0,0,0,0,0,0,0,0,0
391386,1,1,1990,0,0,0,0,0,0,5,13,0,0
391386,2,1,1990,0,0,0,18,0,0,0,0,0,0
391387,1,1,1990,0,3,0,16,0,0,0,39,9,0
391388,1,1,1990,0,20,0,18,5,0,0,23,0,0
391389,1,1,1990,0,0,0,0,0,0,0,0,0,0
391390,1,1,1990,0,0,13,8,14,0,0,0,0,0
391391,1,1,1990,0,0,0,0,0,0,0,0,0,0
391391,2,1,1990,0,0,0,0,0,0,0,0,0,0
391392,1,1,1990,20,0,37,0,0,5,16,0,22,0
391393,1,1,1990,2,0,0,9,15,16,24,15,12,12
391394,1,1,1990,0,0,0,0,0,0,14,0,0,0
391394,2,1,1990,0,0,0,0,0,0,0,0,0,0
391395,1,1,1990,22,14,14,24,33,24,13,0,18,26
391396,1,1,1990,0,0,0,0,0,0,0,0,0,0
391396,2,1,1990,0,0,0,0,0,15,0,0,0,0
391397,1,1,1990,0,0,0,0,0,0,0,0,0,0
391397,2,1,1990,0,0,0,0,0,0,0,0,0,0
391398,1,1,1990,0,12,7,0,27,20,0,28,0,14
391398,2,1,1990,8,21,22,0,0,11,15,18,0,3
391399,1,1,1990,0,0,0,12,0,0,27,20,0,14
391400,1,1,1990,0,0,0,0,0,0,0,0,0,0
391400,2,1,1990,0,0,0,0,0,0,0,0,0,0
391401,1,1,1990,0,0,0,0,20,0,0,4,0,0
391402,0,1,1990,15,0,8,0,0,0,0,25,0,0
391402,1,1,1990,0,0,0,0,0,0,0,0,0,0
391402,2,1,1990,0,0,0,0,0,0,0,0,0,0
391403,1,1,1990,12,12,12,12,12,12,12,12,12,12
391404,1,1,1990,17,17,17,17,17,17,17,17,17,17
391405,1,1,1990,29,29,29,29,29,29,29,29,29,29
391406,1,1,1990,0,0,0,0,0,0,0,0,0,0
391406,2,1,1990,0,0,0,0,0,0,0,0,0,0
391407,1,1,1990,0,0,0,0,0,19,0,0,0,0
391407,2,1,1990,0,0,0,0,0,0,0,0,0,0
391407,3,1,1990,11,0,0,11,0,0,6,0,0,0
391407,4,1,1990,0,0,0,0,0,0,0,0,0,15
391408,1,1,1990,0,0,0,0,0,0,0,0,0,0
391408,2,1,1990,15,0,0,0,0,0,0,0,6,5
391409,1,1,1990,12,12,12,12,12,12,12,12,12,12
391410,0,1,1990,20,0,0,23,11,26,0,20,0,0
391410,1,1,1990,0,0,2,0,0,0,0,0,0,11
391411,1,1,1990,27,27,27,27,27,27,27,27,27,27
391411,2,1,1990,0,0,10,0,0,0,0,0,0,0
391411,3,1,1990,13,14,21,21,0,0,8,23,16,0
391412,1,1,1990,0,0,0,0,0,0,0,0,0,0
391412,2,1,1990,0,0,0,0,0,0,0,0,0,0
391413,1,1,1990,0,0,28,0,8,0,0,0,19,3
391414,1,1,1990,0,0,0,0,0,0,0,0,0,0
391415,1,1,1990,0,0,9,0,0,0,0,0,0,0
391415,2,1,1990,0,0,0,0,0,0,0,0,0,0
391416,1,1,1990,0,18,7,0,23,0,20,12,21,0
391417,1,1,1990,0,0,0,0,0,0,0,0,0,0
391418,1,1,1990,11,11,11,11,11,11,11,11,11,11
391419,1,1,1990,13,13,13,13,13,13,13,13,13,13
391420,1,1,1990,0,0,0,0,0,0,0,0,0,0
391420,2,1,1990,0,0,0,0,0,0,0,0,0,0
391421,1,1,1990,5,5,5,5,5,5,5,5,5,5
391421,2,1,1990,0,0,0,0,0,0,0,0,0,0
391422,1,1,1990,0,13,0,0,0,0,0,0,0,0
391423,1,1,1990,0,0,0,0,0,0,0,0,0,0
391424,1,1,1990,0,0,0,0,0,0,0,0,0,0
391425,1,1,1990,13,13,13,13,13,13,13,13,13,13
391425,2,1,1990,0,0,0,0,0,0,0,0,0,0
391426,0,1,1990,15,0,0,0,0,0,0,0,0,0
391426,1,1,1990,0,0,0,0,0,0,0,0,0,0
391426,2,1,1990,0,0,0,0,0,0,0,0,0,0
391427,1,1,1990,21,19,0,18,5,2,0,13,33,22
391430,1,1,1990,0,0,0,0,0,0,0,27,0,0
391431,0,1,1990,29,29,29,29,29,29,29,29,29,29
391431,1,1,1990,14,0,19,0,0,0,0,0,17,0
391432,1,1,1990,0,0,0,0,0,0,0,0,0,0
391432,2,1,1990,0,0,0,0,0,0,0,0,0,0
391433,1,1,1990,8,8,8,8,8,8,8,8,8,8
391434,1,1,1990,14,14,14,14,14,14,14,14,14,14
391435,1,1,1990,0,23,0,0,0,26,0,0,0,0
391436,1,1,1990,8,29,40,18,20,24,12,0,10,35
391437,1,1,1990,0,0,0,0,0,0,0,0,0,0
391437,2,1,1990,0,0,0,0,4,0,7,0,0,0
391438,1,1,1990,0,0,0,0,0,0,0,0,0,0
391438,2,1,1990,0,0,0,0,0,0,0,0,0,0
391439,1,1,1990,0,0,0,0,0,0,0,0,0,0
391439,2,1,1990,0,0,0,0,0,0,0,0,0,0
391440,1,1,1990,0,0,0,0,0,0,0,0,0,0
391440,2,1,1990,0,0,0,0,0,0,0,0,0,0
391441,0,1,1990,0,0,0,0,0,0,0,0,0,0
391441,1,1,1990,13,0,16,16,22,26,12,4,16,22
391442,1,1,1990,11,18,20,12,3,19,13,0,18,12
391443,1,1,1990,0,0,0,0,0,0,0,0,0,0
391443,2,1,1990,0,0,0,0,0,0,0,0,0,0
391444,1,1,1990,0,0,0,0,0,0,0,0,0,0
391444,2,1,1990,0,0,0,3,0,0,0,0,0,0
391445,1,1,1990,0,0,0,14,0,0,0,6,0,0
391446,1,1,1990,4,5,6,10,12,0,0,17,12,10
391446,2,1,1990,0,0,0,0,0,0,0,0,0,0
391447,1,1,1990,0,0,4,0,12,0,0,0,0,0
391448,1,1,1990,20,15,24,22,30,24,9,19,29,11
391449,1,1,1990,16,0,0,0,0,0,0,0,0,0
391450,1,1,1990,0,0,0,0,16,0,0,0,0,0
391451,1,1,1990,0,0,0,0,0,0,0,0,0,0
391451,2,1,1990,0,0,0,0,0,0,0,0,0,0
391452,0,1,1990,0,0,0,0,0,0,0,0,0,0
391452,0,2,1990,0,0,0,0,0,0,0,0,0,0
391452,1,1,1990,0,10,0,0,0,7,0,0,0,0
391453,1,1,1990,0,0,14,7,0,5,0,0,0,13
391454,0,1,1990,0,0,0,0,21,0,0,0,0,0
391454,1,1,1990,6,0,0,0,0,0,16,0,0,0
391455,0,1,1990,0,0,0,0,0,0,0,0,0,0
391455,1,1,1990,0,0,0,0,0,0,0,0,0,0
391456,1,1,1990,22,22,22,22,22,22,22,22,22,22
391457,1,1,1990,0,0,0,0,0,0,0,0,0,0
391457,2,1,1990,0,0,0,0,0,0,0,0,0,0
391458,1,1,1990,28,38,11,11,34,19,30,13,8,28
391459,0,1,1990,0,0,0,0,0,0,0,0,0,0
391459,1,1,1990,0,0,3,0,0,10,0,18,0,0
391460,1,1,1990,21,21,21,21,21,21,21,21,21,21
391461,0,1,1990,0,0,0,0,11,0,21,0,0,0
391461,1,1,1990,0,0,0,0,0,0,0,0,0,0
391462,0,1,1990,0,0,0,0,0,0,0,0,0,0
391462,1,1,1990,0,0,0,9,0,0,0,0,0,0
391463,0,1,1990,0,0,0,0,0,0,0,0,7,0
391463,1,1,1990,0,0,0,0,0,0,0,0,0,0
391465,1,1,1990,0,0,0,0,0,0,0,0,0,0
391466,1,1,1990,11,0,0,0,0,0,0,0,0,10
391466,2,1,1990,0,0,0,0,0,0,0,0,0,0
391468,0,1,1990,0,3,0,36,14,0,3,10,8,0
391468,1,1,1990,0,0,0,0,0,0,19,0,0,0
391469,0,1,1990,0,0,0,0,0,4,0,0,0,0
391469,1,1,1990,0,0,0,0,0,0,0,0,0,0
391470,1,1,1990,0,0,0,0,0,0,0,0,0,0
391470,2,1,1990,0,0,0,0,0,0,0,0,0,0
391471,1,1,1990,0,16,0,0,0,0,0,0,0,0
391471,2,1,1990,0,0,0,0,0,0,0,0,0,0
391472,0,1,1990,0,0,0,0,0,0,0,0,0,0
391472,1,1,1990,0,0,0,0,0,0,0,0,0,0
391473,1,1,1990,0,9,0,13,33,0,13,18,0,0
391474,1,1,1990,0,0,0,0,0,0,0,0,0,0
391474,2,1,1990,0,0,0,0,0,0,0,0,0,0
391475,1,1,1990,0,0,0,0,0,0,0,0,0,0
391476,0,1,1990,15,21,25,0,30,0,42,0,0,32
391476,1,1,1990,0,0,0,0,0,0,0,0,0,0
391477,1,1,1990,30,10,21,29,14,0,21,0,19,20
391478,1,1,1990,0,0,0,0,0,0,0,0,0,0
391478,2,1,1990,0,0,0,0,4,0,0,11,0,0
391479,1,1,1990,0,0,0,0,0,0,0,12,0,0
391480,1,1,1990,0,20,0,0,15,0,0,0,22,0
391481,1,1,1990,19,39,0,22,0,14,0,23,23,16
391482,1,1,1990,0,0,0,0,0,9,0,0,0,0
391482,2,1,1990,0,7,0,0,21,0,0,0,0,0
391483,1,1,1990,0,0,0,0,0,0,0,3,0,0
391483,2,1,1990,0,3,0,6,0,0,0,0,0,0
391484,1,1,1990,0,0,0,0,0,0,0,0,0,0
391484,2,1,1990,0,0,0,0,0,0,0,0,0,0
391484,3,1,1990,0,0,0,27,0,0,0,0,0,0
391485,0,1,1990,0,0,0,23,0,0,0,0,0,0
391485,1,1,1990,7,0,0,4,0,8,0,0,0,0
391485,2,1,1990,0,0,0,0,0,0,0,0,0,0
391486,1,1,1990,16,16,19,17,0,30,0,14,19,0
391486,2,1,1990,0,0,22,9,24,0,28,0,0,0
391487,0,1,1990,0,0,0,0,17,0,0,0,0,0
391488,0,1,1990,0,0,0,0,0,0,0,0,0,0
391488,1,1,1990,0,0,0,0,0,0,0,13,0,0
391489,1,1,1990,36,20,25,9,10,28,15,19,15,14
391490,1,1,1990,0,0,0,0,0,0,9,0,0,0
391490,2,1,1990,0,0,0,0,0,0,0,0,0,0
391491,1,1,1990,14,6,15,6,18,21,0,38,16,13
391492,1,1,1990,18,12,19,17,29,21,13,24,25,10
391494,1,1,1990,0,0,0,9,0,0,0,0,0,0
391495,0,1,1990,12,38,23,0,6,7,48,36,22,34
391495,1,1,1990,10,4,0,4,0,0,25,5,35,15
391495,2,1,1990,18,0,0,0,3,0,0,32,0,0
391496,1,1,1990,0,0,0,0,0,0,0,0,0,0
391496,2,1,1990,0,0,0,0,0,0,0,0,0,0
391498,1,1,1990,8,0,0,0,0,0,0,3,0,0
391500,1,1,1990,39,14,19,17,13,23,12,9,19,11
391500,2,1,1990,0,0,0,0,0,0,0,0,0,0
391501,1,1,1990,12,0,8,0,11,25,0,0,0,19
391501,2,1,1990,0,0,0,0,0,0,0,0,0,0
391502,1,1,1990,0,0,0,0,0,17,0,0,0,0
391504,1,1,1990,21,21,21,21,21,21,21,21,21,21
391504,2,1,1990,18,17,0,3,43,32,0,13,12,25
391505,1,1,1990,0,11,0,0,0,0,0,0,0,8
391506,1,1,1990,0,0,0,0,0,0,0,0,0,0
391506,2,1,1990,0,0,0,0,3,0,0,0,0,0