ST_CASE,VEH_NO,PER_NO,YEAR,P1,P2,P3,P4,P5,P6,P7,P8,P9,P10
400267,0,1,1990,0,0,0,0,0,0,0,0,0,0
400267,1,1,1990,0,0,0,16,0,15,0,0,0,0
400268,1,1,1990,0,0,0,0,0,0,0,0,0,0
400268,2,1,1990,0,0,0,0,0,0,0,0,0,0
400269,1,1,1990,15,15,15,15,15,15,15,15,15,15
400271,1,1,1990,14,7,16,9,7,24,7,0,0,7
400271,2,1,1990,5,5,5,5,5,5,5,5,5,5
400272,1,1,1990,0,0,0,0,0,0,0,0,0,0
400272,2,1,1990,0,0,0,0,0,0,0,0,0,0
400273,1,1,1990,12,12,12,12,12,12,12,12,12,12
400274,1,1,1990,0,0,0,0,0,0,0,19,0,0
400274,2,1,1990,0,0,0,0,0,0,0,0,0,0
400275,0,1,1990,0,0,0,0,0,0,0,0,0,0
400275,1,1,1990,0,0,0,0,0,0,0,0,0,0
400276,1,1,1990,0,0,0,0,0,0,0,0,0,0
400276,2,1,1990,4,4,4,4,4,4,4,4,4,4
400277,1,1,1990,9,9,9,9,9,9,9,9,9,9
400278,1,1,1990,0,0,0,0,0,0,0,0,0,0
400278,2,1,1990,0,0,0,0,0,0,0,0,0,0
400279,1,1,1990,8,8,8,8,8,8,8,8,8,8
400279,2,1,1990,0,0,0,0,0,0,0,0,0,0
400280,1,1,1990,20,20,20,20,20,20,20,20,20,20
400281,1,1,1990,0,8,14,17,0,0,18,10,33,0
400282,1,1,1990,0,0,0,0,0,0,0,0,0,0
400283,1,1,1990,0,0,0,0,0,0,0,0,0,0
400283,2,1,1990,0,0,0,0,0,0,0,0,0,0
400284,1,1,1990,0,0,0,0,0,0,0,0,0,0
400285,1,1,1990,16,0,23,13,34,21,0,0,21,0
400286,1,1,1990,0,0,0,0,0,0,0,0,9,0
400287,1,1,1990,0,0,0,9,0,0,0,0,0,0
400288,1,1,1990,0,0,0,0,0,0,0,0,0,0
400288,2,1,1990,0,0,0,0,0,0,0,0,0,0
400288,3,1,1990,0,0,0,0,0,0,0,0,0,12
400289,1,1,1990,0,0,0,0,0,0,0,0,0,0
400289,2,1,1990,0,0,0,0,0,0,0,0,0,0
400290,0,1,1990,0,0,0,0,0,0,0,0,0,0
400290,1,1,1990,0,0,0,0,0,0,0,0,0,0
400291,1,1,1990,32,32,32,32,32,32,32,32,32,32
400292,1,1,1990,0,0,0,0,0,0,0,0,0,0
400293,1,1,1990,5,5,5,5,5,5,5,5,5,5
400294,1,1,1990,0,0,0,0,0,0,0,0,0,0
400294,2,1,1990,0,0,0,0,0,0,0,0,0,0
400295,1,1,1990,0,0,0,0,0,0,0,0,0,10
400295,2,1,1990,0,0,0,0,0,0,0,0,0,0
400296,1,1,1990,0,0,0,0,0,0,0,0,0,0
400296,2,1,1990,0,0,0,0,0,0,0,0,0,0
400297,0,1,1990,25,25,25,25,25,25,25,25,25,25
400297,1,1,1990,0,0,0,0,0,0,0,0,0,0
400298,1,1,1990,27,27,27,27,27,27,27,27,27,27
400299,1,1,1990,6,6,6,6,6,6,6,6,6,6
400299,2,1,1990,0,0,0,0,0,0,0,0,0,0
400300,1,1,1990,0,0,0,0,0,0,0,0,0,0
400300,2,1,1990,11,0,0,0,0,0,0,0,0,0
400301,1,1,1990,28,28,28,28,28,28,28,28,28,28
400302,1,1,1990,27,27,27,27,27,27,27,27,27,27
400303,1,1,1990,0,0,0,0,0,16,0,0,0,17
400304,1,1,1990,0,0,0,0,0,0,0,0,0,0
400305,1,1,1990,0,0,0,0,0,0,0,0,0,0
400305,2,1,1990,0,0,0,0,0,0,0,0,0,0
400306,1,1,1990,7,0,0,0,0,5,0,19,0,20
400307,1,1,1990,21,21,21,21,21,21,21,21,21,21
400308,1,1,1990,0,0,0,0,0,25,0,0,0,0
400309,1,1,1990,9,9,9,9,9,9,9,9,9,9
400310,1,1,1990,12,12,12,12,12,12,12,12,12,12
400310,2,1,1990,0,0,0,0,15,0,0,0,0,0
400311,1,1,1990,13,17,11,4,24,8,23,23,0,16
400311,2,1,1990,0,0,0,0,0,3,0,0,0,0
400312,1,1,1990,0,31,0,0,0,0,0,0,5,0
400313,1,1,1990,0,0,0,0,0,0,0,0,0,0
400314,1,1,1990,19,19,19,19,19,19,19,19,19,19
400314,2,1,1990,0,0,0,0,0,0,0,0,0,0
400315,1,1,1990,16,16,26,6,9,9,15,5,13,20
400315,2,1,1990,0,0,0,0,0,0,0,0,0,0
400315,3,1,1990,0,0,0,0,0,0,0,0,0,0
400316,1,1,1990,0,0,0,0,34,0,0,0,0,0
400316,2,1,1990,0,0,0,0,0,0,0,0,0,0
400317,1,1,1990,23,23,23,23,23,23,23,23,23,23
400318,1,1,1990,0,0,0,0,0,0,0,0,0,0
400318,2,1,1990,0,0,0,0,0,0,0,0,10,0
400319,1,1,1990,18,18,18,18,18,18,18,18,18,18
400319,2,1,1990,0,0,0,0,0,0,0,0,0,0
400320,1,1,1990,16,16,16,16,16,16,16,16,16,16
400320,2,1,1990,0,21,0,0,0,0,0,0,0,0
400321,1,1,1990,18,18,18,18,18,18,18,18,18,18
400322,1,1,1990,0,0,0,37,0,0,0,8,0,14
400323,1,1,1990,0,0,0,0,0,0,0,0,0,0
400323,2,1,1990,0,0,0,0,0,0,0,0,0,0
400324,1,1,1990,0,0,0,0,0,0,0,0,3,0
400324,2,1,1990,0,0,0,0,0,0,0,0,0,0
400325,1,1,1990,0,0,0,0,0,0,0,0,0,0
400325,2,1,1990,0,0,0,0,0,0,0,0,0,0
400326,1,1,1990,0,0,0,0,0,0,0,0,0,0
400326,2,1,1990,0,0,0,0,0,0,0,0,0,0
400327,1,1,1990,9,0,14,7,23,21,0,9,12,0
400327,2,1,1990,0,0,0,0,0,0,0,0,0,0
400328,1,1,1990,0,0,8,0,0,0,0,0,0,0
400328,2,1,1990,0,0,0,0,0,0,0,0,0,0
400329,0,1,1990,11,11,11,11,11,11,11,11,11,11
400329,0,2,1990,0,19,18,15,29,0,38,12,21,0
400329,1,1,1990,0,0,0,26,18,0,11,0,0,0
400330,1,1,1990,0,21,0,0,0,7,0,4,0,0
400331,1,1,1990,0,0,0,0,0,0,0,0,0,0
400331,2,1,1990,0,0,0,0,0,0,0,0,0,0
400332,1,1,1990,17,17,17,17,17,17,17,17,17,17
400332,2,1,1990,0,0,0,0,0,0,0,0,0,0
400333,0,1,1990,35,35,35,35,35,35,35,35,35,35
400333,1,1,1990,13,13,13,13,13,13,13,13,13,13
400334,1,1,1990,0,0,0,0,0,0,0,0,0,0
400335,1,1,1990,0,0,0,0,0,0,0,0,0,0
400335,2,1,1990,0,0,0,0,0,0,0,0,0,0
400336,1,1,1990,0,0,0,0,0,0,0,0,0,0
400337,1,1,1990,0,0,0,0,0,0,0,0,0,0
400337,2,1,1990,4,0,0,0,0,0,0,0,0,6
400337,3,1,1990,0,0,0,0,0,0,0,0,0,0
400338,1,1,1990,0,0,0,0,0,0,0,0,0,0
400338,2,1,1990,0,0,0,0,0,0,0,0,0,0
400339,0,1,1990,24,24,24,24,24,24,24,24,24,24
400339,1,1,1990,22,0,0,0,0,0,0,0,6,0
400340,1,1,1990,0,14,16,14,16,12,0,15,9,21
400341,1,1,1990,0,0,0,0,0,0,0,0,0,0
400342,1,1,1990,18,18,18,18,18,18,18,18,18,18
400343,1,1,1990,15,15,15,15,15,15,15,15,15,15
400343,2,1,1990,0,0,0,0,0,0,0,0,0,0
400344,1,1,1990,0,0,0,0,0,0,0,0,0,0
400345,1,1,1990,0,0,0,0,0,0,0,0,0,0
400346,0,1,1990,0,26,13,0,0,14,15,27,11,27
400346,1,1,1990,0,0,0,0,0,0,0,0,0,0
400347,1,1,1990,0,0,0,0,0,0,0,0,0,0
400347,2,1,1990,0,0,0,0,0,0,0,0,0,0
400348,0,1,1990,0,0,0,0,0,0,0,0,0,0
400348,1,1,1990,0,0,0,0,0,0,0,5,0,0
400349,1,1,1990,14,14,14,14,14,14,14,14,14,14
400349,2,1,1990,0,0,0,0,0,0,0,0,0,0
400350,1,1,1990,0,13,0,8,0,0,0,0,0,0
400350,2,1,1990,0,0,0,0,0,0,0,0,0,0
400350,3,1,1990,0,0,0,0,0,0,0,0,0,0
400351,1,1,1990,0,0,0,0,0,25,0,0,0,0
400351,2,1,1990,0,0,0,0,0,0,0,0,0,0
400352,1,1,1990,0,0,0,0,0,0,0,0,0,0
400352,2,1,1990,0,0,0,0,0,0,0,0,0,0
400353,1,1,1990,0,0,0,0,0,6,0,0,0,0
400353,2,1,1990,0,0,0,0,0,0,0,0,0,0
400354,1,1,1990,19,19,19,19,19,19,19,19,19,19
400354,2,1,1990,0,0,0,0,0,0,0,0,0,0
400354,3,1,1990,0,0,0,0,0,0,0,0,0,19
400354,4,1,1990,0,0,0,0,0,0,0,0,0,0
400355,1,1,1990,0,0,0,0,0,0,0,0,0,0
400355,2,1,1990,0,0,0,0,0,0,0,0,0,0
400356,1,1,1990,0,0,0,0,0,0,0,0,0,0
400356,2,1,1990,0,0,0,0,0,0,0,0,0,0
400357,1,1,1990,18,18,18,18,18,18,18,18,18,18
400358,1,1,1990,12,12,12,12,12,12,12,12,12,12
400359,1,1,1990,0,0,5,9,0,0,3,0,0,0
400360,0,1,1990,12,12,12,12,12,12,12,12,12,12
400360,1,1,1990,0,26,0,0,0,0,21,0,9,9
400361,1,1,1990,14,17,22,16,13,25,19,25,10,19
400362,1,1,1990,11,11,11,11,11,11,11,11,11,11
400362,2,1,1990,0,0,0,0,0,0,0,0,0,0
400363,1,1,1990,0,0,0,0,0,0,0,0,0,0
400363,2,1,1990,0,0,0,0,0,0,0,0,0,0
400364,1,1,1990,0,0,0,0,0,0,0,0,0,0
400364,2,1,1990,0,0,0,0,0,0,0,0,0,18
400365,1,1,1990,0,0,0,0,0,0,0,0,0,0
400365,2,1,1990,0,0,0,0,0,0,0,0,0,0
400366,1,1,1990,0,0,17,0,0,0,0,0,0,0
400366,2,1,1990,0,0,0,0,0,5,0,0,0,0
400366,3,1,1990,0,0,0,0,0,0,0,0,0,0
400367,0,1,1990,0,0,0,0,0,0,0,0,0,0
400367,1,1,1990,0,0,0,0,0,0,0,0,0,0
400368,1,1,1990,0,0,0,0,0,0,0,0,0,0
400369,1,1,1990,28,28,28,28,28,28,28,28,28,28
400370,1,1,1990,18,18,18,18,18,18,18,18,18,18
400371,1,1,1990,0,0,0,0,0,0,0,0,0,0
400372,1,1,1990,0,0,0,0,0,0,0,0,0,0
400373,1,1,1990,0,0,0,0,0,0,0,0,0,0
400373,2,1,1990,17,0,0,0,0,0,0,19,0,0
400374,1,1,1990,0,0,0,0,0,0,0,0,0,0
400375,1,1,1990,17,17,17,17,17,17,17,17,17,17
400375,2,1,1990,0,0,0,0,0,0,0,0,0,0
400376,0,1,1990,10,36,12,17,0,23,10,0,23,29
400376,1,1,1990,0,0,0,0,0,0,0,0,0,0
400377,1,1,1990,0,0,0,0,0,0,0,0,0,0
400377,2,1,1990,0,0,13,0,0,0,0,0,0,0
400378,1,1,1990,36,36,36,36,36,36,36,36,36,36
400379,1,1,1990,9,9,9,9,9,9,9,9,9,9
400380,1,1,1990,0,0,0,0,0,0,0,0,0,0
400380,2,1,1990,0,0,0,0,0,0,0,0,0,0
400380,3,1,1990,0,0,0,0,0,0,0,0,0,0
400381,1,1,1990,0,0,0,0,0,0,0,0,0,0
400381,2,1,1990,0,0,0,0,0,0,0,0,0,0
400382,1,1,1990,0,0,2,0,10,12,0,0,0,13
400383,1,1,1990,18,18,18,18,18,18,18,18,18,18
400384,1,1,1990,0,0,0,0,0,6,0,0,0,0
400384,2,1,1990,0,0,0,0,0,0,0,0,0,0
400385,0,1,1990,0,0,0,0,0,0,0,0,0,0
400385,1,1,1990,0,0,0,0,0,0,0,0,0,0
400386,0,1,1990,0,0,0,0,0,0,0,0,0,0
400386,1,1,1990,0,0,0,7,0,0,0,0,0,0
400387,1,1,1990,0,0,0,0,0,0,0,0,0,0
400387,2,1,1990,0,9,10,0,0,0,0,0,0,8
400388,1,1,1990,11,11,11,11,11,11,11,11,11,11
400389,1,1,1990,0,0,0,0,0,0,0,0,0,0
400390,1,1,1990,0,0,0,0,0,0,0,0,0,0
400391,1,1,1990,0,0,0,0,0,0,0,0,0,0
400391,2,1,1990,0,0,0,8,0,0,0,0,0,0
400392,1,1,1990,21,21,21,21,21,21,21,21,21,21
400393,1,1,1990,0,0,0,0,0,0,0,0,0,0
400394,1,1,1990,32,32,32,32,32,32,32,32,32,32
400395,1,1,1990,0,0,0,0,0,0,0,0,0,0
400395,2,1,1990,0,0,0,0,0,0,0,0,0,0
400395,3,1,1990,0,0,0,0,0,0,0,0,0,10
400395,4,1,1990,0,0,0,0,0,0,0,7,0,0
400395,5,1,1990,0,0,0,0,13,0,0,0,0,0
400396,1,1,1990,0,0,0,0,0,0,0,0,0,0
400396,2,1,1990,0,0,0,0,0,0,0,0,0,0
400398,0,1,1990,12,8,10,24,0,27,0,10,52,8
400398,1,1,1990,0,0,0,0,0,0,0,0,0,0
400399,1,1,1990,0,0,0,0,0,0,0,0,0,0
400399,2,1,1990,0,0,0,0,0,0,0,0,0,0
400400,0,1,1990,0,0,0,0,0,0,14,0,0,0
400400,1,1,1990,0,0,0,0,0,0,0,29,0,0
400401,1,1,1990,0,0,0,0,0,0,0,0,0,0
400401,2,1,1990,0,0,6,0,0,0,0,0,23,0
400402,1,1,1990,15,15,15,15,15,15,15,15,15,15
400402,2,1,1990,0,0,0,0,0,0,0,0,0,0
400403,1,1,1990,8,8,8,8,8,8,8,8,8,8
400404,1,1,1990,2,2,2,2,2,2,2,2,2,2
400405,0,1,1990,16,0,12,25,0,8,0,0,0,14
400405,1,1,1990,0,0,10,0,0,4,0,0,0,0
400406,1,1,1990,23,23,23,23,23,23,23,23,23,23
400407,1,1,1990,0,0,0,0,0,0,0,0,0,0
400407,2,1,1990,0,0,0,0,0,0,0,0,0,0
400408,1,1,1990,0,0,0,0,0,0,0,0,0,0
400408,2,1,1990,0,0,0,0,0,0,0,0,0,0
400409,1,1,1990,0,0,0,0,0,0,0,0,0,0
400409,2,1,1990,0,0,0,0,0,0,0,0,0,0
400410,1,1,1990,0,0,0,0,0,0,0,0,0,0
400411,1,1,1990,13,13,13,13,13,13,13,13,13,13
400413,0,2,1990,0,0,0,0,0,0,0,0,0,0
400413,0,3,1990,0,0,0,0,0,0,0,0,0,0
400413,1,1,1990,20,20,20,20,20,20,20,20,20,20
400414,0,1,1990,15,15,15,15,15,15,15,15,15,15
400414,1,1,1990,5,5,5,5,5,5,5,5,5,5
400416,0,1,1990,29,29,29,29,29,29,29,29,29,29
400416,1,1,1990,0,11,0,0,0,0,0,0,0,10
400417,1,1,1990,13,13,13,13,13,13,13,13,13,13
400417,2,1,1990,0,0,0,0,0,0,0,0,0,0
400418,1,1,1990,8,8,8,8,8,8,8,8,8,8
400420,1,1,1990,0,0,0,0,0,0,0,0,0,0
400420,2,1,1990,0,0,0,0,0,0,0,0,0,0
400420,3,1,1990,12,0,0,0,0,0,0,0,0,0
400420,4,1,1990,0,0,0,0,0,0,0,0,0,0
400421,1,1,1990,0,0,0,3,0,0,0,0,0,0
400421,2,1,1990,0,0,0,0,0,0,0,0,0,0
400422,0,1,1990,0,0,0,0,0,0,0,0,0,0
400422,1,1,1990,0,0,0,0,0,0,0,0,0,0
400423,1,1,1990,0,0,0,0,0,0,0,0,0,0
400423,2,1,1990,0,0,0,0,0,0,0,0,0,10
400424,1,1,1990,15,15,15,15,15,15,15,15,15,15
400425,1,1,1990,29,29,29,29,29,29,29,29,29,29
400426,1,1,1990,0,0,0,20,0,28,0,0,16,19
400427,1,1,1990,15,15,15,15,15,15,15,15,15,15
400428,1,1,1990,0,0,0,0,0,0,0,0,0,0
400428,2,1,1990,0,0,0,0,0,7,0,0,0,0
400429,1,1,1990,0,0,0,0,0,0,0,0,0,0
400429,2,1,1990,2,2,2,2,2,2,2,2,2,2
400430,1,1,1990,28,28,28,28,28,28,28,28,28,28
400431,1,1,1990,0,0,0,0,0,0,0,0,0,0
400431,2,1,1990,0,0,0,0,0,0,0,0,0,0
400432,1,1,1990,0,0,0,0,0,0,0,0,0,0
400432,2,1,1990,0,0,0,0,0,0,0,0,0,0
400433,1,1,1990,0,0,0,0,0,0,0,0,0,0
400433,2,1,1990,0,0,0,0,21,0,0,0,0,0
400433,3,1,1990,0,0,0,0,0,0,0,0,0,0
400434,1,1,1990,0,0,0,0,0,0,0,0,0,0
400434,2,1,1990,0,0,0,0,0,0,0,0,0,0
400435,1,1,1990,0,0,11,0,0,0,0,0,0,0
400436,1,1,1990,20,20,20,20,20,20,20,20,20,20
400437,1,1,1990,21,0,0,0,0,0,14,0,0,0
400437,2,1,1990,0,0,0,21,0,0,0,0,0,0
400438,1,1,1990,0,0,0,0,0,0,0,0,0,0
400439,1,1,1990,0,0,0,0,0,0,0,0,0,0
400439,2,1,1990,0,0,0,0,0,0,0,0,0,0
400440,1,1,1990,0,0,0,0,0,0,0,0,0,0
400441,1,1,1990,0,0,0,0,0,0,0,0,0,0
400441,2,1,1990,0,0,0,0,0,0,0,0,0,0
400442,1,1,1990,20,20,20,20,20,20,20,20,20,20
400442,2,1,1990,0,0,0,0,0,0,0,0,0,0
400443,1,1,1990,23,23,23,23,23,23,23,23,23,23
400444,0,1,1990,0,0,0,0,0,0,0,0,0,0
400444,1,1,1990,0,0,0,0,0,0,0,0,0,0
400445,1,1,1990,18,27,17,19,22,33,27,22,30,15
400450,1,1,1990,23,23,23,23,23,23,23,23,23,23
400450,2,1,1990,0,0,0,0,0,0,0,0,0,0
400451,1,1,1990,0,0,0,0,0,0,0,0,0,0
400452,1,1,1990,0,0,0,0,19,0,0,0,0,0
400452,2,1,1990,19,19,19,19,19,19,19,19,19,19
400453,1,1,1990,24,24,24,24,24,24,24,24,24,24
400454,1,1,1990,34,23,14,29,28,24,17,16,26,24
400455,1,1,1990,18,18,18,18,18,18,18,18,18,18
400455,2,1,1990,0,0,0,0,0,0,0,0,0,0
400456,0,1,1990,0,0,0,0,8,0,0,0,0,0
400456,1,1,1990,0,0,0,0,0,0,0,0,12,0
400457,1,1,1990,0,0,0,0,0,0,0,0,0,0
400457,2,1,1990,0,0,0,0,0,0,0,0,0,0
400458,0,1,1990,0,0,0,0,0,0,0,0,0,0
400458,1,1,1990,0,0,0,0,0,0,0,0,0,0
400459,0,1,1990,27,27,27,27,27,27,27,27,27,27
400459,1,1,1990,0,0,27,14,0,0,0,0,0,0
400460,1,1,1990,0,0,0,0,0,0,0,0,0,0
400461,1,1,1990,0,0,0,14,0,0,0,0,0,0
400461,2,1,1990,0,0,0,0,0,0,0,0,0,0
400462,1,1,1990,0,0,0,0,0,0,0,0,0,0
400462,2,1,1990,0,3,28,0,0,0,0,0,0,0
400463,1,1,1990,15,15,15,15,15,15,15,15,15,15
400463,2,1,1990,0,0,0,0,0,5,0,0,0,0
400464,0,1,1990,15,21,12,21,16,30,14,12,28,17
400464,1,1,1990,0,0,0,0,0,0,0,0,0,0
400465,1,1,1990,0,0,0,0,0,0,0,0,0,0
400466,1,1,1990,0,0,0,0,0,0,0,0,0,0
400466,2,1,1990,0,0,0,0,0,0,0,0,0,0
400467,1,1,1990,0,0,0,0,0,0,0,0,0,0
400467,2,1,1990,0,0,0,0,0,0,0,0,0,0
400468,1,1,1990,0,0,0,0,0,0,0,0,0,0
400469,1,1,1990,13,13,13,13,13,13,13,13,13,13
400470,1,1,1990,0,0,0,0,0,9,0,0,0,0
400471,1,1,1990,0,0,0,0,0,0,0,0,0,0
400471,2,1,1990,0,0,0,0,11,0,0,0,0,0
400472,1,1,1990,5,5,5,5,5,5,5,5,5,5
400472,2,1,1990,0,4,0,0,0,0,0,0,0,13
400473,0,1,1990,34,34,34,34,34,34,34,34,34,34
400473,1,1,1990,0,0,0,15,0,0,0,0,0,0
400474,1,1,1990,23,23,23,23,23,23,23,23,23,23
400474,2,1,1990,0,0,0,0,0,0,0,22,0,0
400475,1,1,1990,0,0,0,9,0,0,0,0,0,0
400475,2,1,1990,0,0,0,0,0,0,0,0,0,0
400476,1,1,1990,0,0,0,0,0,0,0,0,0,0
400477,1,1,1990,0,0,27,0,0,5,0,0,0,0
400477,2,1,1990,17,17,17,17,17,17,17,17,17,17
400479,1,1,1990,12,10,0,39,0,9,0,22,0,0
400480,1,1,1990,0,0,0,0,0,0,0,0,0,0
400481,1,1,1990,0,0,0,13,7,19,19,19,0,0
400481,2,1,1990,0,0,0,0,0,0,0,0,0,0
400482,1,1,1990,0,0,0,0,0,0,0,0,0,0
400482,2,1,1990,0,0,0,0,0,0,0,0,0,0
400483,1,1,1990,24,24,24,24,24,24,24,24,24,24
400484,1,1,1990,26,26,26,26,26,26,26,26,26,26
400485,0,1,1990,11,11,11,11,11,11,11,11,11,11
400485,1,1,1990,9,0,0,0,0,0,0,0,0,0
400486,1,1,1990,0,0,0,0,0,0,0,0,0,0
400486,2,1,1990,0,0,0,0,0,0,0,0,0,16
400487,1,1,1990,0,0,0,0,0,0,0,0,0,0
400489,1,1,1990,17,17,17,17,17,17,17,17,17,17
400489,2,1,1990,0,0,0,0,0,0,0,0,0,0
400491,1,1,1990,15,15,15,15,15,15,15,15,15,15
400492,1,1,1990,0,0,17,0,0,0,0,13,0,0
400492,2,1,1990,0,0,0,0,0,0,0,0,0,0
400492,3,1,1990,0,0,0,0,0,0,0,0,0,0
400492,4,1,1990,0,0,0,0,0,0,0,0,0,0
400493,1,1,1990,0,0,0,0,0,0,0,0,0,0
400493,2,1,1990,0,0,0,0,0,0,0,0,0,0
400494,1,1,1990,17,21,33,16,17,16,16,29,18,12
400494,2,1,1990,0,0,0,0,0,0,0,0,0,0
400494,3,1,1990,0,0,0,0,13,0,0,13,0,0
400495,1,1,1990,0,0,0,0,0,0,0,0,0,0
400496,1,1,1990,29,29,29,29,29,29,29,29,29,29
400496,2,1,1990,0,0,0,0,0,0,0,0,0,0
400497,1,1,1990,0,0,0,0,0,0,0,0,0,0
400497,2,1,1990,0,0,0,0,0,0,0,0,0,0
400498,1,1,1990,0,0,0,0,0,0,0,0,0,0
400498,2,1,1990,0,0,0,0,0,0,0,0,0,0
400499,1,1,1990,0,0,0,0,0,0,0,0,0,0
400499,2,1,1990,0,0,0,0,0,0,0,0,0,0
400500,1,1,1990,0,0,0,0,0,0,0,0,0,0
400501,1,1,1990,29,29,29,29,29,29,29,29,29,29
400502,0,1,1990,0,8,0,0,0,30,0,0,10,38
400502,0,2,1990,0,23,0,5,0,12,0,14,17,26
400502,1,1,1990,0,0,8,0,0,0,0,0,0,0
400503,1,1,1990,0,7,0,21,8,27,16,17,11,27
400503,2,1,1990,0,0,0,0,0,0,0,0,0,0
400504,1,1,1990,0,0,0,13,19,0,0,6,0,0
400505,1,1,1990,0,0,0,0,0,0,0,0,0,0
400505,2,1,1990,0,0,0,0,0,0,0,0,0,0
400506,1,1,1990,0,0,0,0,0,0,0,0,0,0
400507,1,1,1990,36,36,36,36,36,36,36,36,36,36
400508,1,1,1990,0,0,0,0,0,0,0,0,0,0
400509,1,1,1990,0,0,0,0,0,0,0,0,0,0
400510,1,1,1990,16,16,16,16,16,16,16,16,16,16
400511,1,1,1990,8,8,8,8,8,8,8,8,8,8
400511,2,1,1990,0,0,0,0,0,0,13,0,0,0
400512,1,1,1990,0,0,0,0,0,0,0,0,0,12
400512,2,1,1990,0,0,0,0,0,0,0,0,9,12
400513,1,1,1990,12,12,12,12,12,12,12,12,12,12
400514,1,1,1990,0,0,0,0,0,0,0,5,18,0
400514,2,1,1990,0,0,0,0,0,0,0,0,0,0
400515,1,1,1990,4,4,4,4,4,4,4,4,4,4
400515,2,1,1990,0,0,0,0,0,0,16,0,0,0
400515,3,1,1990,0,0,0,0,0,0,0,0,0,0
400515,4,1,1990,0,0,0,0,0,0,0,0,0,0
400516,1,1,1990,18,18,18,18,18,18,18,18,18,18
400517,1,1,1990,14,14,14,14,14,14,14,14,14,14
400518,1,1,1990,19,19,19,19,19,19,19,19,19,19
400519,1,1,1990,0,9,0,0,0,0,0,0,0,0
400519,2,1,1990,34,34,34,34,34,34,34,34,34,34
400521,1,1,1990,0,0,0,0,0,0,0,0,0,0
400521,2,1,1990,0,0,0,0,0,0,0,0,0,0
400522,1,1,1990,0,0,0,0,0,0,0,0,0,0
400523,1,1,1990,19,19,19,19,19,19,19,19,19,19
400523,2,1,1990,0,0,3,0,0,0,0,0,0,0
400523,3,1,1990,0,0,0,0,0,0,0,0,0,0
400524,1,1,1990,30,30,30,30,30,30,30,30,30,30
400525,1,1,1990,0,0,0,0,0,0,0,0,0,0
400525,2,1,1990,0,0,0,0,0,0,0,0,0,0
400526,1,1,1990,0,0,0,0,0,0,0,0,0,0
400527,1,1,1990,0,0,0,0,0,0,0,0,0,0
400527,2,1,1990,0,0,0,0,0,0,0,0,0,0
400528,1,1,1990,0,0,0,0,0,0,0,0,0,0
400528,2,1,1990,0,0,0,0,0,0,0,0,0,0
400529,0,1,1990,0,0,0,0,0,0,0,0,0,0
400529,1,1,1990,0,0,0,0,0,0,0,0,0,0
400530,0,1,1990,0,0,0,0,0,0,0,0,0,0
400530,1,1,1990,15,0,17,0,0,0,0,20,0,0
400531,0,1,1990,6,6,6,6,6,6,6,6,6,6
400531,0,2,1990,36,38,0,0,30,10,18,14,20,0
400531,0,3,1990,17,29,24,26,9,19,18,15,27,24
400531,1,1,1990,0,5,12,0,0,0,0,20,0,0
400532,1,1,1990,31,31,31,31,31,31,31,31,31,31
400533,1,1,1990,0,0,0,0,0,0,15,0,0,0
400533,2,1,1990,0,0,0,0,0,0,0,0,0,0
400534,1,1,1990,14,14,14,14,14,14,14,14,14,14
400535,1,1,1990,0,23,5,0,0,0,0,0,0,20
400536,1,1,1990,18,18,18,18,18,18,18,18,18,18
400537,1,1,1990,12,12,12,12,12,12,12,12,12,12
400538,1,1,1990,0,0,0,0,0,0,0,19,0,0
400539,1,1,1990,0,0,0,0,0,0,0,0,0,0
400539,2,1,1990,0,0,0,0,0,0,0,0,0,0
400540,1,1,1990,0,0,0,0,0,0,0,0,0,0
400540,2,1,1990,0,0,0,0,9,0,0,0,0,0
400541,0,1,1990,0,0,0,0,0,0,0,0,0,0
400541,0,2,1990,0,0,0,0,0,0,0,0,0,0
400541,1,1,1990,0,0,0,0,0,0,0,0,0,0
400542,1,1,1990,0,0,0,0,0,0,0,0,0,0
400542,2,1,1990,0,0,0,0,0,0,0,0,0,0
400543,1,1,1990,19,19,19,19,19,19,19,19,19,19
400543,2,1,1990,3,3,3,3,3,3,3,3,3,3
400544,1,1,1990,0,0,0,0,0,0,0,0,0,0
400544,2,1,1990,0,0,0,0,0,0,0,0,0,0
400545,1,1,1990,0,0,0,0,0,0,0,0,0,0
400545,2,1,1990,0,0,0,0,0,0,0,0,0,0
400546,1,1,1990,15,15,15,15,15,15,15,15,15,15
400547,1,1,1990,0,0,0,0,0,0,0,0,0,0
400548,1,1,1990,23,23,23,23,23,23,23,23,23,23
400549,1,1,1990,14,14,14,14,14,14,14,14,14,14
400549,2,1,1990,0,0,0,0,0,0,0,0,0,0
400550,1,1,1990,0,0,0,0,0,0,0,0,0,0
400550,2,1,1990,0,0,0,0,0,0,0,0,0,0
400551,1,1,1990,0,0,0,0,0,30,0,0,0,0
400551,2,1,1990,0,0,0,3,0,0,0,0,0,0
400552,1,1,1990,15,15,15,15,15,15,15,15,15,15
400553,1,1,1990,0,0,0,0,0,5,11,7,0,0
400553,2,1,1990,19,19,19,19,19,19,19,19,19,19
400554,1,1,1990,0,0,0,20,0,16,0,10,0,0
400554,2,1,1990,0,0,0,0,0,0,0,0,0,0