ST_CASE,VEH_NO,PER_NO,YEAR,P1,P2,P3,P4,P5,P6,P7,P8,P9,P10
400555,1,1,1990,34,34,34,34,34,34,34,34,34,34
400556,1,1,1990,0,0,0,0,0,0,0,0,0,0
400556,2,1,1990,0,0,7,18,0,0,0,0,0,0
400557,1,1,1990,12,29,0,10,17,14,22,15,5,13
400558,1,1,1990,0,0,0,0,0,0,0,0,0,0
400559,1,1,1990,0,0,0,0,0,0,0,0,0,0
400559,2,1,1990,16,17,0,0,0,0,0,0,0,0
400560,1,1,1990,0,0,0,0,0,0,0,0,0,0
400561,1,1,1990,10,10,10,10,10,10,10,10,10,10
400562,1,1,1990,0,21,0,0,0,0,0,0,0,0
400562,2,1,1990,0,0,0,0,0,0,0,0,0,0
400563,1,1,1990,0,0,0,0,0,0,0,0,0,0
400565,0,1,1990,12,12,12,12,12,12,12,12,12,12
400565,1,1,1990,20,20,20,20,20,20,20,20,20,20
400566,1,1,1990,0,0,0,0,0,0,0,0,0,0
400566,2,1,1990,0,0,0,18,0,0,0,0,0,0
400567,1,1,1990,0,0,0,0,23,0,0,0,0,0
400567,2,1,1990,0,0,0,0,0,0,0,0,0,0
400567,3,1,1990,0,0,0,0,0,0,0,0,0,0
400568,1,1,1990,0,28,0,0,0,14,25,17,0,30
400568,2,1,1990,0,0,0,0,0,0,0,0,0,0
400569,1,1,1990,6,6,6,6,6,6,6,6,6,6
400569,2,1,1990,0,0,0,0,0,0,0,0,0,0
400569,3,1,1990,0,0,0,0,0,0,0,0,0,0
400569,4,1,1990,0,0,0,0,0,0,0,0,0,0
400570,1,1,1990,22,9,15,8,27,29,16,19,16,17
400571,0,1,1990,0,0,0,0,0,0,0,0,0,0
400571,1,1,1990,0,0,0,0,0,0,0,14,0,21
400572,1,1,1990,0,0,0,0,14,0,0,0,0,0
400573,1,1,1990,24,5,0,0,0,0,0,0,0,0
400574,1,1,1990,0,27,21,22,20,2,30,10,16,20
400575,1,1,1990,0,0,0,0,0,0,0,0,0,0
400575,2,1,1990,0,0,0,0,0,0,0,0,0,0
400576,1,1,1990,0,0,0,0,0,0,0,0,0,0
400576,2,1,1990,0,0,0,0,0,0,0,0,0,0
400576,3,1,1990,0,0,0,0,0,0,0,0,0,0
400577,0,1,1990,0,0,0,0,0,0,0,0,0,0
400578,1,1,1990,0,0,0,0,0,0,0,0,0,0
400578,2,1,1990,0,0,0,0,0,0,0,0,0,0
400579,1,1,1990,0,0,0,0,0,0,0,0,0,0
400580,1,1,1990,0,0,0,0,0,0,0,0,0,0
400580,2,1,1990,0,0,0,0,0,0,0,0,0,0
400581,1,1,1990,0,0,0,0,0,0,0,0,0,0
400581,2,1,1990,0,0,0,0,0,9,0,0,0,0
400582,1,1,1990,0,0,0,0,0,0,0,0,0,0
400583,1,1,1990,0,0,0,0,0,0,0,0,0,0
400583,2,1,1990,0,0,0,0,0,0,0,0,0,0
400585,1,1,1990,0,0,0,0,0,0,0,0,0,0
400585,2,1,1990,0,0,0,0,0,0,0,18,0,0
400586,1,1,1990,0,0,0,0,0,0,0,0,0,0
400586,2,1,1990,0,0,0,0,0,0,0,0,0,0
400587,1,1,1990,26,19,0,0,0,14,0,13,0,11
410001,0,1,1990,19,19,19,19,19,19,19,19,19,19
410001,1,1,1990,0,0,0,0,0,0,0,0,0,0
410002,1,1,1990,0,0,0,0,0,0,0,0,0,0
410002,2,1,1990,0,0,0,0,0,0,0,0,0,0
410002,3,1,1990,0,0,0,0,0,0,0,0,0,0
410003,0,1,1990,28,28,28,28,28,28,28,28,28,28
410003,1,1,1990,0,0,0,0,0,0,0,0,0,0
410003,2,1,1990,0,0,0,0,0,0,0,0,0,0
410004,1,1,1990,0,0,0,0,0,0,0,0,0,0
410004,2,1,1990,0,0,0,0,0,0,0,0,0,3
410004,3,1,1990,0,0,0,0,0,0,0,0,0,0
410005,1,1,1990,13,0,0,0,0,26,26,0,0,0
410006,1,1,1990,13,13,13,13,13,13,13,13,13,13
410006,2,1,1990,0,0,0,0,0,0,0,0,0,0
410007,1,1,1990,0,0,0,0,0,0,0,0,0,0
410007,2,1,1990,0,0,0,0,0,0,0,0,0,0
410008,1,1,1990,15,26,18,13,17,27,18,21,15,20
410009,0,1,1990,0,0,0,0,0,0,0,0,0,0
410009,1,1,1990,0,0,0,0,0,0,0,0,0,0
410010,0,1,1990,0,0,0,0,0,0,0,0,0,0
410010,1,1,1990,0,0,0,11,0,0,0,0,0,0
410011,1,1,1990,0,0,0,0,0,0,0,0,0,0
410011,2,1,1990,0,0,0,0,0,0,0,0,0,0
410012,0,1,1990,0,0,0,0,0,0,0,0,0,0
410012,1,1,1990,0,0,0,0,0,0,0,0,0,0
410013,1,1,1990,24,24,24,24,24,24,24,24,24,24
410013,2,1,1990,8,0,0,0,0,0,0,0,0,0
410014,1,1,1990,20,20,20,20,20,20,20,20,20,20
410015,1,1,1990,0,0,0,0,0,0,0,0,19,0
410015,2,1,1990,0,0,0,0,0,0,0,0,0,0
410016,0,1,1990,0,0,0,0,0,0,0,0,0,0
410016,1,1,1990,0,0,0,0,0,0,7,0,0,0
410017,1,1,1990,13,13,13,13,13,13,13,13,13,13
410017,2,1,1990,0,13,0,0,17,0,0,18,0,0
410018,1,1,1990,0,0,0,0,0,0,0,0,0,0
410019,1,1,1990,0,0,0,0,0,0,0,0,0,0
410019,2,1,1990,6,0,0,0,0,0,0,0,0,0
410020,1,1,1990,25,25,25,25,25,25,25,25,25,25
410020,2,1,1990,0,0,0,0,0,0,0,0,0,0
410021,1,1,1990,0,0,0,0,0,0,0,0,0,0
410021,2,1,1990,0,0,0,0,0,0,0,0,0,0
410022,1,1,1990,0,0,0,0,0,0,0,0,0,0
410022,2,1,1990,19,19,19,19,19,19,19,19,19,19
410023,1,1,1990,23,23,23,23,23,23,23,23,23,23
410024,1,1,1990,10,10,10,10,10,10,10,10,10,10
410024,2,1,1990,17,23,0,5,0,9,0,0,0,0
410025,1,1,1990,10,10,10,10,10,10,10,10,10,10
410026,1,1,1990,0,0,0,0,0,0,0,0,0,0
410026,2,1,1990,0,0,0,0,0,0,0,0,0,0
410026,3,1,1990,0,0,0,0,0,0,0,0,0,0
410027,1,1,1990,0,0,0,0,0,0,0,0,0,0
410027,2,1,1990,3,0,0,0,0,0,0,0,0,0
410028,0,1,1990,0,0,0,16,17,0,0,0,0,0
410028,1,1,1990,0,0,0,0,0,0,0,0,0,0
410029,1,1,1990,0,0,0,0,0,0,0,0,0,0
410030,0,1,1990,30,30,30,30,30,30,30,30,30,30
410030,0,2,1990,35,31,18,15,24,16,34,23,6,0
410030,1,1,1990,0,0,0,0,0,0,0,0,0,0
410032,1,1,1990,0,0,0,0,0,0,0,0,0,0
410032,2,1,1990,0,0,8,0,0,0,0,0,0,0
410033,1,1,1990,0,0,0,0,0,0,0,0,0,0
410033,2,1,1990,0,0,0,0,0,0,0,0,0,0
410034,1,1,1990,0,0,0,0,0,0,0,0,0,0
410034,2,1,1990,13,0,0,0,0,0,0,0,0,0
410035,1,1,1990,0,0,0,0,0,0,0,0,0,0
410036,1,1,1990,27,27,27,27,27,27,27,27,27,27
410037,1,1,1990,21,21,21,21,21,21,21,21,21,21
410038,0,1,1990,0,0,0,0,0,0,0,0,0,0
410038,1,1,1990,0,11,0,0,0,0,0,0,0,0
410039,1,1,1990,0,0,0,0,0,0,0,0,0,0
410040,1,1,1990,0,0,0,0,0,0,0,0,0,0
410041,1,1,1990,17,17,17,17,17,17,17,17,17,17
410042,1,1,1990,23,23,23,23,23,23,23,23,23,23
410043,1,1,1990,7,7,7,7,7,7,7,7,7,7
410045,1,1,1990,17,17,17,17,17,17,17,17,17,17
410046,1,1,1990,28,28,28,28,28,28,28,28,28,28
410046,2,1,1990,0,0,0,0,4,0,0,0,0,0
410047,0,1,1990,0,0,0,0,0,0,0,0,0,0
410047,1,1,1990,0,0,0,0,0,0,0,0,0,0
410048,1,1,1990,0,0,0,0,0,0,0,0,0,0
410049,1,1,1990,0,0,0,0,0,0,0,0,0,0
410049,2,1,1990,10,10,10,10,10,10,10,10,10,10
410050,0,1,1990,4,4,4,4,4,4,4,4,4,4
410050,1,1,1990,0,0,0,0,0,0,0,0,0,0
410051,1,1,1990,8,0,0,0,0,9,0,19,15,0
410052,1,1,1990,0,0,0,0,0,0,0,0,0,0
410053,0,1,1990,11,11,11,11,11,11,11,11,11,11
410053,1,1,1990,0,18,23,53,0,9,0,0,0,0
410054,1,1,1990,0,0,0,0,0,0,0,0,0,0
410054,2,1,1990,0,0,0,0,0,0,0,0,0,0
410055,1,1,1990,0,0,0,0,0,0,0,0,0,0
410055,2,1,1990,0,0,0,0,0,0,0,0,25,0
410056,1,1,1990,12,12,12,12,12,12,12,12,12,12
410057,1,1,1990,27,27,27,27,27,27,27,27,27,27
410057,2,1,1990,0,0,0,0,0,0,0,0,0,0
410058,1,1,1990,32,32,32,32,32,32,32,32,32,32
410059,1,1,1990,0,0,0,0,0,0,0,0,0,0
410059,2,1,1990,0,0,0,0,0,0,0,0,0,0
410060,1,1,1990,0,0,0,0,0,0,0,0,0,0
410060,2,1,1990,0,0,0,0,0,0,0,0,0,0
410061,0,1,1990,0,0,0,0,0,0,0,0,0,0
410061,1,1,1990,9,15,28,25,11,3,9,14,19,0
410062,1,1,1990,9,0,0,15,0,10,17,0,16,20
410063,1,1,1990,0,0,0,0,0,0,0,0,0,0
410064,1,1,1990,0,0,0,0,0,0,0,0,0,0
410064,2,1,1990,0,0,0,0,0,0,0,0,0,0
410065,0,1,1990,42,42,42,42,42,42,42,42,42,42
410065,1,1,1990,0,0,0,0,0,0,0,0,0,0
410066,1,1,1990,0,0,0,0,0,0,0,0,0,0
410066,2,1,1990,0,0,0,0,0,0,0,0,0,0
410067,1,1,1990,17,17,17,17,17,17,17,17,17,17
410068,1,1,1990,14,14,14,14,14,14,14,14,14,14
410069,1,1,1990,0,0,0,0,0,0,0,0,0,0
410069,2,1,1990,0,0,0,0,0,0,0,0,0,0
410070,1,1,1990,13,13,13,13,13,13,13,13,13,13
410071,1,1,1990,16,16,16,16,16,16,16,16,16,16
410072,1,1,1990,1,1,1,1,1,1,1,1,1,1
410073,1,1,1990,0,0,0,0,0,0,0,0,0,0
410073,2,1,1990,0,0,0,0,0,0,0,0,0,0
410073,3,1,1990,0,0,0,0,0,0,0,0,0,0
410074,1,1,1990,0,0,0,0,0,0,0,0,0,0
410076,1,1,1990,19,19,19,19,19,19,19,19,19,19
410076,2,1,1990,0,0,0,0,0,0,0,0,0,0
410077,1,1,1990,16,16,16,16,16,16,16,16,16,16
410078,1,1,1990,22,22,22,22,22,22,22,22,22,22
410079,1,1,1990,18,18,18,18,18,18,18,18,18,18
410080,1,1,1990,0,0,0,0,0,0,0,0,0,0
410080,2,1,1990,0,0,0,0,0,0,0,0,0,0
410080,3,1,1990,0,0,0,0,0,0,0,0,0,0
410081,1,1,1990,0,0,0,0,0,0,0,0,0,0
410082,1,1,1990,14,14,14,14,14,14,14,14,14,14
410083,1,1,1990,0,0,0,0,0,0,0,0,0,0
410083,2,1,1990,0,0,0,0,0,0,0,20,0,0
410084,1,1,1990,10,10,10,10,10,10,10,10,10,10
410084,2,1,1990,0,0,0,0,0,0,0,0,0,0
410085,1,1,1990,0,0,0,0,0,0,0,0,0,0
410086,1,1,1990,0,0,0,0,0,0,0,0,0,0
410087,0,1,1990,17,17,17,17,17,17,17,17,17,17
410087,0,2,1990,25,25,25,25,25,25,25,25,25,25
410087,1,1,1990,15,15,15,15,15,15,15,15,15,15
410088,1,1,1990,27,27,27,27,27,27,27,27,27,27
410090,1,1,1990,12,12,12,12,12,12,12,12,12,12
410091,1,1,1990,0,0,0,0,0,0,0,0,0,0
410091,2,1,1990,0,0,0,0,0,0,0,0,0,0
410092,1,1,1990,0,0,0,0,0,0,0,0,0,0
410093,1,1,1990,23,23,23,23,23,23,23,23,23,23
410093,2,1,1990,0,0,0,20,35,0,0,28,0,0
410094,0,1,1990,31,31,31,31,31,31,31,31,31,31
410094,1,1,1990,0,20,0,0,0,0,0,0,0,0
410095,1,1,1990,3,3,3,3,3,3,3,3,3,3
410096,1,1,1990,0,0,0,0,0,0,0,0,0,0
410097,1,1,1990,0,0,0,0,0,0,0,0,0,0
410098,1,1,1990,14,0,6,0,18,20,0,0,0,0
410098,2,1,1990,0,0,0,0,0,0,0,0,0,0
410098,3,1,1990,0,0,0,0,0,0,0,0,0,0
410099,1,1,1990,0,0,0,0,0,0,0,0,0,0
410099,2,1,1990,0,0,5,0,0,0,0,0,0,0
410100,1,1,1990,0,0,0,0,0,0,0,0,0,0
410101,1,1,1990,0,0,0,0,0,0,0,0,0,0
410101,2,1,1990,0,0,0,0,0,0,0,33,0,0
410102,0,1,1990,20,20,20,20,20,20,20,20,20,20
410102,1,1,1990,2,2,2,2,2,2,2,2,2,2
410103,1,1,1990,19,19,19,19,19,19,19,19,19,19
410104,1,1,1990,0,0,0,0,0,0,0,0,0,0
410104,2,1,1990,0,0,0,0,0,0,0,0,0,0
410105,1,1,1990,0,0,0,0,0,0,0,0,0,0
410105,2,1,1990,0,0,0,0,0,0,0,0,0,0
410106,0,1,1990,0,0,0,0,0,0,0,0,0,0
410106,0,2,1990,0,0,0,0,0,0,0,0,0,22
410106,1,1,1990,11,11,11,11,11,11,11,11,11,11
410108,1,1,1990,0,0,0,0,0,0,0,0,0,0
410108,2,1,1990,16,16,16,16,16,16,16,16,16,16
410109,1,1,1990,0,0,0,0,0,0,0,0,0,0
410111,1,1,1990,0,0,0,0,0,0,0,0,0,0
410111,2,1,1990,13,13,13,13,13,13,13,13,13,13
410112,1,1,1990,0,0,0,0,0,0,0,0,0,0
410114,0,1,1990,0,0,0,11,0,0,26,17,0,0
410114,1,1,1990,13,13,13,13,13,13,13,13,13,13
410115,1,1,1990,19,19,19,19,19,19,19,19,19,19
410115,2,1,1990,0,0,0,0,0,0,0,0,0,0
410115,3,1,1990,0,11,3,0,0,17,15,17,3,0
410116,1,1,1990,13,13,13,13,13,13,13,13,13,13
410116,2,1,1990,0,0,0,0,0,0,0,0,0,0
410117,1,1,1990,0,0,0,0,0,0,0,0,0,0
410117,2,1,1990,0,0,0,0,0,4,0,0,0,0
410117,3,1,1990,0,0,0,0,0,0,0,0,0,0
410117,4,1,1990,0,0,0,0,0,0,0,0,0,0
410118,1,1,1990,0,0,0,0,0,0,0,0,0,0
410118,2,1,1990,0,0,0,0,0,0,0,0,0,0
410118,3,1,1990,0,0,0,0,0,0,0,0,0,0
410119,1,1,1990,13,13,13,13,13,13,13,13,13,13
410120,0,1,1990,0,0,0,0,0,0,0,0,0,0
410120,1,1,1990,12,0,0,19,0,14,20,0,0,0
410121,1,1,1990,0,0,13,0,0,16,0,0,0,0
410122,1,1,1990,0,24,2,0,0,0,0,0,0,0
410122,2,1,1990,0,0,0,29,23,16,0,0,9,14
410124,1,1,1990,0,0,0,0,0,0,0,0,0,0
410125,1,1,1990,17,17,17,17,17,17,17,17,17,17
410125,2,1,1990,0,0,0,0,0,0,0,0,0,0
410126,1,1,1990,9,9,9,9,9,9,9,9,9,9
410127,1,1,1990,0,0,0,0,0,0,0,0,0,0
410128,1,1,1990,23,23,23,23,23,23,23,23,23,23
410129,1,1,1990,0,0,0,0,0,0,0,0,0,0
410129,2,1,1990,0,0,0,0,0,0,0,0,0,0
410130,1,1,1990,0,0,0,0,0,0,0,0,0,0
410130,2,1,1990,0,0,0,0,0,0,0,0,0,0
410131,1,1,1990,1,1,1,1,1,1,1,1,1,1
410132,1,1,1990,0,0,0,0,0,0,0,0,0,0
410133,0,1,1990,33,33,33,33,33,33,33,33,33,33
410133,1,1,1990,0,0,0,0,0,0,0,0,0,0
410134,0,1,1990,24,24,24,24,24,24,24,24,24,24
410134,1,1,1990,0,0,0,0,10,0,0,0,0,0
410135,1,1,1990,0,0,0,0,0,0,0,0,0,0
410135,2,1,1990,1,1,1,1,1,1,1,1,1,1
410136,1,1,1990,0,0,0,0,0,0,0,0,0,0
410136,2,1,1990,0,0,0,0,0,0,0,0,0,0
410137,1,1,1990,0,0,0,0,0,0,0,0,0,0
410138,0,1,1990,1,1,1,1,1,1,1,1,1,1
410138,1,1,1990,0,0,0,0,0,0,0,0,0,0
410138,2,1,1990,0,0,9,0,0,0,0,0,0,0
410139,1,1,1990,0,0,0,0,0,0,0,0,8,0
410140,0,1,1990,0,0,0,0,0,0,0,0,0,0
410140,1,1,1990,0,0,0,0,16,0,0,0,0,0
410142,0,1,1990,23,23,23,23,23,23,23,23,23,23
410142,1,1,1990,10,10,10,10,10,10,10,10,10,10
410143,1,1,1990,19,19,19,19,19,19,19,19,19,19
410144,0,1,1990,0,0,0,0,0,0,0,0,0,0
410144,1,1,1990,0,0,0,0,0,0,0,0,0,0
410146,1,1,1990,20,20,20,20,20,20,20,20,20,20
410146,2,1,1990,0,0,0,0,0,0,0,0,0,0
410146,3,1,1990,0,0,0,0,0,0,0,0,0,0
410147,1,1,1990,14,23,11,14,0,10,24,9,0,23
410148,0,1,1990,21,21,21,21,21,21,21,21,21,21
410148,1,1,1990,0,0,0,0,0,0,0,0,0,0
410149,1,1,1990,5,5,5,5,5,5,5,5,5,5
410149,2,1,1990,0,0,0,0,0,0,0,0,0,17
410150,1,1,1990,0,0,0,0,0,0,0,0,0,0
410150,2,1,1990,0,0,0,0,0,0,0,0,0,0
410151,0,1,1990,0,0,0,0,0,0,0,0,0,0
410151,1,1,1990,0,0,0,0,0,0,0,0,0,0
410152,1,1,1990,18,18,18,18,18,18,18,18,18,18
410153,1,1,1990,0,0,0,0,15,0,0,0,0,0
410154,1,1,1990,0,18,0,0,15,0,20,0,0,0
410154,2,1,1990,1,1,1,1,1,1,1,1,1,1
410155,1,1,1990,20,20,20,20,20,20,20,20,20,20
410156,1,1,1990,11,11,11,11,11,11,11,11,11,11
410156,2,1,1990,0,0,0,0,0,0,0,0,0,0
410157,1,1,1990,15,10,13,0,0,15,7,0,15,3
410158,1,1,1990,0,0,0,0,0,0,0,0,0,0
410159,1,1,1990,0,0,0,0,0,0,0,0,0,0
410159,2,1,1990,13,13,13,13,13,13,13,13,13,13
410161,0,1,1990,33,33,33,33,33,33,33,33,33,33
410161,1,1,1990,0,0,0,0,0,0,0,0,0,0
410162,1,1,1990,0,0,0,0,0,0,0,0,0,0
410162,2,1,1990,0,0,0,0,0,0,0,0,0,0
410163,0,1,1990,19,19,19,19,19,19,19,19,19,19
410163,1,1,1990,0,0,0,0,0,0,0,0,0,0
410164,1,1,1990,0,0,0,0,0,0,0,0,0,0
410165,0,1,1990,0,0,0,0,0,0,0,0,0,0
410165,1,1,1990,0,0,0,0,0,0,0,0,0,0
410167,1,1,1990,0,15,0,0,0,0,6,0,0,0
410167,2,1,1990,0,0,0,0,0,0,0,0,0,16
410168,1,1,1990,0,0,0,0,9,0,0,0,0,16
410168,2,1,1990,0,0,0,0,0,0,0,0,0,0
410169,1,1,1990,0,0,0,0,0,0,0,0,14,0
410170,1,1,1990,28,28,28,28,28,28,28,28,28,28
410171,0,1,1990,0,0,0,0,0,0,0,0,0,0
410171,1,1,1990,17,17,17,17,17,17,17,17,17,17
410172,1,1,1990,9,9,9,9,9,9,9,9,9,9
410173,1,1,1990,15,15,15,15,15,15,15,15,15,15
410174,1,1,1990,21,21,21,21,21,21,21,21,21,21
410175,1,1,1990,0,0,0,0,0,0,0,0,0,0
410176,1,1,1990,13,13,13,13,13,13,13,13,13,13
410177,1,1,1990,11,11,11,11,11,11,11,11,11,11
410178,1,1,1990,25,25,25,25,25,25,25,25,25,25
410179,1,1,1990,0,0,0,0,0,0,0,0,0,0
410179,2,1,1990,0,0,0,0,0,0,0,0,0,0
410180,1,1,1990,35,35,35,35,35,35,35,35,35,35
410182,1,1,1990,18,18,18,18,18,18,18,18,18,18
410183,1,1,1990,4,4,4,4,4,4,4,4,4,4
410184,1,1,1990,21,21,21,21,21,21,21,21,21,21
410185,1,1,1990,1,1,1,1,1,1,1,1,1,1
410185,2,1,1990,0,0,0,0,0,0,0,0,0,0
410187,1,1,1990,0,0,0,0,0,0,0,0,0,0
410187,2,1,1990,0,0,0,0,0,0,0,0,0,0
410188,1,1,1990,3,3,3,3,3,3,3,3,3,3
410189,0,1,1990,16,16,16,16,16,16,16,16,16,16
410189,1,1,1990,0,22,0,0,0,0,16,0,0,0
410190,1,1,1990,0,0,0,0,0,0,0,0,0,0
410192,1,1,1990,21,21,21,21,21,21,21,21,21,21
410192,2,1,1990,12,12,12,12,12,12,12,12,12,12
410193,1,1,1990,0,0,0,0,0,0,3,0,0,0
410193,2,1,1990,0,0,0,0,0,0,0,0,0,0
410194,0,1,1990,0,0,0,0,0,0,0,0,0,0
410194,1,1,1990,0,0,0,0,0,0,0,0,0,0
410195,1,1,1990,0,0,0,0,0,0,0,0,0,0
410195,2,1,1990,0,0,0,0,0,0,0,0,0,0
410196,1,1,1990,14,14,14,14,14,14,14,14,14,14
410196,2,1,1990,0,0,0,0,0,0,0,0,0,0
410197,1,1,1990,0,0,14,0,4,18,8,0,0,0
410197,2,1,1990,0,0,0,0,0,0,0,0,0,0
410198,1,1,1990,0,0,0,0,0,0,0,0,0,0
410198,2,1,1990,0,0,5,0,0,0,0,22,0,0
410199,1,1,1990,19,19,19,19,19,19,19,19,19,19
410200,1,1,1990,6,6,6,6,6,6,6,6,6,6
410201,1,1,1990,0,0,0,0,0,0,0,0,0,0
410201,2,1,1990,0,0,0,0,0,0,0,0,0,0
410202,1,1,1990,0,0,0,0,0,0,0,0,0,0
410203,1,1,1990,0,0,0,0,0,0,0,0,0,0
410204,0,1,1990,23,23,23,23,23,23,23,23,23,23
410204,1,1,1990,23,23,23,23,23,23,23,23,23,23
410205,1,1,1990,20,20,20,20,20,20,20,20,20,20
410205,2,1,1990,7,7,7,7,7,7,7,7,7,7
410207,0,1,1990,0,12,0,0,0,0,0,26,17,0
410207,1,1,1990,24,24,24,24,24,24,24,24,24,24
410208,1,1,1990,0,0,0,0,0,0,0,0,0,0
410209,1,1,1990,3,3,3,3,3,3,3,3,3,3
410210,1,1,1990,15,15,15,15,15,15,15,15,15,15
410211,1,1,1990,12,12,12,12,12,12,12,12,12,12
410212,1,1,1990,0,0,0,14,0,0,0,0,0,15
410213,1,1,1990,0,0,0,0,0,0,0,0,0,0
410214,1,1,1990,0,0,0,0,0,0,16,0,0,0
410215,1,1,1990,0,0,0,0,0,0,0,0,0,0
410215,2,1,1990,0,0,0,0,0,0,0,0,0,0
410215,3,1,1990,0,0,0,0,17,17,0,14,0,0
410215,4,1,1990,0,0,0,0,0,0,0,13,0,0
410215,5,1,1990,26,12,0,13,0,15,0,0,0,23
410215,6,1,1990,30,35,8,0,0,3,0,0,0,21
410216,0,1,1990,0,0,0,0,0,0,0,0,0,0
410216,1,1,1990,5,3,0,0,0,14,0,0,0,21
410217,1,1,1990,0,0,0,0,0,0,0,0,0,0
410217,2,1,1990,19,19,19,19,19,19,19,19,19,19
410217,3,1,1990,0,0,0,8,0,8,0,0,9,0
410218,0,1,1990,0,0,0,0,0,0,0,0,0,0
410218,1,1,1990,0,0,0,0,0,0,0,0,0,0
410219,1,1,1990,35,35,35,35,35,35,35,35,35,35
410220,1,1,1990,26,26,26,26,26,26,26,26,26,26
410220,2,1,1990,0,0,0,0,0,0,0,0,0,0
410221,1,1,1990,16,16,16,16,16,16,16,16,16,16
410222,1,1,1990,14,9,13,11,9,9,19,13,4,18
410223,1,1,1990,0,0,0,0,0,0,0,0,0,0
410224,1,1,1990,0,0,0,0,0,0,0,0,0,0
410224,2,1,1990,0,0,0,0,0,0,0,0,0,0
410225,1,1,1990,15,15,15,15,15,15,15,15,15,15
410226,1,1,1990,0,0,0,0,0,0,0,0,0,0
410226,2,1,1990,0,0,0,0,0,0,0,0,0,0
410227,0,1,1990,0,0,0,0,0,0,0,0,0,0
410227,1,1,1990,0,0,0,0,0,0,0,0,0,0
410228,1,1,1990,25,25,25,25,25,25,25,25,25,25
410228,2,1,1990,0,0,0,25,0,0,0,0,0,0
410229,1,1,1990,9,9,9,9,9,9,9,9,9,9
410230,1,1,1990,23,23,23,23,23,23,23,23,23,23
410231,1,1,1990,0,0,0,0,0,0,0,0,9,0
410231,2,1,1990,0,0,0,0,0,0,0,0,0,0
410232,1,1,1990,0,0,0,0,0,0,0,0,0,0
410233,1,1,1990,14,14,14,14,14,14,14,14,14,14
410233,2,1,1990,0,0,0,0,0,0,0,0,0,0
410234,1,1,1990,1,1,1,1,1,1,1,1,1,1
410235,1,1,1990,22,22,22,22,22,22,22,22,22,22
410237,1,1,1990,0,0,0,0,0,0,0,0,0,0
410238,1,1,1990,0,20,0,0,0,0,12,0,0,0
410239,1,1,1990,1,1,1,1,1,1,1,1,1,1
410239,2,1,1990,0,0,22,0,0,0,0,0,0,0
410240,1,1,1990,22,22,22,22,22,22,22,22,22,22
410241,1,1,1990,0,0,0,0,0,0,0,0,0,0
410241,2,1,1990,0,0,0,0,0,0,0,0,0,0
410242,1,1,1990,0,0,0,0,0,0,0,0,0,0
410242,2,1,1990,0,0,0,0,0,0,0,0,0,0
410245,1,1,1990,26,26,26,26,26,26,26,26,26,26
410246,1,1,1990,0,0,0,0,0,0,0,0,0,0
410246,2,1,1990,0,0,0,0,0,0,0,0,0,0
410248,1,1,1990,1,1,1,1,1,1,1,1,1,1
410249,1,1,1990,0,0,0,0,0,0,0,0,0,0
410250,1,1,1990,0,0,0,0,0,0,0,0,0,0
410250,2,1,1990,0,0,0,0,0,0,0,0,0,0
410251,1,1,1990,0,0,0,0,0,0,0,0,0,0
410251,2,1,1990,0,0,0,15,0,8,0,0,0,0
410252,1,1,1990,7,7,7,7,7,7,7,7,7,7
410252,2,1,1990,0,0,0,0,0,0,0,0,0,0
410253,0,1,1990,0,0,0,0,0,0,0,0,0,0
410253,1,1,1990,0,0,0,0,0,0,0,0,0,0
410254,1,1,1990,0,0,0,0,0,0,0,0,0,0
410254,2,1,1990,0,0,0,0,0,0,0,0,0,0
410256,0,1,1990,0,0,0,0,0,0,0,0,0,0
410256,1,1,1990,0,0,0,0,0,2,0,0,0,0
410257,1,1,1990,15,15,15,15,15,15,15,15,15,15
410258,1,1,1990,0,0,0,0,0,0,0,0,0,0
410258,2,1,1990,0,0,7,0,0,0,0,0,0,0
410260,1,1,1990,0,0,0,0,0,0,0,0,0,0
410260,2,1,1990,0,0,0,0,0,0,0,0,0,0
410261,0,1,1990,0,23,37,20,16,0,15,4,0,21
410261,1,1,1990,0,0,0,0,0,0,0,11,0,23
410262,1,1,1990,23,23,23,23,23,23,23,23,23,23
410265,1,1,1990,0,0,0,0,0,0,0,0,0,0
410265,2,1,1990,0,0,9,0,0,0,0,0,0,0
410266,1,1,1990,17,17,17,17,17,17,17,17,17,17
410268,1,1,1990,13,0,0,0,0,0,0,0,0,0
410268,2,1,1990,0,0,0,0,0,0,0,0,0,0
410270,0,1,1990,14,14,14,14,14,14,14,14,14,14
410270,1,1,1990,10,24,12,14,10,9,17,19,27,29
410271,1,1,1990,0,0,0,0,0,0,0,0,0,0
410272,1,1,1990,0,0,0,8,13,0,0,0,0,0
410273,1,1,1990,19,19,19,19,19,19,19,19,19,19
410274,0,1,1990,0,0,0,0,0,0,0,0,0,0
410274,1,1,1990,22,0,0,0,0,0,0,0,0,0
410275,1,1,1990,0,0,0,0,0,0,0,0,0,0