ST_CASE,VEH_NO,PER_NO,YEAR,P1,P2,P3,P4,P5,P6,P7,P8,P9,P10
410275,2,1,1990,0,0,0,0,0,0,0,0,0,0
410277,1,1,1990,0,0,0,7,26,13,12,0,11,0
410278,0,1,1990,0,10,0,0,0,0,0,52,0,0
410278,1,1,1990,13,13,13,13,13,13,13,13,13,13
410279,1,1,1990,22,22,22,22,22,22,22,22,22,22
410281,1,1,1990,0,0,0,0,0,0,0,0,0,0
410281,2,1,1990,0,32,0,0,0,0,0,0,0,0
410282,1,1,1990,11,11,11,11,11,11,11,11,11,11
410283,1,1,1990,24,24,24,24,24,24,24,24,24,24
410284,1,1,1990,0,0,0,0,0,0,0,0,0,0
410284,2,1,1990,2,2,2,2,2,2,2,2,2,2
410284,3,1,1990,2,2,2,2,2,2,2,2,2,2
410285,1,1,1990,3,3,3,3,3,3,3,3,3,3
410286,1,1,1990,5,5,5,5,5,5,5,5,5,5
410287,1,1,1990,0,0,0,0,0,0,0,0,0,0
410287,2,1,1990,2,2,2,2,2,2,2,2,2,2
410288,1,1,1990,0,0,0,0,0,0,0,0,0,0
410288,2,1,1990,0,0,0,0,0,0,0,0,0,0
410289,1,1,1990,15,15,15,15,15,15,15,15,15,15
410290,1,1,1990,0,0,0,0,0,0,14,0,0,0
410290,2,1,1990,0,0,0,0,0,0,0,0,0,0
410291,1,1,1990,0,0,0,0,0,0,0,0,0,11
410292,1,1,1990,26,26,26,26,26,26,26,26,26,26
410293,1,1,1990,24,16,20,10,8,0,15,18,0,0
410294,0,1,1990,0,0,0,0,0,0,0,0,0,0
410294,1,1,1990,0,0,0,0,0,0,0,0,0,0
410295,1,1,1990,8,8,8,8,8,8,8,8,8,8
410296,0,1,1990,0,0,0,0,0,0,0,0,0,0
410296,1,1,1990,5,5,5,5,5,5,5,5,5,5
410297,1,1,1990,0,0,0,0,0,0,0,0,0,0
410297,2,1,1990,0,0,0,0,0,0,0,0,0,0
410298,1,1,1990,23,14,9,0,0,16,6,0,0,13
410299,0,1,1990,0,0,0,0,0,0,0,0,0,0
410299,1,1,1990,0,10,0,10,13,17,26,13,24,8
410300,1,1,1990,17,17,17,17,17,17,17,17,17,17
410300,2,1,1990,0,0,0,0,0,0,0,0,0,0
410301,1,1,1990,0,0,0,0,0,0,0,0,0,0
410302,1,1,1990,13,13,13,13,13,13,13,13,13,13
410303,1,1,1990,16,16,16,16,16,16,16,16,16,16
410303,2,1,1990,0,0,0,0,0,0,0,0,0,0
410304,1,1,1990,0,0,0,0,0,0,0,0,0,0
410305,1,1,1990,2,2,2,2,2,2,2,2,2,2
410305,2,1,1990,0,0,8,0,0,0,0,0,0,0
410306,0,1,1990,0,0,0,0,0,0,0,0,0,0
410306,1,1,1990,0,0,0,0,0,0,0,0,0,0
410307,1,1,1990,26,26,26,26,26,26,26,26,26,26
410308,1,1,1990,18,18,18,18,18,18,18,18,18,18
410309,1,1,1990,10,0,0,17,13,0,0,0,0,0
410310,1,1,1990,0,0,0,0,0,0,0,0,0,0
410311,1,1,1990,32,32,32,32,32,32,32,32,32,32
410311,2,1,1990,0,15,0,17,17,0,27,14,25,11
410312,1,1,1990,0,0,0,0,0,0,0,0,0,0
410312,2,1,1990,0,0,0,0,0,0,0,0,0,0
410314,1,1,1990,0,0,0,0,0,0,0,0,0,0
410314,2,1,1990,0,0,0,13,7,0,0,0,0,0
410315,1,1,1990,22,22,22,22,22,22,22,22,22,22
410316,1,1,1990,0,0,0,0,0,0,0,0,0,0
410316,2,1,1990,0,0,0,0,0,0,0,0,0,0
410317,1,1,1990,17,17,17,17,17,17,17,17,17,17
410318,1,1,1990,0,0,0,0,0,0,0,0,0,0
410318,2,1,1990,0,0,0,0,0,0,0,0,0,0
410318,3,1,1990,0,0,0,0,0,0,0,0,0,0
410319,1,1,1990,0,0,0,0,0,0,0,0,0,0
410320,1,1,1990,6,6,6,6,6,6,6,6,6,6
410320,2,1,1990,8,8,8,8,8,8,8,8,8,8
410321,1,1,1990,0,0,0,0,0,0,0,0,0,0
410321,2,1,1990,0,0,0,0,0,0,0,0,0,0
410322,1,1,1990,0,0,0,0,0,0,0,0,0,0
410322,2,1,1990,0,0,0,0,0,0,0,0,0,0
410323,1,2,1990,14,14,14,14,14,14,14,14,14,14
410324,1,1,1990,0,16,37,22,0,32,14,19,10,0
410325,1,1,1990,17,17,17,17,17,17,17,17,17,17
410326,1,1,1990,0,0,0,0,0,0,0,0,0,0
410327,1,1,1990,0,0,0,0,0,0,0,0,0,0
410328,1,1,1990,16,16,16,16,16,16,16,16,16,16
410329,1,1,1990,0,0,0,0,0,0,0,0,0,0
410329,2,1,1990,0,0,0,0,0,0,0,0,0,0
410330,1,1,1990,0,0,0,0,0,0,0,0,0,0
410330,2,1,1990,0,0,0,12,0,0,0,0,0,0
410331,1,1,1990,25,25,25,25,25,25,25,25,25,25
410332,0,1,1990,0,0,0,0,0,0,0,0,0,0
410332,1,1,1990,0,0,0,0,0,0,0,0,0,23
410333,1,1,1990,25,25,25,25,25,25,25,25,25,25
410333,2,1,1990,11,0,14,0,0,10,5,0,8,0
410334,1,1,1990,0,0,0,0,0,0,0,0,0,0
410334,2,1,1990,0,0,10,0,0,0,11,0,0,14
410335,1,1,1990,0,0,0,0,0,0,0,0,0,0
410336,0,1,1990,0,0,0,0,0,0,0,0,0,0
410336,1,1,1990,0,0,0,0,0,13,0,0,0,0
410337,1,1,1990,1,1,1,1,1,1,1,1,1,1
410338,1,1,1990,0,0,0,0,0,0,0,0,0,0
410338,2,1,1990,0,0,0,0,0,0,0,0,0,0
410339,1,1,1990,11,11,11,11,11,11,11,11,11,11
410340,1,1,1990,11,11,11,11,11,11,11,11,11,11
410341,1,1,1990,15,15,15,15,15,15,15,15,15,15
410341,2,1,1990,0,0,0,0,0,0,0,0,0,0
410342,1,1,1990,0,0,0,0,0,0,0,0,0,0
410343,1,1,1990,25,25,25,25,25,25,25,25,25,25
410344,1,1,1990,0,0,0,0,0,0,0,0,0,0
410345,0,1,1990,0,0,0,0,0,0,0,0,0,0
410345,1,1,1990,0,0,0,0,0,0,0,0,0,0
410346,0,1,1990,28,28,28,28,28,28,28,28,28,28
410346,1,1,1990,0,0,0,0,0,23,28,11,21,0
410347,1,1,1990,0,0,0,0,0,0,0,0,0,0
410347,2,1,1990,0,0,0,0,0,0,0,0,0,0
410348,1,1,1990,0,0,0,0,14,0,0,19,17,8
410348,2,1,1990,0,0,0,0,0,0,0,0,0,0
410349,1,1,1990,0,0,0,0,0,0,0,0,0,0
410349,2,1,1990,0,10,0,0,0,0,0,0,0,0
410349,3,1,1990,0,0,0,0,0,0,0,0,0,0
410350,1,1,1990,0,0,0,0,0,0,0,0,0,0
410351,1,1,1990,0,0,0,0,0,0,0,0,0,0
410351,2,1,1990,0,0,0,0,0,0,0,0,0,0
410352,1,1,1990,0,0,0,0,0,0,0,0,0,0
410352,2,1,1990,0,0,0,0,0,0,0,0,0,0
410353,1,1,1990,0,0,0,0,0,0,0,0,0,0
410355,0,1,1990,0,0,0,0,0,0,0,0,0,0
410355,1,1,1990,0,0,0,0,0,0,0,0,0,0
410356,1,1,1990,0,0,9,0,0,0,0,0,0,0
410356,2,1,1990,0,0,0,0,0,0,0,0,0,0
410357,1,1,1990,0,6,16,0,0,0,0,0,0,0
410359,1,1,1990,8,8,8,8,8,8,8,8,8,8
410360,1,1,1990,0,0,0,0,0,0,0,0,0,16
410362,1,1,1990,0,0,0,0,0,0,7,0,0,0
410362,2,1,1990,0,0,0,0,0,0,0,0,0,0
410363,1,1,1990,6,0,0,0,3,0,0,0,0,0
410363,2,1,1990,0,0,0,0,0,0,0,0,0,0
410364,1,1,1990,14,14,14,14,14,14,14,14,14,14
410365,1,1,1990,0,0,0,0,0,0,0,0,0,0
410365,2,1,1990,0,0,0,0,0,0,0,0,0,0
410366,1,1,1990,0,0,0,0,0,0,0,0,0,0
410366,2,1,1990,0,0,0,0,0,0,0,0,0,0
410367,0,1,1990,0,0,0,0,0,0,0,0,0,0
410367,1,1,1990,0,0,0,0,0,0,0,0,0,0
410368,1,1,1990,0,0,0,0,0,0,0,0,0,0
410368,2,1,1990,0,0,0,0,0,0,0,0,0,0
410369,1,1,1990,0,0,0,0,0,0,0,0,0,0
410369,2,1,1990,0,0,0,0,0,0,0,0,0,0
410370,1,1,1990,0,15,0,0,0,11,0,0,0,0
410370,2,1,1990,0,0,0,0,0,0,0,0,0,0
410371,1,1,1990,0,0,0,0,0,0,0,0,0,0
410372,1,1,1990,0,0,0,0,0,0,0,0,0,0
410373,1,1,1990,0,0,0,0,0,0,0,0,0,0
410373,2,1,1990,0,0,0,0,0,0,0,0,0,0
410374,1,1,1990,22,22,22,22,22,22,22,22,22,22
410375,1,1,1990,0,0,0,0,0,0,0,0,0,0
410375,2,1,1990,0,0,0,11,0,0,0,0,0,0
410375,3,1,1990,0,0,0,0,0,0,0,0,0,0
410375,4,1,1990,0,0,0,0,9,0,0,0,0,0
410376,1,1,1990,0,0,0,0,0,0,0,0,0,0
410376,2,1,1990,21,21,0,0,0,0,11,0,0,0
410377,1,1,1990,0,0,0,0,0,0,0,0,0,0
410378,1,1,1990,0,0,0,0,0,0,0,0,0,0
410378,2,1,1990,0,0,0,0,0,0,0,0,0,0
410378,3,1,1990,0,0,0,0,0,0,0,0,0,0
410379,1,1,1990,24,24,24,24,24,24,24,24,24,24
410381,1,1,1990,7,7,7,7,7,7,7,7,7,7
410381,2,1,1990,0,0,0,0,0,0,0,0,0,0
410382,1,1,1990,14,32,7,0,12,0,7,0,0,0
410383,1,1,1990,0,0,0,13,14,0,12,11,0,24
410384,1,1,1990,18,18,18,18,18,18,18,18,18,18
410385,1,1,1990,18,18,18,18,18,18,18,18,18,18
410386,1,1,1990,16,16,16,16,16,16,16,16,16,16
410387,1,1,1990,0,0,0,0,0,0,0,0,0,0
410387,2,1,1990,0,0,0,0,0,0,0,0,0,0
410388,1,1,1990,2,2,2,2,2,2,2,2,2,2
410389,1,1,1990,0,0,0,0,0,0,0,0,0,0
410389,2,1,1990,2,2,2,2,2,2,2,2,2,2
410390,1,1,1990,23,23,23,23,23,23,23,23,23,23
410391,1,1,1990,0,0,0,0,0,0,0,0,0,0
410391,2,1,1990,0,0,0,0,0,0,0,0,0,0
410392,1,1,1990,0,0,0,0,0,0,0,0,0,0
410392,2,1,1990,0,0,0,0,0,0,0,0,0,0
410393,0,1,1990,0,0,0,0,0,0,0,0,0,0
410393,1,1,1990,0,0,0,0,0,0,0,0,0,0
410394,1,1,1990,0,0,0,0,0,0,0,0,0,0
410395,0,1,1990,9,35,25,0,0,29,38,15,0,22
410395,0,2,1990,12,12,12,12,12,12,12,12,12,12
410395,1,1,1990,0,0,0,0,0,0,0,0,0,0
410396,1,1,1990,10,10,10,10,10,10,10,10,10,10
410397,1,1,1990,0,0,0,0,0,0,0,0,0,0
410397,2,1,1990,0,0,0,0,0,0,0,0,0,0
410398,1,1,1990,8,8,8,8,8,8,8,8,8,8
410398,2,1,1990,0,0,0,0,0,0,0,0,0,0
410399,1,1,1990,0,0,0,0,0,0,0,0,0,0
410400,0,1,1990,0,0,0,0,0,0,0,13,0,9
410400,1,1,1990,0,0,0,0,0,0,0,0,0,0
410401,1,1,1990,20,20,20,20,20,20,20,20,20,20
410402,0,1,1990,0,0,0,0,0,0,0,0,0,0
410402,1,1,1990,0,0,0,0,0,0,0,0,0,0
410403,1,1,1990,30,30,30,30,30,30,30,30,30,30
410404,1,1,1990,0,0,0,0,0,0,0,0,0,0
410404,2,1,1990,0,0,0,0,0,0,0,0,0,0
410405,1,1,1990,0,0,0,0,0,0,0,0,0,0
410405,2,1,1990,0,0,0,0,0,0,0,0,0,0
410406,1,1,1990,13,13,13,13,13,13,13,13,13,13
410407,0,1,1990,10,10,10,10,10,10,10,10,10,10
410407,1,1,1990,0,0,0,0,0,0,0,0,0,0
410408,1,1,1990,0,0,0,0,0,0,0,0,0,0
410409,1,1,1990,23,16,17,0,13,0,0,20,14,16
410410,1,1,1990,0,0,0,0,0,0,0,0,0,0
410410,2,1,1990,4,4,4,4,4,4,4,4,4,4
410411,1,1,1990,0,0,0,0,20,0,0,0,23,0
410412,1,1,1990,0,0,0,0,0,0,0,0,0,0
410412,2,1,1990,0,0,0,0,0,0,0,0,0,0
410413,1,1,1990,0,0,0,0,0,0,0,0,0,0
410414,1,1,1990,21,21,21,21,21,21,21,21,21,21
410415,1,1,1990,0,0,0,0,0,0,0,0,0,0
410415,2,1,1990,0,0,0,0,0,0,0,0,0,0
410416,0,1,1990,2,2,2,2,2,2,2,2,2,2
410416,1,1,1990,14,14,14,14,14,14,14,14,14,14
410417,1,1,1990,0,0,0,0,0,0,0,0,0,0
410417,2,1,1990,0,0,9,0,0,0,0,0,0,0
410418,1,1,1990,0,0,0,0,0,0,0,0,0,0
410418,2,1,1990,0,0,0,0,0,0,0,0,0,0
410419,1,1,1990,0,0,0,0,0,0,0,0,0,0
410421,1,1,1990,15,15,15,15,15,15,15,15,15,15
410421,2,1,1990,0,0,0,0,0,0,0,0,0,0
410422,1,1,1990,23,23,23,23,23,23,23,23,23,23
410423,0,1,1990,0,0,0,0,0,0,0,0,0,0
410423,1,1,1990,0,0,0,0,0,0,0,0,0,0
410425,0,1,1990,0,0,0,0,0,0,0,0,0,0
410425,1,1,1990,9,0,25,0,0,0,0,0,47,0
410426,1,1,1990,23,23,23,23,23,23,23,23,23,23
410427,1,1,1990,0,0,0,0,0,0,0,0,0,0
410428,1,1,1990,0,0,0,0,0,0,0,0,0,0
410429,1,1,1990,0,0,0,0,0,0,0,0,0,0
410429,2,1,1990,0,0,0,0,0,0,0,0,0,0
410430,0,1,1990,0,0,0,25,0,0,0,0,0,0
410430,1,1,1990,0,0,0,0,0,0,0,0,0,0
410431,1,1,1990,0,0,0,0,0,0,0,0,0,0
410432,1,1,1990,22,22,22,22,22,22,22,22,22,22
410433,1,1,1990,0,0,0,0,0,0,0,0,0,0
410433,2,1,1990,0,0,0,0,0,0,0,0,0,0
410434,0,1,1990,0,0,0,0,0,0,0,0,0,0
410434,1,1,1990,0,0,0,0,0,0,0,0,0,0
410435,1,1,1990,11,11,11,11,11,11,11,11,11,11
410435,2,1,1990,0,0,0,0,0,0,0,0,0,0
410436,1,1,1990,0,0,0,0,0,0,0,0,0,0
410437,0,1,1990,18,18,18,18,18,18,18,18,18,18
410437,0,2,1990,21,21,21,21,21,21,21,21,21,21
410437,1,1,1990,0,0,0,0,0,0,0,0,0,0
410437,2,1,1990,0,0,0,0,0,0,0,0,0,0
410438,1,1,1990,20,18,0,0,22,0,0,37,12,0
410439,1,1,1990,0,0,0,0,0,0,0,0,0,0
410439,2,1,1990,0,0,0,0,0,0,0,0,0,0
410440,1,1,1990,8,8,8,8,8,8,8,8,8,8
410441,1,1,1990,0,0,0,0,0,0,0,0,0,0
410441,2,1,1990,0,0,0,0,0,13,0,0,0,0
410442,1,1,1990,0,0,0,0,0,0,0,0,0,0
410443,1,1,1990,14,14,14,14,14,14,14,14,14,14
410443,2,1,1990,0,0,0,0,0,0,0,0,0,0
410444,1,1,1990,0,0,0,0,0,0,0,0,0,0
410445,1,1,1990,0,0,0,0,0,0,0,0,0,0
410446,1,1,1990,0,0,0,0,0,0,0,0,0,0
410447,1,1,1990,15,15,15,15,15,15,15,15,15,15
410448,1,1,1990,0,0,0,0,0,0,0,0,0,0
410449,0,1,1990,11,0,0,0,0,12,0,0,28,0
410449,1,1,1990,0,0,0,0,0,0,0,0,0,0
410450,0,1,1990,35,35,35,35,35,35,35,35,35,35
410450,1,1,1990,0,0,0,0,0,0,0,0,0,0
410451,1,1,1990,9,0,0,0,0,0,9,0,0,0
410452,1,1,1990,0,0,0,0,0,0,0,0,0,0
410453,1,1,1990,0,0,0,0,0,0,0,0,0,0
410453,2,1,1990,1,1,1,1,1,1,1,1,1,1
410454,0,1,1990,17,17,17,17,17,17,17,17,17,17
410454,1,1,1990,0,0,0,0,0,0,14,5,0,0
410455,0,1,1990,0,0,0,0,0,0,0,0,0,0
410455,1,1,1990,0,0,0,0,0,0,0,0,0,0
410456,0,1,1990,13,13,13,13,13,13,13,13,13,13
410456,1,1,1990,13,0,0,0,0,0,0,0,0,0
410457,1,1,1990,17,17,17,17,17,17,17,17,17,17
410459,0,1,1990,19,19,19,19,19,19,19,19,19,19
410459,1,1,1990,0,0,0,0,0,0,0,0,0,0
410460,1,1,1990,22,22,22,22,22,22,22,22,22,22
410460,2,1,1990,0,0,0,0,14,0,0,0,0,0
410461,1,1,1990,0,0,0,0,0,0,0,0,0,0
410462,1,1,1990,0,0,0,0,0,0,0,0,0,0
410463,1,1,1990,0,0,0,0,0,0,0,0,0,0
410464,1,1,1990,23,23,23,23,23,23,23,23,23,23
410465,1,1,1990,0,0,0,0,0,18,0,0,0,0
410466,1,1,1990,12,12,12,12,12,12,12,12,12,12
410466,2,1,1990,19,0,14,38,18,12,42,32,26,15
410467,1,1,1990,1,1,1,1,1,1,1,1,1,1
410467,2,1,1990,0,0,0,0,0,0,0,0,0,0
410468,1,1,1990,11,11,11,11,11,11,11,11,11,11
410468,2,1,1990,4,4,4,4,4,4,4,4,4,4
410469,1,1,1990,20,20,20,20,20,20,20,20,20,20
410470,0,1,1990,19,19,19,19,19,19,19,19,19,19
410470,1,1,1990,0,0,0,0,0,0,0,0,0,0
410471,0,1,1990,23,23,23,23,23,23,23,23,23,23
410471,1,1,1990,0,0,0,0,0,0,0,0,0,0
410472,0,1,1990,14,14,14,14,14,14,14,14,14,14
410472,1,1,1990,0,0,0,0,0,0,0,0,0,0
410473,1,1,1990,9,9,9,9,9,9,9,9,9,9
410474,1,1,1990,0,0,26,0,0,0,0,22,0,0
410474,2,1,1990,0,0,0,0,0,0,0,0,0,0
410475,1,1,1990,27,27,27,27,27,27,27,27,27,27
410475,2,1,1990,0,0,0,0,0,0,0,0,0,0
410476,1,1,1990,0,0,0,0,0,0,0,0,0,0
410476,2,1,1990,0,0,0,0,0,0,0,0,0,0
410477,1,1,1990,0,0,0,0,0,0,0,0,0,0
410477,2,1,1990,0,0,0,0,0,0,0,0,0,0
410478,1,1,1990,21,21,21,21,21,21,21,21,21,21
410479,1,1,1990,0,0,0,0,0,0,0,0,0,0
410479,2,1,1990,16,0,0,19,9,0,0,6,12,20
410479,3,1,1990,9,0,12,0,0,0,0,0,20,0
410481,1,1,1990,3,3,3,3,3,3,3,3,3,3
410481,2,1,1990,0,0,0,0,0,0,0,0,0,0
410482,1,1,1990,21,21,21,21,21,21,21,21,21,21
410483,1,1,1990,0,0,0,0,0,0,0,0,0,0
410484,1,1,1990,0,0,0,0,0,0,0,0,0,0
410484,2,1,1990,0,0,16,0,0,0,0,0,0,0
410485,1,1,1990,0,0,0,0,0,0,0,0,0,0
410486,1,1,1990,0,0,0,0,0,0,0,0,0,0
410487,0,1,1990,0,0,0,0,0,0,0,0,0,0
410488,1,1,1990,10,10,10,10,10,10,10,10,10,10
410489,0,1,1990,0,28,0,0,11,0,0,0,0,0
410489,1,1,1990,0,0,0,0,0,0,0,0,0,0
410490,1,1,1990,0,0,0,0,0,0,0,0,0,0
410491,1,1,1990,13,13,13,13,13,13,13,13,13,13
410492,1,1,1990,0,0,0,0,0,0,0,0,0,0
410493,1,1,1990,12,12,12,12,12,12,12,12,12,12
410494,0,1,1990,26,25,0,0,0,6,0,0,0,33
410494,1,1,1990,0,0,0,0,6,0,0,0,0,0
410495,1,1,1990,0,0,0,0,0,0,0,0,0,0
410496,1,1,1990,0,0,0,0,0,0,0,0,0,0
410497,1,1,1990,3,3,3,3,3,3,3,3,3,3
410498,1,1,1990,14,14,14,14,14,14,14,14,14,14
410500,1,1,1990,0,0,0,0,6,0,0,0,11,0
410501,1,1,1990,0,0,0,0,0,0,0,0,0,0
410501,2,1,1990,0,0,0,0,0,33,0,0,0,0
410502,1,1,1990,0,0,0,0,0,0,0,0,0,0
410502,2,1,1990,0,0,0,0,0,0,0,0,0,0
410503,1,1,1990,0,0,0,0,0,0,0,0,0,0
410503,2,1,1990,9,11,0,26,0,0,19,0,15,0
410504,1,1,1990,0,0,0,0,0,0,0,0,0,0
410505,1,1,1990,22,22,22,22,22,22,22,22,22,22
410506,1,1,1990,8,8,8,8,8,8,8,8,8,8
410507,1,1,1990,0,0,0,0,0,0,0,0,0,0
410508,1,1,1990,8,8,8,8,8,8,8,8,8,8
410509,1,1,1990,14,16,4,10,0,20,0,11,0,0
410510,1,1,1990,13,13,13,13,13,13,13,13,13,13
410511,1,1,1990,0,0,0,0,0,0,0,0,0,0
410511,2,1,1990,0,0,0,0,0,0,0,0,9,0
410512,1,1,1990,0,0,0,0,0,0,0,0,0,0
410512,2,1,1990,0,0,0,0,0,0,0,0,0,0
410513,1,1,1990,15,15,15,15,15,15,15,15,15,15
410514,1,1,1990,0,0,7,0,0,0,0,0,0,0
410514,2,1,1990,0,0,0,0,0,0,0,0,0,0
410515,1,1,1990,0,0,0,0,0,0,0,0,0,0
410516,1,1,1990,20,20,20,20,20,20,20,20,20,20
410518,0,1,1990,18,18,18,18,18,18,18,18,18,18
410518,1,1,1990,0,0,0,0,0,0,0,0,0,0
410519,1,1,1990,0,0,0,0,0,0,0,0,0,0
410519,2,1,1990,0,0,0,0,0,0,0,0,0,0
410520,1,1,1990,37,37,37,37,37,37,37,37,37,37
410520,2,1,1990,0,0,0,0,0,0,0,0,0,0
410521,1,1,1990,0,0,0,0,0,0,0,0,0,0
410522,1,1,1990,0,0,0,0,0,0,15,0,0,0
410522,2,1,1990,26,26,26,26,26,26,26,26,26,26
410523,0,1,1990,0,0,0,0,0,0,0,0,0,0
410523,1,1,1990,0,0,0,0,0,0,0,0,0,0
410524,0,1,1990,0,0,0,0,0,0,0,0,0,0
410524,0,2,1990,0,0,0,0,0,0,0,0,0,0
410524,1,1,1990,0,0,0,0,0,0,8,0,0,0
410525,1,1,1990,0,0,0,0,0,0,0,0,0,0
410525,2,1,1990,0,0,0,0,0,5,0,8,29,26
410526,1,1,1990,0,6,0,0,0,0,0,0,0,0
410526,2,1,1990,0,0,0,0,0,0,0,0,0,0
410527,1,1,1990,24,24,24,24,24,24,24,24,24,24
410527,2,1,1990,0,0,0,0,0,0,0,0,0,0
410528,1,1,1990,13,0,0,0,0,0,0,14,0,0
410529,1,1,1990,11,11,11,11,11,11,11,11,11,11
410530,1,1,1990,0,0,0,0,0,0,0,0,0,0
410530,2,1,1990,0,0,0,0,0,0,0,0,0,0
410531,1,1,1990,0,0,0,0,0,0,0,0,0,0
410531,2,1,1990,0,0,0,0,0,0,0,0,0,0
410532,1,1,1990,0,0,0,0,0,0,0,0,0,0
410532,2,1,1990,0,0,0,0,0,0,0,0,0,0
410533,1,1,1990,0,0,0,0,10,0,0,0,0,0
410534,1,1,1990,0,0,0,0,0,0,0,0,0,0
410535,1,1,1990,0,0,0,0,0,0,0,0,0,0
410535,2,1,1990,0,0,0,0,0,0,0,0,0,0
410536,1,1,1990,18,18,18,18,18,18,18,18,18,18
410537,1,1,1990,0,0,0,0,0,0,0,0,15,21
410537,2,1,1990,0,0,0,0,0,0,0,0,0,0
410538,1,1,1990,0,0,0,0,0,0,0,0,0,0
410539,1,1,1990,24,24,24,24,24,24,24,24,24,24
420001,1,1,1990,10,10,10,10,10,10,10,10,10,10
420001,2,1,1990,0,0,0,0,0,0,0,0,0,0
420002,1,1,1990,0,0,0,0,0,0,0,0,0,0
420003,0,1,1990,0,0,0,0,0,0,0,0,0,0
420003,1,1,1990,0,0,0,0,0,0,0,0,0,0
420005,1,1,1990,35,35,35,35,35,35,35,35,35,35
420006,0,1,1990,0,0,0,0,0,0,0,0,0,0
420006,1,1,1990,0,0,0,0,0,0,0,0,0,0
420007,1,1,1990,0,0,0,0,0,0,0,0,0,0
420007,2,1,1990,0,0,0,0,0,0,0,0,0,0
420008,1,1,1990,0,0,0,0,0,0,0,0,0,0
420008,2,1,1990,0,0,0,0,0,0,0,0,0,0
420009,1,1,1990,0,0,0,0,0,0,0,0,0,0
420009,2,1,1990,0,0,0,0,0,0,0,0,0,0
420010,1,1,1990,0,0,0,0,0,0,0,0,0,0
420010,2,1,1990,0,0,0,0,0,0,0,0,0,0
420010,3,1,1990,15,0,0,0,0,26,0,0,0,0
420011,0,1,1990,0,0,0,0,0,0,0,0,0,0
420011,1,1,1990,0,0,0,0,0,0,0,0,0,0
420012,1,1,1990,0,0,0,0,0,0,0,0,0,0
420012,2,1,1990,0,0,0,0,0,0,0,0,0,0
420013,1,1,1990,0,0,0,0,0,0,0,0,0,0
420013,2,1,1990,0,0,0,0,0,0,0,0,0,0
420014,1,1,1990,0,0,0,0,0,0,0,0,0,0
420015,1,1,1990,20,20,20,20,20,20,20,20,20,20
420016,1,1,1990,0,5,0,0,0,0,0,0,0,0
420016,2,1,1990,0,0,0,0,14,0,0,0,0,0
420016,3,1,1990,0,0,0,0,0,0,0,0,0,0
420017,1,1,1990,0,0,0,0,0,0,0,0,0,0
420017,2,1,1990,0,0,0,18,0,0,0,0,0,0
420018,1,1,1990,0,0,0,0,0,0,0,0,0,0
420019,1,1,1990,10,10,10,10,10,10,10,10,10,10
420020,0,1,1990,0,0,0,0,0,0,0,0,0,0
420020,1,1,1990,0,0,0,0,0,0,0,0,0,0
420021,1,1,1990,0,0,0,0,0,0,0,0,0,0
420021,2,1,1990,0,0,0,0,0,0,0,0,0,0
420022,1,1,1990,16,16,16,16,16,16,16,16,16,16
420022,2,1,1990,0,0,0,0,0,0,0,0,0,0
420023,1,1,1990,0,0,0,0,0,0,0,0,0,0
420024,1,1,1990,0,0,0,0,0,0,0,0,0,0
420024,2,1,1990,0,0,0,0,8,0,0,0,0,0
420025,1,1,1990,0,31,0,0,0,0,0,0,0,6
420026,1,1,1990,0,0,0,0,0,0,0,0,0,0
420027,1,1,1990,0,0,0,0,0,0,0,0,0,0
420027,2,1,1990,0,0,0,0,0,0,0,0,0,0
420028,1,1,1990,0,0,0,0,0,0,0,0,0,0
420029,0,1,1990,0,0,0,0,0,0,0,0,0,0
420029,1,1,1990,0,0,0,0,0,0,0,0,0,0
420030,0,1,1990,0,0,0,0,0,0,0,0,0,0
420030,1,1,1990,0,0,0,0,0,0,0,0,0,0
420031,0,1,1990,0,0,0,0,0,0,0,0,0,0
420031,1,1,1990,0,0,0,21,12,14,7,0,0,6
420032,1,1,1990,12,12,12,12,12,12,12,12,12,12
420033,1,1,1990,18,18,18,18,18,18,18,18,18,18
420034,1,1,1990,7,0,0,0,0,0,0,0,0,0
420034,2,1,1990,0,0,0,0,0,0,0,0,0,0
420035,1,1,1990,0,0,0,0,0,0,0,0,0,0
420036,1,1,1990,0,0,0,0,0,0,0,0,0,0
420036,2,1,1990,0,0,0,0,0,0,0,0,0,0
420037,1,1,1990,0,0,0,0,0,0,0,0,0,0
420038,1,1,1990,0,0,0,0,0,0,0,0,0,0
420038,2,1,1990,0,0,0,0,0,0,0,0,0,0
420039,0,1,1990,33,33,33,33,33,33,33,33,33,33
420039,1,1,1990,0,0,0,0,0,0,0,0,0,0
420040,1,1,1990,22,22,22,22,22,22,22,22,22,22
420041,1,1,1990,14,14,14,14,14,14,14,14,14,14
420041,2,1,1990,0,0,0,0,0,0,0,0,0,0
420042,1,1,1990,20,20,20,20,20,20,20,20,20,20
420042,2,1,1990,0,0,0,0,0,0,0,0,0,0
420043,1,1,1990,0,8,0,29,23,13,19,19,43,0
420043,2,1,1990,0,0,0,0,0,0,0,0,0,0
420044,1,1,1990,0,0,0,0,0,0,0,0,0,0
420044,2,1,1990,0,0,0,0,0,0,0,0,11,0
420045,1,1,1990,0,9,0,0,0,0,0,0,0,0
420045,2,1,1990,0,0,0,0,0,0,0,0,6,0