ST_CASE,VEH_NO,PER_NO,YEAR,P1,P2,P3,P4,P5,P6,P7,P8,P9,P10
420046,1,1,1990,23,23,23,23,23,23,23,23,23,23
420046,2,1,1990,4,4,4,4,4,4,4,4,4,4
420047,1,1,1990,24,24,24,24,24,24,24,24,24,24
420048,1,1,1990,20,20,20,20,20,20,20,20,20,20
420049,1,1,1990,0,0,0,0,0,0,0,0,0,0
420049,2,1,1990,0,0,0,0,0,0,0,0,0,0
420050,0,1,1990,0,0,0,0,0,0,0,0,0,0
420050,1,1,1990,0,0,0,0,0,0,0,0,0,0
420050,2,1,1990,0,0,0,0,0,0,0,0,0,17
420051,1,1,1990,9,9,9,9,9,9,9,9,9,9
420052,1,1,1990,32,32,32,32,32,32,32,32,32,32
420052,2,1,1990,0,0,0,0,0,0,0,0,0,0
420053,1,1,1990,0,0,0,0,0,0,0,0,0,0
420053,2,1,1990,0,0,0,0,0,0,0,0,0,0
420053,3,1,1990,0,0,0,0,0,0,0,0,0,0
420054,1,1,1990,19,19,19,19,19,19,19,19,19,19
420055,1,1,1990,27,27,27,27,27,27,27,27,27,27
420056,1,1,1990,0,0,10,0,0,0,0,0,0,9
420056,2,1,1990,3,8,7,0,0,0,0,7,9,20
420057,1,1,1990,0,0,0,0,0,0,18,0,0,0
420057,2,1,1990,0,0,0,0,0,0,11,0,19,24
420058,1,1,1990,11,11,11,11,11,11,11,11,11,11
420059,1,1,1990,0,0,0,0,0,0,0,0,0,0
420060,0,1,1990,23,0,13,33,0,0,0,13,13,0
420060,1,1,1990,0,0,0,0,1,0,0,0,0,0
420061,1,1,1990,0,0,0,0,0,0,0,0,0,0
420061,2,1,1990,0,0,0,0,0,0,0,0,0,0
420061,3,1,1990,0,0,0,0,0,0,0,0,0,0
420062,1,1,1990,0,0,0,17,0,0,15,0,0,0
420063,0,1,1990,33,33,33,33,33,33,33,33,33,33
420063,1,1,1990,20,21,30,0,18,12,30,13,16,16
420064,1,1,1990,0,0,0,0,0,0,0,0,0,0
420065,0,1,1990,0,0,26,0,9,0,0,0,13,0
420065,1,1,1990,2,2,2,2,2,2,2,2,2,2
420065,2,1,1990,0,0,0,0,0,0,0,0,0,0
420066,1,1,1990,0,0,0,0,0,0,0,0,0,0
420066,2,1,1990,0,0,0,0,0,0,0,0,0,0
420067,0,1,1990,0,0,0,0,0,0,0,0,0,0
420067,1,1,1990,0,0,0,0,0,0,0,0,0,0
420068,1,1,1990,31,31,31,31,31,31,31,31,31,31
420068,2,1,1990,0,0,0,0,0,0,0,0,0,0
420069,1,1,1990,18,18,18,18,18,18,18,18,18,18
420069,2,1,1990,0,0,0,0,0,0,0,0,0,0
420070,0,1,1990,0,0,0,0,0,0,17,0,34,0
420070,1,1,1990,12,12,12,12,12,12,12,12,12,12
420071,0,1,1990,0,0,0,0,0,10,0,0,0,0
420071,0,2,1990,0,0,0,0,0,0,0,0,0,0
420071,1,1,1990,0,0,0,0,0,0,0,0,0,0
420072,1,1,1990,0,0,0,0,0,0,0,0,0,0
420072,2,1,1990,0,0,0,0,0,0,0,9,0,0
420073,1,1,1990,22,22,22,22,22,22,22,22,22,22
420074,1,1,1990,0,0,0,0,0,0,0,0,0,0
420075,1,1,1990,1,1,1,1,1,1,1,1,1,1
420076,0,1,1990,0,0,0,0,0,0,0,0,0,0
420076,1,1,1990,0,0,0,0,0,0,0,0,0,0
420077,1,1,1990,0,0,0,0,0,0,0,0,0,0
420078,1,1,1990,0,0,0,0,0,0,0,0,0,0
420078,2,1,1990,17,17,17,17,17,17,17,17,17,17
420079,1,1,1990,20,20,20,20,20,20,20,20,20,20
420080,1,1,1990,0,0,0,0,0,0,0,0,0,0
420080,2,1,1990,0,0,0,0,0,0,0,0,0,0
420081,1,1,1990,28,28,28,28,28,28,28,28,28,28
420082,1,1,1990,18,18,18,18,18,18,18,18,18,18
420083,1,1,1990,0,0,0,0,0,0,0,0,0,0
420084,1,1,1990,10,10,10,10,10,10,10,10,10,10
420085,1,1,1990,8,8,8,8,8,8,8,8,8,8
420085,2,1,1990,0,0,0,0,0,0,0,0,0,0
420086,1,1,1990,0,0,0,0,0,0,0,0,0,0
420086,2,1,1990,0,0,0,0,0,0,0,0,0,0
420087,1,1,1990,0,0,0,0,0,0,0,0,0,0
420087,2,1,1990,0,0,0,0,0,0,0,0,0,0
420088,0,1,1990,11,11,11,11,11,11,11,11,11,11
420088,1,1,1990,0,7,0,11,12,0,0,0,0,0
420089,1,1,1990,19,19,19,19,19,19,19,19,19,19
420090,1,1,1990,23,23,23,23,23,23,23,23,23,23
420091,1,1,1990,0,0,0,0,0,0,0,0,0,0
420091,2,1,1990,0,9,0,0,0,0,0,0,0,0
420092,1,1,1990,26,26,26,26,26,26,26,26,26,26
420092,2,1,1990,0,0,0,0,0,0,0,0,0,0
420093,1,1,1990,0,0,0,0,0,0,0,0,0,0
420094,1,1,1990,0,0,18,0,22,0,0,0,0,0
420094,2,1,1990,0,0,0,0,0,0,0,0,0,24
420095,1,1,1990,0,0,0,0,0,0,0,0,0,0
420095,2,1,1990,0,0,0,21,0,0,0,0,0,0
420096,1,1,1990,7,7,7,7,7,7,7,7,7,7
420097,1,1,1990,0,0,0,0,0,0,0,0,0,0
420097,2,1,1990,0,0,0,0,0,0,0,0,0,5
420097,3,1,1990,15,0,0,0,0,9,0,0,0,0
420098,1,1,1990,0,0,0,0,0,0,0,0,0,0
420098,2,1,1990,0,0,0,0,0,0,0,0,0,0
420099,0,1,1990,0,0,0,0,0,0,0,0,0,0
420099,1,1,1990,0,21,0,0,0,8,18,21,8,0
420101,0,1,1990,23,0,0,0,13,0,0,0,0,29
420101,1,1,1990,0,0,0,0,0,0,0,0,0,17
420102,1,1,1990,0,0,0,0,0,0,0,0,0,0
420102,2,1,1990,0,0,0,0,0,0,0,0,0,0
420103,1,1,1990,24,19,0,0,19,11,7,17,15,22
420104,1,1,1990,7,20,10,6,6,14,0,0,20,12
420105,1,1,1990,44,26,20,11,21,31,14,17,22,0
420106,0,1,1990,0,0,0,0,0,0,0,0,0,0
420106,1,1,1990,0,0,22,0,15,0,0,0,0,0
420107,1,1,1990,0,0,0,0,0,0,0,0,0,0
420107,2,1,1990,0,0,0,0,0,0,0,0,0,0
420107,3,1,1990,0,0,0,0,0,0,0,0,0,5
420108,1,1,1990,14,0,21,0,0,0,0,15,17,28
420108,2,1,1990,8,0,0,3,0,0,0,0,10,0
420109,1,1,1990,7,3,6,13,19,6,4,0,4,20
420109,2,1,1990,0,0,0,0,0,0,0,0,0,0
420110,1,1,1990,0,19,0,21,0,0,24,25,11,0
420111,1,1,1990,0,0,0,0,0,0,0,0,0,0
420112,1,1,1990,0,0,0,0,0,0,0,0,0,0
420113,1,1,1990,27,27,27,27,27,27,27,27,27,27
420114,1,1,1990,23,23,23,23,23,23,23,23,23,23
420115,1,1,1990,13,13,13,13,13,13,13,13,13,13
420115,2,1,1990,1,1,1,1,1,1,1,1,1,1
420116,1,1,1990,18,18,18,18,18,18,18,18,18,18
420117,1,1,1990,15,15,15,15,15,15,15,15,15,15
420118,0,1,1990,29,29,29,29,29,29,29,29,29,29
420118,1,1,1990,0,0,0,0,0,0,0,0,0,0
420119,1,1,1990,19,19,19,19,19,19,19,19,19,19
420119,2,1,1990,0,0,0,0,0,0,0,0,0,0
420120,1,1,1990,9,0,0,0,0,0,0,0,0,0
420121,1,1,1990,0,0,0,8,0,0,0,0,0,0
420121,2,1,1990,0,0,0,0,0,0,0,0,0,0
420122,1,1,1990,25,25,25,25,25,25,25,25,25,25
420122,2,1,1990,0,0,0,0,3,0,0,0,0,0
420123,1,1,1990,0,0,0,0,0,0,0,0,0,0
420123,2,1,1990,0,0,0,0,0,0,0,0,0,0
420124,1,1,1990,0,0,0,0,0,0,0,0,0,0
420125,0,1,1990,0,0,0,0,0,0,0,0,0,0
420125,1,1,1990,0,0,0,0,0,0,0,0,0,0
420126,1,1,1990,0,0,0,0,0,0,0,0,0,0
420127,1,1,1990,30,30,30,30,30,30,30,30,30,30
420128,1,1,1990,0,0,0,0,0,0,0,0,0,0
420128,2,1,1990,0,0,0,0,0,0,0,0,0,0
420129,1,1,1990,15,15,15,15,15,15,15,15,15,15
420130,1,1,1990,31,31,31,31,31,31,31,31,31,31
420130,2,1,1990,0,0,0,0,0,0,0,0,0,0
420131,1,1,1990,0,0,0,0,0,0,0,0,0,0
420131,2,1,1990,0,0,0,0,0,0,0,0,0,0
420132,1,1,1990,0,0,0,4,0,0,0,0,0,0
420132,2,1,1990,0,0,0,0,0,0,0,0,0,0
420133,1,1,1990,16,16,16,16,16,16,16,16,16,16
420134,0,1,1990,0,0,0,0,0,0,0,0,0,0
420134,1,1,1990,0,0,0,0,0,0,0,0,0,0
420135,0,1,1990,14,14,14,14,14,14,14,14,14,14
420135,0,2,1990,28,28,28,28,28,28,28,28,28,28
420135,1,1,1990,0,0,0,0,0,0,0,0,0,0
420136,1,1,1990,0,0,0,0,0,0,0,0,0,0
420136,2,1,1990,0,0,0,0,0,0,0,0,0,0
420136,3,1,1990,0,0,0,0,0,0,0,0,0,0
420137,1,1,1990,0,0,0,0,0,0,0,0,0,0
420137,2,1,1990,0,0,0,0,0,0,0,0,10,0
420138,1,1,1990,0,0,0,0,0,0,0,0,0,0
420139,1,1,1990,32,32,32,32,32,32,32,32,32,32
420139,2,1,1990,0,0,0,0,0,0,0,0,0,0
420140,0,1,1990,0,0,0,0,0,0,0,0,0,0
420140,1,1,1990,0,0,0,0,0,0,0,0,0,0
420141,0,1,1990,33,33,33,33,33,33,33,33,33,33
420141,1,1,1990,20,20,20,20,20,20,20,20,20,20
420142,1,1,1990,0,0,0,0,0,0,0,0,0,0
420143,1,1,1990,21,21,21,21,21,21,21,21,21,21
420144,1,1,1990,30,30,30,30,30,30,30,30,30,30
420145,1,1,1990,0,0,0,0,0,0,0,0,0,0
420145,2,1,1990,7,7,7,7,7,7,7,7,7,7
420146,1,1,1990,0,0,0,0,0,0,0,0,0,0
420147,1,1,1990,28,28,28,28,28,28,28,28,28,28
420148,0,1,1990,31,31,31,31,31,31,31,31,31,31
420148,1,1,1990,3,23,0,0,0,0,9,11,0,0
420149,1,1,1990,0,0,0,0,0,0,0,0,0,0
420149,2,1,1990,0,0,0,0,0,0,0,0,0,0
420150,0,1,1990,24,24,24,24,24,24,24,24,24,24
420150,1,1,1990,0,0,0,0,0,0,0,0,0,0
420151,1,1,1990,0,0,0,0,0,0,0,0,0,0
420151,2,1,1990,0,0,0,0,0,0,0,0,0,0
420151,3,1,1990,0,0,0,7,0,0,0,0,0,0
420152,1,1,1990,22,22,22,22,22,22,22,22,22,22
420152,2,1,1990,0,0,0,0,0,0,0,0,0,0
420153,0,1,1990,0,33,0,28,0,0,0,0,32,0
420153,1,1,1990,0,0,0,0,0,0,0,0,0,0
420153,3,1,1990,0,0,0,0,0,0,0,0,0,0
420154,0,1,1990,0,0,0,0,0,0,0,0,0,0
420154,1,1,1990,0,0,0,0,0,0,0,0,0,0
420154,2,1,1990,0,0,0,0,0,0,0,0,0,0
420155,1,1,1990,20,20,20,20,20,20,20,20,20,20
420155,2,1,1990,0,0,0,0,0,8,0,8,0,0
420156,1,1,1990,0,0,0,0,0,0,0,0,0,0
420156,2,1,1990,0,0,0,0,0,0,0,0,0,0
420157,1,1,1990,0,0,0,0,0,0,0,0,0,0
420158,1,1,1990,0,0,0,0,0,0,0,0,0,0
420159,0,1,1990,0,23,11,0,21,33,24,18,15,25
420159,1,1,1990,0,0,0,24,16,8,29,0,0,0
420160,1,1,1990,28,0,17,0,0,23,8,0,14,0
420161,1,1,1990,26,26,26,26,26,26,26,26,26,26
420162,1,1,1990,0,0,0,0,0,0,0,0,0,0
420162,2,1,1990,0,0,0,0,0,0,0,0,0,0
420163,1,1,1990,0,0,0,0,0,0,0,0,0,0
420163,2,1,1990,0,0,0,0,0,0,0,0,0,0
420163,3,1,1990,0,0,0,0,0,0,0,0,0,0
420163,4,1,1990,0,0,0,0,0,0,0,0,0,0
420164,1,1,1990,28,28,28,28,28,28,28,28,28,28
420164,2,1,1990,0,0,0,0,0,0,0,0,0,0
420165,1,1,1990,51,51,51,51,51,51,51,51,51,51
420166,0,1,1990,17,28,23,15,7,32,28,15,0,6
420166,0,2,1990,0,0,21,33,31,26,11,0,0,17
420166,1,1,1990,0,0,0,0,0,0,0,0,0,0
420167,1,1,1990,0,0,0,0,0,0,0,0,0,0
420168,1,1,1990,0,0,0,0,0,0,0,0,0,0
420168,2,1,1990,0,0,0,0,0,0,0,0,0,0
420169,1,1,1990,15,15,15,15,15,15,15,15,15,15
420170,1,1,1990,0,10,16,16,5,40,0,22,0,19
420170,2,1,1990,7,0,30,0,0,0,0,0,0,0
420170,3,1,1990,14,0,14,0,5,0,17,0,20,17
420171,0,1,1990,0,0,0,0,0,0,0,0,0,0
420171,1,1,1990,0,0,0,0,0,0,19,0,0,0
420172,1,1,1990,37,37,37,37,37,37,37,37,37,37
420173,1,1,1990,22,22,22,22,22,22,22,22,22,22
420174,1,1,1990,0,0,0,0,0,0,0,0,0,15
420175,0,1,1990,0,0,0,0,0,0,0,0,0,0
420175,1,1,1990,7,9,16,0,21,9,0,0,9,13
420177,1,1,1990,0,0,0,0,0,0,0,0,0,0
420178,1,1,1990,8,8,8,8,8,8,8,8,8,8
420179,1,1,1990,5,5,5,5,5,5,5,5,5,5
420180,0,1,1990,0,0,0,0,0,0,0,20,0,24
420180,1,1,1990,0,10,0,0,0,16,0,0,0,12
420181,1,1,1990,16,16,16,16,16,16,16,16,16,16
420181,2,1,1990,0,18,0,0,0,15,0,5,0,0
420181,3,1,1990,0,0,0,0,0,0,0,0,0,0
420182,1,1,1990,19,19,19,19,19,19,19,19,19,19
420182,2,1,1990,0,0,0,0,0,0,0,0,0,0
420183,1,1,1990,16,16,16,16,16,16,16,16,16,16
420183,2,1,1990,0,0,0,0,0,0,0,0,0,0
420184,1,1,1990,0,0,0,0,0,0,0,0,0,0
420184,2,1,1990,0,0,0,0,0,0,0,0,0,0
420185,1,1,1990,13,10,0,8,13,10,0,9,0,11
420186,1,1,1990,0,0,0,0,0,0,0,0,0,0
420186,2,1,1990,0,0,18,0,31,0,0,0,0,0
420187,1,1,1990,0,0,0,0,0,0,0,0,0,0
420188,1,1,1990,0,0,0,0,0,0,0,0,0,0
420188,2,1,1990,0,0,0,0,0,0,0,0,0,0
420189,1,1,1990,0,0,0,0,0,0,0,0,0,0
420189,2,1,1990,0,0,0,0,0,0,0,0,0,0
420190,0,1,1990,0,0,0,0,0,0,0,0,0,0
420190,0,2,1990,0,7,0,11,0,0,0,0,0,0
420190,1,1,1990,0,0,0,0,0,0,0,0,0,0
420190,2,1,1990,13,3,17,4,8,11,20,27,19,12
420191,1,1,1990,0,0,0,0,0,0,0,0,19,0
420191,2,1,1990,0,0,0,0,0,0,0,0,9,0
420192,1,1,1990,18,18,18,18,18,18,18,18,18,18
420193,1,1,1990,0,0,13,0,0,0,0,0,8,0
420193,2,1,1990,0,0,0,0,3,21,0,0,0,0
420194,1,1,1990,0,0,0,0,0,0,0,0,0,0
420194,2,1,1990,0,0,0,0,0,0,0,0,0,0
420195,1,1,1990,0,0,0,0,0,0,0,0,0,0
420196,1,1,1990,16,16,16,16,16,16,16,16,16,16
420197,1,1,1990,6,9,26,0,23,0,5,0,0,7
420198,1,1,1990,29,29,29,29,29,29,29,29,29,29
420199,1,1,1990,0,0,0,0,0,0,0,0,0,0
420200,0,1,1990,0,0,0,0,0,0,0,0,0,0
420200,1,1,1990,0,0,0,0,0,0,0,0,0,0
420201,1,1,1990,0,0,0,0,0,0,0,0,0,0
420201,2,1,1990,0,0,0,0,0,0,22,0,0,0
420202,0,1,1990,0,25,0,0,0,0,0,0,0,0
420202,0,2,1990,0,0,0,0,0,0,0,0,0,0
420202,1,1,1990,0,0,0,0,0,0,0,0,0,0
420203,1,1,1990,0,0,0,0,0,0,0,0,0,0
420203,2,1,1990,0,0,0,0,0,0,0,0,0,0
420204,1,1,1990,0,0,0,0,0,0,0,0,0,0
420204,2,1,1990,0,0,0,0,0,0,0,0,0,0
420205,1,1,1990,18,18,18,18,18,18,18,18,18,18
420206,1,1,1990,0,0,0,0,0,0,0,0,0,0
420207,1,1,1990,16,16,16,16,16,16,16,16,16,16
420208,0,1,1990,0,0,0,0,0,0,0,0,0,0
420208,1,1,1990,0,0,0,0,0,0,4,0,0,0
420209,1,1,1990,4,15,18,39,0,0,17,0,0,36
420209,2,1,1990,0,0,0,0,0,0,0,0,0,0
420210,1,1,1990,0,0,0,0,0,0,0,0,0,0
420211,1,1,1990,0,0,0,0,0,0,0,0,0,0
420211,2,1,1990,0,0,0,0,0,0,0,0,0,0
420212,1,1,1990,0,0,0,0,0,0,0,0,0,0
420213,1,1,1990,17,17,17,17,17,17,17,17,17,17
420214,1,1,1990,0,0,0,0,0,0,0,0,0,0
420214,2,1,1990,0,0,0,0,0,0,0,0,0,0
420215,0,1,1990,0,0,0,0,0,0,0,0,0,0
420215,1,1,1990,0,10,0,0,7,3,12,0,13,0
420216,1,1,1990,19,19,19,19,19,19,19,19,19,19
420216,2,1,1990,0,0,0,0,0,0,0,0,0,0
420217,1,1,1990,8,8,8,8,8,8,8,8,8,8
420218,1,1,1990,0,0,0,0,0,0,0,0,0,0
420218,2,1,1990,0,0,0,0,0,0,0,0,0,0
420219,1,1,1990,11,11,9,8,0,8,14,0,0,21
420220,0,1,1990,0,0,0,0,0,0,0,0,0,0
420220,1,1,1990,0,0,0,0,0,0,0,0,0,0
420221,1,1,1990,0,0,0,0,0,0,0,0,0,0
420221,2,1,1990,0,0,0,0,0,0,0,0,0,0
420222,1,1,1990,0,0,0,0,0,0,0,0,0,0
420223,1,1,1990,0,0,0,0,0,0,0,0,0,0
420224,2,1,1990,0,0,0,0,0,0,0,0,0,0
420225,1,1,1990,0,0,0,0,0,0,0,0,0,0
420225,2,1,1990,0,0,0,0,24,0,0,0,0,0
420226,1,1,1990,20,20,20,20,20,20,20,20,20,20
420227,0,1,1990,0,0,0,0,0,0,0,0,0,0
420227,1,1,1990,0,9,0,0,0,0,7,0,9,12
420228,1,1,1990,27,27,27,27,27,27,27,27,27,27
420229,0,1,1990,0,0,0,0,0,0,0,0,0,0
420229,1,1,1990,0,12,0,26,29,11,9,11,15,15
420230,1,1,1990,0,0,0,0,0,3,0,0,0,0
420231,1,1,1990,15,15,15,15,15,15,15,15,15,15
420231,2,1,1990,9,9,9,9,9,9,9,9,9,9
420232,1,1,1990,0,0,3,0,14,0,18,0,35,11
420232,2,1,1990,15,15,15,15,15,15,15,15,15,15
420233,1,1,1990,21,9,17,4,16,19,7,6,21,9
420233,2,1,1990,8,8,8,8,8,8,8,8,8,8
420234,1,1,1990,0,0,0,0,0,0,0,0,0,0
420234,2,1,1990,0,0,0,0,0,0,0,0,0,0
420234,3,1,1990,0,0,0,0,0,0,0,0,0,0
420235,0,1,1990,0,0,0,0,0,0,0,0,0,0
420235,1,1,1990,0,0,0,0,0,0,0,0,23,0
420236,1,1,1990,24,24,24,24,24,24,24,24,24,24
420236,2,1,1990,7,7,7,7,7,7,7,7,7,7
420236,3,1,1990,0,0,0,0,0,0,0,0,0,0
420237,1,1,1990,28,28,28,28,28,28,28,28,28,28
420238,1,1,1990,0,0,0,0,0,0,0,0,0,0
420239,1,1,1990,0,0,0,0,0,0,0,0,0,0
420239,2,1,1990,0,0,0,0,0,0,0,0,0,0
420240,1,1,1990,9,9,9,9,9,9,9,9,9,9
420241,0,1,1990,24,24,24,24,24,24,24,24,24,24
420241,1,1,1990,8,13,8,0,8,9,20,24,15,16
420242,1,1,1990,0,0,0,0,0,0,0,0,0,0
420242,2,1,1990,0,0,0,0,0,0,0,0,0,0
420242,3,1,1990,0,0,0,0,0,0,0,0,0,0
420243,1,1,1990,0,0,0,0,0,0,0,0,0,0
420243,2,1,1990,0,0,0,0,0,0,0,0,0,0
420244,1,1,1990,16,16,16,16,16,16,16,16,16,16
420245,0,1,1990,11,11,11,11,11,11,11,11,11,11
420245,1,1,1990,0,0,0,0,0,0,0,0,0,0
420245,2,1,1990,0,4,0,0,0,0,0,0,0,0
420246,0,1,1990,21,21,21,21,21,21,21,21,21,21
420246,1,1,1990,0,0,0,0,0,0,0,0,0,0
420247,1,1,1990,0,0,0,0,0,0,0,0,9,0
420248,1,1,1990,17,17,17,17,17,17,17,17,17,17
420249,1,1,1990,0,0,0,0,16,0,0,0,0,0
420249,2,1,1990,0,0,0,0,0,0,0,5,0,0
420249,3,1,1990,0,0,0,0,0,0,0,0,4,0
420250,1,1,1990,0,0,0,0,0,0,0,0,0,0
420250,2,1,1990,0,23,0,0,0,0,19,0,0,0
420251,1,1,1990,14,14,12,31,17,25,3,21,14,28
420252,1,1,1990,4,4,4,4,4,4,4,4,4,4
420252,2,1,1990,0,0,0,0,0,0,0,0,0,0
420252,3,1,1990,0,0,0,0,11,32,0,0,0,0
420253,1,1,1990,14,0,27,0,29,18,21,0,0,11
420253,2,1,1990,0,13,0,0,18,17,20,0,8,0
420253,3,1,1990,13,13,13,13,13,13,13,13,13,13
420253,4,1,1990,0,5,16,0,0,21,28,17,0,0
420254,1,1,1990,0,0,0,0,0,0,0,0,0,0
420254,2,1,1990,0,0,0,0,0,0,0,0,0,0
420255,1,1,1990,13,13,13,13,13,13,13,13,13,13
420255,2,1,1990,13,13,13,13,13,13,13,13,13,13
420256,1,1,1990,19,19,19,19,19,19,19,19,19,19
420257,1,1,1990,29,29,29,29,29,29,29,29,29,29
420258,0,1,1990,0,0,7,0,0,8,0,0,0,14
420258,1,1,1990,15,0,20,0,8,13,0,0,0,0
420259,1,1,1990,0,0,0,0,0,0,0,0,0,0
420259,2,1,1990,20,20,20,20,20,20,20,20,20,20
420260,1,1,1990,0,0,0,0,0,0,0,0,0,0
420260,2,1,1990,0,0,0,0,0,0,0,0,0,0
420261,1,1,1990,0,0,0,0,0,0,0,0,0,0
420261,2,1,1990,0,0,0,0,0,0,0,0,0,0
420262,1,1,1990,0,0,0,0,0,0,0,0,0,0
420263,1,1,1990,0,0,0,0,0,0,0,0,0,0
420264,1,1,1990,15,15,15,15,15,15,15,15,15,15
420264,2,1,1990,21,14,19,10,16,29,9,11,24,11
420265,1,1,1990,0,0,0,0,0,0,0,0,0,0
420265,2,1,1990,25,0,0,0,5,0,0,0,0,16
420266,1,1,1990,19,19,19,19,19,19,19,19,19,19
420266,2,1,1990,9,0,0,0,0,0,0,0,0,0
420267,0,1,1990,0,0,0,0,0,0,0,0,0,0
420267,1,1,1990,0,0,0,0,0,0,0,0,0,0
420268,1,1,1990,0,0,0,0,0,0,0,0,0,0
420269,1,1,1990,25,25,25,25,25,25,25,25,25,25
420270,1,1,1990,0,0,0,0,0,0,0,0,0,0
420271,1,1,1990,20,20,20,20,20,20,20,20,20,20
420272,1,1,1990,15,15,15,15,15,15,15,15,15,15
420272,2,1,1990,11,0,9,0,20,0,2,0,8,0
420273,1,1,1990,0,0,0,0,0,0,0,0,0,0
420273,2,1,1990,0,12,0,20,0,0,0,0,0,0
420274,1,1,1990,0,0,0,0,0,0,0,0,0,0
420274,2,1,1990,0,3,0,11,0,12,0,0,11,11
420275,1,1,1990,16,16,16,16,16,16,16,16,16,16
420276,1,1,1990,20,20,20,20,20,20,20,20,20,20
420276,2,1,1990,0,0,0,0,0,0,0,7,0,0
420277,1,1,1990,15,15,15,15,15,15,15,15,15,15
420277,2,1,1990,0,0,0,0,0,0,0,0,0,0
420278,1,1,1990,0,0,0,0,0,0,0,0,0,0
420278,2,1,1990,0,0,0,0,0,0,0,0,0,0
420279,0,1,1990,0,0,0,0,0,0,0,0,0,0
420279,1,1,1990,0,33,0,0,0,0,0,0,0,0
420280,1,1,1990,0,0,0,0,0,0,0,0,0,0
420280,2,1,1990,0,0,9,0,0,0,0,0,0,0
420280,3,1,1990,0,0,0,0,0,0,0,0,9,0
420281,0,1,1990,0,0,0,0,0,0,0,0,0,0
420281,1,1,1990,0,0,0,0,0,0,0,0,0,0
420282,1,1,1990,18,18,18,18,18,18,18,18,18,18
420282,2,1,1990,0,0,0,0,0,0,0,0,0,0
420283,1,1,1990,21,21,21,21,21,21,21,21,21,21
420284,1,1,1990,2,2,2,2,2,2,2,2,2,2
420285,1,1,1990,0,0,0,0,0,0,0,0,0,19
420285,2,1,1990,0,4,0,0,0,0,0,0,0,0
420286,1,1,1990,20,20,20,20,20,20,20,20,20,20
420287,1,1,1990,0,0,0,0,0,0,0,0,0,0
420288,0,1,1990,17,0,0,0,0,0,12,0,0,16
420288,1,1,1990,10,15,11,24,0,0,0,0,27,13
420289,1,1,1990,0,0,0,0,0,0,0,0,0,0
420290,1,1,1990,0,0,14,0,0,0,12,0,0,0
420290,2,1,1990,0,0,0,0,0,0,0,0,0,0
420291,0,1,1990,0,0,0,0,0,0,0,0,0,0
420291,1,1,1990,26,0,0,15,17,12,42,0,0,16
420292,0,1,1990,20,20,20,20,20,20,20,20,20,20
420292,1,1,1990,16,25,6,0,19,0,0,0,0,0
420293,1,1,1990,26,26,26,26,26,26,26,26,26,26
420294,1,1,1990,0,21,0,0,0,0,0,0,0,0
420294,2,1,1990,0,0,0,0,0,0,0,0,0,0
420295,1,1,1990,0,0,0,0,0,0,0,0,0,0
420296,1,1,1990,0,0,0,0,0,0,0,0,0,0
420297,1,1,1990,40,40,40,40,40,40,40,40,40,40
420297,2,1,1990,0,0,0,0,0,0,0,0,0,0
420298,1,1,1990,25,25,25,25,25,25,25,25,25,25
420299,1,1,1990,15,10,0,0,0,21,12,0,0,0
420299,2,1,1990,0,0,3,0,0,0,7,0,0,0
420299,3,1,1990,0,0,0,0,0,3,0,0,0,0
420300,1,1,1990,0,0,0,0,0,0,0,0,0,0
420300,2,1,1990,0,0,0,0,0,0,0,0,0,0
420301,0,1,1990,32,32,32,32,32,32,32,32,32,32
420301,1,1,1990,0,0,0,0,0,0,0,0,0,0
420302,1,1,1990,0,0,0,0,0,0,0,0,0,26
420303,1,1,1990,0,0,0,0,0,0,0,0,0,0
420303,2,1,1990,3,0,0,0,14,0,0,0,0,0
420304,1,1,1990,0,0,0,0,0,12,0,0,0,0
420304,2,1,1990,0,0,0,10,0,0,5,0,0,0
420305,1,1,1990,20,20,20,20,20,20,20,20,20,20
420306,0,1,1990,0,0,0,0,0,0,0,0,0,0
420306,1,1,1990,5,5,5,5,5,5,5,5,5,5
420307,1,1,1990,17,17,17,17,17,17,17,17,17,17
420308,1,1,1990,9,9,9,9,9,9,9,9,9,9
420309,1,1,1990,6,6,6,6,6,6,6,6,6,6
420310,0,1,1990,14,14,14,14,14,14,14,14,14,14
420310,1,1,1990,14,8,22,18,22,0,12,0,11,29
420311,1,1,1990,0,0,0,0,0,0,0,0,0,0
420312,0,1,1990,0,0,0,0,0,0,0,0,0,0
420312,1,1,1990,36,36,36,36,36,36,36,36,36,36
420313,1,1,1990,13,13,13,13,13,13,13,13,13,13
420313,2,1,1990,40,0,7,20,27,0,0,0,0,0
420314,1,1,1990,0,0,0,0,0,0,0,0,0,0
420314,2,1,1990,0,0,24,0,0,0,0,0,0,0
420315,1,1,1990,21,21,21,21,21,21,21,21,21,21
420315,2,1,1990,0,0,0,0,0,0,0,0,0,0
420316,1,1,1990,6,6,6,6,6,6,6,6,6,6