ST_CASE,VEH_NO,PER_NO,YEAR,P1,P2,P3,P4,P5,P6,P7,P8,P9,P10
420317,1,1,1990,21,21,21,21,21,21,21,21,21,21
420318,1,1,1990,0,0,0,0,0,0,0,0,0,0
420319,1,1,1990,0,0,0,0,0,0,0,0,0,0
420319,2,1,1990,0,0,0,0,0,0,0,0,0,0
420320,1,1,1990,0,0,0,0,0,0,0,0,0,0
420320,2,1,1990,12,0,0,0,0,0,0,0,0,0
420321,1,1,1990,16,16,16,16,16,16,16,16,16,16
420321,2,1,1990,0,0,0,0,0,0,0,0,0,0
420322,1,1,1990,0,0,0,0,0,0,0,0,0,0
420323,1,1,1990,5,5,5,5,5,5,5,5,5,5
420323,2,1,1990,0,0,0,0,0,0,0,0,0,0
420324,1,1,1990,0,0,0,0,0,0,0,0,0,0
420325,1,1,1990,0,0,0,0,0,0,0,0,0,0
420325,2,1,1990,0,0,0,0,0,0,0,0,0,0
420325,3,1,1990,0,0,0,0,0,0,0,0,0,0
420325,4,1,1990,0,0,0,0,0,0,0,0,0,0
420326,1,1,1990,4,4,4,4,4,4,4,4,4,4
420326,2,1,1990,9,22,4,9,15,0,0,0,0,21
420327,0,1,1990,18,18,18,18,18,18,18,18,18,18
420327,1,1,1990,0,0,0,0,0,0,0,0,0,0
420328,1,1,1990,0,0,0,0,0,0,0,0,0,0
420329,1,1,1990,0,0,0,0,0,0,0,0,0,0
420329,2,1,1990,0,0,0,0,0,0,0,0,0,0
420329,3,1,1990,0,0,0,0,0,0,0,0,0,0
420330,1,1,1990,34,34,34,34,34,34,34,34,34,34
420331,1,1,1990,17,17,17,17,17,17,17,17,17,17
420331,2,1,1990,0,0,0,0,0,0,0,0,0,0
420332,1,1,1990,12,12,12,12,12,12,12,12,12,12
420333,0,1,1990,8,8,8,8,8,8,8,8,8,8
420333,1,1,1990,0,0,0,0,0,0,0,0,0,0
420334,1,1,1990,0,0,0,0,0,0,0,0,0,0
420334,2,1,1990,0,0,0,0,0,0,0,0,0,0
420335,1,1,1990,26,26,26,26,26,26,26,26,26,26
420336,1,1,1990,18,18,18,18,18,18,18,18,18,18
420337,0,1,1990,0,0,0,0,0,0,0,0,0,0
420337,1,1,1990,0,0,0,0,0,0,0,0,0,0
420338,1,1,1990,14,14,14,14,14,14,14,14,14,14
420338,2,1,1990,0,0,0,0,0,0,0,0,0,0
420339,1,1,1990,15,15,15,15,15,15,15,15,15,15
420339,2,1,1990,0,0,11,0,0,0,0,0,0,0
420340,1,1,1990,15,15,15,15,15,15,15,15,15,15
420341,1,1,1990,0,0,0,0,0,0,0,0,0,0
420341,2,1,1990,0,0,0,0,0,0,0,0,0,0
420342,1,1,1990,22,22,22,22,22,22,22,22,22,22
420343,1,1,1990,0,0,0,0,0,0,0,0,0,0
420343,2,1,1990,0,0,0,0,0,0,0,0,0,0
420344,1,1,1990,0,0,0,0,0,0,0,0,0,0
420344,2,1,1990,0,0,0,0,0,0,0,0,0,0
420344,3,1,1990,0,0,0,0,0,0,0,0,0,0
420345,1,1,1990,0,0,0,0,0,0,0,0,0,0
420345,2,1,1990,0,0,0,0,0,0,0,0,0,0
420346,1,1,1990,16,16,16,16,16,16,16,16,16,16
420347,0,1,1990,0,0,0,0,0,0,0,0,0,0
420347,1,1,1990,18,18,18,18,18,18,18,18,18,18
420348,1,1,1990,27,27,27,27,27,27,27,27,27,27
420349,1,1,1990,20,20,20,20,20,20,20,20,20,20
420349,2,1,1990,12,12,12,12,12,12,12,12,12,12
420350,1,1,1990,16,16,16,16,16,16,16,16,16,16
420351,1,1,1990,0,0,0,0,12,0,0,0,0,0
420352,1,1,1990,0,0,0,0,8,22,0,0,0,0
420352,2,1,1990,0,0,0,0,0,0,0,0,0,0
420353,1,1,1990,15,15,15,15,15,15,15,15,15,15
420354,0,1,1990,27,27,27,27,27,27,27,27,27,27
420354,1,1,1990,0,0,0,0,0,0,0,0,0,0
420355,1,1,1990,10,10,10,10,10,10,10,10,10,10
420355,2,1,1990,0,0,0,0,0,0,0,0,0,0
420356,1,1,1990,7,7,7,7,7,7,7,7,7,7
420357,1,1,1990,0,0,0,0,0,0,0,0,0,0
420358,1,1,1990,11,0,0,11,12,0,21,0,0,0
420358,2,1,1990,0,0,0,0,0,0,0,0,0,0
420358,3,1,1990,0,0,0,0,0,11,0,11,19,0
420359,1,1,1990,0,0,0,0,0,0,0,0,0,0
420359,2,1,1990,6,6,6,6,6,6,6,6,6,6
420359,3,1,1990,0,0,0,0,0,0,14,0,0,0
420360,1,1,1990,21,21,21,21,21,21,21,21,21,21
420361,1,1,1990,14,14,14,14,14,14,14,14,14,14
420362,0,1,1990,22,22,22,22,22,22,22,22,22,22
420362,1,1,1990,0,0,21,5,0,0,27,17,0,19
420363,1,1,1990,0,0,0,0,0,0,0,0,0,0
420363,2,1,1990,0,0,0,0,0,0,0,0,0,0
420363,3,1,1990,0,0,0,0,0,0,0,0,0,0
420363,4,1,1990,0,0,0,0,0,0,0,14,0,0
420364,1,1,1990,11,11,11,11,11,11,11,11,11,11
420365,1,1,1990,0,0,0,0,0,0,0,0,0,0
420365,2,1,1990,0,0,0,0,0,0,0,0,0,0
420366,1,1,1990,26,26,26,26,26,26,26,26,26,26
420367,0,1,1990,0,0,0,0,0,0,0,0,0,0
420367,1,1,1990,0,0,0,0,0,0,0,0,0,0
420368,1,1,1990,0,0,0,0,0,0,0,0,0,0
420368,2,1,1990,0,0,0,0,0,0,0,0,0,0
420368,3,1,1990,0,0,0,0,13,0,0,0,0,0
420369,0,1,1990,15,15,15,15,15,15,15,15,15,15
420369,1,1,1990,27,27,27,27,27,27,27,27,27,27
420370,1,1,1990,0,0,0,0,0,0,0,0,0,0
420370,2,1,1990,22,0,0,0,16,0,7,0,0,0
420370,3,1,1990,0,0,0,0,0,0,0,0,0,19
420371,0,1,1990,0,0,0,0,13,0,0,0,0,22
420371,1,1,1990,0,0,0,0,0,0,0,0,0,0
420372,0,1,1990,0,0,0,0,0,0,0,0,0,0
420372,1,1,1990,2,2,2,2,2,2,2,2,2,2
420373,1,1,1990,29,15,20,27,33,22,11,8,23,11
420374,1,1,1990,30,30,30,30,30,30,30,30,30,30
420375,1,1,1990,13,13,13,13,13,13,13,13,13,13
420375,2,1,1990,0,0,0,0,0,0,0,0,0,0
420376,1,1,1990,0,0,0,0,0,0,0,0,0,0
420377,1,1,1990,19,19,19,19,19,19,19,19,19,19
420378,1,1,1990,1,1,1,1,1,1,1,1,1,1
420378,2,1,1990,0,0,0,0,0,0,0,0,0,0
420379,1,1,1990,24,24,24,24,24,24,24,24,24,24
420380,1,1,1990,0,0,0,0,0,0,0,0,0,0
420380,2,1,1990,0,0,0,0,0,0,0,0,0,0
420380,3,1,1990,0,0,0,0,0,0,0,0,0,0
420381,1,1,1990,14,14,14,14,14,14,14,14,14,14
420382,1,1,1990,0,0,0,0,0,0,0,0,0,0
420383,1,1,1990,0,0,0,0,0,0,0,0,0,0
420383,2,1,1990,0,0,0,0,0,0,0,0,0,0
420383,3,1,1990,0,0,0,0,0,0,0,0,0,0
420383,4,1,1990,0,0,0,0,0,0,0,0,0,0
420383,5,1,1990,0,0,0,0,0,0,0,0,0,0
420383,6,1,1990,0,0,0,0,0,0,0,0,0,0
420383,7,1,1990,0,0,0,0,0,0,0,0,0,0
420383,8,1,1990,0,0,0,0,0,0,0,0,0,0
420383,9,1,1990,0,0,0,0,0,0,0,0,0,0
420383,10,1,1990,0,0,0,0,0,0,0,0,0,0
420383,11,1,1990,0,0,0,0,0,0,0,0,0,0
420384,1,1,1990,0,0,0,0,0,0,0,0,0,0
420384,2,1,1990,0,0,0,0,0,0,0,0,0,0
420385,0,1,1990,0,0,0,0,0,0,0,0,0,0
420385,1,1,1990,0,0,0,0,0,0,0,0,0,0
420386,1,1,1990,23,23,23,23,23,23,23,23,23,23
420387,1,1,1990,7,20,29,10,13,4,14,0,0,15
420387,2,1,1990,0,0,0,0,0,0,0,0,0,0
420388,1,1,1990,15,15,15,15,15,15,15,15,15,15
420389,0,1,1990,0,7,24,22,6,27,0,0,7,11
420389,0,2,1990,0,19,7,30,45,0,0,0,11,16
420389,1,1,1990,12,12,12,12,12,12,12,12,12,12
420390,1,1,1990,0,0,0,0,0,0,0,0,0,0
420390,2,1,1990,0,0,0,0,0,0,0,0,0,0
420390,3,1,1990,0,0,0,0,0,0,0,0,0,0
420391,1,1,1990,0,0,0,0,0,0,0,0,0,0
420391,2,1,1990,0,0,0,0,0,0,0,0,0,0
420392,1,1,1990,2,2,2,2,2,2,2,2,2,2
420392,2,1,1990,0,0,16,0,0,0,19,0,13,0
420393,1,1,1990,0,0,0,0,0,0,0,12,0,0
420393,2,1,1990,0,0,0,0,0,0,0,0,0,0
420394,1,1,1990,19,8,10,10,13,0,17,3,0,0
420394,2,1,1990,0,4,7,0,0,0,0,0,18,8
420394,3,1,1990,0,0,0,2,17,0,0,0,0,0
420395,1,1,1990,0,4,0,0,0,0,0,0,0,0
420396,0,1,1990,0,16,0,11,14,0,0,0,0,17
420396,1,1,1990,0,0,39,11,0,0,15,0,0,0
420397,0,1,1990,0,0,0,0,0,0,0,0,0,0
420397,1,1,1990,0,0,0,0,0,0,0,0,0,0
420398,0,1,1990,22,22,22,22,22,22,22,22,22,22
420398,1,1,1990,0,0,9,18,27,0,28,0,0,0
420399,0,1,1990,19,19,19,19,19,19,19,19,19,19
420399,1,1,1990,0,0,0,0,0,0,0,10,0,0
420400,0,1,1990,0,0,20,0,17,0,7,27,0,25
420400,1,1,1990,5,5,5,5,5,5,5,5,5,5
420401,1,1,1990,0,0,0,0,0,0,0,0,0,0
420402,0,1,1990,0,0,0,0,0,0,0,0,0,0
420402,1,1,1990,0,0,0,0,0,0,0,0,0,0
420403,0,1,1990,0,0,0,0,0,0,0,0,0,0
420403,1,1,1990,0,0,0,0,0,0,0,0,0,0
420404,1,1,1990,8,8,8,8,8,8,8,8,8,8
420405,1,1,1990,14,14,14,14,14,14,14,14,14,14
420406,1,1,1990,0,0,0,0,0,0,0,0,0,0
420406,2,1,1990,0,0,0,10,0,0,0,0,0,0
420407,1,1,1990,20,20,20,20,20,20,20,20,20,20
420408,1,1,1990,15,15,15,15,15,15,15,15,15,15
420409,1,1,1990,0,0,0,0,0,0,0,0,0,0
420409,2,1,1990,0,0,0,0,0,0,0,0,0,11
420410,1,1,1990,16,16,16,16,16,16,16,16,16,16
420411,1,1,1990,13,13,13,13,13,13,13,13,13,13
420412,1,1,1990,0,5,0,0,0,0,0,0,0,0
420412,2,1,1990,0,0,0,0,0,0,0,24,13,0
420413,0,1,1990,0,0,0,0,0,0,0,0,0,0
420413,1,1,1990,3,3,3,3,3,3,3,3,3,3
420414,1,1,1990,0,0,0,0,0,0,0,0,0,0
420415,1,1,1990,0,0,0,0,0,0,0,0,0,0
420415,2,1,1990,0,0,0,0,0,0,0,0,0,0
420415,3,1,1990,0,0,0,0,0,0,0,0,0,0
420416,1,1,1990,15,0,0,32,0,0,6,19,24,19
420417,1,1,1990,0,0,0,0,0,0,0,0,0,0
420417,2,1,1990,0,0,0,0,0,0,0,0,0,0
420418,1,1,1990,1,1,1,1,1,1,1,1,1,1
420418,2,1,1990,4,4,4,4,4,4,4,4,4,4
420418,3,1,1990,7,0,0,0,0,0,0,0,0,0
420419,1,1,1990,11,11,11,11,11,11,11,11,11,11
420420,1,1,1990,18,18,18,18,18,18,18,18,18,18
420421,1,1,1990,12,12,12,12,12,12,12,12,12,12
420422,1,1,1990,26,26,26,26,26,26,26,26,26,26
420423,1,1,1990,14,14,14,14,14,14,14,14,14,14
420424,1,1,1990,0,0,0,0,0,0,0,0,0,0
420425,1,1,1990,14,14,14,14,14,14,14,14,14,14
420426,1,1,1990,9,9,9,9,9,9,9,9,9,9
420427,1,1,1990,4,4,4,4,4,4,4,4,4,4
420428,1,1,1990,0,0,0,0,0,0,0,0,0,9
420428,2,1,1990,0,40,14,0,0,0,0,0,0,0
420428,3,1,1990,0,0,0,0,0,22,0,0,0,0
420428,4,1,1990,0,0,7,0,0,0,0,0,0,0
420429,1,1,1990,0,0,0,0,0,0,0,0,0,0
420430,1,1,1990,15,15,15,15,15,15,15,15,15,15
420431,1,1,1990,0,0,0,0,0,0,0,0,0,0
420432,0,1,1990,0,0,3,40,0,31,9,27,0,34
420432,1,1,1990,16,11,23,0,0,0,0,35,0,0
420433,1,1,1990,0,29,0,0,13,0,26,0,33,0
420434,0,1,1990,0,0,0,0,0,0,0,0,0,0
420434,1,1,1990,13,0,0,0,0,0,0,0,0,0
420435,0,1,1990,0,0,0,0,0,0,0,0,0,0
420435,1,1,1990,0,0,0,0,0,0,0,0,0,0
420436,1,1,1990,0,0,0,0,0,0,0,0,0,0
420436,2,1,1990,0,0,0,29,0,0,0,0,0,17
420437,1,1,1990,0,0,0,0,0,0,0,0,0,21
420437,2,1,1990,0,0,0,0,0,0,19,0,30,0
420438,1,1,1990,40,0,0,0,0,0,0,0,0,20
420438,2,1,1990,0,0,0,0,0,0,0,0,0,0
420438,3,1,1990,0,0,0,0,18,0,0,0,0,0
420438,4,1,1990,0,0,0,0,0,0,0,0,0,0
420439,1,1,1990,23,23,23,23,23,23,23,23,23,23
420439,2,1,1990,0,0,0,0,0,0,0,0,0,7
420439,3,1,1990,0,0,0,0,0,0,0,0,0,0
420439,4,1,1990,0,0,0,0,0,0,0,0,0,0
420439,5,1,1990,0,0,0,0,0,0,0,0,0,0
420440,1,1,1990,0,0,0,0,0,0,0,0,0,0
420440,2,1,1990,0,0,0,0,0,0,0,0,0,0
420441,0,1,1990,0,0,0,0,0,0,0,0,0,0
420441,1,1,1990,0,0,0,0,0,0,0,0,0,0
420441,2,1,1990,0,0,0,0,0,0,0,0,0,0
420442,1,1,1990,0,29,0,0,0,0,0,0,0,0
420443,1,1,1990,0,16,10,0,0,0,9,3,0,0
420444,0,1,1990,0,0,0,0,0,0,0,0,0,0
420444,1,1,1990,17,17,17,17,17,17,17,17,17,17
420445,1,1,1990,0,0,0,0,0,0,0,0,0,0
420445,2,1,1990,0,0,4,0,0,0,0,0,0,0
420446,1,1,1990,0,0,0,0,0,0,0,0,0,0
420446,2,1,1990,0,0,0,0,0,0,11,0,0,0
420447,1,1,1990,17,0,0,19,0,21,0,12,0,0
420447,2,1,1990,0,0,0,0,0,0,14,0,0,0
420448,0,1,1990,12,12,12,12,12,12,12,12,12,12
420448,1,1,1990,20,20,20,20,20,20,20,20,20,20
420449,0,1,1990,0,0,0,0,0,0,0,0,0,0
420449,1,1,1990,0,23,0,0,0,0,14,0,0,0
420450,1,1,1990,0,0,16,0,0,8,0,14,0,0
420450,2,1,1990,21,0,0,0,0,0,7,19,12,0
420451,1,1,1990,0,0,0,0,0,0,0,0,0,0
420451,2,1,1990,0,0,0,0,0,20,0,0,0,0
420451,3,1,1990,0,0,0,0,0,0,0,0,0,0
420452,1,1,1990,0,0,0,0,0,0,0,0,0,0
420452,2,1,1990,0,0,0,0,0,0,0,0,0,0
420453,1,1,1990,26,26,26,26,26,26,26,26,26,26
420454,1,1,1990,0,0,0,0,0,0,0,0,0,0
420454,2,1,1990,0,18,0,0,0,0,0,0,0,0
420454,3,1,1990,0,0,0,0,0,0,0,0,0,0
420455,0,1,1990,20,8,24,0,0,21,12,19,17,24
420455,1,1,1990,11,0,0,0,0,0,22,0,0,0
420456,1,1,1990,0,0,0,0,0,0,0,0,0,0
420456,2,1,1990,0,0,0,0,0,0,0,0,0,0
420457,0,1,1990,0,0,0,0,0,0,0,0,0,0
420458,1,1,1990,0,0,0,0,0,0,0,0,0,0
420458,2,1,1990,0,18,0,0,0,0,0,0,25,0
420459,1,1,1990,27,27,27,27,27,27,27,27,27,27
420459,2,1,1990,15,0,0,0,0,18,17,0,0,0
420459,3,1,1990,0,0,5,0,0,0,12,0,0,0
420459,4,1,1990,0,14,0,11,0,6,0,20,0,13
420460,1,1,1990,0,0,0,0,0,0,0,0,0,0
420461,0,1,1990,0,0,0,0,0,0,0,0,0,0
420461,1,1,1990,0,0,0,0,0,0,0,0,0,0
420462,0,1,1990,12,12,12,12,12,12,12,12,12,12
420462,1,1,1990,0,0,0,0,0,0,0,0,0,7
420463,1,1,1990,0,0,0,0,0,0,0,0,0,0
420463,2,1,1990,0,0,0,0,0,0,0,15,0,0
420464,1,1,1990,26,26,26,26,26,26,26,26,26,26
420465,1,1,1990,0,0,0,0,0,0,0,0,0,0
420466,0,1,1990,11,11,11,11,11,11,11,11,11,11
420466,1,1,1990,0,0,0,0,0,0,0,0,0,0
420466,2,1,1990,0,0,0,0,0,0,0,0,0,0
420467,1,1,1990,0,0,0,0,0,0,0,0,0,0
420468,1,1,1990,0,0,0,0,0,0,0,0,0,0
420469,0,1,1990,0,0,0,0,0,0,0,0,0,0
420469,1,1,1990,0,0,0,0,0,0,0,0,0,0
420470,1,1,1990,21,21,21,21,21,21,21,21,21,21
420470,2,1,1990,0,0,0,0,0,0,0,0,0,0
420471,1,1,1990,25,25,25,25,25,25,25,25,25,25
420472,1,1,1990,0,0,0,0,0,0,0,0,0,0
420473,0,1,1990,0,0,0,0,0,0,0,0,0,0
420473,1,1,1990,0,0,0,0,0,0,0,0,0,0
420474,1,1,1990,15,15,15,15,15,15,15,15,15,15
420475,1,1,1990,0,0,0,0,0,0,0,0,0,0
420476,1,1,1990,0,0,0,0,0,0,0,0,14,0
420476,2,1,1990,0,0,0,0,11,10,8,11,0,0
420476,3,1,1990,0,0,0,0,0,0,8,0,0,0
420477,1,1,1990,26,26,26,26,26,26,26,26,26,26
420478,1,1,1990,6,6,6,6,6,6,6,6,6,6
420479,0,1,1990,26,26,26,26,26,26,26,26,26,26
420479,1,1,1990,0,0,0,0,0,0,0,0,0,0
420480,1,1,1990,22,22,22,22,22,22,22,22,22,22
420481,1,1,1990,0,0,35,20,20,0,21,0,19,0
420481,2,1,1990,0,0,0,0,0,0,0,0,0,0
420483,1,1,1990,22,22,22,22,22,22,22,22,22,22
420484,1,1,1990,12,12,12,12,12,12,12,12,12,12
420485,0,1,1990,0,0,0,0,0,0,0,0,0,0
420485,1,1,1990,0,0,0,0,0,0,0,0,0,0
420486,1,1,1990,0,0,0,0,0,0,0,0,0,0
420486,2,1,1990,0,0,0,0,0,0,0,0,0,0
420487,1,1,1990,0,0,0,0,0,0,0,0,0,0
420487,2,1,1990,0,0,0,0,0,0,0,0,0,0
420488,0,1,1990,0,0,0,20,0,0,0,0,0,0
420488,1,1,1990,22,22,22,22,22,22,22,22,22,22
420489,1,1,1990,14,14,14,14,14,14,14,14,14,14
420490,1,1,1990,0,0,0,0,0,0,0,0,0,0
420490,2,1,1990,0,0,0,0,0,0,0,0,0,0
420491,1,1,1990,14,14,14,14,14,14,14,14,14,14
420492,1,1,1990,27,27,27,27,27,27,27,27,27,27
420492,2,1,1990,0,0,0,0,0,0,0,0,0,0
420493,1,1,1990,23,0,10,15,19,13,35,14,11,27
420494,0,1,1990,0,0,0,0,0,0,0,0,0,0
420494,1,1,1990,0,0,0,15,26,6,0,20,0,0
420495,1,1,1990,0,12,0,0,21,0,0,0,0,0
420496,1,1,1990,6,6,6,6,6,6,6,6,6,6
420497,1,1,1990,0,0,0,0,0,0,0,0,0,0
420497,2,1,1990,0,0,0,0,0,0,0,0,0,0
420497,3,1,1990,0,0,0,0,0,0,0,0,0,0
420498,1,1,1990,0,0,0,0,0,0,0,0,0,0
420498,2,1,1990,0,0,0,0,0,0,0,0,0,0
420498,3,1,1990,0,0,0,0,0,0,0,0,0,0
420499,0,1,1990,0,0,0,0,0,0,0,0,0,0
420499,1,1,1990,0,0,0,0,0,15,0,31,11,0
420500,0,1,1990,0,0,0,0,0,0,0,0,0,0
420500,1,1,1990,0,0,5,0,0,0,0,0,0,0
420501,1,1,1990,0,0,0,0,0,0,0,0,0,0
420502,1,1,1990,18,18,18,18,18,18,18,18,18,18
420502,2,1,1990,3,3,3,3,3,3,3,3,3,3
420503,0,1,1990,0,0,0,0,0,0,0,0,0,0
420503,1,1,1990,0,0,0,0,0,0,0,0,0,0
420504,1,1,1990,0,0,0,0,0,0,0,0,0,0
420504,2,1,1990,8,0,30,22,15,15,21,13,13,4
420505,0,1,1990,16,16,16,16,16,16,16,16,16,16
420505,1,1,1990,0,0,0,0,0,0,0,21,0,0
420506,0,1,1990,0,0,0,0,0,0,0,0,0,0
420506,1,1,1990,0,0,0,0,0,0,0,0,0,0
420507,1,1,1990,0,0,0,0,0,0,0,0,0,0
420507,2,1,1990,14,0,0,0,0,0,0,0,0,0
420508,1,1,1990,0,0,0,0,12,0,0,0,0,0
420508,2,1,1990,16,0,0,0,0,10,31,0,0,20
420509,0,1,1990,22,22,22,22,22,22,22,22,22,22
420509,1,1,1990,34,34,34,34,34,34,34,34,34,34
420510,1,1,1990,0,0,0,0,0,0,0,0,0,0
420510,2,1,1990,0,0,0,0,0,0,0,0,0,0
420511,1,1,1990,0,0,0,0,0,0,0,0,0,0
420512,0,1,1990,0,0,0,0,0,0,0,0,0,0
420512,0,2,1990,29,17,0,0,0,0,0,0,0,18
420512,1,1,1990,19,19,19,19,19,19,19,19,19,19
420513,1,1,1990,21,21,21,21,21,21,21,21,21,21
420514,1,1,1990,0,0,0,0,0,0,0,0,0,0
420514,2,1,1990,0,0,0,0,0,0,0,0,0,0
420515,1,1,1990,0,0,0,0,0,0,0,0,0,0
420516,1,1,1990,12,0,0,24,13,19,0,0,0,0
420516,2,1,1990,0,0,0,0,0,0,0,0,0,0
420517,1,1,1990,0,0,0,0,0,0,0,0,0,0
420517,2,1,1990,0,0,0,0,0,0,0,0,0,0
420518,1,1,1990,0,0,0,0,10,0,0,0,0,0
420518,2,1,1990,0,0,0,0,0,0,0,0,0,0
420519,1,1,1990,25,25,25,25,25,25,25,25,25,25
420520,1,1,1990,16,12,20,18,0,0,0,0,24,0
420520,2,1,1990,22,0,0,0,0,0,0,0,0,3
420521,1,1,1990,0,0,0,0,0,0,0,0,0,0
420521,2,1,1990,6,6,6,6,6,6,6,6,6,6
420522,1,1,1990,0,0,0,0,0,0,0,0,0,0
420523,1,1,1990,0,0,8,0,0,0,0,0,0,7
420524,1,1,1990,12,12,12,12,12,12,12,12,12,12
420524,2,1,1990,0,0,0,0,0,0,0,0,0,0
420525,0,1,1990,0,10,0,0,20,0,10,22,23,24
420525,1,1,1990,28,28,28,28,28,28,28,28,28,28
420526,1,1,1990,7,0,0,0,0,24,0,0,0,0
420527,1,1,1990,0,0,0,0,0,0,0,0,0,0
420527,2,1,1990,0,0,0,0,0,0,0,0,0,0
420528,1,1,1990,0,0,0,0,0,0,0,0,0,0
420529,1,1,1990,25,25,25,25,25,25,25,25,25,25
420530,1,1,1990,8,8,8,8,8,8,8,8,8,8
420531,1,1,1990,0,0,0,0,0,0,0,0,0,0
420531,2,1,1990,19,19,19,19,19,19,19,19,19,19
420531,3,1,1990,19,19,19,19,19,19,19,19,19,19
420532,2,1,1990,12,12,12,12,12,12,12,12,12,12
420533,1,1,1990,0,0,0,0,0,0,0,0,0,0
420534,1,1,1990,8,8,8,8,8,8,8,8,8,8
420535,1,1,1990,0,0,0,0,0,0,0,0,0,0
420536,1,1,1990,0,0,0,0,0,0,0,0,0,0
420536,2,1,1990,0,0,0,0,0,0,0,0,0,12
420537,1,1,1990,0,13,0,0,0,0,0,0,0,0
420538,1,1,1990,0,26,0,0,0,0,0,0,0,0
420538,2,1,1990,0,0,0,0,0,0,0,0,0,0
420539,1,1,1990,0,0,0,0,0,0,0,0,0,0
420539,2,1,1990,0,0,0,0,0,0,0,0,0,0
420540,1,1,1990,0,0,0,0,0,0,0,0,0,0
420540,2,1,1990,0,0,0,0,0,0,0,0,0,0
420541,1,1,1990,13,13,13,13,13,13,13,13,13,13
420542,1,1,1990,0,0,0,0,0,0,0,0,0,0
420542,2,1,1990,23,23,23,23,23,23,23,23,23,23
420543,1,1,1990,24,24,24,24,24,24,24,24,24,24
420544,1,1,1990,16,16,16,16,16,16,16,16,16,16
420545,1,1,1990,0,0,0,0,0,0,0,0,0,0
420546,1,1,1990,22,22,22,22,22,22,22,22,22,22
420546,2,1,1990,0,0,0,0,0,0,0,0,0,0
420547,1,1,1990,18,18,18,18,18,18,18,18,18,18
420547,2,1,1990,0,0,0,0,0,0,0,0,0,0
420548,1,1,1990,0,0,0,0,0,0,0,0,0,0
420549,1,1,1990,19,19,19,19,19,19,19,19,19,19
420550,1,1,1990,19,16,34,12,23,17,18,17,6,6
420551,1,1,1990,10,10,10,10,10,10,10,10,10,10
420552,1,1,1990,22,22,22,22,22,22,22,22,22,22
420553,0,1,1990,0,28,33,19,58,23,5,14,23,19
420553,1,1,1990,0,0,0,0,0,3,0,0,0,0
420554,1,1,1990,0,20,0,0,23,0,9,0,0,0
420554,2,1,1990,9,0,20,0,0,0,0,0,0,0
420556,1,1,1990,0,0,0,9,0,25,0,0,0,0
420556,2,1,1990,0,0,0,9,0,0,0,0,7,0
420556,3,1,1990,0,15,12,0,0,0,0,0,0,26
420557,1,1,1990,0,0,0,0,12,0,0,0,0,0
420558,1,1,1990,0,0,0,0,0,4,0,0,0,0
420559,1,1,1990,14,11,23,29,26,25,14,11,13,0
420559,2,1,1990,0,0,0,0,0,0,0,0,0,0
420560,1,1,1990,0,0,0,0,0,0,0,0,0,0
420560,2,1,1990,0,0,0,0,0,0,0,0,0,0
420561,1,1,1990,6,6,6,6,6,6,6,6,6,6
420562,1,1,1990,6,0,0,0,0,0,0,0,12,0
420562,2,1,1990,0,0,0,0,0,0,0,0,0,0
420564,1,1,1990,0,0,0,0,0,0,0,0,0,0
420564,2,1,1990,0,0,0,0,0,0,0,0,0,0
420565,1,1,1990,11,11,11,11,11,11,11,11,11,11
420566,1,1,1990,0,0,0,25,0,0,0,0,0,0
420566,2,1,1990,0,0,0,5,0,0,0,0,0,0
420567,1,1,1990,17,17,17,17,17,17,17,17,17,17
420567,2,1,1990,7,0,16,0,9,0,0,0,0,15
420568,1,1,1990,0,0,0,0,0,6,0,0,0,0
420568,2,1,1990,0,0,0,0,0,0,0,0,0,0
420568,3,1,1990,0,0,0,0,0,0,0,0,0,0
420568,4,1,1990,0,0,0,0,0,0,0,0,0,0
420568,5,1,1990,20,0,0,5,9,0,17,0,0,12
420568,6,1,1990,0,0,0,0,0,0,0,0,0,0
420569,1,1,1990,6,6,6,6,6,6,6,6,6,6
420569,2,1,1990,22,22,22,22,22,22,22,22,22,22
420570,1,1,1990,0,0,0,9,0,0,0,0,0,0
420570,2,1,1990,7,0,0,16,0,0,9,0,0,0
420571,1,1,1990,0,0,0,0,0,0,0,0,0,0
420572,1,1,1990,0,0,0,0,0,0,0,0,0,0
420572,2,1,1990,0,22,0,0,0,0,0,0,0,0
420573,1,1,1990,27,27,27,27,27,27,27,27,27,27
420573,2,1,1990,10,17,22,0,0,0,0,0,12,0
420573,3,1,1990,0,12,23,28,0,2,0,21,0,0
420574,0,1,1990,0,0,9,0,0,0,0,0,0,0
420574,1,1,1990,0,0,0,0,0,0,0,0,0,0
420575,1,1,1990,0,0,0,0,0,0,0,0,3,0
420575,2,1,1990,0,0,9,0,6,0,0,0,0,0
420576,0,1,1990,0,0,0,0,0,0,0,0,0,0
420576,1,1,1990,0,0,0,0,0,0,0,9,0,0
420577,0,1,1990,0,0,0,0,0,0,0,0,0,0
420577,1,1,1990,0,0,0,0,0,0,0,0,0,0
420578,0,1,1990,0,0,0,0,0,19,0,0,0,0