ST_CASE,VEH_NO,PER_NO,YEAR,P1,P2,P3,P4,P5,P6,P7,P8,P9,P10
420578,1,1,1990,0,0,0,0,0,10,17,0,0,0
420579,0,1,1990,46,0,0,0,0,0,0,0,0,0
420579,1,1,1990,0,0,0,0,0,0,0,0,0,0
420580,1,1,1990,0,0,0,0,0,0,0,13,0,0
420580,2,1,1990,0,0,0,0,0,0,0,0,0,0
420581,1,1,1990,0,0,0,0,0,0,0,0,0,0
420582,1,1,1990,0,0,0,0,0,0,0,0,0,0
420582,2,1,1990,0,0,0,0,0,0,0,0,0,0
420582,3,1,1990,0,0,0,0,0,0,0,0,0,0
420583,1,1,1990,11,11,11,11,11,11,11,11,11,11
420584,1,1,1990,24,24,24,24,24,24,24,24,24,24
420585,0,1,1990,0,0,0,0,0,0,0,0,0,0
420585,1,1,1990,0,0,0,0,0,0,0,0,0,0
420586,1,1,1990,18,18,18,18,18,18,18,18,18,18
420587,1,1,1990,0,0,0,0,0,0,0,0,0,0
420587,2,1,1990,0,0,0,0,0,0,0,0,0,0
420588,1,1,1990,0,0,0,0,0,0,0,0,0,0
420588,2,1,1990,0,0,0,0,0,0,0,0,0,0
420589,1,1,1990,0,0,0,0,0,0,0,0,0,0
420589,2,1,1990,0,0,0,0,0,0,0,0,0,0
420590,1,1,1990,21,21,21,21,21,21,21,21,21,21
420591,1,1,1990,0,0,0,0,0,0,0,0,0,0
420591,2,1,1990,0,0,0,0,0,0,0,0,0,0
420592,1,1,1990,0,0,0,0,0,0,0,0,0,0
420593,1,1,1990,9,9,9,9,9,9,9,9,9,9
420594,1,1,1990,15,15,15,15,15,15,15,15,15,15
420594,2,1,1990,0,0,0,0,0,0,0,0,0,0
420595,1,1,1990,0,0,0,0,0,0,0,0,0,0
420595,2,1,1990,0,0,0,0,0,0,0,0,0,0
420595,3,1,1990,0,4,0,0,0,0,0,0,0,0
420595,4,1,1990,0,0,0,0,0,0,0,0,0,0
420596,1,1,1990,0,0,0,0,15,0,7,0,0,0
420596,2,1,1990,0,0,0,0,0,0,0,0,0,0
420597,1,1,1990,0,0,15,0,0,0,0,0,0,0
420597,2,1,1990,0,0,0,0,0,0,0,12,0,0
420598,1,1,1990,0,0,0,4,0,0,0,0,0,0
420598,2,1,1990,0,0,0,0,0,0,0,0,0,8
420599,0,1,1990,0,18,3,0,0,0,0,0,0,9
420599,1,1,1990,0,0,0,0,12,0,0,0,0,0
420599,2,1,1990,0,0,0,0,0,0,0,0,0,0
420599,3,1,1990,0,0,0,0,19,0,0,0,0,0
420599,4,1,1990,0,0,0,0,0,0,0,0,0,0
420600,1,1,1990,17,24,24,23,12,20,0,33,16,12
420601,1,1,1990,0,0,0,0,0,0,0,0,0,0
420601,2,1,1990,0,0,0,0,0,0,0,0,0,0
420602,1,1,1990,16,16,16,16,16,16,16,16,16,16
420603,1,1,1990,0,0,0,0,0,0,0,0,21,30
420604,1,1,1990,0,0,0,3,0,0,7,0,0,0
420604,2,1,1990,13,13,13,13,13,13,13,13,13,13
420605,1,1,1990,0,0,0,0,0,26,0,0,22,0
420605,2,1,1990,0,0,0,0,0,0,5,0,0,0
420606,1,1,1990,0,0,0,14,9,0,0,0,0,0
420607,1,1,1990,0,0,0,0,0,0,0,0,0,0
420608,1,1,1990,15,15,15,15,15,15,15,15,15,15
420609,1,1,1990,0,0,0,0,0,0,0,0,15,0
420610,1,1,1990,10,10,10,10,10,10,10,10,10,10
420611,1,1,1990,0,0,0,0,19,14,0,0,0,0
420612,1,1,1990,0,0,0,0,0,0,0,0,0,0
420612,2,1,1990,0,0,0,0,8,0,0,0,0,0
420613,0,1,1990,13,13,13,13,13,13,13,13,13,13
420613,1,1,1990,0,0,0,0,0,0,0,0,0,0
420614,1,1,1990,28,28,28,28,28,28,28,28,28,28
420615,0,1,1990,0,0,0,0,0,0,0,0,0,0
420615,1,1,1990,0,0,0,0,0,0,0,0,0,0
420616,1,1,1990,8,8,8,8,8,8,8,8,8,8
420617,1,1,1990,17,17,17,17,17,17,17,17,17,17
420618,1,1,1990,0,0,0,0,0,12,0,0,0,11
420618,2,1,1990,0,0,0,0,0,0,0,0,0,0
420619,1,1,1990,0,0,0,0,0,0,0,0,0,0
420620,1,1,1990,8,7,14,23,11,9,6,0,15,10
420621,1,1,1990,43,43,43,43,43,43,43,43,43,43
420622,1,1,1990,0,11,0,0,0,0,0,0,0,0
420622,2,1,1990,0,0,0,0,0,0,0,0,0,0
420623,1,1,1990,23,23,23,23,23,23,23,23,23,23
420624,0,1,1990,0,0,0,0,0,0,0,0,19,0
420624,1,1,1990,0,0,0,0,0,0,0,0,0,0
420625,1,1,1990,13,13,13,13,13,13,13,13,13,13
420626,1,1,1990,0,15,0,0,19,0,0,0,0,28
420627,1,1,1990,0,21,10,12,20,19,25,23,0,13
420628,1,1,1990,4,4,4,4,4,4,4,4,4,4
420629,1,1,1990,0,0,0,0,0,0,0,0,0,0
420629,2,1,1990,0,0,0,0,0,0,0,0,0,0
420630,1,1,1990,0,0,0,0,0,0,0,0,0,0
420631,1,1,1990,25,25,25,25,25,25,25,25,25,25
420631,2,1,1990,0,16,0,22,0,0,0,0,0,0
420632,1,1,1990,1,1,1,1,1,1,1,1,1,1
420632,2,1,1990,0,0,0,0,0,0,0,0,0,0
420633,1,1,1990,17,17,28,21,32,25,17,22,29,27
420634,1,1,1990,17,17,17,17,17,17,17,17,17,17
420635,1,1,1990,10,10,10,10,10,10,10,10,10,10
420635,2,1,1990,0,0,0,0,0,0,0,0,0,0
420636,1,1,1990,18,18,18,18,18,18,18,18,18,18
420637,1,1,1990,0,5,3,0,0,0,11,0,0,0
420637,2,1,1990,0,0,0,0,0,5,0,0,0,0
420638,1,1,1990,0,0,0,0,0,0,0,0,0,0
420638,2,1,1990,0,0,0,0,0,0,0,0,0,0
420639,0,1,1990,0,0,0,0,0,0,0,0,0,0
420639,1,1,1990,0,0,0,0,0,0,0,0,0,0
420640,1,1,1990,14,14,14,14,14,14,14,14,14,14
420641,1,1,1990,0,0,0,0,0,0,0,0,0,0
420642,1,1,1990,0,0,0,0,0,0,0,0,0,0
420642,2,1,1990,0,0,0,0,0,0,0,0,0,0
420643,1,1,1990,26,26,26,26,26,26,26,26,26,26
420644,1,1,1990,15,0,17,10,17,8,25,16,17,12
420644,2,1,1990,0,0,0,0,0,0,0,0,0,0
420645,1,1,1990,0,0,0,0,13,32,19,9,35,0
420646,1,1,1990,0,0,0,0,0,0,0,0,0,0
420646,2,1,1990,0,0,0,0,0,6,0,0,0,0
420647,1,1,1990,11,11,11,11,11,11,11,11,11,11
420648,1,1,1990,5,0,0,0,0,0,0,0,0,0
420648,2,1,1990,0,0,0,10,0,0,14,0,6,0
420649,1,1,1990,0,0,31,0,0,6,24,0,0,0
420650,1,1,1990,0,0,0,0,0,0,0,0,0,0
420650,2,1,1990,0,0,0,0,0,0,0,0,0,0
420650,3,1,1990,0,0,0,0,0,0,0,0,0,0
420651,0,1,1990,0,0,0,0,0,0,0,0,0,0
420651,1,1,1990,0,0,0,0,0,0,0,0,0,0
420652,1,1,1990,0,16,0,30,13,5,0,17,0,11
420652,2,1,1990,0,0,5,9,0,0,0,0,0,0
420653,1,1,1990,16,0,0,0,0,0,0,0,0,0
420653,2,1,1990,22,22,22,22,22,22,22,22,22,22
420654,1,1,1990,0,0,0,0,0,0,0,0,0,0
420655,0,1,1990,0,12,0,0,0,0,0,0,21,0
420655,1,1,1990,23,23,23,23,23,23,23,23,23,23
420656,1,1,1990,24,24,24,24,24,24,24,24,24,24
420657,1,1,1990,21,21,21,21,21,21,21,21,21,21
420658,1,1,1990,27,27,27,27,27,27,27,27,27,27
420658,2,1,1990,0,0,0,0,0,0,0,0,0,0
420659,1,1,1990,29,29,29,29,29,29,29,29,29,29
420660,1,1,1990,25,25,25,25,25,25,25,25,25,25
420660,2,1,1990,0,0,0,0,0,0,0,0,0,0
420661,1,1,1990,0,0,0,0,19,20,0,0,0,0
420661,2,1,1990,0,0,0,0,0,0,7,0,0,0
420662,1,1,1990,26,0,0,0,0,0,0,0,0,0
420663,1,1,1990,20,20,20,20,20,20,20,20,20,20
420663,2,1,1990,0,18,0,21,14,9,10,11,0,0
420663,3,1,1990,0,0,0,0,0,0,0,0,0,0
420664,1,1,1990,0,4,0,0,0,0,0,0,0,0
420664,2,1,1990,4,4,4,4,4,4,4,4,4,4
420665,1,1,1990,0,24,0,29,0,0,0,0,10,0
420666,1,1,1990,9,13,6,0,0,0,0,0,0,0
420667,1,1,1990,11,31,25,17,0,15,17,23,11,9
420668,1,1,1990,19,0,3,0,0,51,0,5,27,17
420669,1,1,1990,0,0,0,0,0,0,0,0,0,0
420670,1,1,1990,0,0,0,0,0,0,0,0,0,0
420670,2,1,1990,0,0,0,0,0,0,0,21,0,0
420671,1,1,1990,20,20,20,20,20,20,20,20,20,20
420671,2,1,1990,1,1,1,1,1,1,1,1,1,1
420672,0,1,1990,0,0,0,0,0,0,0,0,0,0
420672,1,1,1990,0,8,0,0,0,0,0,0,0,21
420673,1,1,1990,0,0,0,0,0,0,0,0,0,7
420673,2,1,1990,0,0,0,0,0,0,0,0,0,0
420674,1,1,1990,0,0,0,0,0,0,0,0,0,0
420674,2,1,1990,0,0,0,0,0,0,15,0,7,0
420674,3,1,1990,0,0,0,0,0,0,0,0,0,0
420675,1,1,1990,0,0,0,0,0,0,0,0,0,0
420675,2,1,1990,0,0,0,0,0,0,0,0,0,0
420675,3,1,1990,4,4,4,4,4,4,4,4,4,4
420675,4,1,1990,0,0,0,0,0,0,0,0,0,0
420676,1,1,1990,20,20,20,20,20,20,20,20,20,20
420677,1,1,1990,0,0,0,0,0,0,0,0,0,0
420678,1,1,1990,0,0,0,0,0,0,0,0,0,0
420679,0,1,1990,8,8,8,8,8,8,8,8,8,8
420679,1,1,1990,32,0,21,30,5,23,27,26,17,16
420680,1,1,1990,7,7,7,7,7,7,7,7,7,7
420681,1,1,1990,30,30,30,30,30,30,30,30,30,30
420682,0,1,1990,0,0,0,0,0,0,0,0,0,0
420682,0,2,1990,0,0,0,0,0,0,0,0,0,0
420682,0,3,1990,10,0,0,0,0,19,0,0,0,0
420682,1,1,1990,30,0,0,14,22,0,0,0,9,0
420683,1,1,1990,0,0,16,0,0,0,0,0,17,14
420683,2,1,1990,0,10,0,0,0,0,0,0,0,0
420684,1,1,1990,0,0,0,0,0,0,0,0,0,0
420685,0,1,1990,0,0,15,0,0,0,0,0,0,0
420685,1,1,1990,0,0,0,0,0,0,0,0,0,0
420686,1,1,1990,0,0,0,0,0,0,0,0,0,0
420687,1,1,1990,0,0,0,0,0,0,13,0,0,0
420687,2,1,1990,0,0,0,0,0,0,0,0,0,0
420688,0,1,1990,0,0,0,0,0,0,0,20,0,0
420688,1,1,1990,0,0,0,0,0,0,0,0,0,0
420688,2,1,1990,3,3,3,3,3,3,3,3,3,3
420689,1,1,1990,0,15,16,22,0,0,0,0,0,0
420690,0,1,1990,0,0,0,0,0,0,0,0,13,0
420690,0,2,1990,0,0,0,25,0,0,0,0,0,0
420690,1,1,1990,0,0,0,0,0,0,0,0,0,0
420691,1,1,1990,3,18,11,17,0,0,26,0,0,23
420692,1,1,1990,18,18,18,18,18,18,18,18,18,18
420693,1,1,1990,11,11,11,11,11,11,11,11,11,11
420694,1,1,1990,8,8,8,8,8,8,8,8,8,8
420694,2,1,1990,0,0,0,0,0,0,0,0,0,0
420695,1,1,1990,19,19,19,19,19,19,19,19,19,19
420696,1,1,1990,0,0,0,0,0,0,0,0,0,0
420696,2,1,1990,0,0,0,0,0,0,0,0,0,0
420697,1,1,1990,11,0,0,0,0,0,0,0,0,0
420697,2,1,1990,0,0,0,0,16,0,2,0,0,0
420698,1,1,1990,0,0,0,0,0,0,0,0,0,0
420698,2,1,1990,0,23,0,0,0,0,0,0,0,0
420699,1,1,1990,18,18,18,18,18,18,18,18,18,18
420700,1,1,1990,0,0,0,0,0,0,0,0,0,0
420700,2,1,1990,0,0,0,0,0,0,0,0,0,0
420701,0,1,1990,0,0,0,0,0,0,0,0,0,0
420701,1,1,1990,0,0,0,0,0,0,0,0,0,0
420702,1,1,1990,0,0,0,0,0,0,0,0,0,0
420702,2,1,1990,14,14,14,14,14,14,14,14,14,14
420703,1,1,1990,0,0,0,0,0,0,0,0,0,0
420704,1,1,1990,0,0,0,12,0,0,0,12,10,0
420704,2,1,1990,0,0,0,0,0,0,0,0,0,0
420705,1,1,1990,0,0,0,0,0,0,0,0,0,0
420706,1,1,1990,0,0,0,0,0,0,0,0,0,0
420707,1,1,1990,7,1,0,0,0,0,0,0,0,0
420707,2,1,1990,0,8,0,7,0,0,0,20,0,0
420708,1,1,1990,0,0,0,0,0,0,0,0,0,0
420709,1,1,1990,34,34,34,34,34,34,34,34,34,34
420709,2,1,1990,0,0,0,0,0,0,0,0,0,0
420710,1,1,1990,17,0,0,0,0,0,0,15,0,0
420711,0,1,1990,0,0,0,0,0,0,0,0,0,0
420711,1,1,1990,0,0,0,0,0,0,0,0,0,0
420712,0,1,1990,0,0,0,0,0,0,0,0,0,0
420712,1,1,1990,0,0,0,0,0,0,0,0,0,0
420713,1,1,1990,0,0,0,0,0,0,0,0,0,0
420714,1,1,1990,0,0,0,11,0,0,10,0,0,0
420715,1,1,1990,0,0,0,0,0,0,0,0,0,0
420715,2,1,1990,0,0,0,0,0,0,0,0,0,0
420717,1,1,1990,0,0,0,0,0,0,0,0,0,0
420717,2,1,1990,1,1,1,1,1,1,1,1,1,1
420718,1,1,1990,0,0,0,0,0,0,0,10,0,0
420719,1,1,1990,4,4,4,4,4,4,4,4,4,4
420720,1,1,1990,0,0,0,0,0,0,0,0,0,0
420720,2,1,1990,0,0,0,0,0,0,0,0,0,0
420721,1,1,1990,15,15,15,15,15,15,15,15,15,15
420722,1,1,1990,11,16,31,5,22,27,2,9,17,24
420723,1,1,1990,0,23,13,29,0,20,18,0,17,16
420724,1,1,1990,13,13,13,13,13,13,13,13,13,13
420725,0,1,1990,0,0,0,0,0,0,0,0,0,0
420725,1,1,1990,0,0,0,0,0,0,0,0,0,0
420726,0,1,1990,11,11,11,11,11,11,11,11,11,11
420726,0,2,1990,18,18,18,18,18,18,18,18,18,18
420726,1,1,1990,0,0,0,0,0,0,0,0,0,0
420726,2,1,1990,0,0,0,0,0,0,0,0,0,0
420727,1,1,1990,11,0,0,0,0,0,0,0,14,10
420728,1,1,1990,4,4,4,4,4,4,4,4,4,4
420729,1,1,1990,0,0,0,0,0,0,0,0,0,0
420729,2,1,1990,0,0,0,0,0,0,0,0,0,0
420730,1,1,1990,21,21,21,21,21,21,21,21,21,21
420731,1,1,1990,16,16,16,16,16,16,16,16,16,16
420732,1,1,1990,0,0,0,0,0,0,0,0,0,0
420733,1,1,1990,0,0,0,0,0,0,0,0,0,0
420733,2,1,1990,0,0,0,0,0,0,0,0,0,0
420734,1,1,1990,0,0,0,0,0,0,0,12,0,0
420735,0,1,1990,30,30,30,30,30,30,30,30,30,30
420735,1,1,1990,0,0,0,0,0,0,0,0,0,0
420736,1,1,1990,0,0,0,0,0,0,0,0,0,0
420737,1,1,1990,0,0,0,0,0,0,0,0,0,0
420737,2,1,1990,0,0,0,0,0,0,16,0,19,0
420738,1,1,1990,12,12,12,12,12,12,12,12,12,12
420739,1,1,1990,19,19,19,19,19,19,19,19,19,19
420740,1,1,1990,22,22,22,22,22,22,22,22,22,22
420741,1,1,1990,0,0,0,0,0,0,0,0,0,0
420741,2,1,1990,0,0,0,0,0,2,0,0,0,0
420742,1,1,1990,6,6,6,6,6,6,6,6,6,6
420743,1,1,1990,0,0,0,0,0,0,0,0,0,0
420743,2,1,1990,0,0,0,0,0,0,0,0,0,0
420743,3,1,1990,0,0,0,0,0,0,0,0,0,0
420744,0,1,1990,0,0,0,0,0,0,0,0,0,0
420744,0,2,1990,0,0,0,0,0,0,0,0,0,0
420744,0,3,1990,0,0,0,0,0,0,0,0,0,0
420744,1,1,1990,12,12,12,0,0,26,17,8,30,0
420745,1,1,1990,11,11,11,11,11,11,11,11,11,11
420745,2,1,1990,0,0,0,0,0,0,0,0,0,0
420746,1,1,1990,0,0,0,0,0,0,0,0,0,0
420747,0,1,1990,0,0,0,0,0,0,0,0,0,0
420747,1,1,1990,0,8,0,0,0,0,0,0,0,15
420748,1,1,1990,0,0,0,0,0,0,0,0,0,0
420748,2,1,1990,0,0,0,20,0,0,0,0,0,0
420749,1,1,1990,13,17,0,7,0,0,0,0,0,0
420750,1,1,1990,0,0,0,0,0,0,0,0,0,0
420751,1,1,1990,0,0,0,0,0,0,24,0,0,17
420752,1,1,1990,24,24,24,24,24,24,24,24,24,24
420753,1,1,1990,0,0,0,0,0,0,0,0,0,0
420754,1,1,1990,17,17,17,17,17,17,17,17,17,17
420754,2,1,1990,9,0,0,0,0,0,21,12,0,0
420755,1,1,1990,0,0,0,0,0,0,0,0,0,0
420756,1,1,1990,23,11,23,31,34,27,9,4,19,28
420757,0,1,1990,0,0,0,0,0,0,0,0,0,0
420757,0,2,1990,0,0,0,0,0,0,0,0,0,0
420757,1,1,1990,0,18,0,0,0,0,0,0,0,0
420758,1,1,1990,0,22,0,20,0,0,0,0,0,10
420759,0,1,1990,0,0,0,0,0,0,0,0,0,0
420759,1,1,1990,0,0,0,0,0,0,0,0,0,10
420760,1,1,1990,28,28,28,28,28,28,28,28,28,28
420760,2,1,1990,0,0,0,0,0,0,0,17,0,0
420761,1,1,1990,0,0,0,0,0,0,0,0,0,0
420761,2,1,1990,0,0,0,0,0,0,0,0,0,0
420762,1,1,1990,0,8,0,0,0,0,0,0,0,0
420762,2,1,1990,0,17,0,0,0,0,0,0,0,0
420763,0,1,1990,0,0,0,0,0,0,0,0,0,0
420763,1,1,1990,0,0,0,0,0,0,0,0,0,0
420764,1,1,1990,14,14,14,14,14,14,14,14,14,14
420765,1,1,1990,0,0,0,0,0,0,0,0,0,0
420765,2,1,1990,0,0,0,0,0,0,0,0,0,0
420766,1,1,1990,0,0,0,0,0,0,0,0,19,0
420766,2,1,1990,0,0,0,0,0,0,0,0,0,0
420767,0,1,1990,0,0,0,0,0,0,0,0,0,0
420767,1,1,1990,0,0,0,0,0,0,0,0,0,0
420768,1,1,1990,22,22,22,22,22,22,22,22,22,22
420769,1,1,1990,28,28,28,28,28,28,28,28,28,28
420770,0,1,1990,0,0,0,0,0,0,0,0,0,0
420770,1,1,1990,0,0,0,0,0,0,0,0,0,0
420771,1,1,1990,2,2,2,2,2,2,2,2,2,2
420772,1,1,1990,27,27,27,27,27,27,27,27,27,27
420773,0,1,1990,0,0,0,0,0,0,0,20,0,0
420773,1,1,1990,0,0,0,0,0,0,0,0,0,0
420774,1,1,1990,33,33,33,33,33,33,33,33,33,33
420775,1,1,1990,20,20,20,20,20,20,20,20,20,20
420776,0,1,1990,0,0,0,0,0,0,0,0,0,0
420776,1,1,1990,0,0,0,0,0,0,0,0,0,0
420777,1,1,1990,9,9,9,9,9,9,9,9,9,9
420778,1,1,1990,0,0,0,0,0,0,0,0,0,0
420779,1,1,1990,10,10,10,10,10,10,10,10,10,10
420780,1,1,1990,15,15,15,15,15,15,15,15,15,15
420781,1,1,1990,31,31,31,31,31,31,31,31,31,31
420782,1,1,1990,22,22,22,22,22,22,22,22,22,22
420783,1,1,1990,21,21,21,21,21,21,21,21,21,21
420784,0,1,1990,0,0,0,0,0,0,0,0,0,0
420784,1,1,1990,0,0,0,20,0,0,0,4,0,0
420785,0,1,1990,0,0,0,0,0,0,0,0,0,0
420785,1,1,1990,9,0,0,11,0,10,0,0,0,0
420786,1,1,1990,10,10,10,10,10,10,10,10,10,10
420787,1,1,1990,15,18,0,33,0,0,0,22,0,0
420788,1,1,1990,12,12,12,12,12,12,12,12,12,12
420789,1,1,1990,0,0,0,23,0,0,0,0,0,0
420789,2,1,1990,0,0,0,0,0,0,0,0,0,7
420790,1,1,1990,18,18,18,18,18,18,18,18,18,18
420790,2,1,1990,0,0,0,0,0,0,0,0,0,0
420791,1,1,1990,12,15,10,20,21,28,8,25,16,0
420792,0,1,1990,0,0,0,0,0,0,0,0,0,0
420792,1,1,1990,0,0,0,0,0,0,0,0,0,0
420793,1,1,1990,0,0,0,0,0,0,0,0,0,0
420793,2,1,1990,0,0,0,0,0,0,0,0,0,0
420794,1,1,1990,0,0,0,0,0,0,0,0,0,0
420795,1,1,1990,0,0,0,0,0,0,0,0,0,0
420795,2,1,1990,12,0,0,0,0,0,0,0,0,0
420796,1,1,1990,25,25,25,25,25,25,25,25,25,25
420797,1,1,1990,15,15,15,15,15,15,15,15,15,15
420798,0,1,1990,0,0,0,0,0,0,0,0,0,0
420798,1,1,1990,0,0,0,0,0,0,0,0,0,0
420799,0,1,1990,0,0,0,0,0,0,0,0,0,0
420799,1,1,1990,0,0,0,0,0,0,0,0,0,0
420800,0,1,1990,0,0,0,0,0,0,0,0,0,0
420800,1,1,1990,0,0,0,0,0,0,0,0,0,0
420801,1,1,1990,4,4,4,4,4,4,4,4,4,4
420801,2,1,1990,0,0,0,0,0,0,0,17,0,0
420802,1,1,1990,30,30,30,30,30,30,30,30,30,30
420803,1,1,1990,20,20,20,20,20,20,20,20,20,20
420804,1,1,1990,0,0,0,0,0,0,0,0,0,0
420805,2,1,1990,0,0,0,0,0,0,0,0,0,0
420806,1,1,1990,19,19,19,19,19,19,19,19,19,19
420807,1,1,1990,0,0,0,0,0,0,0,0,0,0
420808,1,1,1990,25,16,19,14,3,9,12,7,19,13
420808,2,1,1990,0,0,0,0,0,0,0,0,0,0
420809,1,1,1990,24,24,24,24,24,24,24,24,24,24
420810,1,1,1990,11,11,11,11,11,11,11,11,11,11
420811,1,1,1990,20,20,20,20,20,20,20,20,20,20
420812,1,1,1990,25,25,25,25,25,25,25,25,25,25
420813,1,1,1990,13,16,11,15,0,11,10,13,5,9
420813,2,1,1990,0,16,26,0,10,14,18,0,0,0
420814,1,1,1990,24,24,24,24,24,24,24,24,24,24
420815,0,1,1990,0,0,17,25,0,12,0,16,9,21
420815,1,1,1990,0,14,0,24,21,0,13,0,0,0
420816,0,1,1990,0,0,0,0,0,0,0,0,0,0
420816,1,1,1990,0,0,0,0,0,0,0,0,0,0
420817,1,1,1990,21,21,21,21,21,21,21,21,21,21
420818,0,1,1990,37,15,0,0,19,15,35,30,0,0
420818,1,1,1990,0,0,0,0,0,3,28,0,5,11
420819,0,1,1990,34,0,0,0,0,0,0,0,0,0
420819,1,1,1990,0,0,0,0,0,0,0,17,0,0
420820,1,1,1990,0,0,0,0,0,0,0,0,0,0
420821,1,1,1990,0,0,0,0,0,0,0,0,0,0
420821,2,1,1990,0,0,0,0,0,0,0,0,0,0
420821,3,1,1990,0,0,0,0,0,0,0,0,0,0
420822,1,1,1990,12,12,12,12,12,12,12,12,12,12
420823,1,1,1990,13,13,13,13,13,13,13,13,13,13
420824,0,1,1990,0,0,0,0,0,0,0,0,0,0
420824,0,2,1990,14,0,0,0,0,0,0,0,0,0
420824,0,3,1990,0,3,0,0,13,0,0,0,18,0
420824,0,4,1990,17,0,0,6,0,20,10,0,22,0
420824,0,5,1990,0,0,0,0,0,0,0,0,0,0
420824,0,6,1990,4,0,0,0,0,13,0,0,0,13
420824,0,7,1990,0,0,0,0,0,21,0,0,0,0
420824,0,8,1990,0,0,0,0,0,0,0,0,0,0
420824,1,1,1990,0,0,0,0,16,11,0,0,18,0
420825,1,1,1990,21,21,21,21,21,21,21,21,21,21
420826,1,1,1990,0,0,0,0,0,0,0,0,0,0
420826,2,1,1990,0,0,0,0,0,0,0,0,0,0
420827,1,1,1990,0,0,0,0,0,0,0,0,0,0
420828,1,1,1990,0,26,8,27,30,19,31,15,17,14
420829,1,1,1990,13,12,15,8,15,19,7,29,14,3
420830,1,1,1990,0,0,0,0,0,0,0,0,0,0
420830,2,1,1990,0,0,0,0,0,0,0,0,0,0
420830,3,1,1990,0,0,0,0,0,0,0,0,0,0
420831,1,1,1990,0,0,0,0,0,0,0,0,0,0
420831,2,1,1990,0,0,0,0,0,0,0,0,12,0
420832,1,1,1990,13,13,13,13,13,13,13,13,13,13
420834,1,1,1990,0,0,13,28,0,14,0,0,0,0
420835,1,1,1990,0,0,0,0,0,0,12,0,0,0
420835,2,1,1990,0,0,0,0,0,0,0,0,0,0
420836,0,1,1990,0,0,0,0,0,0,0,0,0,0
420836,1,1,1990,0,0,0,0,0,0,0,8,0,19
420837,1,1,1990,23,23,23,23,23,23,23,23,23,23
420838,1,1,1990,0,0,0,0,0,0,0,0,0,0
420838,2,1,1990,0,0,0,0,0,0,0,0,0,0
420839,1,1,1990,0,11,11,0,21,0,0,12,0,0
420840,1,1,1990,0,0,13,0,28,15,28,3,8,24
420841,0,1,1990,0,0,0,0,0,0,0,0,0,0
420841,1,1,1990,0,0,0,0,11,0,0,0,10,0
420842,1,1,1990,0,0,0,0,0,0,0,0,0,0
420842,2,1,1990,0,0,0,0,0,0,0,0,0,0
420843,1,1,1990,0,0,0,0,0,0,0,0,0,0
420843,2,1,1990,0,0,0,0,0,0,0,0,0,0
420844,0,1,1990,0,0,0,0,0,0,0,0,0,0
420844,0,2,1990,0,0,0,0,0,0,0,0,0,0
420844,1,1,1990,0,0,11,0,0,0,0,0,0,0
420845,1,1,1990,0,0,0,0,0,0,0,0,0,0
420845,2,1,1990,0,0,0,0,0,0,0,0,0,17
420846,1,1,1990,20,11,26,9,0,15,24,0,11,0
420847,1,1,1990,26,26,26,26,26,26,26,26,26,26
420848,1,1,1990,0,0,0,0,0,0,0,0,0,0
420849,1,1,1990,20,20,20,20,20,20,20,20,20,20
420849,2,1,1990,0,0,0,0,0,0,0,0,0,0
420850,1,1,1990,15,10,0,0,14,9,15,0,0,0
420850,2,1,1990,22,0,19,0,0,20,0,21,0,0
420851,1,1,1990,0,0,0,0,0,0,0,0,0,0
420852,1,1,1990,0,0,0,0,0,0,0,0,0,0
420853,1,1,1990,12,12,12,12,12,12,12,12,12,12
420855,1,1,1990,0,0,0,0,0,0,0,0,0,0
420855,2,1,1990,0,0,0,0,0,0,0,0,0,0
420856,1,1,1990,31,31,31,31,31,31,31,31,31,31
420856,2,1,1990,6,6,6,6,6,6,6,6,6,6
420857,1,1,1990,9,9,9,9,9,9,9,9,9,9
420858,1,1,1990,16,16,16,16,16,16,16,16,16,16
420859,1,1,1990,0,0,0,0,0,0,0,0,0,0
420859,2,1,1990,0,0,0,0,18,0,0,0,0,0
420860,1,1,1990,0,0,0,0,19,0,0,0,20,0
420860,2,1,1990,0,0,0,0,0,0,0,0,0,0
420861,1,1,1990,20,20,20,20,20,20,20,20,20,20
420862,1,1,1990,12,12,12,12,12,12,12,12,12,12
420863,1,1,1990,17,17,17,17,17,17,17,17,17,17
420864,1,1,1990,0,0,0,0,0,0,0,0,0,0
420864,2,1,1990,0,0,14,0,0,0,0,0,20,3
420865,0,1,1990,0,0,0,0,0,0,0,0,0,0
420865,1,1,1990,0,0,0,0,0,0,0,0,0,0
420866,1,1,1990,0,15,0,0,0,0,0,0,0,0
420866,2,1,1990,0,0,0,0,0,0,13,0,0,0
420867,1,1,1990,0,0,0,0,0,0,0,5,0,0
420868,1,1,1990,30,30,30,30,30,30,30,30,30,30
420869,1,1,1990,0,0,0,0,0,0,0,0,0,0
420869,2,1,1990,0,0,17,0,0,0,0,0,0,0
420871,1,1,1990,23,23,23,23,23,23,23,23,23,23
420871,2,1,1990,0,0,0,0,0,0,0,0,0,0