ST_CASE,VEH_NO,PER_NO,YEAR,P1,P2,P3,P4,P5,P6,P7,P8,P9,P10
420872,1,1,1990,28,28,28,28,28,28,28,28,28,28
420873,1,1,1990,18,18,18,18,18,18,18,18,18,18
420874,1,1,1990,0,0,0,0,0,0,18,0,0,0
420875,1,1,1990,22,22,22,22,22,22,22,22,22,22
420875,2,1,1990,0,0,0,0,0,0,0,0,0,0
420876,0,1,1990,0,0,0,0,0,0,0,0,0,0
420876,1,1,1990,0,3,0,12,0,0,0,15,0,26
420877,0,1,1990,0,0,0,0,0,0,0,0,0,0
420877,0,2,1990,28,28,28,28,28,28,28,28,28,28
420877,1,1,1990,12,32,15,23,0,12,12,12,9,20
420878,1,1,1990,0,6,0,0,27,0,0,12,0,0
420878,2,1,1990,0,0,0,0,0,0,0,0,0,0
420879,1,1,1990,0,0,0,0,0,18,0,0,0,0
420880,0,1,1990,0,0,0,0,0,0,0,0,0,0
420880,1,1,1990,0,0,0,0,0,0,0,0,0,0
420881,1,1,1990,0,0,13,0,0,0,0,0,0,11
420881,2,1,1990,0,0,25,0,0,0,0,0,0,0
420882,1,1,1990,0,0,0,0,0,0,0,0,0,0
420882,2,1,1990,4,4,4,4,4,4,4,4,4,4
420883,0,1,1990,0,0,0,0,0,0,0,0,0,0
420883,1,1,1990,14,0,13,11,0,0,27,16,0,13
420884,1,1,1990,15,0,17,11,18,29,16,0,4,12
420885,0,1,1990,28,28,28,28,28,28,28,28,28,28
420885,1,1,1990,0,0,0,0,19,0,22,10,0,0
420886,0,1,1990,0,0,0,0,0,0,0,0,0,0
420886,1,1,1990,5,0,0,0,0,0,0,0,0,0
420887,1,1,1990,14,14,14,14,14,14,14,14,14,14
420887,2,1,1990,5,0,0,0,0,0,0,0,0,21
420888,0,1,1990,0,9,0,13,0,0,24,24,0,0
420888,1,1,1990,0,20,7,0,10,13,0,19,14,0
420889,1,1,1990,17,4,24,21,5,16,0,7,0,0
420889,2,1,1990,0,10,8,0,26,0,19,19,19,20
420890,1,1,1990,18,18,18,18,18,18,18,18,18,18
420891,0,1,1990,11,11,11,11,11,11,11,11,11,11
420891,1,1,1990,0,0,0,0,0,0,0,0,0,0
420892,0,1,1990,16,45,0,0,16,0,11,0,0,0
420892,1,1,1990,8,8,8,8,8,8,8,8,8,8
420893,1,1,1990,19,0,14,24,16,28,13,15,20,45
420894,0,1,1990,23,23,23,23,23,23,23,23,23,23
420894,0,2,1990,0,19,0,0,0,5,21,0,16,20
420894,1,1,1990,23,23,23,23,23,23,23,23,23,23
420894,2,1,1990,0,0,0,16,6,0,0,0,0,0
420894,3,1,1990,15,0,0,0,16,0,0,21,26,0
420894,4,1,1990,0,0,0,0,9,0,35,26,0,0
420895,1,1,1990,15,0,0,0,0,0,0,0,0,0
420895,2,1,1990,0,0,0,0,0,0,0,0,0,0
420896,1,1,1990,17,17,17,17,17,17,17,17,17,17
420897,1,1,1990,0,0,0,0,0,0,0,0,18,0
420897,2,1,1990,0,0,0,0,0,0,0,0,0,0
420900,1,1,1990,28,28,28,28,28,28,28,28,28,28
420900,2,1,1990,23,23,23,23,23,23,23,23,23,23
420901,1,1,1990,19,19,19,19,19,19,19,19,19,19
420902,0,1,1990,0,0,0,0,0,0,0,0,0,0
420902,1,1,1990,0,0,0,0,0,0,0,0,0,0
420903,1,1,1990,22,22,22,22,22,22,22,22,22,22
420904,1,1,1990,17,17,17,17,17,17,17,17,17,17
420905,1,1,1990,10,10,10,10,10,10,10,10,10,10
420906,1,1,1990,11,11,11,11,11,11,11,11,11,11
420907,1,1,1990,0,0,0,0,0,0,0,0,0,0
420907,2,1,1990,0,0,0,0,0,0,0,0,0,0
420908,1,1,1990,16,16,16,16,16,16,16,16,16,16
420908,2,1,1990,0,0,0,0,0,0,0,0,0,0
420909,1,1,1990,15,15,15,15,15,15,15,15,15,15
420910,1,1,1990,11,22,29,12,24,28,24,0,19,17
420911,1,1,1990,12,0,22,0,26,0,0,0,16,0
420911,2,1,1990,14,14,14,14,14,14,14,14,14,14
420912,1,1,1990,0,14,10,11,21,31,11,24,26,24
420912,2,1,1990,7,4,23,0,9,0,14,0,0,11
420913,1,1,1990,24,24,24,24,24,24,24,24,24,24
420913,2,1,1990,0,0,0,0,0,0,0,5,0,0
420913,3,1,1990,0,0,0,18,0,33,14,0,0,0
420913,4,1,1990,17,22,0,0,0,11,15,0,0,0
420914,1,1,1990,0,0,0,0,0,0,0,0,0,0
420914,2,1,1990,0,0,0,0,0,0,0,0,0,0
420915,1,1,1990,17,5,0,0,7,0,0,0,23,16
420915,2,1,1990,15,0,0,0,11,9,23,17,0,18
420916,0,1,1990,0,0,0,0,0,0,0,0,0,0
420916,1,1,1990,0,0,25,0,0,0,0,0,0,0
420917,1,1,1990,0,26,0,37,41,0,11,0,0,0
420917,2,1,1990,0,0,0,0,0,0,0,0,0,0
420918,1,1,1990,0,0,0,0,0,0,0,0,0,0
420919,1,1,1990,14,14,14,14,14,14,14,14,14,14
420920,1,1,1990,14,14,14,14,14,14,14,14,14,14
420920,2,1,1990,26,26,26,26,26,26,26,26,26,26
420921,0,1,1990,0,0,0,0,0,0,0,0,0,0
420921,1,1,1990,0,0,0,0,0,0,0,0,0,0
420922,1,1,1990,0,0,0,0,0,0,0,0,0,0
420923,0,1,1990,29,29,29,29,29,29,29,29,29,29
420923,1,1,1990,0,0,0,0,0,0,0,0,0,0
420924,1,1,1990,0,0,0,0,0,0,0,0,0,0
420924,2,1,1990,0,0,0,0,0,0,0,0,0,0
420924,3,1,1990,0,0,0,0,0,0,0,0,0,0
420925,1,1,1990,0,0,0,0,0,0,0,0,0,0
420925,2,1,1990,0,0,0,0,0,0,0,0,0,0
420926,1,1,1990,16,16,16,16,16,16,16,16,16,16
420927,1,1,1990,18,18,18,18,18,18,18,18,18,18
420928,1,1,1990,22,22,22,22,22,22,22,22,22,22
420929,0,1,1990,0,21,8,9,0,0,0,0,0,0
420930,1,1,1990,0,0,0,0,0,0,16,0,0,0
420930,2,1,1990,0,0,0,0,0,0,0,0,0,0
420930,3,1,1990,0,0,0,0,0,0,0,0,0,0
420930,4,1,1990,0,11,0,0,0,0,0,0,0,7
420930,5,1,1990,0,0,0,0,0,0,0,0,0,0
420931,0,1,1990,0,0,0,19,13,11,0,24,10,23
420931,1,1,1990,17,17,17,17,17,17,17,17,17,17
420932,0,1,1990,0,0,0,0,0,0,0,0,27,0
420932,1,1,1990,0,0,0,16,0,0,0,15,21,15
420933,0,1,1990,0,0,0,0,0,0,0,0,0,0
420933,1,1,1990,14,14,14,14,14,14,14,14,14,14
420934,1,1,1990,0,0,16,0,0,0,0,14,12,0
420934,2,1,1990,0,0,0,0,17,0,0,0,0,16
420935,1,1,1990,17,17,17,17,17,17,17,17,17,17
420935,2,1,1990,0,7,0,0,0,0,6,0,0,0
420935,3,1,1990,0,0,6,0,0,0,0,0,0,0
420936,1,1,1990,0,0,0,0,0,2,0,0,0,0
420936,2,1,1990,0,17,0,13,0,0,0,16,0,15
420937,1,1,1990,23,23,23,23,23,23,23,23,23,23
420938,1,1,1990,16,16,16,16,16,16,16,16,16,16
420938,2,1,1990,0,10,8,0,0,17,0,0,0,7
420939,0,1,1990,12,12,12,12,12,12,12,12,12,12
420939,1,1,1990,0,11,20,0,8,0,25,27,0,0
420939,2,1,1990,20,0,33,0,11,0,0,13,0,14
420939,3,1,1990,10,27,0,21,0,7,34,0,0,28
420940,1,1,1990,32,32,32,32,32,32,32,32,32,32
420940,2,1,1990,0,0,0,0,7,0,0,18,12,0
420940,3,1,1990,26,18,0,0,12,0,5,0,24,0
420941,1,1,1990,0,0,0,0,0,0,0,0,0,0
420941,2,1,1990,0,0,0,0,0,0,0,0,0,0
420942,1,1,1990,12,12,12,12,12,12,12,12,12,12
420943,1,1,1990,21,21,21,21,21,21,21,21,21,21
420944,1,1,1990,18,18,18,18,18,18,18,18,18,18
420944,2,1,1990,0,0,0,0,0,0,0,0,0,0
420945,1,1,1990,4,4,4,4,4,4,4,4,4,4
420946,1,1,1990,6,6,6,6,6,6,6,6,6,6
420946,2,1,1990,0,0,0,0,0,0,0,0,0,0
420947,0,1,1990,0,0,0,0,0,0,0,0,0,0
420947,1,1,1990,0,0,0,0,0,0,0,0,0,0
420948,1,1,1990,17,17,17,17,17,17,17,17,17,17
420949,1,1,1990,0,0,0,0,0,0,0,0,0,0
420949,2,1,1990,0,0,0,0,0,0,0,0,0,0
420950,1,1,1990,0,0,0,0,0,0,0,0,0,0
420951,1,1,1990,0,0,0,0,0,0,0,0,0,0
420952,1,1,1990,0,0,0,0,0,0,0,0,0,0
420952,2,1,1990,0,11,25,0,5,13,12,0,0,0
420953,1,1,1990,21,21,21,21,21,21,21,21,21,21
420954,1,1,1990,26,26,26,26,26,26,26,26,26,26
420954,2,1,1990,0,0,0,0,0,0,0,0,0,0
420954,3,1,1990,0,0,0,0,0,0,6,0,0,0
420955,1,1,1990,24,24,24,24,24,24,24,24,24,24
420956,1,1,1990,0,0,0,0,0,0,0,0,0,0
420956,2,1,1990,0,12,0,0,0,7,0,0,0,0
420957,1,1,1990,24,24,24,24,24,24,24,24,24,24
420957,2,1,1990,19,19,19,19,19,19,19,19,19,19
420958,1,1,1990,28,10,10,7,8,11,12,6,19,14
420959,1,1,1990,0,0,0,0,0,0,0,0,0,0
420959,2,1,1990,0,0,0,0,0,0,0,0,0,0
420960,1,1,1990,0,0,0,10,0,0,4,11,0,0
420960,2,1,1990,0,0,0,0,0,0,0,0,0,0
420961,0,1,1990,0,0,0,0,0,0,0,0,0,0
420961,1,1,1990,0,0,0,0,0,0,0,0,0,0
420962,1,1,1990,9,9,9,9,9,9,9,9,9,9
420963,1,1,1990,0,0,0,0,0,0,0,19,0,0
420964,0,1,1990,0,0,0,0,0,0,0,0,0,0
420964,1,1,1990,0,0,0,0,0,0,0,0,0,0
420965,1,1,1990,0,0,0,9,0,0,0,0,0,0
420965,2,1,1990,0,0,0,0,0,0,0,0,0,0
420966,1,1,1990,13,13,13,13,13,13,13,13,13,13
420967,1,1,1990,0,4,37,3,0,10,34,0,0,0
420967,2,1,1990,5,18,15,25,12,14,17,13,13,8
420968,1,1,1990,0,0,0,0,0,0,0,0,0,0
420969,1,1,1990,0,0,0,0,0,0,0,0,0,0
420969,2,1,1990,0,0,0,0,0,0,0,0,0,0
420970,1,1,1990,16,16,16,16,16,16,16,16,16,16
420970,2,1,1990,19,0,0,0,20,0,7,0,0,0
420970,3,1,1990,0,0,0,0,0,0,0,0,0,0
420970,4,1,1990,0,0,0,21,38,0,0,11,0,40
420971,0,1,1990,0,0,0,0,0,0,0,0,0,0
420971,1,1,1990,0,0,20,0,0,25,0,8,12,0
420972,1,1,1990,29,0,26,0,0,34,4,0,0,18
420972,2,1,1990,0,0,0,0,0,0,0,0,0,0
420973,1,1,1990,0,0,6,0,0,0,0,0,0,0
420973,2,1,1990,0,0,0,0,0,0,0,0,0,0
420973,3,1,1990,0,0,0,0,0,0,0,0,0,0
420973,4,1,1990,0,0,0,0,0,0,0,0,0,0
420973,5,1,1990,0,0,0,0,0,0,0,0,0,0
420974,1,1,1990,0,0,0,0,0,0,0,0,0,0
420974,2,1,1990,0,0,0,0,0,0,0,0,0,0
420975,0,1,1990,16,16,16,16,16,16,16,16,16,16
420975,1,1,1990,22,12,15,10,21,0,8,26,6,6
420976,1,1,1990,20,20,20,20,20,20,20,20,20,20
420977,1,1,1990,0,0,0,0,0,0,0,0,0,0
420977,2,1,1990,0,19,0,0,0,0,0,0,0,0
420978,1,1,1990,12,27,11,9,7,27,8,15,5,12
420979,1,1,1990,4,4,4,4,4,4,4,4,4,4
420979,2,1,1990,0,0,0,0,0,0,0,0,0,0
420980,1,1,1990,12,12,12,12,12,12,12,12,12,12
420980,2,1,1990,0,0,0,20,0,0,0,0,0,0
420981,1,1,1990,28,28,28,28,28,28,28,28,28,28
420981,2,1,1990,0,0,0,22,0,0,0,0,0,0
420982,1,1,1990,28,28,28,28,28,28,28,28,28,28
420983,1,1,1990,14,14,14,14,14,14,14,14,14,14
420984,0,1,1990,0,0,0,13,0,16,0,0,0,0
420984,1,1,1990,0,0,0,0,0,0,0,0,0,0
420985,1,1,1990,0,0,0,0,0,0,0,0,0,0
420985,2,1,1990,0,0,0,0,0,0,0,0,36,5
420986,1,1,1990,0,0,0,0,0,0,0,0,0,0
420987,1,1,1990,0,0,0,0,0,0,0,0,0,0
420988,1,1,1990,13,13,13,13,13,13,13,13,13,13
420988,2,1,1990,0,0,0,0,0,0,0,0,0,0
420989,1,1,1990,23,23,23,23,23,23,23,23,23,23
420989,2,1,1990,10,10,10,10,10,10,10,10,10,10
420990,1,1,1990,0,0,0,0,0,0,0,0,0,0
420990,2,1,1990,0,0,0,0,0,0,0,0,0,0
420991,1,1,1990,0,20,18,22,14,21,0,17,22,11
420991,2,1,1990,0,0,0,0,0,0,0,0,0,0
420992,1,1,1990,5,5,5,5,5,5,5,5,5,5
420993,1,1,1990,40,40,40,40,40,40,40,40,40,40
420994,1,1,1990,0,0,0,0,0,0,0,15,0,0
420995,1,1,1990,0,0,0,0,0,0,0,0,0,0
420996,1,1,1990,0,0,0,0,0,0,0,0,0,0
420998,1,1,1990,0,0,0,0,0,0,0,0,0,0
420998,2,1,1990,0,32,0,0,0,0,0,0,16,0
420999,1,1,1990,25,25,25,25,25,25,25,25,25,25
420999,2,1,1990,0,0,0,0,0,0,0,0,0,0
421000,1,1,1990,0,14,13,0,0,0,32,0,0,25
421001,1,1,1990,20,20,20,20,20,20,20,20,20,20
421001,2,1,1990,5,5,5,5,5,5,5,5,5,5
421002,1,1,1990,20,20,20,20,20,20,20,20,20,20
421003,1,1,1990,0,0,0,0,0,0,0,8,0,0
421003,2,1,1990,0,0,0,15,0,0,0,0,0,0
421004,1,1,1990,20,20,20,20,20,20,20,20,20,20
421005,1,1,1990,0,0,0,0,0,0,0,0,0,0
421006,0,1,1990,22,22,22,22,22,22,22,22,22,22
421006,1,1,1990,0,0,0,0,0,0,0,0,0,0
421007,0,1,1990,0,0,0,0,0,0,0,0,0,0
421007,1,1,1990,0,0,0,0,0,0,0,0,0,0
421008,1,1,1990,27,27,27,27,27,27,27,27,27,27
421009,1,1,1990,21,21,21,21,21,21,21,21,21,21
421010,0,1,1990,0,0,0,0,0,0,0,0,0,0
421010,1,1,1990,0,0,0,0,0,0,3,9,0,0
421011,1,1,1990,0,0,0,0,0,0,0,0,0,0
421012,0,1,1990,0,0,0,0,0,0,0,0,0,0
421012,1,1,1990,0,0,0,0,0,0,0,0,0,0
421013,1,1,1990,22,22,22,22,22,22,22,22,22,22
421013,2,1,1990,10,10,10,10,10,10,10,10,10,10
421013,3,1,1990,7,0,0,15,0,0,0,27,0,0
421014,1,1,1990,19,19,19,19,19,19,19,19,19,19
421014,2,1,1990,0,0,0,0,0,0,0,0,0,0
421015,1,1,1990,0,0,0,0,0,0,0,0,0,0
421016,1,1,1990,18,18,18,18,18,18,18,18,18,18
421017,1,1,1990,0,0,0,0,0,0,0,0,0,0
421018,1,1,1990,8,34,12,0,11,24,21,4,11,15
421019,1,1,1990,0,0,0,0,0,0,0,0,0,0
421020,1,1,1990,15,15,15,15,15,15,15,15,15,15
421021,1,1,1990,0,0,0,0,0,0,0,0,0,0
421021,2,1,1990,0,0,0,0,0,0,0,0,0,0
421022,1,1,1990,0,0,0,0,0,12,0,9,0,0
421022,2,1,1990,0,0,0,0,0,0,0,0,0,12
421023,1,1,1990,11,0,7,1,10,15,25,0,11,18
421024,1,1,1990,10,19,30,18,18,0,13,0,0,21
421024,2,1,1990,0,0,0,0,10,9,0,0,0,0
421024,3,1,1990,0,0,15,22,0,0,0,0,0,19
421024,4,1,1990,12,0,0,0,15,14,0,0,0,0
421024,5,1,1990,12,10,24,17,0,11,15,29,0,0
421025,1,1,1990,0,0,0,0,0,6,4,2,15,0
421025,2,1,1990,0,0,0,0,0,0,0,0,0,0
421026,1,1,1990,0,0,0,0,0,0,0,0,0,0
421026,2,1,1990,0,0,0,10,0,0,0,0,0,6
421026,3,1,1990,0,0,0,0,0,0,0,15,0,0
421027,0,1,1990,0,19,36,23,0,13,26,24,15,0
421027,1,1,1990,0,0,0,0,0,0,0,10,0,0
421028,0,1,1990,0,0,0,0,0,0,0,0,0,0
421028,1,1,1990,33,33,33,33,33,33,33,33,33,33
421029,1,1,1990,10,31,19,39,17,23,13,16,12,16
421030,1,1,1990,21,21,21,21,21,21,21,21,21,21
421030,2,1,1990,0,0,20,0,0,12,18,16,7,19
421031,1,1,1990,0,0,0,2,0,0,27,0,0,0
421032,1,1,1990,10,0,17,0,0,10,17,23,0,21
421032,2,1,1990,0,0,0,19,9,0,12,0,24,34
421032,3,1,1990,0,0,15,9,0,23,15,0,0,22
421033,1,1,1990,16,16,16,16,16,16,16,16,16,16
421033,2,1,1990,0,0,0,0,0,0,0,0,0,19
421034,1,1,1990,0,0,0,0,0,0,0,0,0,0
421034,2,1,1990,0,0,0,0,0,0,0,0,0,0
421035,1,1,1990,11,11,11,11,11,11,11,11,11,11
421036,0,1,1990,0,0,0,0,0,0,0,0,0,0
421036,1,1,1990,0,0,0,0,0,0,0,0,0,0
421037,1,1,1990,0,0,0,0,0,0,0,0,0,0
421037,2,1,1990,0,0,0,0,0,0,0,0,0,0
421038,1,1,1990,0,0,0,0,0,0,25,8,0,0
421038,2,1,1990,0,0,0,0,0,0,0,0,0,0
421039,0,1,1990,0,0,0,0,0,0,0,0,0,0
421039,1,1,1990,0,0,0,0,0,0,0,0,0,0
421040,1,1,1990,29,10,24,35,30,27,17,17,17,16
421041,1,1,1990,0,0,24,0,0,0,15,5,9,18
421042,1,1,1990,0,0,0,0,0,0,0,0,0,0
421043,1,1,1990,0,0,0,0,0,0,0,0,0,0
421043,2,1,1990,0,0,0,0,0,0,0,0,0,0
421044,0,1,1990,0,0,0,0,0,0,0,0,0,0
421044,1,1,1990,0,0,0,0,0,0,0,0,0,0
421045,1,1,1990,11,0,23,16,0,0,0,11,0,0
421046,0,1,1990,0,11,0,0,0,0,0,0,0,18
421046,1,1,1990,19,25,24,24,10,30,8,16,36,11
421047,1,1,1990,0,0,0,0,0,0,0,0,0,0
421047,2,1,1990,0,0,0,0,0,0,0,0,0,0
421048,1,1,1990,0,0,0,0,0,0,0,0,0,0
421048,2,1,1990,0,0,0,0,0,0,0,0,0,0
421049,1,1,1990,33,20,0,18,10,21,6,19,21,9
421050,1,1,1990,0,0,0,0,0,0,0,0,0,0
421051,1,1,1990,15,15,15,15,15,15,15,15,15,15
421052,1,1,1990,11,11,11,11,11,11,11,11,11,11
421053,1,1,1990,18,18,14,23,18,11,10,21,27,18
421053,2,1,1990,0,0,0,0,0,0,0,0,0,0
421054,1,1,1990,23,23,23,23,23,23,23,23,23,23
421055,1,1,1990,0,0,0,0,0,0,0,0,0,0
421056,1,1,1990,0,0,0,9,0,0,0,0,0,0
421056,2,1,1990,0,0,0,0,0,0,0,0,0,0
421057,1,1,1990,16,16,16,16,16,16,16,16,16,16
421057,2,1,1990,0,0,0,0,0,0,0,0,0,0
421058,1,1,1990,0,0,0,0,0,0,0,0,0,0
421058,2,1,1990,0,0,0,0,0,0,0,0,0,0
421059,1,1,1990,34,34,34,34,34,34,34,34,34,34
421060,1,1,1990,5,5,5,5,5,5,5,5,5,5
421061,1,1,1990,0,0,0,0,0,0,0,0,0,0
421062,1,1,1990,0,0,0,0,0,0,0,0,0,0
421063,1,1,1990,0,0,0,0,0,0,0,0,0,0
421063,2,1,1990,0,0,0,0,0,0,0,0,0,0
421064,1,1,1990,20,20,20,20,20,20,20,20,20,20
421065,1,1,1990,0,0,0,0,0,0,0,0,0,0
421065,2,1,1990,0,0,0,0,0,0,0,0,0,0
421066,1,1,1990,24,24,24,24,24,24,24,24,24,24
421066,2,1,1990,0,0,0,0,0,0,0,0,0,0
421067,1,1,1990,0,0,0,0,0,0,0,0,0,0
421067,2,1,1990,0,0,0,0,0,0,0,0,0,0
421068,1,1,1990,0,0,0,0,0,21,0,0,0,0
421068,2,1,1990,0,0,0,0,6,0,0,0,20,0
421068,3,1,1990,3,25,0,0,5,0,0,15,0,15
421069,1,1,1990,0,0,0,0,0,0,0,0,0,0
421069,2,1,1990,8,8,8,8,8,8,8,8,8,8
421070,0,1,1990,0,0,0,0,0,0,0,0,0,0
421070,1,1,1990,0,0,0,0,0,0,0,0,0,0
421071,1,1,1990,17,0,0,0,0,0,0,0,0,13
421071,2,1,1990,0,0,0,0,0,0,0,0,0,7
421071,3,1,1990,0,0,0,0,0,0,0,0,0,0
421072,1,1,1990,29,29,29,29,29,29,29,29,29,29
421073,1,1,1990,18,18,18,18,18,18,18,18,18,18
421074,1,1,1990,0,0,0,0,0,0,0,0,0,0
421074,2,1,1990,0,0,0,0,0,0,0,0,0,0
421075,1,1,1990,13,13,13,13,13,13,13,13,13,13
421075,2,1,1990,0,0,0,0,0,0,0,0,0,0
421076,1,1,1990,0,0,0,0,0,0,0,0,0,0
421076,2,1,1990,0,0,0,0,0,0,0,0,13,0
421077,1,1,1990,7,0,0,0,0,0,0,0,0,0
421077,2,1,1990,28,0,0,0,14,0,0,18,0,19
421078,1,1,1990,0,0,0,0,0,0,0,0,0,0
421078,2,1,1990,0,0,0,0,0,0,0,0,0,0
421079,1,1,1990,0,0,0,0,0,0,0,0,0,0
421079,2,1,1990,0,0,0,0,0,0,0,0,0,0
421080,1,1,1990,0,26,16,17,0,26,43,21,15,26
421081,1,1,1990,43,19,19,28,8,22,14,12,17,20
421083,1,1,1990,0,0,0,0,0,0,0,0,0,0
421083,2,1,1990,0,0,0,0,0,0,0,0,0,0
421083,3,1,1990,0,0,0,0,0,0,0,0,0,0
421084,1,1,1990,0,0,0,0,0,0,0,0,0,0
421085,1,1,1990,21,28,28,0,17,22,24,9,15,19
421085,2,1,1990,0,0,0,13,0,9,14,0,8,0
421085,3,1,1990,0,15,0,0,0,0,17,10,0,11
421086,1,1,1990,16,16,16,16,16,16,16,16,16,16
421086,2,1,1990,18,18,18,18,18,18,18,18,18,18
421087,1,1,1990,17,17,17,17,17,17,17,17,17,17
421088,0,1,1990,0,0,0,0,0,0,0,0,0,0
421088,1,1,1990,0,0,0,0,0,0,0,0,0,0
421089,0,1,1990,0,0,0,0,0,0,0,0,0,0
421089,1,1,1990,0,0,0,0,0,0,0,0,0,0
421090,0,1,1990,0,0,8,0,0,0,0,0,0,0
421091,1,1,1990,15,15,15,15,15,15,15,15,15,15
421092,1,1,1990,19,19,19,19,19,19,19,19,19,19
421092,2,1,1990,0,0,0,0,0,0,0,0,0,0
421093,1,1,1990,0,0,0,0,0,0,0,0,0,0
421093,2,1,1990,0,0,0,0,0,0,0,0,0,0
421094,0,1,1990,0,0,0,0,0,0,0,0,0,0
421094,1,1,1990,0,0,0,0,0,0,0,0,0,0
421095,1,1,1990,32,32,32,32,32,32,32,32,32,32
421096,1,1,1990,0,0,0,12,26,0,0,0,0,0
421096,2,1,1990,0,0,0,0,0,13,0,0,0,0
421097,0,1,1990,0,0,0,0,0,0,0,0,0,0
421097,1,1,1990,0,0,0,0,0,0,0,0,0,0
421098,1,1,1990,0,0,0,0,0,0,0,0,0,0
421098,2,1,1990,0,0,0,0,0,0,0,0,0,0
421099,1,1,1990,0,0,0,0,0,0,0,0,0,0
421099,2,1,1990,1,1,1,1,1,1,1,1,1,1
421100,1,1,1990,0,0,0,28,0,0,0,0,0,0
421100,2,1,1990,0,0,0,0,0,17,0,0,0,0
421101,0,1,1990,34,0,0,0,0,0,0,0,0,0
421101,1,1,1990,20,18,19,6,16,3,21,19,11,13
421102,1,1,1990,0,0,0,0,0,0,0,0,0,0
421103,1,1,1990,27,27,27,27,27,27,27,27,27,27
421104,1,1,1990,0,0,0,0,0,0,0,0,0,0
421104,2,1,1990,0,11,0,0,0,0,0,0,0,0
421105,1,1,1990,16,16,16,16,16,16,16,16,16,16
421105,2,1,1990,0,0,0,0,0,0,0,0,0,0
421106,0,2,1990,32,32,32,32,32,32,32,32,32,32
421106,1,1,1990,32,32,32,32,32,32,32,32,32,32
421107,0,1,1990,0,0,0,0,0,0,0,0,0,0
421107,1,1,1990,0,0,0,0,0,0,0,0,0,0
421108,1,1,1990,9,0,10,0,16,0,12,17,0,17
421109,1,1,1990,0,0,0,0,0,0,0,0,11,0
421110,1,1,1990,0,0,0,0,0,0,0,0,0,0
421111,1,1,1990,0,0,0,0,0,0,0,0,0,0
421111,2,1,1990,0,0,0,0,0,0,0,0,0,0
421112,1,1,1990,29,29,29,29,29,29,29,29,29,29
421112,2,1,1990,0,0,0,0,0,0,0,0,0,0
421113,1,1,1990,13,13,13,13,13,13,13,13,13,13
421113,2,1,1990,0,8,8,0,20,0,4,0,19,10
421114,1,1,1990,21,21,21,21,21,21,21,21,21,21
421115,1,1,1990,0,0,0,0,0,0,0,0,0,0
421115,2,1,1990,0,0,0,0,0,0,0,0,0,0
421116,1,1,1990,0,0,0,0,0,0,0,0,0,0
421116,2,1,1990,0,0,0,0,0,0,0,0,0,0
421117,1,1,1990,0,0,0,0,13,0,0,0,33,10
421117,2,1,1990,0,0,0,0,0,0,0,0,0,0
421118,1,1,1990,4,4,4,4,4,4,4,4,4,4
421120,1,1,1990,24,24,24,24,24,24,24,24,24,24
421121,1,1,1990,0,0,0,0,0,0,0,0,0,0
421121,2,1,1990,0,0,0,0,0,0,0,0,0,18
421122,0,1,1990,31,31,31,31,31,31,31,31,31,31
421122,1,1,1990,0,0,0,0,0,0,0,0,0,0
421123,1,1,1990,0,0,0,0,0,0,0,0,0,0
421124,1,1,1990,0,0,0,0,0,0,0,0,0,0
421124,2,1,1990,0,0,0,0,0,0,0,0,0,0
421125,1,1,1990,0,19,25,7,23,0,4,0,0,24
421126,1,1,1990,14,14,14,14,14,14,14,14,14,14
421126,2,1,1990,0,0,0,0,0,0,22,0,5,0
421127,1,1,1990,28,28,28,28,28,28,28,28,28,28
421128,0,1,1990,0,0,0,0,0,0,0,0,0,0
421128,1,1,1990,0,0,0,0,0,0,0,0,0,0
421129,1,1,1990,0,0,0,0,0,0,0,0,0,0
421129,2,1,1990,0,0,0,0,0,0,0,0,0,0
421130,1,1,1990,22,22,22,22,22,22,22,22,22,22
421132,1,1,1990,0,0,0,0,0,0,0,0,0,0
421132,2,1,1990,0,0,17,0,0,0,0,0,0,0
421133,1,1,1990,0,0,0,0,0,0,0,0,0,0
421133,2,1,1990,0,0,0,0,0,0,0,0,0,0
421134,1,1,1990,0,0,0,0,0,0,0,0,0,0
421135,1,1,1990,28,28,28,28,28,28,28,28,28,28
421136,1,1,1990,0,0,0,0,0,0,0,0,0,0
421137,1,1,1990,15,15,15,15,15,15,15,15,15,15
421138,1,1,1990,0,0,0,0,0,21,0,0,0,0
421138,2,1,1990,0,11,0,0,0,0,0,0,0,0
421139,1,1,1990,7,7,7,7,7,7,7,7,7,7
421140,1,1,1990,0,0,0,0,16,0,0,0,0,0
421141,0,1,1990,8,8,8,8,8,8,8,8,8,8