ST_CASE,VEH_NO,PER_NO,YEAR,P1,P2,P3,P4,P5,P6,P7,P8,P9,P10
421141,1,1,1990,22,22,22,22,22,22,22,22,22,22
421142,1,1,1990,0,0,0,0,0,0,0,0,0,0
421143,1,1,1990,4,4,4,4,4,4,4,4,4,4
421143,2,1,1990,0,0,0,0,0,0,0,0,0,0
421144,1,1,1990,33,33,33,33,33,33,33,33,33,33
421145,1,1,1990,0,0,0,0,0,0,0,0,0,0
421145,2,1,1990,0,0,0,0,0,0,0,0,0,0
421145,3,1,1990,0,0,0,0,0,0,0,0,0,0
421145,4,1,1990,0,0,0,0,0,0,0,0,0,0
421145,5,1,1990,0,0,0,0,0,0,0,0,0,0
421145,6,1,1990,0,0,0,0,0,20,0,0,0,0
421146,1,1,1990,0,0,0,0,0,0,0,0,0,0
421146,2,1,1990,0,0,0,0,0,0,8,0,0,0
421147,1,1,1990,20,20,20,20,20,20,20,20,20,20
421147,2,1,1990,0,0,0,0,0,0,0,0,0,0
421148,1,1,1990,19,19,19,19,19,19,19,19,19,19
421149,1,1,1990,23,23,23,23,23,23,23,23,23,23
421150,1,1,1990,0,0,29,0,8,0,0,0,0,0
421151,1,1,1990,0,0,28,0,0,14,0,0,11,28
421152,1,1,1990,2,2,2,2,2,2,2,2,2,2
421153,1,1,1990,23,23,23,23,23,23,23,23,23,23
421153,2,1,1990,10,10,10,10,10,10,10,10,10,10
421154,1,1,1990,23,23,23,23,23,23,23,23,23,23
421154,2,1,1990,0,0,0,0,0,0,0,0,0,0
421155,1,1,1990,0,0,0,0,0,20,0,0,0,0
421155,2,1,1990,15,15,15,15,15,15,15,15,15,15
421156,1,1,1990,0,0,22,15,0,0,0,0,0,0
421156,2,1,1990,0,0,0,0,0,0,0,0,0,0
421157,0,1,1990,7,7,7,7,7,7,7,7,7,7
421157,1,1,1990,9,9,9,9,9,9,9,9,9,9
421158,0,1,1990,0,0,0,0,0,0,0,0,10,19
421158,1,1,1990,0,0,0,0,0,0,0,0,0,0
421159,1,1,1990,19,19,19,19,19,19,19,19,19,19
421159,2,1,1990,0,0,0,0,0,0,0,0,0,0
421160,1,1,1990,0,0,0,0,0,0,0,0,0,0
421160,2,1,1990,0,0,0,0,0,0,0,0,0,0
421161,1,1,1990,15,15,15,15,15,15,15,15,15,15
421161,2,1,1990,6,6,6,6,6,6,6,6,6,6
421162,0,1,1990,4,4,4,4,4,4,4,4,4,4
421162,1,1,1990,0,0,0,0,0,0,0,0,0,0
421163,1,1,1990,18,18,18,18,18,18,18,18,18,18
421164,1,1,1990,0,0,0,0,0,0,0,0,0,0
421164,2,1,1990,0,0,0,0,0,0,0,0,0,0
421165,1,1,1990,0,0,0,0,0,0,0,0,0,0
421165,2,1,1990,0,0,0,0,9,0,0,0,0,0
421166,1,1,1990,20,20,20,20,20,20,20,20,20,20
421166,2,1,1990,9,9,9,9,9,9,9,9,9,9
421167,1,1,1990,0,0,0,0,0,0,0,0,0,0
421168,1,1,1990,21,21,21,21,21,21,21,21,21,21
421169,1,1,1990,27,27,27,27,27,27,27,27,27,27
421170,1,1,1990,0,0,0,0,0,0,0,0,0,0
421171,1,1,1990,19,19,19,19,19,19,19,19,19,19
421172,1,1,1990,0,6,0,0,7,0,0,0,0,0
421172,2,1,1990,13,19,0,11,13,0,0,0,6,3
421173,1,1,1990,0,16,0,0,12,0,21,25,0,0
421174,0,1,1990,0,0,0,0,0,0,0,0,0,0
421174,0,2,1990,0,0,0,0,8,0,0,24,0,14
421174,0,3,1990,0,0,0,9,0,0,0,0,0,0
421174,1,1,1990,0,0,12,0,0,0,0,0,0,0
421175,0,1,1990,0,0,0,0,0,0,0,0,0,0
421175,1,1,1990,19,20,25,14,22,21,20,0,16,7
421176,1,1,1990,0,0,0,0,0,0,0,0,0,0
421176,2,1,1990,17,17,17,17,17,17,17,17,17,17
421176,3,1,1990,0,0,0,0,0,0,0,0,0,0
421177,0,1,1990,0,0,0,0,0,0,0,0,0,0
421177,1,1,1990,0,0,0,0,10,17,0,12,0,0
421178,0,1,1990,21,0,12,10,0,21,0,0,0,12
421178,1,1,1990,9,9,9,9,9,9,9,9,9,9
421179,1,1,1990,14,0,0,0,0,0,0,0,24,0
421180,0,1,1990,0,0,0,0,0,0,0,0,0,0
421180,1,1,1990,0,0,0,0,0,0,0,0,0,0
421181,0,1,1990,27,0,0,0,0,23,17,0,7,0
421181,1,1,1990,0,0,18,13,0,20,12,0,0,0
421182,1,1,1990,0,0,16,0,0,0,0,0,0,10
421183,0,1,1990,0,0,0,0,0,0,0,0,0,0
421183,1,1,1990,0,0,0,0,0,0,0,0,0,0
421184,0,1,1990,0,0,0,0,0,0,0,17,0,0
421184,1,1,1990,16,0,16,8,38,0,13,9,0,0
421186,1,1,1990,17,15,4,0,13,0,0,0,11,0
421187,0,1,1990,0,0,0,0,0,0,0,0,0,0
421187,1,1,1990,0,0,0,0,0,0,0,0,0,0
421188,0,1,1990,0,0,0,0,0,0,0,0,0,0
421188,1,1,1990,0,0,0,0,0,0,0,0,0,0
421189,1,1,1990,22,19,20,21,25,15,0,0,0,0
421190,1,1,1990,0,0,0,0,0,0,0,0,0,0
421191,0,1,1990,0,0,0,0,0,0,0,0,0,0
421191,1,1,1990,0,0,0,0,0,0,0,0,0,0
421192,0,1,1990,0,0,0,0,0,0,0,0,0,0
421192,1,1,1990,0,0,0,0,3,0,0,0,0,0
421193,0,1,1990,0,0,0,0,0,0,0,0,0,0
421193,1,1,1990,0,0,0,0,0,30,24,0,25,0
421194,1,1,1990,0,0,0,0,14,0,0,23,0,11
421194,2,1,1990,0,0,0,0,14,0,0,46,0,0
421195,1,1,1990,0,0,0,0,0,0,0,0,0,0
421195,2,1,1990,0,0,0,0,0,0,0,0,0,0
421195,3,1,1990,0,0,0,0,0,0,0,0,0,0
421196,0,1,1990,0,0,0,0,0,0,0,0,0,0
421196,1,1,1990,0,0,0,0,0,0,0,0,0,0
421197,1,1,1990,0,0,0,0,0,0,0,0,0,0
421197,2,1,1990,0,0,0,0,0,0,0,0,0,0
421198,1,1,1990,24,24,24,24,24,24,24,24,24,24
421199,1,1,1990,0,0,0,0,0,0,0,0,0,0
421200,1,1,1990,0,0,0,0,0,0,0,0,0,0
421201,0,1,1990,0,0,0,0,0,0,0,0,0,0
421201,0,2,1990,11,0,0,16,0,0,0,0,0,0
421201,1,1,1990,0,0,0,0,0,0,0,0,0,0
421202,1,1,1990,25,0,0,0,0,0,16,0,0,0
421202,2,1,1990,0,0,0,0,0,0,0,0,0,0
421203,1,1,1990,0,0,0,0,0,0,0,0,0,0
421203,2,1,1990,0,0,0,0,0,9,16,0,0,0
421204,1,1,1990,0,0,0,0,0,0,0,0,0,0
421204,2,1,1990,0,0,0,0,0,0,0,0,0,0
421205,1,1,1990,0,0,0,0,0,0,0,0,0,0
421205,2,1,1990,0,0,0,0,0,0,0,0,0,0
421206,1,1,1990,0,0,0,0,0,0,0,0,0,0
421207,1,1,1990,8,8,8,8,8,8,8,8,8,8
421208,1,1,1990,16,16,16,16,16,16,16,16,16,16
421209,1,1,1990,0,0,0,0,0,0,0,0,0,0
421210,1,1,1990,6,6,6,6,6,6,6,6,6,6
421211,1,1,1990,0,0,0,0,0,0,0,0,0,0
421211,2,1,1990,0,0,11,0,0,0,0,0,0,0
421212,1,1,1990,0,0,0,0,0,0,0,0,0,0
421212,2,1,1990,0,0,0,0,0,0,0,0,0,0
421213,1,1,1990,0,0,0,0,0,0,0,0,0,0
421213,2,1,1990,7,7,7,7,7,7,7,7,7,7
421214,1,1,1990,6,6,6,6,6,6,6,6,6,6
421214,2,1,1990,0,0,0,0,0,0,0,0,0,0
421215,0,1,1990,0,0,0,0,0,0,0,0,0,0
421215,1,1,1990,4,4,4,4,4,4,4,4,4,4
421216,1,1,1990,26,26,26,26,26,26,26,26,26,26
421217,1,1,1990,0,0,0,0,0,0,0,0,0,0
421218,0,1,1990,0,0,0,0,0,0,0,0,0,0
421218,1,1,1990,0,0,0,0,0,0,0,0,0,0
421218,2,1,1990,0,0,0,0,0,0,0,0,0,0
421219,1,1,1990,0,0,0,0,0,0,0,0,0,0
421220,1,1,1990,23,23,23,23,23,23,23,23,23,23
421221,1,1,1990,0,0,0,0,0,0,0,0,0,0
421221,2,1,1990,0,0,0,0,0,0,0,0,0,0
421223,1,1,1990,0,11,0,9,0,0,0,0,19,7
421223,2,1,1990,0,0,0,0,0,0,0,0,0,0
421223,3,1,1990,0,0,0,0,13,0,0,0,0,0
421223,4,1,1990,0,0,0,0,0,0,0,0,2,0
421223,5,1,1990,16,0,0,15,0,0,0,0,0,0
421224,1,1,1990,2,2,2,2,2,2,2,2,2,2
421225,1,1,1990,0,0,0,0,0,0,0,0,0,0
421226,1,1,1990,28,20,14,26,11,15,0,21,14,24
421226,2,1,1990,0,0,0,0,0,0,0,0,0,0
421227,1,1,1990,13,13,13,13,13,13,13,13,13,13
421228,1,1,1990,0,0,0,0,0,0,0,0,0,0
421228,2,1,1990,0,0,0,0,0,0,0,0,0,0
421228,3,1,1990,0,0,0,0,0,0,0,0,0,0
421229,0,1,1990,28,28,28,28,28,28,28,28,28,28
421229,1,1,1990,0,0,0,0,0,0,0,0,0,0
421230,1,1,1990,0,0,0,0,0,0,0,0,0,0
421231,0,1,1990,0,0,0,0,0,0,0,0,0,0
421231,1,1,1990,0,0,0,0,0,0,0,0,0,5
421232,1,1,1990,0,0,0,0,0,0,0,0,0,0
421232,2,1,1990,28,15,0,8,0,17,26,9,8,0
421233,1,1,1990,0,0,0,0,0,0,0,0,0,7
421233,2,1,1990,0,0,0,0,0,0,0,0,0,0
421234,1,1,1990,16,16,16,16,16,16,16,16,16,16
421235,1,1,1990,0,0,0,0,0,0,0,0,0,0
421235,2,1,1990,0,0,0,0,0,0,0,0,0,0
421236,1,1,1990,4,4,4,4,4,4,4,4,4,4
421236,2,1,1990,0,0,0,0,0,0,0,0,0,0
421237,1,1,1990,16,18,12,13,9,21,11,13,18,22
421238,1,1,1990,0,0,0,0,0,0,0,0,0,0
421238,2,1,1990,0,0,0,0,0,0,0,0,0,0
421239,1,1,1990,0,0,0,0,0,0,0,0,0,0
421240,0,1,1990,0,0,0,0,0,0,0,0,0,0
421240,1,1,1990,0,0,0,0,0,0,0,0,0,0
421241,1,1,1990,27,6,14,27,22,19,17,25,20,20
421241,2,1,1990,23,23,23,23,23,23,23,23,23,23
421242,1,1,1990,0,0,0,0,0,0,0,0,0,0
421242,2,1,1990,0,0,0,0,0,0,0,0,0,0
421243,1,1,1990,12,12,12,12,12,12,12,12,12,12
421244,1,1,1990,14,14,14,14,14,14,14,14,14,14
421245,0,1,1990,0,0,10,42,25,19,0,13,27,19
421245,1,1,1990,12,0,4,0,0,9,23,0,0,0
421245,2,1,1990,8,8,8,8,8,8,8,8,8,8
421246,1,1,1990,22,22,22,22,22,22,22,22,22,22
421246,2,1,1990,12,23,20,10,15,9,17,19,18,17
421247,1,1,1990,0,0,0,0,0,0,0,0,0,0
421248,1,1,1990,8,8,8,8,8,8,8,8,8,8
421249,1,1,1990,15,15,15,15,15,15,15,15,15,15
421250,1,1,1990,0,0,0,0,0,0,0,0,0,0
421251,1,1,1990,17,17,17,17,17,17,17,17,17,17
421252,0,1,1990,0,0,0,20,0,0,0,0,0,0
421252,1,1,1990,0,0,0,0,0,0,0,0,0,0
421252,2,1,1990,0,0,0,0,0,0,0,0,0,0
421253,1,1,1990,0,0,0,0,0,0,0,0,0,0
421253,2,1,1990,0,0,0,0,0,0,0,0,0,0
421254,1,1,1990,22,22,22,22,22,22,22,22,22,22
421254,2,1,1990,0,0,0,0,0,0,0,16,0,0
421255,1,1,1990,19,19,19,19,19,19,19,19,19,19
421256,1,1,1990,12,12,12,12,12,12,12,12,12,12
421257,1,1,1990,0,0,0,0,0,0,0,0,0,0
421258,1,1,1990,14,14,14,14,14,14,14,14,14,14
421259,1,1,1990,13,13,13,13,13,13,13,13,13,13
421259,2,1,1990,0,0,0,0,0,0,0,0,0,0
421260,0,1,1990,0,0,0,0,0,0,0,0,0,0
421260,1,1,1990,0,0,0,0,0,0,0,0,0,0
421261,0,1,1990,7,7,7,7,7,7,7,7,7,7
421261,1,1,1990,0,0,0,0,0,0,0,0,0,0
421262,1,1,1990,18,22,0,15,15,9,0,8,14,20
421263,1,1,1990,6,15,14,9,11,14,12,9,16,20
421264,1,1,1990,12,12,12,12,12,12,12,12,12,12
421265,1,1,1990,17,17,17,17,17,17,17,17,17,17
421266,1,1,1990,0,0,0,0,0,0,0,0,0,0
421266,2,1,1990,0,0,0,0,0,0,0,0,0,0
421267,1,1,1990,33,33,33,33,33,33,33,33,33,33
421268,1,1,1990,0,0,0,0,0,0,0,0,0,0
421268,2,1,1990,0,0,0,0,8,0,0,16,0,9
421269,1,1,1990,0,0,0,0,0,0,0,10,30,0
421270,1,1,1990,8,8,8,8,8,8,8,8,8,8
421270,2,1,1990,0,0,0,0,0,0,0,0,0,0
421271,1,1,1990,0,0,0,0,0,0,0,0,0,0
421271,2,1,1990,0,0,0,0,0,0,0,0,0,0
421272,1,1,1990,0,0,0,0,0,0,0,0,0,0
421272,2,1,1990,0,0,0,0,0,0,0,0,0,0
421273,0,1,1990,0,28,0,0,0,0,0,0,0,0
421273,1,1,1990,0,0,0,0,0,0,0,0,0,0
421274,0,1,1990,17,17,17,17,17,17,17,17,17,17
421274,1,1,1990,0,0,0,0,0,0,0,0,0,0
421275,1,1,1990,22,22,22,22,22,22,22,22,22,22
421276,0,1,1990,0,0,0,0,0,0,0,0,0,0
421276,1,1,1990,0,0,0,0,0,0,14,0,0,0
421277,1,1,1990,15,15,15,15,15,15,15,15,15,15
421277,2,1,1990,0,0,0,0,0,0,0,0,0,0
421278,1,1,1990,0,7,5,10,11,3,0,0,9,29
421278,2,1,1990,23,0,0,0,0,0,0,0,10,0
421279,1,1,1990,0,9,23,39,32,10,7,13,21,10
421279,2,1,1990,11,13,30,16,14,15,18,15,14,12
421280,1,1,1990,14,14,14,14,14,14,14,14,14,14
421281,1,1,1990,0,0,0,0,8,0,0,0,0,2
421281,2,1,1990,0,0,0,0,0,0,0,0,0,0
421281,3,1,1990,0,0,0,0,0,0,0,0,0,13
421282,1,1,1990,0,0,0,7,0,0,13,25,0,5
421282,2,1,1990,0,0,0,0,0,0,0,0,0,0
421283,1,1,1990,0,0,0,0,0,0,0,0,0,0
421283,2,1,1990,0,0,0,0,0,0,0,0,0,0
421283,3,1,1990,0,0,0,0,0,0,0,0,0,0
421284,1,1,1990,0,0,0,0,0,0,0,0,0,3
421284,2,1,1990,0,0,0,0,0,0,0,0,0,0
421285,0,1,1990,0,0,0,0,0,0,0,0,0,0
421285,1,1,1990,0,0,0,0,0,19,0,0,30,0
421286,1,1,1990,11,11,11,11,11,11,11,11,11,11
421287,1,1,1990,13,13,13,13,13,13,13,13,13,13
421288,0,1,1990,0,0,0,0,0,0,0,0,0,0
421288,1,1,1990,0,0,0,0,0,0,0,0,0,0
421289,0,1,1990,0,0,0,0,0,0,0,0,0,0
421289,1,1,1990,0,0,0,0,0,4,0,0,0,0
421290,1,1,1990,28,28,28,28,28,28,28,28,28,28
421291,1,1,1990,22,22,22,22,22,22,22,22,22,22
421292,1,1,1990,0,0,0,0,0,0,0,0,0,0
421292,2,1,1990,0,0,0,0,0,0,0,0,0,0
421292,3,1,1990,0,0,0,0,0,0,20,0,0,0
421293,1,1,1990,0,0,0,0,0,0,0,0,0,0
421293,2,1,1990,0,0,0,0,0,0,0,0,0,0
421294,1,1,1990,22,22,22,22,22,22,22,22,22,22
421294,2,1,1990,0,0,0,0,0,0,0,0,0,0
421295,1,1,1990,0,0,0,0,0,0,0,0,0,0
421296,1,1,1990,0,0,0,0,0,0,0,0,0,0
421296,2,1,1990,0,0,0,0,0,0,0,0,0,0
421297,1,1,1990,20,20,20,20,20,20,20,20,20,20
421298,1,1,1990,37,37,37,37,37,37,37,37,37,37
421299,1,1,1990,20,20,20,20,20,20,20,20,20,20
421300,1,1,1990,0,0,0,0,0,0,0,23,0,0
421301,0,1,1990,0,0,0,0,0,0,0,0,0,0
421301,1,1,1990,14,26,18,14,11,10,27,28,0,15
421302,0,1,1990,0,0,0,0,0,0,0,0,0,0
421302,1,1,1990,0,0,0,0,11,0,0,0,0,0
421304,0,1,1990,32,32,32,32,32,32,32,32,32,32
421304,1,1,1990,0,0,0,0,0,0,0,0,0,0
421305,1,1,1990,19,19,19,19,19,19,19,19,19,19
421305,2,1,1990,0,0,0,0,0,0,0,0,0,0
421306,1,1,1990,0,0,0,0,10,0,0,0,0,0
421306,2,1,1990,0,0,0,0,0,0,0,0,0,0
421306,3,1,1990,0,0,0,0,0,0,0,0,0,0
421307,0,1,1990,0,0,0,0,0,0,0,0,0,0
421307,1,1,1990,0,0,0,0,0,0,0,0,0,0
421308,1,1,1990,24,24,24,24,24,24,24,24,24,24
421309,0,1,1990,0,0,0,0,0,0,0,0,0,0
421309,1,1,1990,0,0,0,0,0,0,0,0,0,0
421310,1,1,1990,0,0,0,0,0,0,7,0,0,0
421310,2,1,1990,0,0,0,0,0,0,0,0,0,0
421311,1,1,1990,0,0,0,0,0,0,0,0,0,0
421312,1,1,1990,6,6,6,6,6,6,6,6,6,6
421312,2,1,1990,0,0,0,0,0,0,0,0,0,0
421313,1,1,1990,9,9,9,9,9,9,9,9,9,9
421314,0,1,1990,24,24,24,24,24,24,24,24,24,24
421314,1,1,1990,0,0,0,0,18,0,0,0,0,10
421315,1,1,1990,12,12,12,12,12,12,12,12,12,12
421315,2,1,1990,0,0,0,0,0,0,0,0,0,0
421316,1,1,1990,11,11,11,11,11,11,11,11,11,11
421316,2,1,1990,0,0,0,0,0,0,0,0,0,0
421317,1,1,1990,14,14,14,14,14,14,14,14,14,14
421318,1,1,1990,0,0,0,0,0,0,0,0,0,0
421319,1,1,1990,0,0,0,0,0,0,0,0,0,0
421319,2,1,1990,0,0,0,0,0,0,0,0,0,0
421319,3,1,1990,0,0,0,0,0,0,0,0,0,0
421320,1,1,1990,10,7,6,10,10,16,26,0,11,23
421321,1,1,1990,0,0,0,0,0,0,0,0,0,0
421321,2,1,1990,0,39,0,21,0,19,15,0,32,0
421322,1,1,1990,0,0,0,0,0,0,0,0,0,0
421322,2,1,1990,0,0,0,0,0,0,0,0,0,0
421323,1,1,1990,0,0,0,0,0,0,0,0,0,0
421323,2,1,1990,0,0,0,0,0,0,0,0,0,0
421324,1,1,1990,0,0,0,0,0,0,0,0,0,0
421325,1,1,1990,0,0,14,0,0,0,12,0,0,0
421325,2,1,1990,0,0,0,0,0,0,0,0,0,0
421326,1,1,1990,0,0,0,0,0,0,0,0,0,0
421326,2,1,1990,0,5,0,0,0,0,0,0,0,0
421327,1,1,1990,15,15,15,15,15,15,15,15,15,15
421327,2,1,1990,0,0,0,0,0,0,0,0,0,0
421328,1,1,1990,11,11,11,11,11,11,11,11,11,11
421329,1,1,1990,29,29,29,29,29,29,29,29,29,29
421330,1,1,1990,17,0,16,0,17,19,28,17,25,19
421331,0,1,1990,0,0,0,0,0,16,0,0,18,0
421331,1,1,1990,9,10,0,22,4,0,0,0,16,0
421332,1,1,1990,0,21,0,0,0,0,0,0,0,0
421333,1,1,1990,0,0,0,0,0,11,0,0,12,0
421334,1,1,1990,0,0,0,0,0,0,0,0,0,0
421334,2,1,1990,0,0,0,0,0,0,0,0,0,0
421335,0,1,1990,0,0,0,0,0,0,0,0,0,0
421335,1,1,1990,0,0,0,0,0,0,0,0,0,0
421336,0,1,1990,0,0,0,0,0,0,0,0,0,0
421336,1,1,1990,0,0,0,0,0,0,0,0,0,0
421337,1,1,1990,0,0,0,0,0,0,0,0,0,0
421337,2,1,1990,0,0,0,0,0,0,0,0,0,0
421338,0,1,1990,0,0,0,0,0,0,0,0,0,0
421338,1,1,1990,0,0,0,0,0,0,0,0,0,0
421339,1,1,1990,21,21,21,21,21,21,21,21,21,21
421340,1,1,1990,15,29,9,27,31,20,10,4,25,7
421340,2,1,1990,0,11,11,0,0,0,0,7,0,0
421341,0,1,1990,0,0,0,0,0,0,0,0,0,0
421341,1,1,1990,0,0,0,0,0,0,0,0,0,0
421342,1,1,1990,22,22,22,22,22,22,22,22,22,22
421343,1,1,1990,0,0,0,0,0,0,19,0,8,0
421343,2,1,1990,0,0,4,0,0,8,0,12,0,0
421343,3,1,1990,0,0,8,0,0,0,0,0,0,0
421344,0,1,1990,0,0,0,0,0,0,0,0,0,18
421344,1,1,1990,0,0,0,17,0,5,0,0,0,0
421345,1,1,1990,0,0,0,0,16,0,0,0,0,0
421345,2,1,1990,0,0,0,0,0,0,0,0,0,0
421345,3,1,1990,0,0,23,0,0,0,0,0,0,0
421345,4,1,1990,9,0,15,0,0,0,11,0,0,0
421346,1,1,1990,17,17,17,17,17,17,17,17,17,17
421347,0,1,1990,0,0,0,0,0,0,0,0,0,12
421347,0,2,1990,0,0,0,0,0,0,0,0,0,0
421347,0,3,1990,0,22,0,29,38,30,0,0,0,0
421347,0,4,1990,0,0,0,0,0,0,0,0,0,0
421347,0,5,1990,0,0,0,0,0,0,0,0,0,0
421347,1,1,1990,0,14,10,23,0,11,19,10,28,20
421347,2,1,1990,0,0,0,0,0,0,17,0,17,0
421347,3,1,1990,0,0,0,0,0,0,0,0,0,0
421348,1,1,1990,0,0,0,0,0,5,22,0,0,16
421348,2,1,1990,0,0,0,0,0,0,0,0,0,0
421349,1,1,1990,0,0,0,0,0,0,0,0,0,15
421349,2,1,1990,0,0,0,0,0,0,0,0,0,0
421349,3,1,1990,0,0,9,0,0,0,0,0,0,0
421351,0,1,1990,0,0,0,0,0,0,0,0,0,0
421351,1,1,1990,0,0,0,0,0,0,0,0,0,0
421352,1,1,1990,0,0,0,0,0,0,0,0,0,0
421352,2,1,1990,0,0,0,11,0,0,0,0,0,0
421353,1,1,1990,0,12,0,0,0,0,0,17,0,0
421353,2,1,1990,0,0,0,0,0,0,0,0,0,0
421354,1,1,1990,16,0,0,0,8,20,0,0,0,0
421354,2,1,1990,0,0,0,0,0,0,0,0,0,0
421354,3,1,1990,0,0,0,0,0,0,0,0,0,0
421355,1,1,1990,0,0,0,0,0,0,0,0,0,0
421355,2,1,1990,0,0,0,0,0,0,0,0,0,0
421355,3,1,1990,0,0,0,0,0,0,0,0,0,0
421355,4,1,1990,0,0,0,0,0,0,0,0,0,0
421356,1,1,1990,14,0,0,0,0,0,0,0,0,0
421357,0,1,1990,0,0,0,0,0,0,0,0,0,0
421357,1,1,1990,0,18,0,32,23,0,0,0,0,0
421358,1,1,1990,0,0,0,0,0,0,0,0,0,0
421358,2,1,1990,0,0,0,0,0,0,0,0,0,0
421359,1,1,1990,0,0,0,0,0,0,0,0,0,0
421360,1,1,1990,26,26,26,26,26,26,26,26,26,26
421361,0,1,1990,0,0,0,0,13,0,0,0,0,0
421361,1,1,1990,7,7,7,7,7,7,7,7,7,7
421362,0,1,1990,0,0,0,0,0,0,0,0,0,0
421362,1,1,1990,0,33,16,0,0,19,0,0,11,0
421363,1,1,1990,15,0,0,0,0,0,0,0,0,0
421363,2,1,1990,0,0,0,0,0,0,0,0,0,0
421364,1,1,1990,11,11,11,11,11,11,11,11,11,11
421365,1,1,1990,28,18,8,0,12,19,15,11,11,11
421366,1,1,1990,13,13,13,13,13,13,13,13,13,13
421367,1,1,1990,0,17,0,0,0,10,0,0,11,0
421368,1,1,1990,18,18,18,18,18,18,18,18,18,18
421369,1,1,1990,0,0,0,0,0,0,0,0,0,0
421369,2,1,1990,0,0,0,0,11,0,0,0,0,0
421370,1,1,1990,8,9,10,19,12,25,17,16,10,20
421371,1,1,1990,0,0,0,0,0,0,0,0,0,0
421371,2,1,1990,0,0,0,0,0,0,0,0,0,0
421372,1,1,1990,22,22,22,22,22,22,22,22,22,22
421373,1,1,1990,0,0,0,0,0,0,0,0,0,0
421374,1,1,1990,0,0,0,0,0,0,0,0,0,0
421374,2,1,1990,0,0,0,0,0,0,0,0,0,7
421375,1,1,1990,0,0,12,0,0,0,0,24,21,0
421375,2,1,1990,0,0,0,0,0,8,0,21,0,0
421376,1,1,1990,0,0,0,0,0,0,0,0,0,0
421377,1,1,1990,11,38,24,26,11,28,16,17,21,31
421378,1,1,1990,0,16,0,0,0,0,0,0,0,0
421378,2,1,1990,0,0,0,0,0,0,0,0,0,0
421379,1,1,1990,23,23,23,23,23,23,23,23,23,23
421380,1,1,1990,18,18,18,18,18,18,18,18,18,18
421380,2,1,1990,0,0,0,0,0,0,0,0,0,0
421381,1,1,1990,19,19,19,19,19,19,19,19,19,19
421381,2,1,1990,0,0,0,0,0,0,0,0,0,0
421381,3,1,1990,1,1,1,1,1,1,1,1,1,1
421382,1,1,1990,0,0,0,0,0,0,0,0,0,0
421382,2,1,1990,0,0,0,0,0,0,0,0,0,0
421382,3,1,1990,0,0,0,0,0,0,0,0,0,0
421383,1,1,1990,0,0,0,0,0,0,0,0,0,0
421383,2,1,1990,0,0,0,0,0,0,0,0,0,0
421384,1,1,1990,0,0,0,13,0,0,0,0,0,0
421384,2,1,1990,0,0,0,0,0,0,14,0,20,0
421385,1,1,1990,0,0,0,0,0,0,0,0,0,0
421385,2,1,1990,0,0,0,0,0,0,0,0,0,0
421386,1,1,1990,0,0,0,0,0,0,0,0,0,0
421386,2,1,1990,0,0,0,16,0,0,0,0,0,16
421387,1,1,1990,0,0,0,0,0,0,0,0,0,0
421387,2,1,1990,0,0,0,0,0,0,0,0,0,0
421388,1,1,1990,29,29,29,29,29,29,29,29,29,29
421389,1,1,1990,0,0,0,0,0,0,0,0,0,0
421389,2,1,1990,0,20,0,0,0,0,0,0,0,0
421390,1,1,1990,0,0,0,0,0,0,0,0,0,0
421390,2,1,1990,10,0,0,0,0,0,0,0,12,18
421391,0,1,1990,0,0,0,0,0,0,0,0,0,0
421391,1,1,1990,0,0,0,0,0,0,0,9,0,0
421392,1,1,1990,34,15,19,16,22,13,25,7,29,11
421392,2,1,1990,0,0,0,0,16,0,0,0,0,0
421393,1,1,1990,1,1,1,1,1,1,1,1,1,1
421393,2,1,1990,0,0,0,0,0,0,0,0,0,0
421394,0,1,1990,15,15,15,15,15,15,15,15,15,15
421394,1,1,1990,0,0,0,0,0,0,0,0,0,0
421395,0,1,1990,0,0,0,0,0,0,0,0,0,0
421395,1,1,1990,0,0,0,0,0,0,0,0,0,0
421396,0,1,1990,0,0,0,0,0,0,0,0,0,0
421396,1,1,1990,0,0,0,0,0,0,0,0,0,0
421397,1,1,1990,14,14,14,14,14,14,14,14,14,14
421398,1,1,1990,0,0,0,0,0,0,0,0,0,0
421399,1,1,1990,18,18,18,18,18,18,18,18,18,18
421400,0,1,1990,0,0,0,0,0,0,0,0,0,0
421400,1,1,1990,0,0,0,0,0,0,0,0,0,0
421401,1,1,1990,23,23,23,23,23,23,23,23,23,23
421402,1,1,1990,0,0,0,0,0,0,0,0,0,0
421402,2,1,1990,0,0,0,0,0,0,0,0,0,0
421403,1,1,1990,0,12,30,12,0,3,0,4,20,0
421403,2,1,1990,0,0,0,0,0,0,0,0,0,0
421404,1,1,1990,0,0,0,0,0,9,0,0,0,0
421404,2,1,1990,0,0,0,0,0,0,0,0,0,0
421405,1,1,1990,0,0,0,0,0,0,0,0,0,0
421406,0,1,1990,29,29,29,29,29,29,29,29,29,29
421406,1,1,1990,0,0,0,0,0,0,0,0,0,0
421407,0,1,1990,0,0,0,0,0,0,0,0,0,0
421407,1,1,1990,0,0,0,16,0,13,4,0,21,14
421408,0,1,1990,0,0,0,0,0,0,0,0,0,0
421408,1,1,1990,0,0,0,0,0,0,0,0,0,0