ST_CASE,VEH_NO,PER_NO,YEAR,P1,P2,P3,P4,P5,P6,P7,P8,P9,P10
450088,3,1,1990,0,0,0,0,0,0,0,0,0,0
450089,1,1,1990,10,10,10,10,10,10,10,10,10,10
450090,1,1,1990,10,10,10,10,10,10,10,10,10,10
450091,1,1,1990,0,0,0,0,0,0,0,0,0,0
450091,2,1,1990,0,0,0,0,0,0,0,0,0,0
450092,1,1,1990,0,0,0,0,0,0,0,0,2,10
450092,2,1,1990,0,10,0,0,11,0,0,16,0,0
450093,1,1,1990,0,0,0,0,0,0,17,26,0,0
450093,2,1,1990,0,0,0,0,0,0,0,0,0,0
450094,1,1,1990,0,0,0,0,0,0,0,0,0,0
450095,1,1,1990,23,23,23,23,23,23,23,23,23,23
450096,1,1,1990,0,0,0,0,0,0,0,0,0,0
450096,2,1,1990,0,0,0,0,0,0,0,0,0,0
450096,3,1,1990,0,0,0,0,0,4,0,0,0,0
450098,1,1,1990,0,0,0,0,0,0,0,0,0,0
450098,2,1,1990,0,0,0,0,0,0,0,0,0,0
450099,0,1,1990,22,22,22,22,22,22,22,22,22,22
450099,1,1,1990,0,0,0,0,0,0,0,0,0,0
450100,1,1,1990,2,2,2,2,2,2,2,2,2,2
450101,1,1,1990,20,20,20,20,20,20,20,20,20,20
450102,1,1,1990,0,5,19,10,0,20,29,19,0,12
450103,1,1,1990,0,0,0,0,0,0,0,0,0,0
450103,2,1,1990,0,0,0,0,0,0,0,0,0,0
450104,1,1,1990,0,0,0,0,0,0,0,0,0,0
450104,2,1,1990,15,15,15,15,15,15,15,15,15,15
450105,1,1,1990,11,11,11,11,11,11,11,11,11,11
450106,1,1,1990,12,12,12,12,12,12,12,12,12,12
450106,2,1,1990,13,20,0,0,0,0,0,0,0,20
450107,1,1,1990,16,16,16,16,16,16,16,16,16,16
450108,1,1,1990,0,0,0,0,0,0,0,0,0,0
450109,1,1,1990,0,0,0,0,0,0,0,0,0,12
450110,1,1,1990,17,17,17,17,17,17,17,17,17,17
450111,1,1,1990,21,20,14,27,23,18,9,0,32,11
450112,1,1,1990,0,0,17,9,0,0,0,15,0,0
450113,0,1,1990,0,0,0,0,0,0,0,0,0,0
450113,1,1,1990,0,0,0,0,0,0,22,22,11,21
450114,1,1,1990,0,0,0,0,0,0,0,0,0,0
450114,2,1,1990,0,0,0,0,0,0,0,0,0,0
450114,3,1,1990,0,0,0,0,0,0,0,0,0,0
450115,0,1,1990,2,2,2,2,2,2,2,2,2,2
450115,1,1,1990,0,0,0,0,0,0,0,0,0,0
450116,1,1,1990,0,0,0,0,0,0,0,0,0,0
450116,2,1,1990,0,0,0,0,0,0,0,0,0,0
450118,1,1,1990,0,0,0,0,0,0,0,0,0,0
450119,1,1,1990,15,15,15,15,15,15,15,15,15,15
450120,1,1,1990,0,0,0,0,0,0,0,0,0,0
450121,1,1,1990,0,0,0,0,0,0,0,0,0,0
450121,2,1,1990,3,3,3,3,3,3,3,3,3,3
450122,1,1,1990,14,14,14,14,14,14,14,14,14,14
450123,1,1,1990,13,0,17,0,0,0,25,0,8,28
450124,1,1,1990,21,21,21,21,21,21,21,21,21,21
450125,1,1,1990,32,19,23,2,23,24,25,15,16,30
450125,2,1,1990,0,18,14,13,0,0,20,13,0,0
450126,1,1,1990,0,0,0,0,0,0,0,0,0,0
450127,1,1,1990,11,11,11,11,11,11,11,11,11,11
450128,1,1,1990,27,27,27,27,27,27,27,27,27,27
450129,0,1,1990,0,17,0,0,12,7,21,27,26,15
450129,1,1,1990,0,0,6,5,0,0,0,0,0,0
450130,1,1,1990,0,0,0,0,0,0,0,0,0,0
450130,2,1,1990,24,24,24,24,24,24,24,24,24,24
450131,1,1,1990,0,15,0,0,0,0,0,0,0,0
450131,2,1,1990,0,0,0,0,0,0,0,0,0,0
450132,1,1,1990,0,26,0,0,0,0,0,0,0,0
450133,1,1,1990,0,0,0,0,0,0,0,0,0,0
450133,2,1,1990,0,0,0,0,0,0,0,0,0,0
450134,1,1,1990,0,0,0,0,0,0,0,0,0,0
450135,0,1,1990,0,0,0,0,0,0,0,0,0,0
450135,1,1,1990,0,0,0,12,6,21,0,0,15,0
450136,1,1,1990,0,0,0,0,0,0,0,0,0,0
450136,2,1,1990,0,0,0,0,0,0,0,0,0,0
450136,3,1,1990,0,0,0,0,0,0,0,0,0,8
450137,1,1,1990,22,22,22,22,22,22,22,22,22,22
450138,1,1,1990,0,0,0,0,0,0,0,0,0,0
450138,2,1,1990,0,0,0,0,0,0,0,0,0,0
450139,1,1,1990,0,0,0,0,0,0,0,0,0,0
450139,2,1,1990,25,25,25,25,25,25,25,25,25,25
450139,3,1,1990,0,0,0,9,25,0,21,0,0,16
450139,4,1,1990,20,0,7,0,0,0,0,10,20,0
450140,1,1,1990,7,7,7,7,7,7,7,7,7,7
450140,2,1,1990,0,0,0,0,0,0,0,0,0,0
450140,3,1,1990,14,0,13,5,0,0,0,17,10,10
450140,4,1,1990,0,13,15,12,11,9,0,19,0,17
450141,1,1,1990,0,0,0,0,0,0,0,0,0,0
450141,2,1,1990,0,0,0,0,0,0,0,0,0,0
450142,1,1,1990,30,30,30,30,30,30,30,30,30,30
450143,1,1,1990,0,0,0,0,0,0,0,0,0,0
450144,1,1,1990,24,24,24,24,24,24,24,24,24,24
450145,1,1,1990,0,0,0,0,0,0,0,0,0,0
450145,2,1,1990,7,7,7,7,7,7,7,7,7,7
450146,1,1,1990,5,5,5,5,5,5,5,5,5,5
450147,1,1,1990,0,0,0,0,0,0,0,0,0,0
450147,2,1,1990,12,0,0,0,9,0,0,0,0,0
450148,1,1,1990,0,0,0,0,0,0,0,0,0,0
450148,2,1,1990,17,17,17,17,17,17,17,17,17,17
450149,1,1,1990,0,0,0,0,0,0,0,0,0,0
450149,2,1,1990,25,25,25,25,25,25,25,25,25,25
450150,1,1,1990,0,0,0,0,0,0,0,0,0,0
450151,1,1,1990,0,0,0,21,0,0,0,0,0,0
450151,2,1,1990,20,20,20,20,20,20,20,20,20,20
450152,1,1,1990,23,16,0,12,0,0,0,0,0,25
450152,2,1,1990,0,0,0,0,0,0,0,0,0,14
450153,1,1,1990,0,0,0,0,0,0,0,0,0,0
450153,2,1,1990,0,0,0,0,0,0,0,0,0,0
450154,1,1,1990,18,4,0,0,0,0,0,0,11,0
450154,2,1,1990,0,0,0,0,0,0,11,0,0,0
450155,1,1,1990,11,2,0,0,11,0,8,12,0,5
450156,1,1,1990,0,0,0,0,0,0,0,0,0,0
450157,1,1,1990,12,12,12,12,12,12,12,12,12,12
450158,1,1,1990,0,0,0,0,25,0,39,19,0,0
450159,1,1,1990,0,0,0,0,0,0,0,0,0,0
450159,2,1,1990,17,17,17,17,17,17,17,17,17,17
450160,0,1,1990,0,0,0,0,0,0,0,0,0,0
450160,1,1,1990,0,0,0,0,0,0,0,0,0,0
450161,1,1,1990,12,12,12,12,12,12,12,12,12,12
450162,1,1,1990,16,0,5,0,10,8,0,50,27,20
450163,0,1,1990,35,35,35,35,35,35,35,35,35,35
450163,1,1,1990,25,0,8,0,0,0,0,0,0,0
450164,1,1,1990,0,0,0,0,0,0,0,0,0,0
450164,2,1,1990,17,17,17,17,17,17,17,17,17,17
450165,1,1,1990,0,0,0,0,0,15,0,0,0,0
450166,1,1,1990,0,16,0,0,0,0,0,0,0,0
450168,1,1,1990,0,0,0,0,0,0,0,0,0,0
450168,2,1,1990,0,0,0,0,0,0,0,0,0,0
450168,3,1,1990,0,0,0,14,0,0,30,0,0,15
450169,1,1,1990,23,23,23,23,23,23,23,23,23,23
450170,0,1,1990,23,23,23,23,23,23,23,23,23,23
450170,1,1,1990,0,0,0,0,0,0,0,0,0,0
450171,1,1,1990,0,0,0,0,0,0,0,0,0,0
450171,2,1,1990,0,0,0,0,0,0,0,0,0,0
450172,1,1,1990,0,0,0,0,0,0,0,0,0,0
450172,2,1,1990,0,0,0,0,0,0,0,0,0,0
450173,1,1,1990,8,8,8,8,8,8,8,8,8,8
450174,0,1,1990,10,10,10,10,10,10,10,10,10,10
450174,1,1,1990,0,0,0,0,0,0,0,0,0,0
450175,1,1,1990,0,0,0,0,0,0,0,0,0,0
450176,1,1,1990,0,0,0,0,0,0,0,0,0,0
450176,2,1,1990,0,0,0,0,0,0,0,0,0,0
450178,1,1,1990,0,0,0,0,0,0,0,0,0,0
450179,1,1,1990,0,0,0,0,0,0,0,0,0,0
450180,1,1,1990,0,0,0,0,0,0,0,0,0,0
450180,2,1,1990,0,9,19,15,22,41,0,0,43,0
450181,1,1,1990,4,4,4,4,4,4,4,4,4,4
450182,1,1,1990,0,0,0,0,0,0,0,0,0,0
450182,2,1,1990,0,0,0,0,0,0,0,0,0,0
450183,1,1,1990,10,0,36,0,19,19,0,0,0,20
450183,2,1,1990,11,11,11,11,11,11,11,11,11,11
450184,1,1,1990,0,0,0,0,0,0,0,0,0,0
450184,2,1,1990,18,18,18,18,18,18,18,18,18,18
450185,1,1,1990,0,0,0,0,0,0,0,0,0,0
450185,2,1,1990,0,0,0,0,0,0,0,0,0,0
450185,3,1,1990,13,13,13,13,13,13,13,13,13,13
450186,1,1,1990,0,0,0,0,0,0,0,0,8,0
450186,2,1,1990,0,0,0,0,0,0,0,0,0,0
450188,1,1,1990,0,0,0,0,0,0,0,0,0,0
450188,2,1,1990,15,15,15,15,15,15,15,15,15,15
450189,1,1,1990,0,0,0,0,0,0,0,0,0,0
450189,2,1,1990,18,18,18,18,18,18,18,18,18,18
450190,1,1,1990,0,0,0,0,0,0,0,0,0,0
450190,2,1,1990,0,0,0,0,9,0,0,21,0,12
450191,1,1,1990,16,16,16,16,16,16,16,16,16,16
450191,2,1,1990,0,0,0,7,0,0,0,0,0,0
450192,1,1,1990,0,0,0,0,0,0,0,0,0,0
450192,2,1,1990,0,0,0,0,28,0,22,0,0,0
450192,3,1,1990,0,0,0,0,0,0,0,0,0,0
450193,1,1,1990,0,0,0,0,0,0,0,0,0,0
450193,2,1,1990,12,12,12,12,12,12,12,12,12,12
450194,1,1,1990,27,33,6,12,22,10,26,14,30,21
450195,1,1,1990,0,0,0,0,0,0,0,0,0,0
450196,1,1,1990,23,12,11,15,27,13,33,14,10,14
450197,0,1,1990,0,0,0,0,0,0,0,0,0,0
450197,1,1,1990,0,0,0,0,0,0,0,0,0,0
450198,1,1,1990,27,12,0,20,0,0,0,13,0,10
450199,1,1,1990,0,0,0,0,0,0,0,0,0,0
450200,1,1,1990,24,0,0,0,0,0,0,0,23,4
450200,2,1,1990,0,0,0,0,0,0,0,0,0,0
450201,1,1,1990,19,19,19,19,19,19,19,19,19,19
450202,1,1,1990,4,4,4,4,4,4,4,4,4,4
450202,2,1,1990,0,0,0,0,0,0,7,0,0,0
450203,1,1,1990,12,12,12,12,12,12,12,12,12,12
450204,1,1,1990,0,0,0,0,0,0,0,0,0,0
450205,1,1,1990,0,0,0,0,0,0,0,0,0,0
450207,1,1,1990,0,0,0,0,0,0,0,0,0,0
450208,1,1,1990,0,0,0,0,0,0,0,0,0,0
450208,2,1,1990,0,0,0,0,0,0,0,0,0,0
450209,1,1,1990,0,0,0,0,0,0,0,0,0,0
450210,1,1,1990,0,0,0,0,0,0,0,0,0,0
450210,2,1,1990,9,9,9,9,9,9,9,9,9,9
450211,1,1,1990,0,0,0,0,0,0,0,0,0,0
450211,2,1,1990,0,0,0,0,0,0,0,0,0,0
450212,1,1,1990,27,27,27,27,27,27,27,27,27,27
450213,1,1,1990,0,0,0,0,0,0,0,0,0,0
450214,1,1,1990,27,0,10,25,11,18,0,13,0,14
450215,1,1,1990,0,0,0,0,0,0,0,0,0,0
450216,1,1,1990,0,0,5,0,0,0,0,0,0,0
450216,2,1,1990,0,0,0,0,0,0,0,0,0,0
450217,0,1,1990,12,12,12,12,12,12,12,12,12,12
450217,1,1,1990,8,0,0,0,0,17,7,0,0,0
450218,1,1,1990,11,11,11,11,11,11,11,11,11,11
450219,1,1,1990,0,0,0,0,0,0,0,0,0,0
450220,1,1,1990,10,10,10,10,10,10,10,10,10,10
450221,1,1,1990,12,12,12,12,12,12,12,12,12,12
450222,1,1,1990,0,0,0,0,0,0,0,0,0,0
450224,1,1,1990,11,11,11,11,11,11,11,11,11,11
450225,1,1,1990,12,12,12,12,12,12,12,12,12,12
450226,1,1,1990,0,0,0,0,0,0,0,0,0,0
450226,2,1,1990,15,15,15,15,15,15,15,15,15,15
450227,1,1,1990,18,18,18,18,18,18,18,18,18,18
450227,2,1,1990,0,13,0,19,2,0,0,0,16,0
450228,1,1,1990,0,0,0,0,0,0,0,0,0,0
450228,2,1,1990,0,0,0,0,0,0,0,0,0,0
450229,1,1,1990,24,24,24,24,24,24,24,24,24,24
450230,1,1,1990,20,20,20,20,20,20,20,20,20,20
450231,1,1,1990,22,22,22,22,22,22,22,22,22,22
450232,1,1,1990,27,27,27,27,27,27,27,27,27,27
450233,1,1,1990,0,0,0,0,0,0,0,0,0,0
450233,2,1,1990,13,13,13,13,13,13,13,13,13,13
450235,1,1,1990,5,5,5,5,5,5,5,5,5,5
450235,2,1,1990,0,0,0,0,0,0,0,0,0,0
450236,1,1,1990,0,0,0,0,0,0,0,0,0,0
450236,2,1,1990,0,12,0,7,0,0,15,0,0,0
450237,1,1,1990,0,0,0,0,0,0,0,0,0,0
450237,2,1,1990,0,0,0,14,0,0,0,0,11,7
450238,1,1,1990,4,4,4,4,4,4,4,4,4,4
450239,1,1,1990,0,0,0,0,12,0,0,0,0,0
450239,2,1,1990,0,0,0,0,0,0,0,0,0,0
450239,3,1,1990,0,0,0,0,0,0,0,0,0,0
450240,1,1,1990,0,0,0,0,0,0,0,0,0,0
450240,2,1,1990,0,0,0,0,22,0,0,0,0,17
450240,3,1,1990,0,4,0,5,0,0,0,0,0,17
450241,1,1,1990,0,0,0,0,0,0,0,0,0,0
450241,2,1,1990,17,17,17,17,17,17,17,17,17,17
450242,1,1,1990,27,27,27,27,27,27,27,27,27,27
450243,1,1,1990,5,5,5,5,5,5,5,5,5,5
450244,1,1,1990,0,21,20,0,12,14,0,17,8,18
450244,2,1,1990,15,15,15,15,15,15,15,15,15,15
450245,1,1,1990,0,0,0,0,0,0,0,0,0,0
450245,2,1,1990,0,0,0,0,0,0,0,0,0,0
450246,1,1,1990,15,7,24,6,0,0,15,0,0,18
450247,1,1,1990,25,12,21,15,0,0,31,0,0,0
450248,1,1,1990,0,0,0,0,0,0,0,0,0,0
450248,2,1,1990,0,0,0,0,0,0,0,0,0,0
450248,3,1,1990,0,0,0,0,0,0,0,0,0,0
450248,4,1,1990,0,0,0,0,0,0,0,0,0,0
450248,5,1,1990,0,0,0,0,0,0,0,0,0,0
450248,6,1,1990,0,0,0,0,0,0,0,0,0,0
450249,1,1,1990,0,0,0,0,0,0,0,0,0,0
450250,1,2,1990,0,15,13,9,0,26,17,6,11,0
450250,2,1,1990,0,0,0,0,0,0,0,0,0,0
450251,1,1,1990,12,12,12,12,12,12,12,12,12,12
450252,1,1,1990,27,27,27,27,27,27,27,27,27,27
450253,1,1,1990,0,0,0,0,0,0,0,0,0,0
450253,2,1,1990,0,0,0,8,0,0,0,0,0,0
450254,1,1,1990,12,12,12,12,12,12,12,12,12,12
450255,1,1,1990,25,25,25,25,25,25,25,25,25,25
450256,1,1,1990,0,0,0,0,0,0,0,0,0,0
450257,1,1,1990,25,25,25,25,25,25,25,25,25,25
450258,1,1,1990,0,0,0,0,0,0,0,0,0,0
450258,2,1,1990,0,0,0,0,0,0,0,0,0,0
450258,3,1,1990,0,0,0,0,0,0,0,0,0,0
450260,1,1,1990,0,0,0,0,0,0,0,0,0,0
450260,2,1,1990,0,0,0,0,0,0,0,0,0,0
450260,3,1,1990,0,0,0,0,0,0,0,0,0,0
450261,1,1,1990,6,6,6,6,6,6,6,6,6,6
450261,2,1,1990,7,7,7,7,7,7,7,7,7,7
450262,1,1,1990,0,0,0,0,31,0,0,0,0,14
450262,2,1,1990,0,5,0,0,0,0,0,0,0,0
450263,1,1,1990,0,0,0,0,3,0,0,0,0,35
450263,2,1,1990,0,7,0,16,13,0,0,26,21,0
450264,1,1,1990,0,0,0,0,0,0,0,0,0,0
450264,2,1,1990,0,0,0,0,0,0,0,0,0,0
450265,1,1,1990,18,16,0,21,0,0,18,27,0,0
450266,1,1,1990,0,0,0,0,0,0,0,0,0,0
450266,2,1,1990,22,6,0,22,0,17,0,9,10,23
450267,1,1,1990,0,0,0,0,0,0,0,0,0,0
450267,2,1,1990,4,4,4,4,4,4,4,4,4,4
450268,1,1,1990,0,0,0,0,0,0,0,0,0,0
450268,2,1,1990,0,0,0,0,0,0,0,0,0,0
450269,1,1,1990,0,0,0,0,0,0,0,0,0,0
450269,2,1,1990,0,0,0,0,0,0,0,0,0,0
450269,3,1,1990,0,0,0,0,0,0,0,0,0,0
450269,4,1,1990,0,0,0,0,0,0,0,0,0,0
450269,5,1,1990,0,0,0,0,0,0,0,0,0,0
450270,1,1,1990,0,0,0,0,0,0,0,0,0,0
450271,1,1,1990,0,0,0,0,0,0,0,0,0,0
450271,2,1,1990,0,0,0,0,0,0,0,0,0,0
450272,1,1,1990,0,0,0,0,0,0,0,0,0,0
450273,0,1,1990,0,0,0,0,0,0,0,0,0,0
450273,1,1,1990,0,0,0,15,0,19,0,0,7,0
450274,0,1,1990,6,6,6,6,6,6,6,6,6,6
450274,1,1,1990,0,0,0,0,0,0,0,0,0,0
450275,1,1,1990,0,0,0,0,0,0,0,0,0,0
450275,2,1,1990,0,0,0,6,14,0,0,0,0,0
450276,1,1,1990,0,0,0,0,0,0,0,0,0,0
450276,2,1,1990,0,0,0,0,0,0,0,0,0,0
450277,0,1,1990,0,0,0,0,0,0,0,0,0,0
450277,1,1,1990,26,45,23,18,21,0,34,0,10,0
450278,1,1,1990,0,0,0,0,0,0,0,0,0,0
450278,2,1,1990,0,31,0,0,0,0,0,22,0,0
450279,1,1,1990,11,15,0,5,0,0,22,8,0,0
450280,1,1,1990,0,0,0,0,0,0,0,0,0,0
450280,2,1,1990,0,0,0,0,0,0,0,0,0,0
450281,1,1,1990,5,5,5,5,5,5,5,5,5,5
450282,0,1,1990,0,0,0,0,0,0,0,0,0,0
450282,1,1,1990,0,0,0,0,0,0,0,9,9,0
450283,1,1,1990,21,12,16,21,25,16,36,27,20,34
450284,1,1,1990,0,0,0,0,0,0,0,0,0,0
450285,1,1,1990,0,0,0,0,0,0,0,0,0,0
450285,2,1,1990,0,0,0,0,0,0,0,0,0,0
450286,1,1,1990,15,15,13,18,20,26,0,14,21,12
450287,1,1,1990,0,0,0,0,0,0,0,0,0,0
450287,2,1,1990,0,0,0,0,0,0,0,0,0,0
450288,0,1,1990,27,27,27,27,27,27,27,27,27,27
450288,1,1,1990,20,0,6,0,22,24,0,6,21,0
450289,1,1,1990,22,8,20,12,0,17,29,18,31,12
450291,1,1,1990,18,18,18,18,18,18,18,18,18,18
450292,1,1,1990,0,0,0,0,0,0,0,0,0,0
450292,2,1,1990,8,8,8,8,8,8,8,8,8,8
450293,1,1,1990,14,14,14,14,14,14,14,14,14,14
450294,1,1,1990,0,0,0,0,0,0,0,0,0,0
450294,2,1,1990,21,21,21,21,21,21,21,21,21,21
450295,1,1,1990,24,24,24,24,24,24,24,24,24,24
450296,1,1,1990,36,20,23,18,16,0,18,10,23,23
450297,1,1,1990,0,0,0,0,0,0,0,0,0,0
450297,2,1,1990,0,0,0,0,0,0,0,0,0,0
450298,1,1,1990,0,24,27,0,25,13,29,15,14,0
450299,1,1,1990,13,0,0,0,0,0,0,0,0,0
450299,2,1,1990,0,0,0,0,0,0,0,0,0,0
450300,1,1,1990,0,0,0,0,0,0,0,0,0,0
450300,2,1,1990,0,0,0,0,0,0,0,0,0,0
450302,1,1,1990,11,11,11,11,11,11,11,11,11,11
450303,0,1,1990,30,30,30,30,30,30,30,30,30,30
450303,1,1,1990,33,0,13,7,8,0,23,9,0,15
450304,1,1,1990,0,0,0,0,0,0,0,0,0,0
450304,2,1,1990,12,15,14,0,5,10,9,12,24,11
450305,1,1,1990,16,16,16,16,16,16,16,16,16,16
450306,1,1,1990,0,0,0,0,0,0,0,0,0,0
450306,2,1,1990,0,0,0,0,0,0,22,0,0,0
450307,1,1,1990,36,36,36,36,36,36,36,36,36,36
450307,2,1,1990,0,0,0,0,0,0,0,0,0,0
450308,0,1,1990,0,16,0,0,0,0,0,0,0,0
450308,1,1,1990,0,0,7,16,30,6,20,0,10,19
450309,0,1,1990,3,3,3,3,3,3,3,3,3,3
450309,1,1,1990,0,0,0,0,0,0,0,0,0,0
450310,1,1,1990,0,0,0,0,0,0,0,0,0,0
450310,2,1,1990,0,0,0,0,0,0,0,0,0,0
450312,1,1,1990,5,0,0,0,0,10,0,0,0,0
450312,2,1,1990,0,0,0,0,0,0,0,0,0,0
450313,1,1,1990,0,19,26,25,0,0,0,0,0,0
450313,2,1,1990,0,0,0,0,0,0,0,0,0,0
450314,1,1,1990,24,24,24,24,24,24,24,24,24,24
450315,1,1,1990,20,0,5,0,11,8,0,0,0,0
450316,1,1,1990,0,16,0,24,0,0,29,0,0,0
450317,1,1,1990,0,0,0,0,0,0,0,0,0,0
450317,2,1,1990,0,0,0,0,0,0,0,0,0,18
450318,1,1,1990,0,0,0,0,0,18,0,0,0,0
450318,2,1,1990,0,14,21,0,0,6,0,0,0,0
450319,1,1,1990,0,0,0,0,0,0,0,0,0,0
450319,2,1,1990,0,0,0,0,0,0,0,0,0,0
450319,3,1,1990,0,0,0,16,0,0,12,0,0,0
450320,1,1,1990,6,6,6,6,6,6,6,6,6,6
450321,1,1,1990,0,0,0,0,0,0,0,0,0,0
450321,2,1,1990,0,6,0,0,0,0,0,6,0,0
450321,3,1,1990,0,0,0,0,0,0,0,0,0,0
450323,1,1,1990,0,0,0,0,0,0,0,0,0,0
450323,2,1,1990,0,0,0,0,0,0,0,0,0,0
450324,1,1,1990,0,0,0,0,0,0,0,0,0,0
450325,1,1,1990,3,0,0,16,0,0,23,0,0,0
450327,1,1,1990,12,12,12,12,12,12,12,12,12,12
450328,1,1,1990,7,7,7,7,7,7,7,7,7,7
450329,1,1,1990,0,0,0,0,0,0,0,0,0,0
450329,2,1,1990,17,17,17,17,17,17,17,17,17,17
450330,1,1,1990,17,17,17,17,17,17,17,17,17,17
450331,1,1,1990,0,0,0,0,0,0,0,0,0,0
450331,2,1,1990,0,0,17,22,0,0,0,0,0,0
450332,1,1,1990,0,0,0,0,0,0,0,0,0,0
450333,1,1,1990,0,0,0,0,0,0,0,0,0,0
450333,2,1,1990,0,0,0,0,0,0,0,0,0,0
450334,0,1,1990,24,24,24,24,24,24,24,24,24,24
450334,1,1,1990,0,0,0,0,0,0,0,0,0,0
450335,1,1,1990,0,0,0,0,0,0,0,0,0,0
450336,1,1,1990,0,0,0,0,0,0,0,0,0,0
450336,2,1,1990,13,0,0,0,0,0,0,0,0,0
450336,3,1,1990,0,0,0,0,2,0,0,0,0,0
450337,1,1,1990,0,0,0,0,0,0,0,0,0,0
450338,1,1,1990,7,7,7,7,7,7,7,7,7,7
450339,1,1,1990,0,0,0,0,0,0,0,0,0,0
450339,2,1,1990,20,0,0,0,0,0,0,0,0,0
450339,3,1,1990,0,0,0,8,0,0,0,0,0,0
450339,4,1,1990,0,0,0,0,0,0,8,0,0,0
450339,5,1,1990,0,0,0,0,0,0,0,0,0,0
450340,0,1,1990,0,0,0,0,0,0,0,0,0,0
450340,1,1,1990,0,0,0,0,0,0,0,0,0,0
450341,1,1,1990,0,0,0,0,0,0,0,0,0,0
450341,2,1,1990,0,0,0,0,0,0,0,0,0,0
450342,1,1,1990,0,0,0,0,0,0,0,17,0,0
450343,1,1,1990,0,0,0,0,0,0,0,0,0,0
450343,2,1,1990,19,19,19,19,19,19,19,19,19,19
450344,1,1,1990,5,5,5,5,5,5,5,5,5,5
450345,1,1,1990,0,0,0,0,0,0,0,0,0,0
450345,2,1,1990,0,0,0,0,0,0,0,0,0,0
450346,1,1,1990,0,0,0,0,0,0,0,0,0,0
450346,2,1,1990,0,0,0,14,11,0,0,0,0,0
450347,1,1,1990,0,0,0,0,0,0,0,0,0,0
450347,2,1,1990,10,10,10,10,10,10,10,10,10,10
450348,0,1,1990,39,39,39,39,39,39,39,39,39,39
450348,1,1,1990,0,0,0,12,0,0,0,0,0,0
450349,0,1,1990,19,19,19,19,19,19,19,19,19,19
450349,1,1,1990,0,0,0,0,0,0,0,0,0,0
450350,1,1,1990,17,17,17,17,17,17,17,17,17,17
450351,1,1,1990,8,8,8,8,8,8,8,8,8,8
450352,1,1,1990,0,0,0,0,0,0,0,0,0,0
450352,2,1,1990,0,0,0,0,0,0,0,9,0,0
450352,3,1,1990,0,0,0,0,11,0,0,9,0,0
450353,1,1,1990,0,0,0,0,0,0,0,0,0,34
450353,2,1,1990,0,14,0,0,0,0,0,0,0,0
450354,1,1,1990,20,20,20,20,20,20,20,20,20,20
450355,1,1,1990,12,12,12,12,12,12,12,12,12,12
450355,2,1,1990,30,22,0,38,20,25,20,23,10,27
450356,0,1,1990,25,0,10,13,24,28,13,39,0,24
450356,1,1,1990,0,0,0,0,0,0,0,0,0,0
450357,1,1,1990,12,12,13,17,17,10,5,5,28,23
450358,1,1,1990,28,0,20,13,21,28,19,19,26,14
450359,1,1,1990,0,0,0,0,0,0,0,0,0,0
450359,2,1,1990,0,0,0,0,0,0,0,0,0,0
450360,0,1,1990,18,12,33,8,21,24,10,0,10,0
450360,1,1,1990,0,7,0,0,10,0,15,21,13,0
450361,1,1,1990,4,0,0,0,0,0,14,24,21,4
450361,2,1,1990,0,0,10,0,0,0,14,0,0,0
450362,1,1,1990,17,17,17,17,17,17,17,17,17,17
450363,1,1,1990,12,8,17,11,18,18,34,8,7,16
450364,1,1,1990,0,0,0,0,0,0,0,0,0,0
450364,2,1,1990,0,0,0,0,0,0,0,0,0,0
450365,1,1,1990,0,9,0,0,0,0,0,0,0,0
450366,1,1,1990,0,8,13,0,0,7,0,25,0,10
450367,1,1,1990,0,0,0,0,0,0,0,0,0,0
450367,2,1,1990,0,0,0,0,0,0,0,0,0,0
450368,1,1,1990,30,30,30,30,30,30,30,30,30,30
450369,0,1,1990,0,0,0,0,0,0,0,0,0,0
450369,1,1,1990,0,0,0,0,0,0,0,0,0,0
450370,1,1,1990,0,0,0,0,0,0,0,0,0,0
450370,2,1,1990,0,0,0,0,0,0,14,0,17,0
450371,0,1,1990,0,0,0,0,16,0,25,0,0,16
450371,1,1,1990,16,0,0,22,0,0,0,0,0,0
450372,1,1,1990,0,0,0,0,0,0,0,0,0,0
450373,0,1,1990,0,0,0,0,0,0,0,0,0,0
450373,1,1,1990,0,0,0,0,0,0,0,0,0,0
450374,1,1,1990,14,18,8,21,5,0,26,8,11,7
450375,1,1,1990,0,0,0,0,0,0,0,0,0,0
450377,0,1,1990,2,2,2,2,2,2,2,2,2,2
450377,1,1,1990,0,0,0,0,0,7,0,0,0,0
450378,1,1,1990,25,25,25,25,25,25,25,25,25,25
450379,1,1,1990,23,23,23,23,23,23,23,23,23,23
450380,1,1,1990,0,0,10,0,27,0,0,0,0,11
450381,1,1,1990,0,13,0,0,0,9,0,0,0,0
450382,1,1,1990,16,12,0,13,0,6,15,6,0,13
450383,1,1,1990,0,0,0,0,0,5,0,0,0,0
450383,2,1,1990,0,0,0,0,0,0,0,0,0,0
450383,3,1,1990,0,0,0,0,0,0,0,0,20,0
450384,1,1,1990,21,0,0,14,0,0,0,0,23,0