ST_CASE,VEH_NO,PER_NO,YEAR,P1,P2,P3,P4,P5,P6,P7,P8,P9,P10
450384,2,1,1990,0,0,0,0,0,0,0,0,0,5
450385,0,1,1990,0,0,0,0,0,0,0,0,0,0
450385,1,1,1990,0,0,0,0,0,0,0,0,0,0
450386,1,1,1990,19,17,16,17,12,22,14,20,9,16
450387,1,1,1990,0,0,0,0,0,0,0,0,0,0
450388,1,1,1990,0,0,0,0,0,0,0,0,0,0
450388,2,1,1990,17,17,17,17,17,17,17,17,17,17
450389,1,1,1990,26,0,0,10,0,15,39,10,17,0
450390,1,1,1990,0,0,13,0,0,6,0,0,0,0
450390,2,1,1990,0,0,0,0,0,0,0,0,0,0
450391,1,1,1990,29,26,34,16,21,8,22,36,33,20
450393,1,1,1990,0,0,0,0,0,0,0,0,0,0
450394,0,1,1990,18,40,0,13,38,0,0,0,0,16
450394,1,1,1990,0,0,0,0,0,0,0,0,0,0
450395,1,1,1990,0,0,0,0,0,0,0,0,0,0
450395,2,1,1990,16,16,16,16,16,16,16,16,16,16
450396,1,1,1990,0,0,0,0,0,0,0,0,0,0
450396,2,1,1990,0,9,22,17,0,15,9,0,23,23
450396,3,1,1990,0,0,0,0,0,0,0,0,0,0
450397,1,1,1990,9,9,9,9,9,9,9,9,9,9
450397,2,1,1990,11,11,11,11,11,11,11,11,11,11
450398,1,1,1990,0,0,0,0,0,0,0,0,0,0
450399,1,1,1990,0,0,0,0,0,0,0,0,16,0
450399,2,1,1990,0,0,0,0,0,0,0,0,0,0
450400,1,1,1990,0,0,0,0,0,0,0,0,0,0
450400,2,1,1990,0,0,0,0,0,0,0,0,12,19
450401,1,1,1990,0,0,0,0,0,0,0,0,0,0
450401,2,1,1990,0,0,0,0,0,0,0,0,0,0
450402,0,1,1990,27,27,27,27,27,27,27,27,27,27
450402,1,1,1990,0,0,0,0,0,0,0,0,0,0
450403,1,1,1990,16,16,16,16,16,16,16,16,16,16
450403,2,1,1990,11,32,0,0,0,0,8,0,0,6
450404,1,1,1990,0,0,0,0,0,0,0,0,9,0
450404,2,1,1990,28,0,0,0,11,14,13,27,4,0
450405,1,1,1990,15,15,15,15,15,15,15,15,15,15
450406,1,1,1990,31,14,0,23,9,24,0,0,0,18
450407,1,1,1990,0,0,0,0,0,0,0,0,0,0
450407,2,1,1990,0,0,0,0,0,0,0,0,0,0
450408,0,1,1990,0,0,0,0,0,0,0,0,0,0
450408,1,1,1990,0,0,0,0,0,0,0,0,0,0
450409,1,1,1990,0,0,0,0,0,0,0,0,0,0
450409,2,1,1990,10,10,0,12,12,3,0,0,0,6
450410,1,1,1990,22,22,22,22,22,22,22,22,22,22
450412,1,1,1990,0,0,0,0,0,0,0,0,0,0
450413,1,1,1990,0,0,0,0,0,0,0,0,0,0
450414,0,1,1990,0,0,0,0,0,0,0,0,0,0
450414,1,1,1990,0,0,0,0,0,0,0,0,0,0
450415,1,1,1990,16,16,16,16,16,16,16,16,16,16
450416,1,1,1990,29,0,18,17,36,0,0,0,0,27
450416,2,1,1990,0,0,0,0,0,0,0,0,0,0
450417,0,1,1990,0,0,0,0,0,0,0,0,0,0
450417,1,1,1990,0,0,0,0,0,0,0,0,0,0
450418,1,1,1990,0,0,0,0,0,0,0,0,0,0
450418,2,1,1990,0,0,0,0,0,0,0,0,0,0
450419,1,1,1990,0,0,0,0,0,0,0,0,0,0
450421,1,1,1990,40,32,24,22,30,24,23,22,19,17
450422,1,1,1990,0,0,0,0,0,0,0,0,0,0
450423,1,1,1990,0,0,0,0,0,0,0,0,0,0
450423,2,1,1990,0,0,0,0,0,0,0,0,0,0
450424,1,1,1990,12,12,12,12,12,12,12,12,12,12
450425,0,1,1990,0,0,0,0,0,0,0,0,0,0
450425,1,1,1990,0,0,0,0,0,0,0,0,0,0
450426,1,1,1990,6,12,22,23,18,19,9,24,4,10
450427,1,1,1990,12,12,12,12,12,12,12,12,12,12
450427,2,1,1990,0,0,0,0,17,0,0,0,0,0
450428,1,1,1990,0,0,0,0,0,0,0,0,0,0
450428,2,1,1990,0,0,0,0,0,0,0,0,0,0
450428,3,1,1990,0,0,0,0,0,0,0,0,0,0
450428,4,1,1990,0,0,0,0,0,0,0,0,0,0
450428,5,1,1990,0,0,0,0,0,0,0,0,0,0
450429,1,1,1990,0,0,0,0,0,0,0,0,0,0
450430,1,1,1990,0,0,0,0,0,0,14,0,0,9
450431,1,1,1990,15,15,15,15,15,15,15,15,15,15
450432,1,1,1990,20,20,20,20,20,20,20,20,20,20
450432,2,1,1990,0,0,0,0,0,0,0,0,0,0
450433,1,1,1990,0,0,0,0,0,0,0,0,0,0
450433,2,1,1990,9,9,9,4,20,6,31,18,26,14
450434,1,1,1990,0,0,0,0,0,0,0,0,0,0
450435,1,1,1990,17,17,17,17,17,17,17,17,17,17
450436,1,1,1990,0,0,0,0,0,0,0,0,0,0
450437,0,1,1990,0,0,0,0,0,0,0,0,0,0
450437,1,1,1990,0,8,0,15,0,20,13,15,0,0
450437,2,1,1990,0,0,5,0,0,0,0,0,23,10
450438,1,1,1990,14,7,21,14,12,17,8,6,24,8
450438,2,1,1990,17,8,0,0,13,6,0,13,0,14
450439,1,2,1990,26,26,26,26,26,26,26,26,26,26
450440,0,1,1990,0,0,0,0,0,0,0,0,0,0
450440,1,1,1990,0,0,0,0,0,18,0,7,0,0
450441,0,1,1990,0,0,0,0,0,0,0,0,0,0
450441,1,1,1990,0,0,0,0,0,0,0,28,0,0
450442,1,1,1990,0,0,0,0,0,0,0,0,0,0
450442,2,1,1990,0,0,0,0,0,0,0,0,0,0
450443,1,1,1990,21,21,21,21,21,21,21,21,21,21
450444,0,1,1990,7,7,7,7,7,7,7,7,7,7
450444,1,1,1990,0,0,0,0,0,0,0,0,0,0
450445,1,1,1990,6,25,30,11,24,19,0,24,28,0
450446,1,1,1990,0,0,0,0,0,0,0,0,0,0
450446,2,1,1990,0,0,8,0,0,0,0,0,0,0
450447,1,1,1990,0,0,0,0,0,0,0,0,0,0
450447,2,1,1990,0,0,0,19,0,0,0,0,0,0
450448,1,1,1990,19,19,19,19,19,19,19,19,19,19
450449,1,1,1990,0,0,0,0,0,0,0,0,0,0
450449,2,1,1990,0,0,0,0,0,0,0,0,0,0
450449,3,1,1990,0,0,0,33,9,0,0,0,18,0
450450,1,1,1990,17,17,17,17,17,17,17,17,17,17
450451,1,1,1990,0,0,0,0,0,0,0,0,0,0
450451,2,1,1990,13,13,13,13,13,13,13,13,13,13
450452,0,1,1990,17,17,17,17,17,17,17,17,17,17
450452,1,1,1990,15,15,15,15,15,15,15,15,15,15
450453,1,1,1990,4,12,15,6,0,18,16,0,0,0
450453,2,1,1990,0,0,0,0,0,0,0,0,0,0
450454,1,1,1990,0,0,0,0,0,0,0,0,0,0
450454,2,1,1990,0,0,0,0,0,0,0,0,0,0
450455,1,1,1990,0,0,0,0,0,0,0,0,0,0
450456,0,1,1990,17,17,17,17,17,17,17,17,17,17
450456,1,1,1990,0,0,0,0,0,0,0,0,0,0
450457,0,1,1990,0,0,0,0,0,0,0,0,0,0
450457,1,1,1990,0,0,0,0,0,0,0,0,0,0
450458,1,1,1990,0,0,0,0,0,0,0,0,0,0
450458,2,1,1990,0,0,0,0,0,0,0,12,0,0
450459,1,1,1990,0,0,0,0,0,0,0,0,0,0
450460,0,1,1990,0,0,0,0,0,0,0,0,0,0
450460,1,1,1990,0,0,0,0,0,0,0,0,0,0
450461,1,1,1990,0,0,0,0,0,0,0,0,0,0
450462,1,1,1990,0,0,0,0,0,0,0,0,0,0
450463,1,1,1990,0,26,0,8,6,0,18,0,0,7
450464,1,1,1990,0,0,0,0,0,0,0,0,0,0
450464,2,1,1990,12,12,12,12,12,12,12,12,12,12
450465,1,1,1990,21,10,19,22,4,20,6,13,23,13
450466,1,1,1990,12,12,12,12,12,12,12,12,12,12
450467,1,1,1990,0,0,0,0,0,0,0,0,0,0
450467,2,1,1990,0,0,0,0,0,0,0,0,0,0
450468,1,1,1990,0,0,0,0,0,0,0,0,0,0
450469,1,1,1990,0,0,0,0,0,0,0,0,0,0
450469,2,1,1990,0,0,0,0,0,0,0,0,0,0
450470,1,1,1990,0,0,0,0,7,13,10,0,0,12
450471,1,1,1990,23,0,0,0,19,0,0,0,0,0
450471,2,1,1990,0,0,0,0,0,0,0,0,0,0
450473,1,1,1990,15,15,15,15,15,15,15,15,15,15
450473,2,1,1990,0,0,0,0,0,0,0,0,0,29
450474,0,1,1990,0,0,0,0,0,0,0,0,0,0
450474,1,1,1990,0,6,0,0,0,0,0,0,0,0
450475,1,1,1990,0,5,0,7,10,5,0,0,0,12
450476,1,1,1990,0,0,0,0,0,0,0,0,0,0
450477,1,1,1990,19,19,19,19,19,19,19,19,19,19
450478,1,1,1990,0,0,9,0,0,0,0,0,0,15
450478,2,2,1990,33,0,6,14,0,0,0,0,0,0
450481,1,1,1990,21,21,21,21,21,21,21,21,21,21
450482,1,1,1990,21,21,21,21,21,21,21,21,21,21
450483,1,1,1990,0,0,0,0,0,0,0,0,0,0
450483,2,1,1990,0,0,0,0,0,0,0,0,0,0
450484,1,1,1990,8,0,0,0,7,0,0,0,0,0
450485,1,1,1990,0,0,0,0,0,0,0,0,0,0
450486,0,1,1990,0,0,0,0,0,0,0,0,0,0
450486,1,1,1990,14,0,0,0,0,0,0,0,0,0
450487,1,1,1990,7,7,7,7,7,7,7,7,7,7
450488,1,1,1990,0,0,0,0,0,0,0,0,0,0
450488,2,1,1990,21,21,21,21,21,21,21,21,21,21
450489,1,1,1990,0,0,0,0,0,0,0,0,0,0
450490,1,1,1990,0,0,0,0,0,0,0,0,0,0
450490,2,1,1990,0,0,0,0,0,0,0,0,0,0
450491,1,1,1990,26,26,26,26,26,26,26,26,26,26
450492,0,1,1990,19,8,33,25,30,21,7,16,26,9
450492,1,1,1990,0,12,0,0,0,0,0,17,0,0
450493,1,1,1990,0,14,0,0,0,0,0,13,0,0
450493,2,1,1990,29,29,29,29,29,29,29,29,29,29
450494,0,1,1990,16,16,16,16,16,16,16,16,16,16
450494,1,1,1990,0,13,0,0,10,0,5,16,3,0
450495,1,1,1990,14,23,15,13,26,0,0,0,21,0
450496,1,1,1990,27,27,27,27,27,27,27,27,27,27
450496,2,1,1990,0,0,0,0,0,0,0,0,0,0
450497,1,1,1990,0,0,0,0,0,0,0,0,0,0
450497,2,1,1990,13,13,13,13,13,13,13,13,13,13
450498,1,1,1990,0,0,0,0,0,0,0,0,0,0
450498,2,1,1990,0,0,0,0,0,0,0,0,0,0
450499,1,1,1990,0,0,0,0,0,0,25,14,0,0
450499,2,1,1990,0,0,0,0,20,12,22,32,14,9
450500,1,1,1990,0,0,0,0,0,0,0,0,0,0
450501,1,1,1990,7,7,7,7,7,7,7,7,7,7
450501,2,1,1990,0,0,0,0,0,0,0,0,0,0
450502,1,1,1990,0,0,0,0,0,0,0,0,0,0
450503,1,1,1990,0,0,0,0,0,0,0,0,0,0
450503,2,1,1990,15,15,15,15,15,15,15,15,15,15
450504,1,1,1990,0,0,0,0,0,0,0,0,0,0
450505,1,1,1990,0,0,0,0,0,0,0,0,0,0
450505,2,1,1990,0,0,0,0,0,0,0,0,0,0
450505,3,1,1990,0,0,0,0,0,0,0,0,0,0
450506,1,1,1990,0,0,0,0,0,0,0,0,0,0
450507,1,1,1990,0,0,0,0,0,0,0,0,0,0
450507,2,1,1990,11,0,14,13,0,0,17,0,0,0
450507,3,1,1990,0,0,0,0,0,0,0,0,0,0
450508,0,1,1990,0,0,0,0,0,0,0,0,0,0
450508,1,1,1990,0,0,0,0,0,0,0,0,0,0
450509,1,1,1990,10,10,10,10,10,10,10,10,10,10
450510,1,1,1990,27,27,27,27,27,27,27,27,27,27
450511,1,1,1990,0,0,0,0,0,0,0,0,0,0
450511,2,1,1990,18,18,18,18,18,18,18,18,18,18
450512,1,1,1990,11,11,11,11,11,11,11,11,11,11
450513,1,1,1990,14,14,14,14,14,14,14,14,14,14
450514,1,1,1990,0,0,0,0,0,0,0,0,0,0
450514,2,1,1990,0,0,6,23,22,0,0,19,11,0
450515,1,1,1990,16,16,16,16,16,16,16,16,16,16
450516,1,1,1990,0,0,10,23,20,0,0,18,0,15
450517,1,1,1990,10,10,10,10,10,10,10,10,10,10
450518,0,1,1990,0,0,0,0,0,0,0,0,0,0
450518,1,1,1990,0,0,0,0,0,0,0,0,0,0
450519,1,1,1990,24,10,17,0,33,0,12,14,0,9
450520,1,1,1990,0,0,0,0,0,0,0,0,0,0
450520,2,1,1990,0,0,13,5,0,13,8,11,15,0
450521,0,1,1990,0,0,0,0,0,0,0,0,0,0
450521,1,1,1990,22,22,22,22,22,22,22,22,22,22
450522,1,1,1990,0,0,0,0,0,0,0,0,0,0
450523,0,1,1990,0,0,0,0,0,0,0,0,0,0
450523,1,1,1990,0,0,0,0,0,0,0,0,0,0
450524,1,1,1990,0,0,0,0,0,0,0,0,0,0
450524,2,1,1990,0,0,0,0,0,0,0,0,0,0
450525,1,1,1990,23,0,16,10,20,25,16,6,11,18
450526,0,1,1990,0,0,0,0,0,0,0,0,0,0
450526,1,1,1990,17,31,17,12,19,0,0,28,0,24
450527,0,1,1990,0,0,17,0,19,0,0,0,21,0
450527,1,1,1990,0,5,0,0,0,0,0,0,0,0
450528,1,1,1990,0,0,0,0,0,0,0,0,0,0
450529,1,1,1990,22,22,22,22,22,22,22,22,22,22
450531,1,1,1990,4,4,4,4,4,4,4,4,4,4
450531,2,1,1990,0,17,0,3,11,39,0,0,0,0
450532,1,1,1990,0,0,0,0,0,0,0,0,0,0
450532,2,1,1990,0,0,0,0,0,0,0,12,0,0
450533,1,1,1990,18,18,18,18,18,18,18,18,18,18
450534,1,1,1990,0,0,0,0,0,0,0,0,0,0
450535,0,1,1990,25,25,25,25,25,25,25,25,25,25
450535,1,1,1990,0,0,0,0,0,0,0,0,0,0
450536,1,1,1990,0,0,0,0,0,0,0,0,0,0
450536,2,1,1990,0,15,0,0,0,0,0,0,0,0
450537,1,1,1990,0,0,0,0,0,0,0,0,0,0
450538,1,1,1990,29,0,0,0,0,24,7,0,16,6
450539,0,1,1990,12,12,12,12,12,12,12,12,12,12
450539,1,1,1990,15,0,0,0,0,0,0,0,0,0
450540,1,1,1990,0,0,0,0,0,0,0,0,0,0
450541,1,1,1990,0,0,0,0,0,0,0,0,0,0
450541,2,1,1990,7,0,0,0,0,0,0,0,0,0
450542,0,1,1990,25,37,8,23,15,16,33,19,26,14
450542,1,1,1990,0,30,13,13,0,0,16,0,11,14
450543,0,1,1990,18,18,18,18,18,18,18,18,18,18
450543,1,1,1990,0,28,17,19,0,17,0,0,20,0
450544,1,1,1990,0,0,17,14,0,0,0,0,0,0
450544,2,1,1990,0,0,0,20,0,0,0,0,0,19
450545,1,1,1990,0,0,23,0,0,2,0,0,0,11
450546,0,1,1990,0,0,0,0,0,0,0,0,0,0
450546,1,1,1990,0,0,0,0,0,0,0,0,0,0
450547,1,1,1990,14,31,16,18,10,5,19,25,26,31
450548,1,1,1990,0,0,0,0,0,0,0,0,0,0
450548,2,1,1990,0,0,0,0,0,0,0,0,0,0
450549,1,1,1990,0,0,0,0,0,0,0,0,0,0
450550,0,1,1990,0,17,19,0,35,0,0,34,33,25
450550,1,1,1990,20,11,0,0,0,0,18,23,0,0
450551,1,1,1990,0,0,0,0,0,0,0,0,0,0
450551,2,1,1990,22,11,0,0,0,0,0,11,0,0
450552,0,1,1990,0,0,0,0,0,0,0,0,0,0
450552,1,1,1990,0,0,0,0,0,0,0,0,0,0
450553,1,1,1990,0,0,0,0,0,0,0,0,0,0
450553,2,1,1990,0,0,0,0,0,0,0,0,0,0
450554,1,1,1990,0,0,0,0,0,0,0,0,0,0
450554,2,1,1990,0,0,0,0,0,0,0,0,0,0
450555,0,1,1990,19,19,19,19,19,19,19,19,19,19
450555,1,1,1990,13,0,0,17,23,0,0,0,0,0
450556,1,1,1990,27,5,0,18,4,23,0,6,13,9
450556,2,1,1990,24,17,18,0,0,0,18,19,0,5
450557,0,1,1990,0,0,0,0,0,0,0,0,0,0
450557,1,1,1990,12,12,12,12,12,12,12,12,12,12
450558,1,1,1990,19,19,19,19,19,19,19,19,19,19
450559,1,1,1990,0,0,0,0,0,0,0,0,0,0
450560,1,1,1990,17,17,17,17,17,17,17,17,17,17
450561,1,1,1990,0,0,0,0,0,0,0,0,0,16
450562,1,1,1990,17,28,17,24,0,15,0,0,13,0
450563,1,1,1990,0,9,18,20,0,1,15,0,17,7
450564,1,1,1990,0,0,0,3,0,0,0,0,0,0
450564,2,1,1990,0,0,0,0,0,0,0,0,0,0
450565,1,1,1990,0,0,0,0,0,0,0,0,0,0
450565,2,1,1990,0,0,0,0,13,0,9,0,0,0
450566,1,1,1990,0,0,0,0,0,0,0,0,0,0
450567,1,1,1990,18,18,18,18,18,18,18,18,18,18
450568,1,1,1990,0,0,0,0,0,0,0,0,0,0
450569,0,1,1990,0,0,0,0,0,0,0,0,0,0
450569,1,1,1990,0,0,0,0,0,0,0,0,0,0
450570,1,1,1990,10,10,10,10,10,10,10,10,10,10
450571,0,1,1990,0,0,0,0,0,0,0,0,0,0
450571,1,1,1990,0,9,0,0,32,24,21,0,0,0
450572,1,1,1990,0,0,0,0,14,0,19,0,0,6
450572,2,1,1990,16,27,18,22,11,15,0,14,18,8
450573,1,1,1990,0,0,0,0,0,0,0,0,0,0
450573,2,1,1990,0,0,0,0,0,0,0,0,0,0
450574,1,1,1990,0,0,0,0,0,0,0,0,0,0
450574,2,1,1990,0,0,0,0,0,0,0,0,0,0
450575,1,1,1990,27,27,27,27,27,27,27,27,27,27
450576,1,1,1990,0,0,0,0,0,0,0,0,0,0
450577,1,1,1990,0,0,12,0,27,0,0,14,18,0
450578,1,1,1990,0,21,14,0,15,4,0,19,0,16
450578,2,1,1990,0,0,11,0,0,0,0,0,0,3
450579,1,1,1990,0,0,0,0,0,0,0,0,0,0
450579,2,1,1990,22,0,5,0,0,0,0,0,0,0
450580,1,1,1990,23,22,24,0,14,15,16,18,20,20
450581,1,1,1990,0,0,0,0,0,0,0,0,0,0
450581,2,1,1990,0,0,0,0,0,0,0,0,0,0
450582,0,1,1990,0,0,0,0,0,0,0,0,0,0
450582,1,1,1990,0,0,0,0,0,0,0,0,0,0
450583,1,1,1990,0,0,0,0,0,0,0,0,0,0
450583,2,1,1990,0,0,0,0,0,0,0,0,0,0
450584,1,1,1990,14,18,14,23,29,18,10,0,15,10
450585,0,1,1990,0,21,20,30,44,19,34,17,0,13
450585,1,1,1990,0,0,0,0,0,0,0,0,0,0
450586,1,1,1990,37,37,37,37,37,37,37,37,37,37
450587,1,1,1990,0,0,0,0,0,0,0,0,0,0
450588,1,1,1990,0,0,0,0,0,0,0,0,0,0
450588,2,1,1990,0,0,0,0,0,0,0,0,0,0
450589,1,1,1990,0,0,0,0,0,0,0,0,0,0
450589,2,1,1990,0,15,0,0,0,0,0,0,0,0
450590,1,1,1990,33,33,33,33,33,33,33,33,33,33
450591,1,1,1990,16,16,16,16,16,16,16,16,16,16
450592,1,1,1990,0,0,0,0,0,0,0,0,0,0
450592,2,1,1990,0,0,0,0,0,0,0,0,0,0
450593,1,2,1990,0,0,0,0,0,0,0,0,0,0
450593,2,1,1990,0,0,0,0,0,0,0,0,0,0
450594,1,1,1990,7,7,7,7,7,7,7,7,7,7
450595,1,1,1990,23,23,23,23,23,23,23,23,23,23
450596,1,1,1990,0,0,0,0,2,0,13,0,0,6
450597,1,1,1990,0,0,0,0,0,0,0,0,0,0
450597,2,1,1990,0,0,0,0,0,0,0,0,0,0
450598,0,1,1990,0,0,0,0,0,0,0,0,0,0
450598,1,1,1990,0,0,0,0,0,0,0,0,0,0
450599,0,1,1990,0,0,0,0,0,0,0,0,0,0
450599,1,1,1990,0,16,0,16,9,0,15,0,12,11
450600,1,1,1990,0,14,0,36,24,16,21,23,20,9
450601,1,1,1990,0,0,0,0,0,0,0,0,0,0
450601,2,1,1990,0,0,0,0,0,0,0,0,0,0
450602,0,1,1990,0,0,0,0,0,0,0,0,0,0
450602,1,1,1990,0,0,0,0,0,0,0,0,0,0
450603,1,1,1990,0,0,0,0,0,0,0,0,0,0
450603,2,1,1990,0,0,0,0,0,0,0,0,0,0
450604,1,1,1990,0,0,0,0,0,0,0,0,0,0
450604,2,1,1990,0,0,0,0,0,0,0,0,0,0
450605,1,1,1990,0,0,0,0,0,0,0,0,0,0
450606,1,1,1990,0,0,0,0,0,0,0,0,0,0
450606,2,1,1990,0,0,0,13,0,14,0,0,0,0
450607,1,1,1990,7,7,16,17,24,0,27,0,13,0
450608,1,1,1990,20,20,20,20,20,20,20,20,20,20
450608,2,1,1990,0,0,0,0,0,0,0,0,0,0
450609,1,1,1990,17,17,17,17,17,17,17,17,17,17
450609,2,1,1990,17,17,17,17,17,17,17,17,17,17
450610,1,1,1990,16,10,27,14,6,0,9,30,18,12
450611,1,1,1990,7,7,7,7,7,7,7,7,7,7
450612,1,1,1990,13,13,13,13,13,13,13,13,13,13
450613,1,1,1990,13,13,13,13,13,13,13,13,13,13
450614,1,1,1990,0,0,0,0,0,0,0,0,0,0
450614,2,1,1990,0,0,0,0,0,0,0,0,0,0
450615,1,1,1990,0,0,0,0,0,0,0,0,0,0
450615,2,1,1990,0,0,0,0,0,0,0,0,0,0
450616,1,1,1990,14,14,14,14,14,14,14,14,14,14
450617,0,1,1990,0,0,0,0,0,0,0,0,0,0
450617,1,1,1990,0,0,0,0,0,0,0,0,0,0
450618,0,1,1990,0,0,0,0,0,0,0,0,0,0
450618,1,1,1990,0,0,0,0,0,0,0,0,0,0
450619,0,1,1990,23,38,15,28,0,30,0,0,24,14
450619,1,1,1990,0,0,0,0,0,0,0,0,0,0
450620,1,1,1990,0,0,0,0,0,0,0,0,0,0
450620,2,1,1990,0,0,0,0,0,0,0,0,0,0
450621,0,1,1990,40,40,40,40,40,40,40,40,40,40
450621,1,1,1990,0,0,0,0,0,0,0,0,0,0
450622,1,1,1990,37,16,12,30,3,0,18,0,23,13
450623,1,1,1990,21,21,21,21,21,21,21,21,21,21
450624,0,1,1990,0,0,0,0,0,0,0,0,0,0
450624,1,1,1990,12,12,12,12,12,12,12,12,12,12
450625,1,1,1990,0,0,0,0,0,0,0,0,0,0
450625,2,1,1990,0,0,0,0,0,0,0,0,0,0
450626,1,1,1990,0,0,0,0,0,0,0,0,0,0
450626,2,1,1990,0,0,0,0,0,0,0,0,0,0
450627,0,1,1990,0,0,0,0,0,0,0,0,0,0
450627,1,1,1990,0,0,0,0,0,0,0,0,0,0
450628,1,1,1990,18,18,18,18,18,18,18,18,18,18
450631,1,1,1990,0,0,0,0,0,0,0,0,0,0
450631,2,1,1990,0,0,0,0,0,0,0,0,0,0
450632,1,1,1990,0,0,0,0,0,0,0,0,0,0
450632,2,1,1990,0,0,0,0,0,0,0,0,0,0
450633,1,1,1990,14,20,18,20,19,17,20,14,18,0
450634,1,1,1990,0,0,0,0,0,0,0,0,0,0
450635,1,1,1990,0,0,0,0,0,0,0,0,0,0
450635,2,1,1990,22,22,22,22,22,22,22,22,22,22
450635,3,1,1990,0,0,0,0,0,0,0,0,0,0
450636,0,1,1990,0,0,0,0,0,0,0,0,0,0
450636,1,1,1990,22,16,22,0,6,0,6,0,0,0
450637,1,1,1990,6,0,0,0,12,0,10,7,0,0
450637,2,1,1990,10,10,10,10,10,10,10,10,10,10
450638,1,1,1990,0,0,0,0,0,0,0,0,0,0
450639,1,1,1990,16,16,16,16,16,16,16,16,16,16
450640,1,1,1990,18,12,20,18,18,23,23,21,14,31
450641,1,1,1990,0,0,0,0,0,0,0,0,0,0
450641,2,1,1990,13,13,13,13,13,13,13,13,13,13
450642,1,1,1990,0,0,0,0,0,0,0,0,0,0
450643,1,1,1990,0,0,0,0,0,0,0,0,0,0
450644,0,1,1990,0,0,0,0,0,0,0,0,0,0
450644,1,1,1990,0,0,0,18,15,7,0,17,0,0
450645,1,1,1990,12,12,12,12,12,12,12,12,12,12
450645,2,1,1990,0,0,0,0,0,0,0,0,0,0
450646,1,1,1990,25,25,25,25,25,25,25,25,25,25
450647,0,1,1990,27,27,27,27,27,27,27,27,27,27
450647,1,1,1990,0,0,0,0,0,0,0,0,0,0
450648,0,1,1990,0,0,0,0,0,0,0,0,0,0
450648,1,1,1990,0,0,0,19,9,11,0,0,0,0
450649,1,1,1990,16,0,0,10,0,0,0,9,0,0
450649,2,1,1990,0,0,0,0,0,0,0,0,0,0
450649,3,1,1990,0,0,0,0,0,0,0,0,0,0
450651,1,1,1990,18,18,18,18,18,18,18,18,18,18
450652,1,1,1990,9,9,9,9,9,9,9,9,9,9
450652,2,1,1990,0,0,0,0,0,0,0,0,0,0
450653,1,1,1990,19,19,19,19,19,19,19,19,19,19
450654,0,1,1990,0,0,0,0,0,0,0,0,0,0
450654,1,1,1990,0,0,0,0,0,0,0,0,0,0
450655,1,1,1990,23,23,23,23,23,23,23,23,23,23
450655,2,1,1990,0,13,0,0,0,0,13,0,11,0
450655,3,1,1990,0,0,0,0,0,0,0,0,0,0
450655,4,1,1990,0,16,0,7,0,0,0,0,0,0
450656,1,1,1990,0,0,0,0,0,0,0,0,0,0
450656,2,1,1990,0,0,0,0,0,0,0,0,0,0
450657,1,1,1990,30,30,30,30,30,30,30,30,30,30
450657,2,1,1990,0,12,0,0,0,0,0,25,0,0
450659,1,1,1990,13,13,13,13,13,13,13,13,13,13
450659,2,1,1990,0,0,0,0,0,0,0,0,0,0
450660,1,1,1990,0,0,0,0,0,0,0,0,0,0
450660,2,1,1990,0,0,0,0,0,0,0,0,0,0
450661,0,1,1990,0,18,0,19,33,0,15,35,43,27
450661,1,1,1990,13,0,0,0,0,0,0,0,20,0
450662,1,1,1990,0,0,0,0,0,0,0,0,0,0
450662,2,1,1990,0,0,0,0,0,0,0,0,0,0
450663,1,1,1990,18,0,0,23,11,16,0,22,10,26
450664,1,1,1990,0,0,0,0,0,0,0,0,0,0
450665,1,1,1990,19,11,24,12,12,19,10,11,43,30
450666,1,1,1990,0,0,0,0,0,0,0,0,0,0
450666,2,1,1990,0,0,0,0,0,0,0,0,0,0
450667,1,1,1990,0,0,0,0,0,0,0,0,0,0
450667,2,1,1990,0,0,0,0,0,0,0,0,0,0
450667,3,1,1990,0,0,0,0,0,0,0,0,0,0
450668,1,1,1990,0,7,0,0,0,0,0,0,0,0
450668,2,1,1990,0,0,0,0,0,0,0,0,0,0
450668,3,1,1990,0,0,0,0,0,0,0,0,0,0
450668,4,2,1990,0,3,0,0,0,0,0,0,0,0
450669,1,1,1990,25,25,25,25,25,25,25,25,25,25
450670,1,1,1990,32,32,32,32,32,32,32,32,32,32
450672,1,1,1990,0,0,0,0,0,0,0,0,0,0
450672,2,1,1990,0,0,0,0,0,0,0,0,0,0
450673,1,1,1990,0,0,0,8,12,12,0,0,0,13
450674,1,1,1990,28,28,28,28,28,28,28,28,28,28
450675,1,1,1990,0,0,0,0,0,0,0,0,0,0
450675,2,1,1990,0,0,0,0,0,0,0,0,0,0
450676,1,1,1990,0,0,0,0,0,12,0,0,0,0
450677,1,1,1990,0,15,14,0,16,4,27,0,5,15
450678,1,1,1990,0,0,0,0,0,0,0,0,0,0
450678,2,1,1990,23,8,14,5,31,24,17,0,0,0
450679,1,1,1990,17,17,17,17,17,17,17,17,17,17