ST_CASE,VEH_NO,PER_NO,YEAR,P1,P2,P3,P4,P5,P6,P7,P8,P9,P10
450679,2,1,1990,0,0,0,0,0,0,0,0,19,10
450680,0,1,1990,30,30,30,30,30,30,30,30,30,30
450680,0,2,1990,36,36,36,36,36,36,36,36,36,36
450680,1,1,1990,0,19,19,30,9,18,2,12,0,22
450681,1,1,1990,0,0,2,18,0,0,0,0,0,0
450681,2,1,1990,0,0,6,8,5,0,0,5,0,0
450682,1,1,1990,29,29,29,29,29,29,29,29,29,29
450683,1,1,1990,0,0,0,0,0,0,0,0,0,0
450683,2,1,1990,0,0,0,0,0,0,21,0,0,0
450684,0,1,1990,7,7,7,7,7,7,7,7,7,7
450684,1,1,1990,0,0,0,0,0,0,0,0,0,0
450686,0,1,1990,0,0,0,0,0,0,0,0,0,0
450686,1,1,1990,0,0,0,0,21,0,0,11,0,26
450687,1,1,1990,3,3,3,3,3,3,3,3,3,3
450688,1,1,1990,0,0,0,0,0,0,0,13,0,0
450689,1,3,1990,7,0,16,0,0,15,25,0,0,18
450691,1,1,1990,26,26,26,26,26,26,26,26,26,26
450691,2,1,1990,0,0,0,0,22,0,0,0,0,0
450692,1,1,1990,0,0,0,0,0,0,0,0,0,0
450692,2,1,1990,0,0,0,0,0,0,0,0,0,0
450693,0,1,1990,0,0,0,0,0,0,0,0,0,0
450693,1,1,1990,0,0,0,0,0,0,0,0,0,0
450694,1,1,1990,0,0,0,0,0,0,0,0,0,0
450694,2,1,1990,0,0,0,0,0,0,0,0,0,0
450694,3,1,1990,0,0,0,0,0,0,0,0,0,0
450695,1,1,1990,3,16,0,15,0,18,11,6,0,0
450696,1,1,1990,0,0,0,0,0,0,0,0,0,0
450696,2,1,1990,0,0,0,0,0,0,0,0,0,0
450697,0,1,1990,0,0,0,0,0,0,0,0,0,0
450697,1,1,1990,0,0,0,0,0,0,0,0,0,0
450698,0,1,1990,0,13,15,0,0,0,17,0,0,22
450698,1,1,1990,0,0,0,0,15,11,14,0,0,0
450699,1,1,1990,17,7,20,13,0,7,19,0,6,6
450700,1,1,1990,0,0,0,6,0,0,0,0,0,0
450700,2,1,1990,19,0,0,0,10,7,0,0,0,20
450701,1,1,1990,0,0,0,0,0,0,0,0,0,0
450701,2,1,1990,7,7,7,7,7,7,7,7,7,7
450701,3,1,1990,0,0,0,0,0,0,0,0,0,0
450702,1,1,1990,0,0,0,0,0,0,0,0,0,0
450703,1,1,1990,17,17,17,17,17,17,17,17,17,17
450704,1,1,1990,17,17,17,17,17,17,17,17,17,17
450704,2,1,1990,0,0,0,0,17,0,0,0,0,0
450705,1,1,1990,0,0,5,0,0,0,0,0,12,0
450705,2,1,1990,0,0,0,0,0,0,0,0,0,0
450705,3,1,1990,14,0,0,0,0,0,0,0,0,0
450706,1,1,1990,21,0,14,31,21,10,9,29,11,8
450707,1,1,1990,2,9,9,32,13,18,21,22,15,29
450708,1,1,1990,0,0,0,0,0,0,0,24,0,0
450708,2,1,1990,0,0,0,0,0,0,0,0,11,0
450709,1,1,1990,0,0,0,0,0,0,0,18,0,0
450709,2,1,1990,12,12,12,12,12,12,12,12,12,12
450710,0,1,1990,0,0,0,0,0,0,0,0,0,0
450710,1,1,1990,0,0,0,0,0,0,0,0,0,0
450711,1,1,1990,0,0,0,0,0,0,0,0,0,0
450711,2,1,1990,24,20,0,12,15,0,24,12,24,0
450712,1,1,1990,0,0,0,0,0,0,0,0,0,0
450712,2,1,1990,0,0,26,0,0,0,0,23,26,15
450713,1,1,1990,11,16,0,0,5,0,0,22,0,23
450714,1,1,1990,0,0,0,6,0,0,0,0,0,0
450714,2,1,1990,0,18,0,0,0,0,0,0,23,0
450715,1,1,1990,18,0,0,0,16,18,0,0,0,10
450716,1,1,1990,0,6,0,0,0,0,0,0,0,28
450716,2,1,1990,0,13,28,0,0,0,14,27,7,0
450717,1,1,1990,17,20,13,33,14,19,23,10,14,8
450718,1,1,1990,26,12,10,19,10,16,27,12,0,9
450719,1,1,1990,0,0,0,0,0,0,0,0,0,0
450719,2,1,1990,21,21,21,21,21,21,21,21,21,21
450720,1,1,1990,0,0,0,0,0,0,0,0,0,0
450721,1,1,1990,0,0,0,0,0,0,0,0,0,0
450722,1,1,1990,11,20,9,0,6,0,0,15,12,3
450723,1,1,1990,0,0,0,0,12,0,0,0,0,0
450723,2,1,1990,0,0,0,0,0,0,0,0,0,0
450724,1,1,1990,16,32,22,0,20,5,30,17,21,0
450725,1,1,1990,15,18,0,21,15,20,0,20,7,23
450727,1,1,1990,0,0,0,0,0,0,0,0,0,0
450727,2,1,1990,11,11,11,11,11,11,11,11,11,11
450728,1,1,1990,12,12,12,12,12,12,12,12,12,12
450729,1,1,1990,0,0,14,0,11,0,10,9,10,7
450730,0,1,1990,0,0,0,0,0,0,0,0,0,0
450730,1,1,1990,0,0,0,0,0,0,0,0,0,0
450731,1,1,1990,0,0,0,0,0,0,0,0,0,0
450731,2,1,1990,0,0,0,0,0,0,0,0,0,0
450732,1,1,1990,0,0,0,0,0,0,0,0,0,0
450732,2,1,1990,0,0,0,0,0,0,0,0,0,0
450733,1,1,1990,0,0,0,0,0,0,0,0,0,0
450734,1,1,1990,28,28,28,28,28,28,28,28,28,28
450734,2,1,1990,0,4,0,10,0,13,12,13,0,0
450735,1,1,1990,17,17,17,17,17,17,17,17,17,17
450736,1,1,1990,25,15,25,32,13,0,0,14,0,8
450737,1,1,1990,0,0,0,0,0,0,0,0,0,0
450737,2,1,1990,0,0,0,17,0,19,0,17,0,9
450738,1,1,1990,9,0,20,6,2,0,14,27,0,0
450739,1,1,1990,0,0,0,0,0,0,0,22,0,0
450739,2,1,1990,0,0,0,0,0,7,0,0,0,0
450740,1,1,1990,19,19,19,19,19,19,19,19,19,19
450740,2,1,1990,18,12,13,28,19,11,19,16,24,7
450741,1,1,1990,0,0,0,0,0,0,0,0,0,0
450741,2,1,1990,0,0,5,0,20,0,0,0,0,0
450742,1,1,1990,0,0,0,0,0,0,0,0,0,0
450742,2,1,1990,0,0,9,0,22,0,14,0,0,0
450743,1,1,1990,37,37,37,37,37,37,37,37,37,37
450743,2,1,1990,8,22,0,22,17,0,19,29,0,0
450743,3,1,1990,20,0,18,15,13,0,25,0,0,0
450744,1,1,1990,0,0,0,9,0,14,0,0,0,0
450745,1,1,1990,0,30,0,0,0,0,31,0,32,0
450746,1,1,1990,12,12,12,12,12,12,12,12,12,12
450746,2,1,1990,0,0,0,0,0,0,0,0,0,0
450747,0,1,1990,11,11,11,11,11,11,11,11,11,11
450747,1,1,1990,0,0,0,0,0,0,0,0,0,0
450748,0,1,1990,17,14,7,11,23,6,21,26,22,26
450748,1,1,1990,0,0,0,0,0,0,0,0,0,0
450749,1,1,1990,0,0,0,0,0,0,0,0,0,0
450749,2,1,1990,0,0,0,0,0,0,0,0,0,0
450750,0,1,1990,0,0,0,0,0,0,0,0,0,0
450750,1,1,1990,0,0,0,0,0,0,0,0,0,0
450751,0,1,1990,0,22,21,0,12,0,0,0,0,0
450751,1,1,1990,0,0,0,0,0,0,0,0,0,0
450752,1,1,1990,17,17,17,17,17,17,17,17,17,17
450752,2,1,1990,11,0,15,0,0,0,0,0,0,0
450752,3,1,1990,0,0,0,0,0,0,0,0,0,0
450753,1,1,1990,20,20,20,20,20,20,20,20,20,20
450753,2,1,1990,15,0,0,9,0,0,0,21,0,13
450754,1,1,1990,0,0,0,0,0,0,0,0,0,0
450754,2,1,1990,0,0,0,0,0,0,0,0,0,0
450755,1,1,1990,0,0,0,0,0,0,0,0,0,0
450755,2,1,1990,0,0,0,0,0,0,0,0,0,0
450756,1,1,1990,17,17,17,17,17,17,17,17,17,17
450757,0,1,1990,0,0,0,0,0,0,0,0,0,0
450757,1,1,1990,0,0,0,0,0,0,0,0,0,0
450758,1,1,1990,0,0,0,0,0,0,0,0,0,0
450758,2,1,1990,0,0,0,0,0,0,0,0,0,0
450759,1,1,1990,0,0,0,0,0,0,0,0,0,0
450760,1,1,1990,0,0,0,0,0,0,0,0,0,0
450760,2,1,1990,27,27,27,27,27,27,27,27,27,27
450761,0,1,1990,0,0,0,0,0,0,0,0,0,0
450761,1,1,1990,22,22,22,22,22,22,22,22,22,22
450762,1,1,1990,0,0,15,0,0,0,29,11,0,0
450763,1,1,1990,0,0,0,0,0,0,0,0,0,0
450764,1,1,1990,22,22,22,22,22,22,22,22,22,22
450765,1,1,1990,20,22,0,5,24,21,0,23,16,0
450766,0,1,1990,0,0,0,0,0,0,0,0,0,0
450766,1,1,1990,13,21,0,0,12,10,0,0,0,0
450767,1,1,1990,16,16,16,16,16,16,16,16,16,16
450767,2,1,1990,0,6,0,17,0,0,16,11,0,0
450768,0,1,1990,0,0,23,0,17,0,30,0,31,7
450768,1,1,1990,3,0,7,0,0,0,0,0,14,0
450769,1,1,1990,0,0,0,0,0,0,0,0,0,0
450769,2,2,1990,0,0,8,0,0,16,0,0,0,0
450770,1,1,1990,22,22,22,22,22,22,22,22,22,22
450771,0,1,1990,0,14,0,0,0,0,0,13,0,12
450771,1,1,1990,12,12,12,12,12,12,12,12,12,12
450772,0,1,1990,28,28,28,28,28,28,28,28,28,28
450772,1,1,1990,0,0,0,23,0,0,7,0,0,9
450774,0,1,1990,0,0,0,0,0,0,9,0,0,0
450774,1,1,1990,21,21,21,21,21,21,21,21,21,21
450775,1,1,1990,0,0,0,0,0,0,0,0,0,6
450775,2,1,1990,0,0,0,12,8,0,0,0,0,0
450776,1,1,1990,12,12,12,12,12,12,12,12,12,12
450776,2,1,1990,0,0,0,0,0,9,0,0,0,20
450777,1,1,1990,0,0,0,0,0,0,0,0,0,0
450778,1,1,1990,0,0,0,0,0,0,0,0,0,0
450778,2,1,1990,0,0,0,0,0,0,0,0,0,0
450778,3,1,1990,0,0,0,0,0,0,0,0,0,0
450779,1,1,1990,0,0,0,0,0,0,0,0,0,0
450780,1,1,1990,6,0,21,6,19,20,15,8,19,28
450780,2,1,1990,0,0,0,10,0,15,0,12,0,20
450781,1,1,1990,0,0,0,0,0,0,0,0,0,0
450781,2,1,1990,0,0,0,0,0,0,0,0,0,0
450781,3,1,1990,0,0,0,0,0,0,5,0,9,0
450783,0,1,1990,0,20,0,5,0,37,31,0,16,0
450783,1,1,1990,13,0,14,0,0,0,0,0,0,0
450784,0,1,1990,0,12,0,0,0,0,0,0,0,0
450784,1,1,1990,15,0,0,0,16,0,0,0,0,0
450785,1,1,1990,23,23,23,23,23,23,23,23,23,23
450786,1,1,1990,0,0,0,0,0,0,0,0,0,0
450787,1,1,1990,17,15,0,21,25,0,37,0,12,23
450788,1,1,1990,0,20,0,18,0,0,0,0,0,0
450789,1,1,1990,15,15,15,15,15,15,15,15,15,15
450790,1,1,1990,0,0,0,0,0,0,0,0,0,0
450790,2,1,1990,8,0,0,0,9,0,0,0,0,0
450791,1,1,1990,0,0,0,0,0,0,0,0,0,0
450792,0,1,1990,0,0,0,0,0,0,0,21,0,0
450792,1,1,1990,0,10,16,15,14,0,34,0,0,0
450794,1,1,1990,0,0,0,0,0,0,0,0,0,0
450794,2,1,1990,13,0,0,0,0,0,0,26,0,0
450795,1,1,1990,0,0,0,0,0,0,0,0,0,0
450796,0,1,1990,0,18,16,0,0,0,0,0,15,0
450796,1,1,1990,20,0,0,0,28,6,9,9,13,0
450797,1,1,1990,6,6,6,6,6,6,6,6,6,6
450798,1,1,1990,0,0,0,0,0,0,0,0,0,0
450799,1,1,1990,0,0,0,0,0,0,0,0,0,0
450799,2,1,1990,10,0,6,21,11,0,0,0,19,0
450800,1,1,1990,7,7,7,7,7,7,7,7,7,7
450801,1,1,1990,0,0,0,0,0,0,0,0,0,0
450801,2,1,1990,0,0,0,0,0,0,0,0,0,0
450802,1,1,1990,0,0,0,0,0,0,0,0,0,0
450802,2,1,1990,0,0,0,0,0,0,0,0,0,0
450803,1,1,1990,0,0,0,0,0,0,0,0,0,0
450804,1,1,1990,0,0,0,0,0,0,0,0,0,0
450804,2,1,1990,0,0,0,0,0,0,0,0,0,0
450805,1,1,1990,18,18,18,18,18,18,18,18,18,18
450806,0,1,1990,0,0,0,0,0,0,0,0,0,0
450806,0,2,1990,0,0,0,0,0,0,0,0,0,0
450806,0,3,1990,0,0,0,0,0,0,0,0,0,0
450806,0,4,1990,0,0,0,0,0,0,0,0,0,0
450806,1,1,1990,0,0,0,0,0,0,0,11,0,7
450806,2,1,1990,0,0,0,0,0,0,0,0,0,0
450806,3,1,1990,0,0,0,0,0,0,0,0,0,0
450807,1,1,1990,0,0,0,0,0,0,0,0,0,0
450807,2,1,1990,0,0,0,0,0,0,0,0,0,0
450808,1,1,1990,0,0,0,0,0,0,0,0,0,0
450808,2,1,1990,0,0,0,0,0,0,0,0,0,0
450809,1,1,1990,0,0,0,0,0,0,0,0,0,0
450809,2,1,1990,0,0,0,0,0,0,0,0,0,25
450810,1,1,1990,0,0,0,0,0,0,0,0,0,0
450810,2,1,1990,0,0,0,0,0,0,0,0,0,0
450811,1,1,1990,0,0,0,0,0,0,0,15,0,0
450811,2,1,1990,0,0,0,0,0,0,0,0,0,16
450812,1,1,1990,0,0,0,0,0,0,0,0,0,0
450812,2,1,1990,0,15,0,0,0,0,0,11,0,17
450813,1,1,1990,0,0,0,0,0,0,0,0,0,0
450813,2,1,1990,0,12,0,16,0,0,10,0,3,6
450814,0,1,1990,0,12,0,0,0,0,0,0,21,12
450814,1,1,1990,15,0,0,15,12,0,0,0,31,0
450815,1,1,1990,0,0,0,0,0,0,0,0,0,0
450816,1,1,1990,0,0,0,0,0,0,0,0,0,0
450816,2,1,1990,0,0,0,0,0,0,0,0,0,0
450817,1,1,1990,0,0,0,0,0,0,0,0,0,0
450818,1,1,1990,6,6,6,6,6,6,6,6,6,6
450819,1,1,1990,0,0,0,0,0,0,0,0,0,0
450820,1,1,1990,0,0,0,0,0,0,0,0,0,0
450820,2,1,1990,13,13,13,13,13,13,13,13,13,13
450821,1,1,1990,0,0,0,0,0,0,0,0,0,0
450822,1,1,1990,0,0,0,0,0,0,0,0,0,0
450822,2,1,1990,0,0,16,0,37,0,7,0,0,0
450823,1,1,1990,10,26,34,14,18,13,8,24,20,26
450824,1,1,1990,0,0,0,0,0,0,0,0,17,0
450824,2,1,1990,0,0,0,0,0,4,0,0,0,0
450825,0,1,1990,0,0,0,0,0,0,0,0,0,0
450825,1,1,1990,0,0,0,0,0,0,0,0,0,0
450826,1,1,1990,0,0,0,0,0,0,0,0,0,0
450826,2,1,1990,0,0,0,0,0,0,0,0,0,0
450827,1,1,1990,22,22,22,22,22,22,22,22,22,22
450827,2,1,1990,13,13,13,13,13,13,13,13,13,13
450828,1,1,1990,0,0,0,0,0,0,0,0,0,0
450829,1,1,1990,0,0,0,0,0,0,0,0,0,0
450829,2,1,1990,0,0,0,0,0,0,0,0,0,0
450830,1,1,1990,0,27,16,7,10,9,16,0,22,0
450832,1,1,1990,8,8,8,8,8,8,8,8,8,8
450833,0,1,1990,13,13,13,13,13,13,13,13,13,13
450833,1,1,1990,0,0,9,25,0,0,0,17,0,20
450834,1,1,1990,17,17,17,17,17,17,17,17,17,17
450835,0,1,1990,0,0,0,0,0,0,0,0,0,0
450835,0,2,1990,0,0,0,0,0,0,0,0,0,0
450835,1,1,1990,6,6,6,6,6,6,6,6,6,6
450836,1,1,1990,0,0,0,0,0,0,0,14,0,0
450836,2,1,1990,20,20,20,20,20,20,20,20,20,20
450837,1,1,1990,4,10,0,0,0,0,8,20,0,28
450838,1,1,1990,0,0,15,0,19,0,0,0,0,0
450838,2,1,1990,0,0,0,0,0,0,0,0,0,0
450839,0,1,1990,0,0,0,0,0,0,0,0,0,0
450839,1,1,1990,0,18,8,0,0,6,20,0,7,0
450840,0,1,1990,10,10,10,10,10,10,10,10,10,10
450840,1,1,1990,7,7,7,7,7,7,7,7,7,7
450841,1,1,1990,25,25,25,25,25,25,25,25,25,25
450842,1,1,1990,0,0,0,0,0,0,0,0,0,0
450843,0,1,1990,0,0,0,0,0,0,0,0,0,0
450843,1,1,1990,0,0,17,0,0,0,0,0,0,19
450844,1,1,1990,13,15,0,7,20,11,11,21,20,0
450845,1,1,1990,0,0,0,0,0,0,0,0,0,0
450846,0,1,1990,0,0,0,0,0,0,0,0,0,0
450846,1,1,1990,0,0,0,0,0,0,0,0,0,0
450847,1,1,1990,7,7,7,7,7,7,7,7,7,7
450848,1,1,1990,13,13,13,13,13,13,13,13,13,13
450849,1,1,1990,23,23,23,23,23,23,23,23,23,23
450850,0,1,1990,0,0,0,0,0,0,0,0,0,0
450850,1,1,1990,0,0,0,0,0,0,0,0,0,0
450851,1,1,1990,0,0,0,0,0,0,0,0,0,0
450851,2,1,1990,0,0,0,0,0,0,0,0,0,0
450852,1,1,1990,0,0,0,0,0,0,0,0,0,0
450852,2,1,1990,29,29,29,29,29,29,29,29,29,29
450853,1,1,1990,0,0,0,0,0,0,0,0,0,0
450853,2,1,1990,0,0,0,0,0,0,0,0,0,0
450854,1,1,1990,23,23,23,23,23,23,23,23,23,23
450855,1,1,1990,18,18,18,18,18,18,18,18,18,18
450856,1,1,1990,7,7,7,7,7,7,7,7,7,7
450857,1,2,1990,0,0,0,0,0,0,0,0,0,0
450858,1,1,1990,0,0,0,0,0,0,0,0,0,0
450858,2,1,1990,30,30,30,30,30,30,30,30,30,30
450859,1,1,1990,0,0,0,0,0,0,0,0,0,0
450859,2,1,1990,0,0,0,0,0,0,0,0,0,0
450860,1,1,1990,0,0,0,0,0,0,0,0,0,0
450860,2,1,1990,0,0,0,0,0,0,0,0,0,0
450861,1,1,1990,0,0,0,0,0,0,0,0,0,0
450862,1,1,1990,17,17,17,17,17,17,17,17,17,17
450863,1,1,1990,0,0,19,4,16,6,3,6,6,19
450864,1,1,1990,0,0,0,0,0,0,0,0,0,0
450864,2,1,1990,0,0,0,0,0,0,7,0,0,0
450865,1,1,1990,0,6,0,0,14,0,23,0,11,28
450865,2,1,1990,26,26,26,26,26,26,26,26,26,26
450866,1,1,1990,0,0,0,7,0,0,0,0,0,0
450866,2,1,1990,16,0,14,6,0,18,0,0,18,29
450867,0,1,1990,0,0,0,0,0,0,0,0,0,0
450867,1,1,1990,0,0,13,0,0,0,0,0,0,0
450868,1,1,1990,41,6,0,20,11,13,0,23,8,0
450869,0,1,1990,0,0,0,0,0,0,0,0,0,0
450869,1,1,1990,0,0,0,0,0,0,0,0,0,0
450870,1,1,1990,14,0,22,11,20,0,0,0,0,33
450872,1,1,1990,0,0,0,0,0,0,0,0,0,0
450872,2,1,1990,0,2,0,0,0,0,0,0,0,0
450873,1,1,1990,28,4,16,19,22,17,0,13,37,33
450874,1,1,1990,22,22,22,22,22,22,22,22,22,22
450874,2,1,1990,0,12,0,0,0,0,8,0,0,0
450875,0,1,1990,0,0,10,0,0,0,22,0,0,0
450875,1,1,1990,29,29,29,29,29,29,29,29,29,29
450876,0,1,1990,19,19,19,19,19,19,19,19,19,19
450876,1,1,1990,0,0,0,0,0,0,0,0,0,0
450877,1,1,1990,0,0,0,0,0,0,0,0,0,0
450877,2,1,1990,0,0,0,0,0,0,0,0,0,0
450878,0,1,1990,22,22,22,22,22,22,22,22,22,22
450878,1,1,1990,0,0,0,0,0,0,0,0,0,0
450879,1,1,1990,0,5,3,16,18,0,3,0,32,12
450880,0,1,1990,29,18,18,27,24,21,24,13,14,29
450880,1,1,1990,0,0,0,0,0,0,0,0,0,0
450881,1,1,1990,0,0,0,0,0,0,0,0,0,0
450881,2,1,1990,0,0,0,0,0,0,0,0,0,0
450882,1,1,1990,4,4,4,4,4,4,4,4,4,4
450882,2,1,1990,0,4,0,8,0,0,0,0,0,0
450883,1,1,1990,26,26,26,26,26,26,26,26,26,26
450884,1,1,1990,29,6,8,11,20,0,12,14,23,18
450885,1,1,1990,9,0,23,0,25,20,0,0,29,4
450886,1,1,1990,0,0,0,0,0,0,0,0,0,0
450887,1,1,1990,30,30,30,30,30,30,30,30,30,30
450888,1,1,1990,8,0,13,22,11,9,25,6,8,10
450889,1,1,1990,0,0,0,0,0,0,0,0,0,0
450889,2,1,1990,0,0,0,0,0,0,7,0,0,0
450890,1,1,1990,7,7,7,7,7,7,7,7,7,7
450891,1,1,1990,0,0,0,0,0,0,0,0,0,0
450891,2,1,1990,0,0,0,0,0,0,0,0,0,0
450892,1,1,1990,14,16,8,10,12,4,25,24,11,23
450893,1,1,1990,16,16,16,16,16,16,16,16,16,16
450895,1,1,1990,5,5,5,5,5,5,5,5,5,5
450896,1,1,1990,0,0,0,0,0,0,0,0,13,0
450896,2,1,1990,0,0,0,0,0,0,0,0,0,0
450897,1,1,1990,0,0,0,0,0,0,0,0,0,0
450897,2,1,1990,0,0,0,0,0,0,0,0,0,0
450898,1,1,1990,0,0,0,0,0,0,0,0,0,0
450898,2,1,1990,0,0,7,0,0,25,0,0,0,0
450899,1,1,1990,11,20,19,36,16,18,27,29,21,14
450900,1,1,1990,0,11,0,0,0,0,0,0,0,0
450901,1,1,1990,18,29,22,11,16,15,12,0,26,18
450902,1,1,1990,0,4,0,12,11,11,19,28,29,12
450903,1,1,1990,23,23,23,23,23,23,23,23,23,23
450904,1,1,1990,24,24,24,24,24,24,24,24,24,24
450905,1,1,1990,0,0,0,0,0,0,0,0,0,0
450906,0,1,1990,0,0,0,0,0,0,0,0,0,0
450906,1,1,1990,0,0,0,0,0,0,0,0,0,0
450907,1,1,1990,11,11,11,11,11,11,11,11,11,11
450908,1,1,1990,13,13,13,13,13,13,13,13,13,13
450909,1,1,1990,28,0,0,20,0,0,19,0,0,0
450909,2,1,1990,0,0,21,28,20,0,0,0,0,0
450910,1,1,1990,0,0,0,0,0,0,0,0,0,0
450910,2,1,1990,0,0,0,0,0,0,0,0,0,37
450910,3,1,1990,0,0,0,0,0,0,0,0,0,0
450911,1,1,1990,0,16,0,0,0,0,0,0,0,0
450911,2,1,1990,0,0,0,0,0,0,0,0,0,0
450913,1,1,1990,0,0,0,0,0,0,0,0,0,0
450913,2,1,1990,0,0,0,17,0,0,0,0,0,0
450914,1,1,1990,0,22,0,0,0,0,0,12,0,12
450914,2,1,1990,0,0,0,0,0,0,0,0,0,0
450915,0,1,1990,31,15,17,22,29,14,19,12,6,23
450915,1,1,1990,0,0,0,0,13,12,8,0,0,18
450916,1,1,1990,0,13,0,17,0,15,0,0,24,0
450916,2,1,1990,0,0,0,23,16,0,13,0,20,0
450917,1,1,1990,0,0,0,0,0,0,0,0,0,0
450917,2,1,1990,0,0,0,0,0,0,0,0,0,0
450918,1,1,1990,0,0,0,15,0,25,0,0,0,0
450919,1,1,1990,7,25,25,33,8,27,33,10,6,21
450920,1,1,1990,14,8,21,21,12,12,30,23,13,14
450921,1,1,1990,17,17,17,17,17,17,17,17,17,17
450921,2,1,1990,0,0,0,0,0,0,0,0,0,0
450922,0,1,1990,0,0,0,0,0,0,0,0,0,0
450922,1,1,1990,0,0,0,0,0,0,0,0,9,0
450923,1,1,1990,0,0,0,0,0,0,0,0,0,0
450924,1,1,1990,16,45,9,25,23,0,12,17,11,38
450925,1,1,1990,19,19,19,19,19,19,19,19,19,19
450926,1,1,1990,7,7,7,7,7,7,7,7,7,7
450927,1,1,1990,21,21,21,21,21,21,21,21,21,21
450927,2,1,1990,0,0,0,0,0,0,0,0,0,0
450928,1,1,1990,6,0,0,0,0,0,0,0,0,0
450928,2,1,1990,0,0,0,0,10,11,0,0,0,0
450929,1,2,1990,4,0,10,14,11,15,12,0,6,14
450930,1,1,1990,0,23,0,0,0,14,0,0,0,18
450930,2,1,1990,0,0,0,0,0,0,0,0,0,0
450931,1,1,1990,24,29,0,15,14,0,0,24,0,0
450932,1,1,1990,0,0,0,0,0,0,0,0,0,0
450932,2,1,1990,0,0,0,0,0,0,0,0,0,0
450933,1,1,1990,7,7,7,7,7,7,7,7,7,7
460001,1,1,1990,0,0,0,0,0,0,0,0,0,0
460002,1,1,1990,0,0,0,0,0,0,0,0,0,0
460003,1,1,1990,21,21,21,21,21,21,21,21,21,21
460004,1,1,1990,0,0,0,0,0,0,0,0,0,0
460005,1,1,1990,0,0,0,0,0,0,0,0,0,0
460005,2,1,1990,35,35,35,35,35,35,35,35,35,35
460006,1,1,1990,0,0,0,0,0,0,0,0,0,0
460006,2,1,1990,14,18,0,0,0,0,0,0,0,0
460007,1,1,1990,0,0,0,0,0,0,0,0,0,0
460007,2,1,1990,0,0,0,0,0,0,0,0,0,0
460008,0,1,1990,0,0,0,0,0,0,0,0,0,0
460009,1,1,1990,0,0,0,0,0,0,0,0,0,0
460009,2,1,1990,0,0,0,0,0,0,0,0,0,0
460010,1,1,1990,0,0,0,0,0,0,0,0,0,0
460011,1,1,1990,17,17,17,17,17,17,17,17,17,17
460012,1,1,1990,30,30,30,30,30,30,30,30,30,30
460013,1,1,1990,17,17,17,17,17,17,17,17,17,17
460014,1,1,1990,17,17,17,17,17,17,17,17,17,17
460015,1,1,1990,0,0,0,0,0,0,0,0,0,0
460015,2,1,1990,0,0,0,0,0,0,0,0,0,0
460016,1,1,1990,0,0,0,0,0,0,0,0,0,0
460017,1,1,1990,0,0,0,0,0,0,0,0,0,0
460018,0,1,1990,23,23,23,23,23,23,23,23,23,23
460019,1,1,1990,0,0,0,0,0,0,0,0,0,0
460019,2,1,1990,0,0,0,0,0,0,0,0,0,0
460020,1,1,1990,0,0,0,0,0,0,0,0,0,0
460020,2,1,1990,0,0,0,0,0,0,0,0,0,0
460021,1,1,1990,2,2,2,2,2,2,2,2,2,2
460022,1,1,1990,34,34,34,34,34,34,34,34,34,34
460022,2,1,1990,0,0,0,0,0,0,0,0,0,0
460023,0,1,1990,23,23,23,23,23,23,23,23,23,23
460023,1,1,1990,0,0,0,0,0,0,0,0,0,0
460024,1,1,1990,0,0,0,0,0,6,0,0,0,0
460024,2,1,1990,0,0,0,0,0,0,0,0,0,0
460025,1,1,1990,0,0,0,0,0,0,0,0,0,0
460025,2,1,1990,20,20,20,20,20,20,20,20,20,20
460026,1,1,1990,0,0,0,0,0,0,0,0,0,0
460026,2,1,1990,0,0,0,0,0,0,0,0,0,0
460027,1,1,1990,21,21,21,21,21,21,21,21,21,21
460028,1,1,1990,18,18,18,18,18,18,18,18,18,18
460029,1,1,1990,11,11,11,11,11,11,11,11,11,11
460030,1,1,1990,0,0,0,0,0,0,0,0,0,0
460030,2,1,1990,0,0,0,17,0,14,0,21,0,0
460031,1,1,1990,0,0,0,0,0,0,0,0,0,0
460031,2,1,1990,0,0,0,0,0,0,0,0,0,0
460031,3,1,1990,0,0,0,0,0,3,0,0,0,0
460032,1,1,1990,0,0,0,0,0,0,0,0,0,0
460032,2,1,1990,0,0,0,0,0,0,0,0,0,0
460033,1,1,1990,0,0,0,0,0,0,0,0,0,0
460034,0,1,1990,0,0,0,0,0,0,0,0,0,0
460034,1,1,1990,0,0,0,0,0,0,0,0,0,0
460035,1,1,1990,12,12,12,12,12,12,12,12,12,12
460035,2,1,1990,25,25,25,25,25,25,25,25,25,25
460036,1,1,1990,18,18,18,18,18,18,18,18,18,18
460036,2,1,1990,26,26,26,26,26,26,26,26,26,26
460037,1,1,1990,16,16,16,16,16,16,16,16,16,16
460038,1,1,1990,18,18,18,18,18,18,18,18,18,18
460039,1,1,1990,0,0,0,0,0,0,0,0,0,0
460039,2,1,1990,0,0,0,0,8,0,0,0,0,0