ST_CASE,VEH_NO,PER_NO,YEAR,P1,P2,P3,P4,P5,P6,P7,P8,P9,P10
470195,1,1,1990,0,0,0,0,0,0,0,0,0,0
470195,2,1,1990,9,9,9,9,9,9,9,9,9,9
470196,1,1,1990,0,0,0,0,0,0,0,0,0,0
470196,2,1,1990,0,0,0,0,0,0,0,0,0,0
470197,1,1,1990,10,0,14,15,21,0,0,0,27,0
470198,1,1,1990,13,13,13,13,13,13,13,13,13,13
470199,1,1,1990,0,0,0,0,0,0,0,0,0,0
470199,2,1,1990,0,0,0,0,0,3,0,0,0,0
470200,0,1,1990,0,0,0,0,0,0,0,0,0,0
470200,1,1,1990,0,0,0,0,0,0,0,0,0,0
470201,1,1,1990,0,0,0,0,0,0,0,0,0,0
470202,1,1,1990,0,0,0,0,0,0,0,0,0,0
470202,2,1,1990,0,13,0,0,0,0,0,0,0,12
470203,1,1,1990,0,0,0,0,0,0,0,0,0,0
470203,2,1,1990,0,0,0,0,0,0,0,0,0,0
470204,1,1,1990,0,0,0,23,0,0,0,0,0,4
470204,2,1,1990,0,0,0,0,0,0,0,0,0,0
470205,1,1,1990,31,31,31,31,31,31,31,31,31,31
470206,1,1,1990,17,17,17,17,17,17,17,17,17,17
470207,0,1,1990,19,19,19,19,19,19,19,19,19,19
470207,1,1,1990,30,12,0,11,15,21,0,0,6,24
470208,1,1,1990,0,0,0,0,0,0,0,0,0,0
470208,2,1,1990,7,7,7,7,7,7,7,7,7,7
470209,1,1,1990,6,6,6,6,6,6,6,6,6,6
470210,1,1,1990,0,0,0,0,0,0,0,0,0,0
470210,2,1,1990,0,0,0,0,0,0,0,0,0,0
470211,1,1,1990,0,0,0,0,0,0,0,0,0,0
470211,2,1,1990,0,0,0,0,0,0,0,0,0,0
470212,1,1,1990,0,0,0,0,0,0,0,0,0,0
470212,2,1,1990,0,0,0,0,0,0,0,0,0,0
470214,1,1,1990,3,3,3,3,3,3,3,3,3,3
470214,2,1,1990,7,7,7,7,7,7,7,7,7,7
470215,1,1,1990,15,31,5,10,16,45,12,23,31,13
470216,0,1,1990,0,0,0,0,0,0,0,0,0,0
470216,1,1,1990,0,0,0,16,0,0,0,0,0,0
470217,1,1,1990,10,10,10,10,10,10,10,10,10,10
470218,1,1,1990,0,0,0,0,0,0,0,0,0,0
470219,1,1,1990,0,0,0,0,0,0,0,0,0,0
470219,2,1,1990,0,0,0,0,0,0,0,0,0,0
470219,3,1,1990,0,0,0,0,0,0,0,0,0,0
470219,4,1,1990,0,0,0,0,0,0,0,0,0,0
470220,1,1,1990,35,35,35,35,35,35,35,35,35,35
470221,1,1,1990,22,22,22,22,22,22,22,22,22,22
470221,2,1,1990,19,19,19,19,19,19,19,19,19,19
470222,1,1,1990,16,16,16,16,16,16,16,16,16,16
470223,1,1,1990,3,18,14,11,9,25,19,12,18,32
470224,0,1,1990,26,26,26,26,26,26,26,26,26,26
470224,1,1,1990,0,0,0,0,0,0,0,0,0,0
470225,1,1,1990,28,18,26,25,16,16,23,24,28,8
470226,1,1,1990,0,0,0,0,0,0,0,0,0,0
470226,2,1,1990,0,0,0,0,0,0,0,0,0,0
470226,3,1,1990,0,0,0,0,0,0,0,0,0,0
470227,1,1,1990,0,0,0,0,0,0,0,0,0,0
470228,1,1,1990,0,0,0,0,0,0,0,0,0,0
470228,2,1,1990,0,0,0,0,0,0,0,0,0,0
470229,1,1,1990,19,14,23,29,18,22,25,13,19,18
470230,1,1,1990,15,15,15,15,15,15,15,15,15,15
470231,1,1,1990,22,22,22,22,22,22,22,22,22,22
470231,2,1,1990,0,8,0,0,26,0,29,0,0,0
470231,3,1,1990,0,0,0,0,0,0,0,0,0,0
470232,1,1,1990,1,1,1,1,1,1,1,1,1,1
470233,1,1,1990,5,5,5,5,5,5,5,5,5,5
470234,1,1,1990,0,0,0,0,0,0,0,0,0,0
470234,2,1,1990,0,0,0,0,0,0,0,0,0,0
470235,1,1,1990,0,0,0,0,0,0,0,0,0,0
470235,2,1,1990,0,0,0,0,0,0,0,0,0,0
470236,1,1,1990,0,0,0,0,0,0,0,0,0,0
470237,1,1,1990,6,6,6,6,6,6,6,6,6,6
470237,2,1,1990,0,0,0,0,0,0,0,0,0,0
470237,3,1,1990,0,0,0,0,0,0,0,0,0,0
470237,4,1,1990,0,0,0,0,0,0,0,0,0,0
470238,1,1,1990,0,0,0,0,0,0,0,0,0,0
470238,2,1,1990,0,0,0,0,0,0,0,0,0,0
470239,1,1,1990,0,0,0,0,0,0,0,0,0,0
470239,2,1,1990,0,0,0,0,0,0,0,0,0,0
470240,1,1,1990,0,0,0,0,0,0,0,0,0,0
470240,2,1,1990,0,0,0,0,0,0,0,0,0,0
470241,1,1,1990,0,0,0,0,0,0,0,0,0,0
470241,2,1,1990,0,0,0,0,0,0,0,0,0,0
470242,1,1,1990,21,21,21,21,21,21,21,21,21,21
470244,1,1,1990,0,0,0,0,0,0,0,0,0,0
470244,2,1,1990,0,0,0,0,0,0,0,0,0,0
470245,1,1,1990,0,0,0,0,0,0,0,0,0,0
470246,1,1,1990,0,0,10,0,0,0,5,0,0,0
470246,2,1,1990,0,0,0,0,0,0,0,0,0,0
470247,1,1,1990,18,18,18,18,18,18,18,18,18,18
470247,2,1,1990,0,0,0,0,0,0,0,0,0,0
470247,3,1,1990,0,0,0,0,0,0,0,0,0,0
470249,1,1,1990,15,15,15,15,15,15,15,15,15,15
470250,1,1,1990,23,23,23,23,23,23,23,23,23,23
470251,1,1,1990,0,0,0,0,0,0,0,0,0,0
470251,2,1,1990,0,0,0,0,0,0,0,0,4,17
470252,1,1,1990,0,0,0,0,0,0,0,0,0,0
470253,1,1,1990,0,0,0,0,0,0,0,0,0,0
470253,2,1,1990,0,0,0,0,0,0,0,0,0,0
470253,3,1,1990,0,0,0,0,0,0,0,0,0,0
470254,1,1,1990,18,18,18,18,18,18,18,18,18,18
470256,1,1,1990,0,0,0,0,0,0,0,0,0,0
470256,2,1,1990,0,0,5,0,0,0,0,0,0,0
470257,1,1,1990,0,0,0,0,0,0,0,8,0,0
470257,2,1,1990,0,0,0,0,0,0,0,0,0,4
470258,1,1,1990,0,0,0,0,0,0,0,0,0,0
470259,1,1,1990,0,0,0,0,0,0,0,0,0,0
470259,2,1,1990,0,0,0,0,0,0,0,0,0,0
470260,1,1,1990,22,22,22,22,22,22,22,22,22,22
470260,2,1,1990,0,0,0,0,0,0,0,0,0,0
470261,1,1,1990,24,19,21,10,14,10,26,25,8,21
470262,1,1,1990,0,0,0,0,0,0,0,0,0,0
470263,1,1,1990,25,25,25,25,25,25,25,25,25,25
470263,2,1,1990,0,0,0,0,0,0,0,0,0,18
470264,1,1,1990,0,0,0,0,0,0,0,0,0,0
470265,1,1,1990,0,0,0,0,0,0,0,0,0,0
470265,2,1,1990,0,0,0,0,0,0,0,0,0,0
470266,1,1,1990,0,0,0,0,0,0,0,0,0,0
470266,2,1,1990,0,0,0,0,0,0,0,0,0,0
470267,1,1,1990,31,31,31,31,31,31,31,31,31,31
470268,1,1,1990,0,0,0,0,0,0,0,0,0,0
470268,2,1,1990,0,0,0,0,0,0,0,0,0,0
470268,3,1,1990,0,0,0,0,0,0,0,0,0,0
470268,4,1,1990,0,0,0,0,0,0,0,0,0,0
470269,0,1,1990,0,0,0,0,0,0,0,0,0,0
470269,0,2,1990,0,0,0,0,15,0,0,10,0,0
470269,1,1,1990,0,0,0,0,0,0,0,0,0,0
470270,1,1,1990,0,0,0,0,0,0,0,0,0,0
470271,1,1,1990,0,0,0,0,0,0,0,0,0,0
470271,2,1,1990,0,0,0,0,0,0,0,0,0,0
470272,1,1,1990,19,19,19,19,19,19,19,19,19,19
470273,1,1,1990,21,21,21,21,21,21,21,21,21,21
470274,1,1,1990,16,18,28,30,26,22,35,12,21,25
470275,1,1,1990,0,0,0,0,0,0,0,0,0,0
470275,2,1,1990,0,0,0,0,0,0,0,0,0,0
470276,1,1,1990,0,0,0,0,0,0,0,0,0,0
470276,2,1,1990,0,0,0,0,0,0,0,0,0,0
470277,1,1,1990,0,0,0,0,0,0,0,0,0,0
470277,2,1,1990,0,16,0,0,0,0,0,0,0,0
470277,3,1,1990,0,0,0,0,0,0,0,0,0,0
470278,1,1,1990,15,15,15,15,15,15,15,15,15,15
470278,2,1,1990,0,0,0,0,0,0,0,0,0,0
470279,1,1,1990,0,0,0,0,0,0,0,0,0,0
470280,1,1,1990,0,0,0,0,0,0,0,0,0,0
470280,2,1,1990,0,0,0,0,0,0,0,0,0,0
470281,1,1,1990,0,0,0,0,0,0,0,0,0,0
470281,2,1,1990,0,0,0,0,0,0,0,0,0,0
470282,1,1,1990,20,20,20,20,20,20,20,20,20,20
470283,1,1,1990,0,0,0,9,0,0,0,0,0,0
470283,2,1,1990,0,0,0,0,0,0,0,0,0,0
470284,1,1,1990,19,19,19,19,19,19,19,19,19,19
470285,1,1,1990,0,0,0,0,0,0,0,0,0,0
470286,1,1,1990,0,0,0,0,0,0,0,0,0,0
470286,2,1,1990,0,0,0,0,0,0,0,0,0,0
470287,1,1,1990,23,26,30,28,15,19,0,23,8,30
470287,2,1,1990,0,0,0,0,0,0,0,0,0,0
470288,1,1,1990,0,0,0,0,0,0,0,0,0,0
470289,1,1,1990,0,0,0,0,0,0,0,0,0,0
470289,2,1,1990,0,0,0,0,0,0,0,0,0,0
470290,1,1,1990,0,0,0,0,0,0,0,0,0,0
470290,2,1,1990,0,0,0,0,0,0,0,0,0,0
470290,3,1,1990,0,0,0,0,0,0,0,0,0,0
470291,1,1,1990,14,14,14,14,14,14,14,14,14,14
470292,1,1,1990,27,27,27,27,27,27,27,27,27,27
470293,1,1,1990,15,15,15,15,15,15,15,15,15,15
470294,1,1,1990,0,0,0,0,0,0,0,0,0,0
470294,2,1,1990,0,0,0,0,0,0,0,0,0,0
470295,1,1,1990,0,0,0,0,0,0,0,0,0,0
470295,2,1,1990,7,29,25,17,26,17,15,20,9,6
470296,1,1,1990,11,11,11,11,11,11,11,11,11,11
470296,2,1,1990,0,0,0,0,0,0,0,0,0,0
470297,1,1,1990,5,5,5,5,5,5,5,5,5,5
470298,1,1,1990,0,12,0,0,7,0,0,22,13,9
470300,1,1,1990,0,0,0,0,0,0,0,0,0,0
470300,2,1,1990,0,0,0,0,0,0,0,0,0,0
470301,1,1,1990,0,0,0,0,0,0,0,0,0,0
470301,2,1,1990,21,21,21,21,21,21,21,21,21,21
470302,0,1,1990,0,0,0,0,0,0,0,0,0,0
470302,1,1,1990,0,0,0,0,0,0,0,0,0,0
470303,1,1,1990,0,0,0,0,0,0,0,0,0,0
470303,2,1,1990,0,0,0,0,0,0,0,0,0,0
470303,3,1,1990,0,0,0,0,0,0,0,0,0,0
470303,4,1,1990,0,0,0,0,0,0,0,0,0,0
470303,5,1,1990,0,0,0,0,0,0,0,0,0,0
470304,1,1,1990,0,0,0,0,0,0,0,0,0,0
470305,1,1,1990,29,29,29,29,29,29,29,29,29,29
470306,0,1,1990,0,0,0,0,0,0,0,0,0,0
470306,1,1,1990,0,0,0,0,0,0,0,0,0,0
470307,1,1,1990,14,14,14,14,14,14,14,14,14,14
470307,2,1,1990,0,0,0,0,0,0,0,0,0,0
470308,1,1,1990,14,14,14,14,14,14,14,14,14,14
470309,1,1,1990,31,31,31,31,31,31,31,31,31,31
470310,1,1,1990,0,0,0,0,0,0,0,0,0,0
470311,1,1,1990,35,35,35,35,35,35,35,35,35,35
470311,2,1,1990,4,11,0,12,9,14,18,13,17,11
470312,1,1,1990,17,6,0,16,11,19,19,6,0,0
470313,1,1,1990,0,0,0,0,0,0,0,0,0,0
470313,2,1,1990,0,0,0,0,0,0,0,0,0,0
470315,1,1,1990,10,10,10,10,10,10,10,10,10,10
470315,2,1,1990,0,0,0,0,0,0,0,0,0,0
470316,1,1,1990,0,0,0,0,0,0,0,0,0,0
470317,1,1,1990,16,16,16,16,16,16,16,16,16,16
470318,1,1,1990,26,12,9,0,13,15,16,3,0,0
470319,1,1,1990,0,0,0,0,0,0,0,0,0,0
470319,2,1,1990,0,0,0,0,0,0,0,0,0,0
470320,1,1,1990,11,11,11,11,11,11,11,11,11,11
470321,1,1,1990,0,0,0,0,0,0,0,0,0,0
470321,2,1,1990,29,29,29,29,29,29,29,29,29,29
470323,1,1,1990,0,0,0,0,0,0,0,0,0,0
470323,2,1,1990,0,0,0,0,0,0,0,0,0,0
470324,1,1,1990,25,25,25,25,25,25,25,25,25,25
470324,2,1,1990,0,0,0,0,0,0,0,0,0,0
470325,1,1,1990,38,38,38,38,38,38,38,38,38,38
470326,1,1,1990,7,7,7,7,7,7,7,7,7,7
470327,1,1,1990,22,22,22,22,22,22,22,22,22,22
470328,1,1,1990,23,23,23,23,23,23,23,23,23,23
470329,1,1,1990,12,0,19,0,0,0,6,0,0,0
470329,2,1,1990,0,0,0,0,0,0,0,0,0,0
470330,0,1,1990,0,0,0,0,0,0,0,0,0,0
470330,1,1,1990,0,0,0,0,0,0,0,0,0,0
470331,1,1,1990,29,29,29,29,29,29,29,29,29,29
470332,1,1,1990,10,25,13,0,41,23,7,29,9,7
470334,1,1,1990,19,19,19,19,19,19,19,19,19,19
470334,2,1,1990,0,0,0,0,0,0,0,0,0,0
470335,1,1,1990,0,0,0,0,0,0,0,0,0,0
470335,2,1,1990,0,0,0,0,0,0,0,0,0,0
470336,0,1,1990,0,0,0,0,0,0,0,0,0,0
470336,1,1,1990,0,0,0,0,0,0,0,0,0,0
470337,1,1,1990,15,15,15,15,15,15,15,15,15,15
470338,1,2,1990,10,10,10,10,10,10,10,10,10,10
470339,1,1,1990,23,23,23,23,23,23,23,23,23,23
470340,1,1,1990,0,0,0,0,0,0,0,0,0,0
470340,2,1,1990,0,0,0,0,0,0,0,0,0,0
470341,1,1,1990,0,0,0,0,0,0,0,0,0,0
470342,1,1,1990,0,0,0,0,0,0,0,0,0,0
470342,2,1,1990,0,0,0,0,0,11,0,0,0,0
470343,1,1,1990,3,3,3,3,3,3,3,3,3,3
470343,2,1,1990,0,0,0,0,0,0,0,0,0,0
470344,1,1,1990,0,0,0,0,0,0,0,0,0,0
470344,2,1,1990,0,0,0,0,0,0,0,0,0,0
470345,1,1,1990,15,15,15,15,15,15,15,15,15,15
470346,1,1,1990,0,0,0,0,0,0,0,0,0,0
470346,2,1,1990,0,0,0,0,0,0,0,0,0,0
470347,1,1,1990,0,0,0,0,0,0,0,0,0,0
470347,2,1,1990,2,2,2,2,2,2,2,2,2,2
470350,1,1,1990,24,8,21,17,13,24,13,13,18,21
470352,1,1,1990,14,14,14,14,14,14,14,14,14,14
470353,1,1,1990,26,0,13,20,0,0,13,23,22,32
470354,0,1,1990,33,33,33,33,33,33,33,33,33,33
470354,1,1,1990,27,14,0,0,0,0,20,25,5,0
470355,1,1,1990,0,0,0,0,0,0,0,0,0,0
470355,2,1,1990,0,0,0,0,0,0,0,0,0,0
470356,1,1,1990,0,12,39,0,0,36,11,21,0,11
470357,1,1,1990,0,0,0,0,0,0,0,0,0,0
470357,2,1,1990,15,15,15,15,15,15,15,15,15,15
470359,1,1,1990,20,20,20,20,20,20,20,20,20,20
470360,1,1,1990,0,7,15,15,0,11,13,17,10,16
470360,2,1,1990,0,0,0,0,0,0,0,0,0,0
470361,0,1,1990,20,20,20,20,20,20,20,20,20,20
470361,1,1,1990,0,0,0,7,0,0,0,29,0,0
470362,1,1,1990,30,30,30,30,30,30,30,30,30,30
470362,2,1,1990,0,0,0,0,0,0,0,0,0,0
470363,1,1,1990,4,4,4,4,4,4,4,4,4,4
470364,1,1,1990,0,0,0,0,0,0,0,0,0,0
470364,2,1,1990,0,0,0,0,0,0,0,0,0,0
470365,1,1,1990,18,18,18,18,18,18,18,18,18,18
470366,1,1,1990,0,0,0,11,11,0,0,0,0,0
470367,1,1,1990,0,0,0,0,0,0,0,0,0,0
470367,2,1,1990,0,0,0,0,0,0,0,0,0,0
470367,3,1,1990,0,0,0,0,0,0,0,0,0,0
470368,1,1,1990,0,0,0,0,0,0,0,0,0,0
470368,2,1,1990,0,0,0,0,0,0,0,0,0,0
470369,1,1,1990,0,0,0,0,0,0,0,0,0,0
470369,2,1,1990,1,1,1,1,1,1,1,1,1,1
470370,1,1,1990,0,0,0,0,0,0,0,0,0,0
470371,0,1,1990,0,0,0,0,0,0,0,0,0,0
470371,1,1,1990,0,0,0,0,0,0,0,0,0,0
470372,1,1,1990,0,0,0,0,0,0,0,0,0,0
470372,2,1,1990,1,1,1,1,1,1,1,1,1,1
470373,1,1,1990,19,44,16,26,22,10,4,19,7,26
470374,1,1,1990,0,0,0,0,0,0,0,0,0,0
470374,2,1,1990,0,0,0,0,0,0,0,0,0,0
470375,1,1,1990,0,0,0,0,16,0,0,0,0,0
470375,2,1,1990,0,19,11,0,0,0,13,0,0,0
470376,1,1,1990,0,0,0,0,0,0,0,0,0,0
470376,2,1,1990,0,0,0,0,0,0,0,0,0,0
470376,3,1,1990,0,0,0,0,0,0,0,0,0,0
470376,4,1,1990,0,0,0,0,0,0,0,0,0,0
470377,1,1,1990,9,9,9,9,9,9,9,9,9,9
470378,1,1,1990,0,0,0,0,0,0,0,0,0,0
470378,2,1,1990,0,0,0,0,0,0,0,0,0,0
470379,1,1,1990,17,17,17,17,17,17,17,17,17,17
470380,1,1,1990,35,35,35,35,35,35,35,35,35,35
470381,1,1,1990,0,0,0,0,0,0,0,0,0,0
470381,2,1,1990,19,19,19,19,19,19,19,19,19,19
470382,1,1,1990,0,0,0,0,0,0,0,0,0,0
470382,2,1,1990,0,0,0,0,0,0,0,0,0,0
470383,1,1,1990,0,0,0,0,0,0,0,0,0,0
470383,2,1,1990,10,10,10,10,10,10,10,10,10,10
470384,0,1,1990,0,0,0,0,0,0,0,0,0,0
470384,1,1,1990,0,0,0,0,0,0,0,0,0,0
470385,1,1,1990,0,0,0,0,0,0,0,0,0,0
470386,0,1,1990,0,0,0,0,0,0,0,0,0,0
470386,1,1,1990,0,0,0,0,0,0,0,0,0,0
470388,1,1,1990,0,0,0,0,0,0,0,0,0,0
470388,2,1,1990,30,30,30,30,30,30,30,30,30,30
470389,1,1,1990,0,0,0,0,0,0,0,0,0,0
470390,1,1,1990,26,26,26,26,26,26,26,26,26,26
470391,1,1,1990,0,0,0,0,0,0,0,0,0,0
470391,2,1,1990,0,0,0,0,0,0,0,0,0,0
470392,1,1,1990,0,6,0,0,0,0,0,0,0,0
470393,1,1,1990,13,15,34,19,26,27,26,12,24,0
470393,2,1,1990,0,0,0,0,0,0,0,0,0,0
470394,1,1,1990,0,0,0,0,0,0,0,0,0,0
470395,1,1,1990,27,27,27,27,27,27,27,27,27,27
470396,1,1,1990,18,18,18,18,18,18,18,18,18,18
470396,2,1,1990,0,0,0,0,0,0,0,0,0,0
470397,1,1,1990,0,0,0,0,0,0,0,0,0,0
470397,2,1,1990,6,0,0,0,0,0,0,0,0,0
470398,1,1,1990,0,0,0,0,0,0,0,0,0,0
470398,2,1,1990,0,0,0,0,0,0,0,0,0,0
470399,1,1,1990,0,0,0,7,10,0,0,0,0,0
470400,1,1,1990,0,0,0,0,0,0,0,0,0,0
470400,2,1,1990,0,0,0,0,0,0,0,0,0,0
470401,1,1,1990,0,0,0,0,0,0,0,0,0,0
470401,2,1,1990,0,0,0,0,0,0,0,0,0,0
470402,1,1,1990,0,0,0,0,0,0,0,0,0,0
470402,2,1,1990,0,0,0,0,0,0,0,0,0,0
470402,3,1,1990,0,0,0,0,0,0,0,0,0,0
470403,1,1,1990,9,9,9,9,9,9,9,9,9,9
470404,1,1,1990,2,2,2,2,2,2,2,2,2,2
470405,1,1,1990,0,0,0,0,0,0,0,0,0,0
470406,1,1,1990,0,17,0,0,0,0,0,0,0,0
470407,0,1,1990,8,0,18,0,0,0,0,0,0,0
470407,1,1,1990,18,18,18,18,18,18,18,18,18,18
470407,2,1,1990,0,0,0,0,0,0,0,0,0,0
470408,1,1,1990,18,18,18,18,18,18,18,18,18,18
470409,1,1,1990,0,0,0,0,0,0,0,0,0,0
470409,2,1,1990,9,7,0,0,0,0,0,0,0,0
470410,1,1,1990,6,6,6,6,6,6,6,6,6,6
470412,1,1,1990,35,35,35,35,35,35,35,35,35,35
470412,2,1,1990,22,22,22,22,22,22,22,22,22,22
470412,3,1,1990,0,0,0,0,0,0,0,0,0,0
470413,1,1,1990,37,37,37,37,37,37,37,37,37,37
470414,1,1,1990,12,12,12,12,12,12,12,12,12,12
470415,1,1,1990,0,0,0,0,0,0,0,0,0,0
470415,2,1,1990,0,0,0,0,0,0,0,5,0,6
470416,1,1,1990,15,15,15,15,15,15,15,15,15,15
470416,2,1,1990,0,0,0,0,0,0,0,0,0,0
470417,1,1,1990,0,0,0,0,0,0,0,12,0,5
470418,0,1,1990,0,0,0,0,0,0,0,0,0,0
470418,1,1,1990,0,0,0,0,0,0,0,0,0,0
470419,0,1,1990,0,0,0,0,0,0,0,0,0,0
470419,1,1,1990,0,0,0,0,0,0,0,0,0,0
470420,1,1,1990,0,0,0,0,0,0,0,0,0,0
470421,1,1,1990,0,0,0,0,0,0,0,0,0,0
470421,2,1,1990,0,0,0,0,0,0,0,0,0,0
470422,1,1,1990,13,13,13,13,13,13,13,13,13,13
470423,1,1,1990,0,0,0,22,0,0,0,0,5,0
470423,2,1,1990,0,0,0,0,0,0,0,0,0,0
470423,3,1,1990,0,0,0,0,0,0,0,0,15,0
470424,1,1,1990,21,21,21,21,21,21,21,21,21,21
470425,1,1,1990,8,8,8,8,8,8,8,8,8,8
470426,1,1,1990,29,16,26,27,21,27,21,26,8,23
470427,1,1,1990,0,0,0,0,0,0,0,0,0,0
470428,1,1,1990,0,0,20,28,13,0,9,0,0,10
470429,1,1,1990,0,0,0,0,0,0,0,0,0,0
470429,2,1,1990,0,0,0,0,0,0,0,0,0,0
470430,1,1,1990,12,12,12,12,12,12,12,12,12,12
470431,1,1,1990,11,11,11,11,11,11,11,11,11,11
470432,1,1,1990,0,0,0,0,0,0,0,0,0,0
470432,2,1,1990,0,0,0,0,0,0,0,0,0,0
470433,1,1,1990,0,0,0,0,0,0,0,0,0,0
470433,2,1,1990,0,0,0,0,0,0,0,0,0,0
470434,1,1,1990,0,0,0,0,0,0,0,0,0,0
470434,2,1,1990,0,0,0,0,0,0,0,0,0,0
470435,0,1,1990,0,0,0,0,0,0,0,0,0,0
470435,1,1,1990,0,0,0,0,0,0,0,0,0,0
470436,1,1,1990,5,5,5,5,5,5,5,5,5,5
470436,2,1,1990,0,0,0,0,0,0,0,0,0,0
470437,1,1,1990,0,0,0,5,0,35,0,14,0,0
470437,2,1,1990,0,0,14,10,11,0,0,0,0,0
470438,1,1,1990,6,6,6,6,6,6,6,6,6,6
470438,2,1,1990,10,10,10,10,10,10,10,10,10,10
470439,0,1,1990,36,18,17,29,22,18,0,10,36,21
470439,1,1,1990,0,0,0,0,0,0,0,0,0,0
470440,0,1,1990,0,0,0,0,0,0,0,0,0,0
470440,1,1,1990,0,0,0,0,0,0,0,0,0,0
470441,1,1,1990,14,15,0,0,0,0,6,0,0,5
470442,1,1,1990,0,0,0,0,0,0,0,0,0,0
470443,1,1,1990,14,14,14,14,14,14,14,14,14,14
470444,1,1,1990,0,0,0,0,0,0,0,0,0,0
470444,2,1,1990,34,34,34,34,34,34,34,34,34,34
470445,1,1,1990,0,0,0,0,0,0,0,0,0,0
470445,2,1,1990,0,0,0,0,0,0,0,0,0,0
470446,1,1,1990,0,0,0,0,0,0,0,0,0,0
470446,2,1,1990,0,0,0,0,0,0,0,0,0,0
470447,1,1,1990,0,0,0,0,0,0,0,0,0,0
470447,2,1,1990,0,21,17,0,0,0,0,0,0,0
470448,1,1,1990,20,20,20,20,20,20,20,20,20,20
470449,0,1,1990,14,3,0,0,0,9,24,33,16,0
470449,1,1,1990,0,0,0,0,0,0,0,0,0,21
470450,1,1,1990,0,0,0,0,0,0,12,0,0,0
470451,0,1,1990,0,0,0,0,0,0,0,0,0,0
470451,1,1,1990,0,21,0,0,0,0,0,0,0,0
470452,1,1,1990,7,7,7,7,7,7,7,7,7,7
470452,2,1,1990,0,0,0,0,0,0,0,0,0,0
470453,1,1,1990,0,0,0,0,0,0,0,0,0,0
470454,1,1,1990,19,19,19,19,19,19,19,19,19,19
470455,1,1,1990,20,0,0,0,0,0,0,0,0,0
470456,1,1,1990,17,17,17,17,17,17,17,17,17,17
470457,1,1,1990,27,27,27,27,27,27,27,27,27,27
470458,0,1,1990,32,32,32,32,32,32,32,32,32,32
470458,1,1,1990,0,0,0,0,0,0,0,0,0,0
470460,1,1,1990,1,1,1,1,1,1,1,1,1,1
470461,1,1,1990,26,26,26,26,26,26,26,26,26,26
470462,1,1,1990,0,0,0,0,0,0,0,0,0,0
470462,2,1,1990,0,0,0,9,0,0,0,0,0,0
470463,1,1,1990,33,33,33,33,33,33,33,33,33,33
470463,2,1,1990,0,0,0,0,0,0,0,0,0,0
470464,1,1,1990,14,14,14,14,14,14,14,14,14,14
470465,0,1,1990,0,0,0,0,0,0,0,0,0,0
470465,1,1,1990,13,0,0,0,0,0,0,0,0,14
470466,1,1,1990,0,0,0,0,0,0,0,0,0,0
470467,1,1,1990,0,0,0,0,0,0,0,0,0,0
470467,2,1,1990,0,0,0,0,0,0,0,0,0,0
470468,1,1,1990,26,26,26,26,26,26,26,26,26,26
470469,1,1,1990,0,24,11,0,0,10,0,15,0,0
470470,1,1,1990,0,28,0,0,0,0,0,0,12,0
470470,2,1,1990,0,0,0,0,0,0,0,0,0,0
470471,1,1,1990,15,15,15,15,15,15,15,15,15,15
470472,1,1,1990,30,0,16,0,0,0,0,0,0,0
470472,2,1,1990,20,0,0,0,0,0,0,0,0,0
470473,1,1,1990,10,28,0,18,23,13,24,9,21,12
470473,2,1,1990,0,0,0,0,0,0,0,0,0,0
470474,1,1,1990,0,0,0,0,0,4,0,0,0,0
470474,2,1,1990,0,0,0,0,0,0,0,0,0,0
470475,0,1,1990,0,0,0,0,0,0,0,0,0,0
470475,1,1,1990,0,0,0,0,0,0,0,0,0,0
470476,1,1,1990,0,0,0,0,0,0,0,0,0,0
470476,2,1,1990,0,0,0,0,0,0,0,0,0,0
470477,1,1,1990,0,0,0,0,0,0,0,0,0,0
470477,2,1,1990,0,0,0,0,0,0,0,0,0,0
470478,1,1,1990,0,0,0,0,0,0,0,0,10,0
470478,2,1,1990,0,0,0,0,0,4,20,0,0,0
470479,1,1,1990,0,0,0,0,0,0,0,0,0,0
470480,1,1,1990,0,0,0,0,0,0,0,0,0,0
470480,2,1,1990,1,1,1,1,1,1,1,1,1,1
470481,0,1,1990,23,23,23,23,23,23,23,23,23,23
470481,1,1,1990,10,10,10,10,10,10,10,10,10,10
470482,1,1,1990,35,35,35,35,35,35,35,35,35,35
470483,1,1,1990,0,0,0,0,0,0,0,0,21,8
470484,1,1,1990,0,0,0,0,0,0,0,0,0,0
470484,2,1,1990,0,0,0,0,0,0,0,0,0,0
470485,1,1,1990,0,0,0,0,0,0,0,0,0,0
470486,1,1,1990,80,80,80,80,80,80,80,80,80,80
470487,1,1,1990,0,0,0,0,0,0,0,0,0,0
470487,2,1,1990,0,0,0,0,0,0,0,0,0,0
470489,1,1,1990,6,6,6,6,6,6,6,6,6,6
470490,1,1,1990,14,14,14,14,14,14,14,14,14,14
470491,1,1,1990,0,0,0,0,0,0,0,0,0,0
470491,2,1,1990,0,0,0,0,0,0,0,0,0,0
470492,0,1,1990,0,0,0,0,0,0,0,0,0,0
470492,1,1,1990,0,20,0,11,0,15,0,0,0,0