ST_CASE,VEH_NO,PER_NO,YEAR,P1,P2,P3,P4,P5,P6,P7,P8,P9,P10
470493,1,1,1990,21,24,25,10,24,0,27,12,11,16
470494,1,1,1990,0,0,0,4,0,0,0,0,0,0
470496,1,1,1990,21,0,4,14,8,27,16,22,0,0
470496,2,1,1990,6,6,6,6,6,6,6,6,6,6
470497,1,1,1990,25,25,25,25,25,25,25,25,25,25
470498,1,1,1990,0,0,5,0,0,0,0,12,0,0
470498,2,1,1990,14,14,14,14,14,14,14,14,14,14
470499,1,1,1990,0,0,0,0,0,0,0,0,0,0
470499,2,1,1990,0,0,7,0,0,0,0,0,0,0
470500,1,1,1990,0,0,0,0,0,0,0,0,0,0
470501,1,1,1990,0,0,0,0,0,0,0,0,0,0
470501,2,1,1990,0,0,0,0,0,0,0,0,0,21
470504,1,1,1990,19,19,19,19,19,19,19,19,19,19
470505,1,1,1990,8,8,8,8,8,8,8,8,8,8
470506,1,1,1990,0,0,0,0,0,0,0,0,0,0
470506,2,1,1990,0,0,0,0,0,0,0,0,0,0
470507,1,1,1990,16,16,16,16,16,16,16,16,16,16
470508,1,1,1990,0,0,0,0,0,0,0,0,0,0
470508,2,1,1990,0,0,0,0,0,0,0,0,0,0
470510,1,1,1990,0,0,0,0,0,0,0,0,0,0
470511,1,1,1990,0,0,0,0,0,0,0,0,0,0
470511,2,1,1990,0,0,0,0,0,0,0,0,0,0
470512,1,1,1990,0,0,0,0,0,0,0,0,0,0
470513,1,1,1990,21,0,0,25,0,0,0,0,0,0
470514,1,1,1990,0,11,0,0,0,0,0,1,11,0
470514,2,1,1990,0,0,0,0,0,0,0,0,0,0
470514,3,1,1990,0,0,0,0,0,0,0,0,0,0
470514,4,1,1990,0,0,0,0,0,0,0,0,0,0
470514,5,1,1990,0,0,0,0,0,0,0,0,0,0
470514,6,1,1990,0,0,0,0,0,0,0,0,0,0
470514,7,1,1990,0,0,0,0,0,4,0,0,0,0
470515,1,1,1990,10,0,18,0,0,17,0,14,22,13
470516,1,1,1990,17,17,17,17,17,17,17,17,17,17
470516,2,1,1990,0,0,0,0,0,0,0,0,14,0
470517,1,1,1990,0,0,0,0,0,0,0,0,0,0
470518,1,1,1990,0,0,0,0,0,0,0,0,0,0
470519,1,1,1990,25,25,25,25,25,25,25,25,25,25
470520,1,1,1990,25,25,25,25,25,25,25,25,25,25
470521,1,1,1990,5,5,5,5,5,5,5,5,5,5
470521,2,1,1990,0,0,0,0,0,0,0,0,0,0
470522,1,1,1990,0,0,0,0,0,0,0,0,0,0
470522,2,1,1990,0,0,0,0,0,0,0,0,0,0
470523,1,1,1990,0,0,0,0,0,0,8,0,0,0
470523,2,1,1990,0,0,0,0,0,0,0,0,0,0
470524,1,1,1990,0,0,0,0,0,0,0,0,0,0
470525,1,1,1990,0,0,0,0,0,0,0,0,0,0
470525,2,1,1990,22,22,22,22,22,22,22,22,22,22
470526,1,1,1990,22,22,22,22,22,22,22,22,22,22
470527,1,1,1990,16,16,16,16,16,16,16,16,16,16
470528,1,1,1990,0,0,0,0,0,0,0,0,0,0
470529,1,1,1990,0,15,0,0,0,0,0,12,0,0
470530,1,1,1990,0,0,0,0,0,0,0,0,0,0
470530,2,1,1990,24,24,24,24,24,24,24,24,24,24
470531,1,1,1990,0,0,0,0,0,0,0,0,0,0
470531,2,1,1990,0,0,0,0,0,0,0,0,0,0
470532,1,1,1990,0,0,0,0,0,0,0,0,0,0
470532,2,1,1990,0,0,0,0,0,0,0,0,0,0
470533,1,1,1990,19,23,7,33,15,9,9,11,30,3
470535,1,1,1990,0,0,0,0,0,0,0,0,0,0
470536,1,1,1990,0,0,0,0,0,0,0,0,0,0
470537,1,1,1990,10,10,10,10,10,10,10,10,10,10
470538,1,1,1990,16,16,16,16,16,16,16,16,16,16
470539,1,1,1990,0,0,0,0,0,0,0,0,0,0
470540,1,1,1990,0,0,0,0,0,0,0,0,0,0
470541,1,1,1990,20,0,0,16,6,11,12,0,6,0
470542,1,1,1990,0,0,0,0,0,0,0,0,0,0
470542,2,1,1990,0,0,0,0,0,0,0,0,0,0
470544,0,1,1990,1,1,1,1,1,1,1,1,1,1
470544,2,1,1990,17,17,17,17,17,17,17,17,17,17
470545,1,1,1990,0,0,0,0,0,0,0,0,0,0
470545,2,1,1990,0,0,0,0,0,0,0,0,0,0
470546,1,1,1990,0,0,0,0,0,0,0,0,0,0
470547,1,1,1990,0,0,0,0,0,0,0,0,0,0
470547,2,1,1990,0,0,0,0,0,0,0,0,0,0
470548,0,1,1990,25,25,25,25,25,25,25,25,25,25
470548,1,1,1990,0,0,0,0,0,0,0,0,0,0
470551,1,1,1990,0,0,0,0,0,0,0,0,0,0
470552,1,1,1990,0,0,0,0,0,0,0,0,0,0
470552,2,1,1990,0,0,0,0,0,0,0,0,0,0
470553,1,1,1990,0,0,0,0,0,15,12,0,0,0
470553,2,1,1990,0,0,0,0,0,0,0,0,0,0
470553,3,1,1990,29,29,29,29,29,29,29,29,29,29
470553,4,1,1990,0,0,15,0,0,0,13,0,0,0
470554,1,1,1990,0,0,0,0,0,0,0,0,0,0
470555,1,1,1990,4,4,4,4,4,4,4,4,4,4
470555,2,1,1990,15,20,16,12,10,10,5,23,13,8
470556,1,1,1990,0,0,0,0,9,0,0,10,0,0
470556,2,1,1990,27,27,27,27,27,27,27,27,27,27
470557,0,1,1990,0,0,0,0,0,0,0,0,0,0
470557,1,1,1990,0,0,0,21,0,0,0,11,0,0
470558,1,1,1990,0,0,0,0,0,0,0,0,0,0
470558,2,1,1990,0,0,0,0,0,0,0,0,0,0
470559,1,1,1990,0,0,0,0,0,0,0,0,0,0
470560,1,1,1990,17,17,17,17,17,17,17,17,17,17
470561,1,1,1990,22,22,22,22,22,22,22,22,22,22
470562,1,1,1990,0,0,0,0,0,0,7,0,0,0
470563,1,1,1990,3,3,3,3,3,3,3,3,3,3
470564,1,1,1990,2,21,17,33,45,18,26,0,18,13
470565,1,1,1990,0,0,0,0,0,0,0,0,0,0
470565,2,1,1990,0,0,0,0,0,0,0,0,0,0
470566,1,1,1990,0,0,0,0,0,0,0,0,0,0
470566,2,1,1990,0,0,0,0,0,0,0,0,0,0
470567,1,1,1990,0,0,0,0,0,0,0,0,0,0
470567,2,1,1990,0,0,0,0,0,0,0,0,0,0
470569,1,1,1990,20,20,20,20,20,20,20,20,20,20
470569,2,1,1990,0,0,0,0,0,0,0,0,0,0
470570,0,1,1990,29,29,29,29,29,29,29,29,29,29
470570,1,1,1990,0,0,0,0,0,0,0,0,0,12
470571,1,1,1990,0,0,0,0,0,0,0,0,0,0
470573,1,1,1990,32,32,32,32,32,32,32,32,32,32
470574,0,1,1990,0,0,0,0,0,0,0,0,0,0
470574,1,1,1990,0,0,0,0,0,0,0,0,0,0
470575,1,1,1990,0,0,0,0,0,0,0,0,0,0
470575,2,1,1990,0,0,0,0,0,0,0,0,0,0
470576,1,1,1990,10,10,10,10,10,10,10,10,10,10
470576,2,1,1990,0,17,0,19,15,0,12,0,12,0
470577,1,1,1990,0,0,0,0,0,0,0,0,0,0
470577,2,1,1990,0,0,0,0,0,0,0,0,0,0
470579,1,1,1990,22,22,22,22,22,22,22,22,22,22
470580,0,1,1990,32,27,17,0,15,38,3,28,21,13
470580,1,1,1990,0,0,0,0,0,0,0,0,0,0
470581,1,1,1990,16,16,16,16,16,16,16,16,16,16
470582,1,1,1990,26,26,26,26,26,26,26,26,26,26
470583,1,1,1990,0,0,0,0,0,0,0,0,0,0
470584,1,1,1990,0,0,0,0,0,0,0,0,0,0
470584,2,1,1990,0,0,0,0,0,0,0,0,0,0
470585,1,1,1990,0,0,0,0,0,0,0,0,0,0
470585,2,1,1990,0,0,0,0,0,0,13,0,0,0
470586,1,1,1990,0,0,16,0,16,0,0,0,30,28
470586,2,1,1990,0,0,0,0,0,12,0,0,0,0
470586,3,1,1990,0,0,0,0,0,0,0,0,0,0
470587,1,1,1990,12,12,12,12,12,12,12,12,12,12
470588,1,1,1990,24,24,24,24,24,24,24,24,24,24
470589,1,1,1990,0,0,0,0,0,0,0,0,0,0
470589,2,1,1990,0,0,0,0,0,0,0,0,0,0
470589,3,1,1990,1,1,1,1,1,1,1,1,1,1
470589,4,1,1990,0,0,0,0,0,0,0,0,0,0
470589,5,1,1990,0,0,0,0,0,0,0,0,0,0
470589,6,1,1990,23,0,0,0,0,0,0,0,0,0
470589,7,1,1990,0,0,0,0,0,0,0,0,0,0
470589,8,1,1990,0,0,0,0,0,0,0,0,0,0
470589,9,1,1990,0,0,0,0,0,0,0,0,0,0
470590,1,1,1990,0,0,0,0,0,0,0,0,0,0
470590,2,1,1990,0,8,0,0,0,0,0,0,0,0
470591,1,1,1990,0,0,0,0,0,0,0,0,0,0
470591,2,1,1990,0,0,0,0,0,0,0,0,0,0
470592,1,1,1990,21,21,21,21,21,21,21,21,21,21
470593,1,1,1990,9,9,9,9,9,9,9,9,9,9
470594,1,1,1990,0,0,0,0,0,0,0,0,0,0
470595,1,1,1990,29,29,29,29,29,29,29,29,29,29
470595,2,1,1990,0,0,0,0,0,0,0,0,0,0
470596,1,1,1990,0,0,0,0,0,0,0,0,0,0
470597,1,1,1990,7,7,7,7,7,7,7,7,7,7
470598,1,1,1990,0,0,0,0,0,22,0,0,0,0
470598,2,1,1990,0,0,0,0,0,0,0,0,0,0
470599,1,1,1990,0,0,0,0,0,0,0,10,0,0
470599,2,1,1990,0,0,0,0,0,0,0,0,0,0
470600,1,1,1990,0,0,0,0,0,0,0,0,0,0
470601,1,1,1990,0,0,0,0,0,0,0,0,0,0
470602,1,1,1990,13,13,13,13,13,13,13,13,13,13
470603,1,1,1990,0,0,0,0,0,0,0,0,0,0
470604,1,1,1990,0,0,0,0,0,0,0,0,0,0
470604,2,1,1990,30,30,30,30,30,30,30,30,30,30
470606,1,1,1990,29,29,29,29,29,29,29,29,29,29
470607,1,1,1990,14,14,14,14,14,14,14,14,14,14
470608,1,1,1990,32,32,32,32,32,32,32,32,32,32
470609,0,1,1990,27,27,27,27,27,27,27,27,27,27
470609,1,1,1990,0,0,0,0,0,0,0,0,0,0
470610,1,1,1990,0,0,0,0,0,0,0,0,0,0
470610,2,1,1990,5,5,5,5,5,5,5,5,5,5
470612,1,1,1990,0,0,0,0,0,0,0,0,0,0
470612,2,1,1990,0,0,0,0,0,0,0,0,0,0
470613,1,1,1990,31,31,31,31,31,31,31,31,31,31
470613,2,1,1990,0,0,0,0,0,0,0,0,0,0
470614,1,1,1990,26,26,26,26,26,26,26,26,26,26
470615,1,1,1990,8,8,8,8,8,8,8,8,8,8
470616,1,1,1990,17,17,17,17,17,17,17,17,17,17
470617,1,1,1990,0,0,0,0,26,18,0,0,0,0
470617,2,1,1990,14,14,14,14,14,14,14,14,14,14
470618,1,1,1990,0,0,0,0,0,0,0,0,0,0
470618,2,1,1990,0,0,0,0,0,0,0,0,0,0
470618,3,1,1990,0,0,0,0,0,0,0,0,0,0
470619,1,1,1990,0,0,0,0,0,0,0,0,0,0
470619,2,1,1990,0,0,0,0,0,0,0,0,0,0
470619,3,1,1990,17,17,17,17,17,17,17,17,17,17
470620,1,1,1990,0,0,0,0,0,0,0,0,0,0
470620,2,1,1990,0,0,0,0,0,0,0,0,0,0
470621,1,1,1990,0,0,0,0,0,0,0,0,0,0
470622,1,1,1990,4,4,4,4,4,4,4,4,4,4
470623,1,1,1990,6,6,6,6,6,6,6,6,6,6
470624,1,1,1990,0,0,0,14,0,0,0,0,0,0
470625,0,1,1990,0,0,0,0,0,0,0,0,0,0
470625,1,1,1990,23,0,0,0,0,0,0,5,0,0
470626,1,1,1990,0,0,0,0,0,0,0,0,0,0
470627,0,1,1990,0,0,0,0,0,0,0,0,0,0
470627,1,1,1990,0,0,0,0,0,0,0,0,0,0
470628,1,1,1990,13,13,13,13,13,13,13,13,13,13
470630,1,1,1990,0,0,0,0,0,0,0,0,0,0
470630,2,1,1990,0,0,0,0,0,0,0,0,7,0
470630,3,1,1990,0,0,0,0,0,0,12,0,0,0
470631,1,1,1990,5,0,7,0,0,0,0,0,0,0
470631,2,1,1990,0,0,0,0,0,0,0,0,0,0
470632,1,1,1990,0,0,0,0,0,0,0,0,0,0
470632,2,1,1990,0,0,0,0,0,0,0,0,0,0
470633,1,1,1990,0,0,0,0,0,0,0,0,0,0
470634,1,1,1990,0,0,0,0,0,0,0,0,0,0
470634,2,1,1990,0,0,0,0,0,0,0,0,0,0
470635,1,1,1990,6,6,6,6,6,6,6,6,6,6
470636,1,1,1990,6,6,6,6,6,6,6,6,6,6
470637,0,1,1990,18,37,34,16,20,18,28,9,14,15
470637,1,1,1990,8,0,10,0,0,15,8,17,0,0
470637,2,1,1990,0,0,0,0,0,0,0,0,0,0
470637,3,1,1990,0,0,0,0,0,0,0,0,0,0
470638,1,1,1990,0,0,0,0,0,0,0,0,0,0
470639,1,1,1990,0,0,0,0,0,0,0,0,0,0
470640,1,1,1990,14,14,14,14,14,14,14,14,14,14
470641,1,1,1990,13,13,13,13,13,13,13,13,13,13
470642,1,1,1990,0,15,0,9,0,0,0,13,11,0
470643,1,1,1990,21,26,27,35,14,14,0,0,40,25
470644,1,1,1990,41,41,41,41,41,41,41,41,41,41
470645,1,1,1990,0,0,0,0,0,0,0,0,0,0
470645,2,1,1990,0,0,0,0,0,0,0,0,0,0
470646,1,1,1990,20,20,20,20,20,20,20,20,20,20
470647,1,1,1990,17,26,22,5,17,16,0,0,33,38
470647,2,1,1990,0,0,0,6,0,0,0,0,0,0
470648,1,1,1990,0,0,0,24,0,0,0,0,0,0
470649,1,1,1990,17,17,17,17,17,17,17,17,17,17
470650,1,1,1990,4,4,4,4,4,4,4,4,4,4
470650,2,1,1990,0,0,0,0,0,0,0,0,0,0
470651,1,1,1990,0,0,0,0,0,0,0,0,0,0
470651,2,1,1990,0,0,0,0,0,0,0,0,0,0
470651,3,1,1990,0,0,0,0,0,0,0,0,0,0
470652,1,1,1990,0,0,0,0,0,0,0,0,0,0
470653,1,1,1990,0,0,0,0,0,0,0,0,0,0
470654,1,1,1990,0,0,0,0,0,0,0,0,0,0
470654,2,1,1990,0,0,0,0,0,0,0,0,0,0
470655,1,1,1990,0,0,0,29,0,0,0,0,0,0
470655,2,1,1990,12,12,12,12,12,12,12,12,12,12
470656,1,1,1990,12,12,12,12,12,12,12,12,12,12
470657,1,1,1990,0,0,0,0,0,0,0,0,0,0
470657,2,1,1990,8,12,0,5,16,0,12,6,8,11
470658,1,1,1990,13,13,13,13,13,13,13,13,13,13
470659,1,1,1990,20,20,20,20,20,20,20,20,20,20
470659,2,1,1990,0,0,0,0,0,0,0,0,0,0
470660,1,1,1990,22,22,22,22,22,22,22,22,22,22
470661,1,1,1990,25,25,25,25,25,25,25,25,25,25
470663,0,1,1990,0,0,0,0,0,0,0,0,0,0
470663,1,1,1990,0,10,0,0,0,0,0,0,0,0
470664,1,1,1990,14,21,18,12,18,34,20,43,16,36
470665,1,1,1990,0,0,0,0,0,0,0,0,0,0
470665,2,1,1990,0,0,0,0,0,14,0,0,0,0
470666,1,1,1990,22,0,27,12,0,0,12,0,0,8
470667,1,1,1990,0,0,0,0,0,0,0,0,0,0
470667,2,1,1990,0,0,0,0,0,0,0,12,0,0
470667,3,1,1990,0,0,0,0,0,0,0,0,0,0
470668,1,1,1990,17,17,17,17,17,17,17,17,17,17
470669,1,1,1990,6,6,6,6,6,6,6,6,6,6
470669,2,1,1990,0,0,16,11,0,0,11,24,0,0
470670,1,1,1990,0,0,0,0,0,0,0,0,0,0
470670,2,1,1990,0,0,0,0,0,0,0,0,0,0
470671,1,1,1990,9,9,9,9,9,9,9,9,9,9
470671,2,1,1990,0,0,0,0,0,0,0,0,0,0
470672,1,1,1990,0,0,0,0,0,0,0,0,0,0
470672,2,1,1990,0,0,0,0,0,0,0,0,0,0
470673,0,1,1990,0,0,0,0,0,0,0,0,0,0
470673,1,1,1990,0,0,11,0,0,0,0,0,0,0
470674,1,1,1990,0,0,0,0,0,11,0,0,0,0
470674,2,1,1990,0,0,0,12,0,0,0,0,0,13
470676,1,1,1990,13,13,13,13,13,13,13,13,13,13
470678,0,1,1990,36,36,36,36,36,36,36,36,36,36
470678,1,1,1990,0,0,0,0,0,0,0,0,0,0
470679,1,1,1990,0,0,0,0,0,0,0,0,0,0
470679,2,1,1990,0,0,0,0,0,0,0,0,0,0
470680,1,1,1990,0,0,0,0,0,0,0,0,0,0
470681,1,1,1990,0,0,0,0,0,0,0,0,0,0
470681,2,1,1990,0,0,0,0,0,0,0,0,0,0
470682,1,1,1990,35,35,35,35,35,35,35,35,35,35
470682,2,1,1990,0,0,0,0,0,0,0,0,0,0
470683,1,1,1990,22,16,23,15,12,12,12,20,11,16
470684,0,1,1990,0,11,0,0,27,0,0,0,0,0
470684,0,2,1990,0,0,0,0,0,0,0,0,0,0
470684,1,1,1990,7,7,7,7,7,7,7,7,7,7
470686,1,1,1990,0,0,0,0,0,0,0,0,0,0
470687,1,1,1990,0,0,0,0,0,0,0,0,0,0
470687,2,1,1990,0,0,9,0,12,0,0,0,0,0
470688,1,1,1990,21,21,21,21,21,21,21,21,21,21
470689,1,1,1990,26,26,26,26,26,26,26,26,26,26
470690,1,1,1990,0,0,0,0,0,0,0,0,0,0
470691,1,1,1990,0,0,0,0,0,0,0,0,0,0
470691,2,1,1990,0,0,0,0,0,0,0,0,0,0
470691,3,1,1990,0,23,0,0,0,0,0,0,0,0
470692,1,1,1990,0,0,0,0,0,0,0,0,0,0
470692,2,1,1990,0,0,0,10,0,0,0,0,0,0
470693,1,1,1990,4,4,4,4,4,4,4,4,4,4
470694,1,1,1990,0,0,0,0,0,0,0,0,0,0
470695,1,1,1990,0,0,0,0,0,0,0,0,0,0
470695,2,1,1990,0,0,0,0,5,0,0,0,0,0
470696,1,1,1990,0,0,0,0,0,0,0,0,0,0
470697,1,1,1990,18,18,18,18,18,18,18,18,18,18
470698,1,1,1990,15,10,19,5,8,15,24,14,11,5
470699,1,1,1990,0,0,0,0,0,0,0,0,0,0
470699,2,1,1990,0,0,0,0,0,0,0,0,0,0
470700,1,1,1990,0,0,0,0,0,0,0,0,0,0
470701,1,1,1990,12,12,12,12,12,12,12,12,12,12
470702,1,1,1990,0,0,0,0,0,0,0,0,0,0
470702,2,1,1990,0,0,0,0,0,0,0,0,0,0
470703,1,1,1990,4,4,4,4,4,4,4,4,4,4
470704,1,1,1990,29,29,29,29,29,29,29,29,29,29
470705,0,1,1990,24,24,24,24,24,24,24,24,24,24
470705,1,1,1990,0,0,0,0,0,0,0,0,0,0
470706,0,1,1990,5,5,5,5,5,5,5,5,5,5
470706,1,1,1990,25,28,12,30,21,27,33,10,11,21
470707,1,1,1990,0,0,0,0,0,0,0,0,0,0
470707,2,1,1990,0,0,0,0,10,8,0,0,0,0
470708,1,1,1990,25,25,25,25,25,25,25,25,25,25
470709,1,1,1990,0,0,0,0,0,0,0,0,0,0
470709,2,1,1990,0,0,0,0,0,0,0,0,0,0
470710,1,1,1990,0,0,0,0,0,0,0,0,0,0
470710,2,1,1990,0,0,0,0,0,0,0,0,0,0
470711,0,1,1990,2,2,2,2,2,2,2,2,2,2
470711,1,1,1990,0,0,0,0,0,0,0,0,0,0
470712,0,1,1990,18,18,18,18,18,18,18,18,18,18
470712,1,1,1990,10,10,10,10,10,10,10,10,10,10
470713,1,1,1990,13,13,13,13,13,13,13,13,13,13
470714,1,1,1990,6,6,6,6,6,6,6,6,6,6
470714,2,1,1990,0,0,0,0,0,0,0,0,0,0
470714,3,1,1990,0,0,0,0,0,0,0,0,0,0
470715,1,1,1990,0,0,0,0,0,0,21,0,0,0
470715,2,1,1990,0,0,0,11,10,0,0,0,0,0
470716,1,1,1990,15,0,0,0,0,0,0,0,0,0
470716,2,1,1990,0,0,0,0,0,0,0,0,0,0
470717,1,1,1990,0,0,0,0,0,0,0,0,0,0
470717,2,1,1990,0,0,0,0,0,0,0,0,0,0
470718,0,1,1990,18,18,18,18,18,18,18,18,18,18
470718,1,1,1990,0,0,0,0,0,0,0,0,0,0
470719,1,1,1990,0,0,0,0,0,0,0,0,0,0
470719,2,1,1990,0,0,0,0,0,0,0,0,0,0
470719,3,1,1990,0,0,0,0,0,0,0,0,0,0
470720,1,1,1990,11,11,11,11,11,11,11,11,11,11
470721,1,1,1990,27,27,27,27,27,27,27,27,27,27
470722,1,1,1990,0,0,0,0,0,0,0,0,0,0
470722,2,1,1990,8,8,8,8,8,8,8,8,8,8
470723,1,1,1990,12,12,12,12,12,12,12,12,12,12
470724,0,1,1990,0,0,0,0,0,0,0,0,0,0
470724,1,1,1990,0,0,0,0,0,0,0,0,0,0
470725,1,1,1990,23,23,23,23,23,23,23,23,23,23
470726,1,1,1990,0,0,0,0,0,0,0,0,0,0
470726,2,1,1990,23,23,23,23,23,23,23,23,23,23
470726,3,1,1990,0,0,0,0,14,0,0,0,0,0
470727,1,1,1990,16,6,23,0,0,0,0,29,0,0
470728,1,1,1990,21,21,21,21,21,21,21,21,21,21
470729,1,1,1990,4,4,4,4,4,4,4,4,4,4
470730,1,1,1990,0,0,0,0,0,0,0,0,0,0
470731,1,1,1990,30,30,30,30,30,30,30,30,30,30
470732,1,1,1990,14,14,14,14,14,14,14,14,14,14
470733,1,1,1990,0,0,0,0,0,0,0,0,0,0
470733,2,1,1990,21,21,21,21,21,21,21,21,21,21
470734,1,1,1990,5,5,5,5,5,5,5,5,5,5
470734,2,1,1990,0,0,0,0,0,0,0,0,0,0
470735,1,1,1990,13,0,0,25,0,0,0,0,0,0
470736,1,1,1990,0,0,0,0,0,0,0,0,0,0
470736,2,1,1990,6,6,6,6,6,6,6,6,6,6
470737,1,1,1990,0,0,0,0,0,0,0,0,0,0
470737,2,1,1990,0,0,0,0,0,22,14,0,0,16
470737,3,1,1990,0,0,0,0,13,0,22,0,0,0
470738,1,1,1990,12,12,12,12,12,12,12,12,12,12
470738,2,1,1990,0,0,0,0,0,0,13,0,0,0
470739,1,1,1990,0,0,0,0,0,0,0,0,0,0
470739,2,1,1990,0,0,0,0,0,0,0,0,0,0
470740,1,1,1990,18,18,18,18,18,18,18,18,18,18
470741,1,1,1990,20,8,20,17,16,11,0,22,0,23
470741,2,1,1990,0,0,0,0,0,0,0,0,0,0
470742,1,1,1990,29,29,29,29,29,29,29,29,29,29
470743,1,1,1990,2,2,2,2,2,2,2,2,2,2
470744,1,1,1990,0,0,0,0,0,0,0,0,0,0
470744,2,1,1990,0,0,0,0,0,0,0,0,0,0
470745,1,1,1990,25,25,25,25,25,25,25,25,25,25
470746,1,1,1990,4,4,4,4,4,4,4,4,4,4
470748,1,1,1990,0,0,0,0,0,0,0,0,0,0
470748,2,1,1990,0,0,0,0,0,0,0,0,0,4
470748,3,1,1990,0,0,0,6,0,0,18,0,19,8
470748,4,1,1990,0,0,0,0,0,0,0,0,0,0
470749,1,1,1990,11,11,11,11,11,11,11,11,11,11
470750,1,1,1990,0,0,0,0,0,0,0,0,0,0
470751,1,1,1990,19,19,19,19,19,19,19,19,19,19
470752,1,1,1990,13,13,13,13,13,13,13,13,13,13
470753,1,1,1990,15,0,20,23,0,0,0,11,12,0
470754,0,1,1990,0,0,0,0,0,0,0,0,0,0
470754,1,1,1990,0,23,0,0,0,0,0,0,0,0
470754,2,1,1990,0,8,0,0,0,0,0,0,0,0
470755,1,1,1990,0,0,0,0,0,0,0,0,0,0
470756,1,1,1990,0,0,0,0,0,0,0,0,0,0
470756,2,1,1990,0,0,0,0,0,6,0,0,0,0
470757,1,1,1990,0,0,0,0,0,0,0,0,0,0
470758,1,1,1990,0,0,0,0,0,0,0,0,0,0
470758,2,1,1990,0,0,0,0,0,0,0,0,0,0
470758,3,1,1990,0,0,0,0,0,0,0,0,0,0
470759,1,1,1990,0,0,0,0,0,0,0,0,0,0
470760,1,1,1990,14,14,14,14,14,14,14,14,14,14
470761,1,1,1990,0,0,0,0,0,0,0,0,0,0
470761,2,1,1990,0,0,0,0,0,0,0,0,0,0
470762,1,1,1990,22,22,22,22,22,22,22,22,22,22
470762,2,1,1990,0,0,0,0,0,0,0,0,0,0
470763,1,1,1990,1,1,1,1,1,1,1,1,1,1
470764,1,1,1990,16,16,16,16,16,16,16,16,16,16
470764,2,1,1990,0,0,0,0,0,0,0,0,0,0
470765,1,1,1990,0,0,0,0,0,0,0,0,0,0
470766,1,1,1990,0,19,18,9,20,0,10,0,0,14
470767,0,1,1990,0,21,20,0,16,30,17,0,17,25
470767,1,1,1990,32,14,7,13,18,16,0,21,28,14
470768,1,1,1990,21,21,21,21,21,21,21,21,21,21
470769,0,1,1990,0,0,0,0,0,0,0,0,0,0
470769,1,1,1990,0,0,0,0,0,0,0,0,0,0
470770,1,1,1990,27,18,16,23,0,23,32,22,24,0
470771,1,1,1990,21,21,21,21,21,21,21,21,21,21
470772,1,1,1990,14,14,14,14,14,14,14,14,14,14
470773,1,1,1990,0,0,0,0,0,0,0,0,0,0
470774,1,1,1990,12,12,12,12,12,12,12,12,12,12
470774,2,1,1990,0,0,0,0,0,0,0,0,0,0
470774,3,1,1990,0,0,0,0,0,0,0,0,0,0
470775,1,1,1990,9,9,9,9,9,9,9,9,9,9
470776,1,1,1990,0,0,0,0,0,0,0,0,7,0
470776,2,1,1990,6,0,0,0,0,0,0,0,0,0
470777,1,1,1990,0,0,0,0,0,0,0,0,0,0
470778,1,1,1990,17,17,17,17,17,17,17,17,17,17
470779,1,1,1990,0,27,0,0,0,0,0,0,0,0
470779,2,1,1990,0,0,0,0,0,0,0,0,18,0
470780,1,1,1990,0,0,0,0,0,0,0,0,0,0
470781,1,1,1990,22,22,22,22,22,22,22,22,22,22
470781,2,1,1990,0,0,19,11,5,8,9,11,21,10
470782,1,1,1990,25,25,25,25,25,25,25,25,25,25
470782,2,1,1990,0,0,0,0,0,0,0,0,0,0
470783,1,1,1990,13,13,13,13,13,13,13,13,13,13
470784,0,1,1990,0,0,30,25,14,16,19,24,12,24
470784,1,1,1990,0,0,0,0,0,0,0,0,0,0
470784,2,1,1990,0,0,0,0,0,0,0,0,0,0
470785,1,1,1990,0,0,0,0,0,16,0,0,0,12
470785,2,1,1990,0,0,0,0,0,0,0,0,0,0
470786,1,1,1990,0,0,0,0,0,0,0,0,0,0
470786,2,1,1990,0,0,0,0,0,0,0,0,0,12
470786,3,1,1990,0,0,0,0,0,0,0,0,0,0
470787,1,1,1990,14,14,14,14,14,14,14,14,14,14
470788,0,1,1990,0,0,0,0,0,0,0,0,0,0
470788,1,1,1990,0,0,0,0,0,0,0,0,0,0
470789,1,1,1990,0,0,0,0,0,0,0,0,0,0
470789,2,1,1990,0,0,0,0,0,0,0,0,0,0
470790,1,1,1990,0,0,0,0,0,0,0,0,0,0
470790,2,1,1990,0,0,0,0,0,0,0,0,0,0
470791,1,1,1990,0,0,0,0,0,0,0,0,0,0
470791,2,1,1990,0,0,0,0,0,0,0,0,0,0
470792,1,1,1990,22,22,22,22,22,22,22,22,22,22
470794,1,1,1990,22,22,22,22,22,22,22,22,22,22
470796,1,1,1990,18,18,18,18,18,18,18,18,18,18
470797,1,1,1990,23,23,23,23,23,23,23,23,23,23
470798,1,1,1990,0,0,0,0,0,0,6,0,0,0
470798,2,1,1990,0,0,0,0,0,0,0,0,0,0
470798,3,1,1990,0,18,12,10,28,17,0,0,0,0
470799,1,1,1990,0,0,0,0,0,0,0,0,0,0