ST_CASE,VEH_NO,PER_NO,YEAR,P1,P2,P3,P4,P5,P6,P7,P8,P9,P10
471072,5,1,1990,0,0,0,0,0,0,0,0,0,0
471073,1,1,1990,0,0,0,0,0,0,0,0,0,0
471073,2,1,1990,0,0,0,0,0,0,0,0,0,0
471073,3,1,1990,0,0,0,0,0,0,0,0,0,0
471073,4,1,1990,0,0,0,0,0,0,0,0,0,3
471073,5,1,1990,0,0,0,0,0,0,0,0,0,0
471073,6,1,1990,0,0,0,0,0,0,0,0,0,0
471074,1,1,1990,0,0,0,0,0,0,0,0,0,0
471074,2,1,1990,0,0,0,0,0,0,0,0,0,0
471075,1,1,1990,0,0,0,0,0,0,0,0,0,0
471075,2,1,1990,0,0,7,0,0,0,0,0,0,0
471076,0,1,1990,0,0,0,0,0,0,0,0,0,0
471076,1,1,1990,0,0,0,0,0,0,0,0,0,0
471077,1,1,1990,18,15,9,23,0,12,21,22,0,14
471078,1,1,1990,0,0,0,0,0,0,0,0,0,0
471079,1,1,1990,0,0,0,0,0,0,0,0,0,0
471079,2,1,1990,0,0,0,0,0,0,0,0,0,0
471080,1,1,1990,0,0,0,0,19,22,0,0,0,0
471081,1,1,1990,20,20,20,20,20,20,20,20,20,20
471081,2,1,1990,11,0,8,9,0,0,0,0,0,2
471082,1,1,1990,24,24,24,24,24,24,24,24,24,24
471083,1,1,1990,0,0,0,0,0,0,0,0,0,0
471083,2,1,1990,0,0,12,0,19,0,0,0,0,0
471084,1,1,1990,23,23,23,23,23,23,23,23,23,23
471085,1,1,1990,0,15,0,0,0,0,0,0,0,0
471086,1,1,1990,16,16,16,16,16,16,16,16,16,16
471086,2,1,1990,0,0,0,0,0,0,9,6,0,0
471087,1,1,1990,11,11,11,11,11,11,11,11,11,11
471088,1,1,1990,2,2,2,2,2,2,2,2,2,2
471089,1,1,1990,0,0,0,0,0,0,0,0,0,0
471090,1,1,1990,0,0,0,0,0,0,0,0,0,0
471090,2,1,1990,26,26,26,26,26,26,26,26,26,26
471091,1,1,1990,0,0,0,0,0,0,0,0,0,0
471091,2,1,1990,0,0,0,0,0,0,16,0,0,0
471092,1,1,1990,14,14,14,14,14,14,14,14,14,14
471093,0,1,1990,0,0,0,0,0,0,0,0,0,0
471093,1,1,1990,0,0,0,0,0,0,0,0,0,0
471094,1,1,1990,15,15,15,15,15,15,15,15,15,15
471095,1,1,1990,19,19,19,19,19,19,19,19,19,19
471096,0,1,1990,0,0,0,0,0,0,0,0,0,0
471096,1,1,1990,0,0,0,0,0,0,0,0,0,0
471097,1,1,1990,17,16,15,22,15,0,11,14,27,5
471098,1,1,1990,14,14,14,14,14,14,14,14,14,14
471099,1,1,1990,20,20,20,20,20,20,20,20,20,20
471100,1,1,1990,3,3,3,3,3,3,3,3,3,3
471101,0,1,1990,0,0,0,0,0,0,0,0,0,0
471101,1,1,1990,0,0,0,7,0,0,0,0,0,0
471102,0,1,1990,0,0,0,0,0,0,0,0,0,0
471102,0,2,1990,12,31,17,6,25,17,16,0,13,21
471102,1,1,1990,0,0,3,0,0,0,0,0,17,14
471103,1,1,1990,27,27,27,27,27,27,27,27,27,27
471104,1,1,1990,14,14,14,14,14,14,14,14,14,14
471105,1,1,1990,0,0,0,0,0,0,0,19,0,0
471105,2,1,1990,0,0,0,0,0,0,0,0,0,0
471105,3,1,1990,0,0,0,0,0,0,0,0,0,0
471106,1,1,1990,0,0,0,0,0,0,0,0,0,0
471106,2,1,1990,0,0,0,0,0,0,0,0,0,0
471106,3,1,1990,0,0,0,0,0,0,0,0,0,0
471107,1,1,1990,15,15,15,15,15,15,15,15,15,15
480001,1,1,1990,0,0,0,0,0,0,0,0,0,0
480002,1,1,1990,0,0,0,0,0,0,0,0,0,0
480002,2,1,1990,29,29,29,29,29,29,29,29,29,29
480003,0,1,1990,21,21,21,21,21,21,21,21,21,21
480003,1,1,1990,16,16,16,16,16,16,16,16,16,16
480004,1,1,1990,20,20,20,20,20,20,20,20,20,20
480005,1,1,1990,0,0,0,0,0,0,0,10,0,0
480005,2,1,1990,0,0,0,0,0,0,0,11,0,0
480006,1,1,1990,39,39,39,39,39,39,39,39,39,39
480007,0,1,1990,24,24,24,24,24,24,24,24,24,24
480007,1,1,1990,0,0,0,0,0,0,0,0,0,0
480008,1,1,1990,19,22,11,7,14,20,12,24,19,19
480009,1,1,1990,15,15,15,15,15,15,15,15,15,15
480010,1,1,1990,0,0,0,0,0,0,0,0,0,0
480011,1,1,1990,0,0,0,0,0,0,0,0,0,0
480011,2,1,1990,18,0,0,0,0,0,0,0,0,0
480012,1,1,1990,0,0,0,0,0,0,0,0,0,0
480012,2,1,1990,0,0,0,0,0,0,0,0,0,0
480013,1,1,1990,0,0,0,0,0,0,0,0,0,0
480014,0,1,1990,0,0,0,0,0,0,0,0,0,0
480014,0,2,1990,0,0,0,0,27,0,0,13,0,0
480014,1,1,1990,13,13,13,13,13,13,13,13,13,13
480015,1,1,1990,24,0,0,14,10,18,22,13,14,10
480016,0,1,1990,0,0,0,0,0,0,0,0,0,0
480016,1,1,1990,0,0,0,0,0,0,0,0,0,0
480017,0,1,1990,21,28,13,35,0,0,0,10,12,29
480017,1,1,1990,0,0,20,0,16,0,0,4,7,0
480018,1,1,1990,0,0,0,0,0,0,0,0,0,0
480018,2,1,1990,0,0,0,0,0,0,0,0,0,0
480018,3,1,1990,0,0,0,0,0,0,0,0,0,0
480018,4,1,1990,0,0,0,0,0,0,0,0,0,0
480018,5,1,1990,0,0,0,0,0,0,0,0,0,0
480018,6,1,1990,0,0,0,0,0,0,0,0,0,0
480018,7,1,1990,0,0,0,0,0,0,0,0,0,0
480018,8,1,1990,0,0,0,0,0,0,0,0,0,0
480018,9,1,1990,0,0,0,0,0,0,0,0,0,0
480018,10,1,1990,0,0,0,0,0,0,0,0,0,0
480019,1,1,1990,22,22,22,22,22,22,22,22,22,22
480020,1,1,1990,19,19,19,19,19,19,19,19,19,19
480020,2,1,1990,0,0,0,9,0,0,21,23,0,0
480021,0,1,1990,29,11,23,0,24,23,29,3,33,14
480021,1,1,1990,13,0,0,0,0,19,5,17,0,0
480022,0,1,1990,11,19,0,8,0,0,0,0,0,0
480022,1,1,1990,0,0,0,0,0,0,0,0,0,0
480022,2,1,1990,0,0,0,0,0,0,0,0,0,0
480023,1,1,1990,21,21,21,21,21,21,21,21,21,21
480024,1,1,1990,13,13,13,13,13,13,13,13,13,13
480024,2,1,1990,0,0,0,0,0,0,0,0,0,0
480024,3,1,1990,0,14,5,0,15,0,0,6,0,0
480025,1,1,1990,15,6,0,22,18,0,0,0,0,30
480026,1,1,1990,0,12,14,0,0,0,0,15,0,0
480027,1,1,1990,23,23,23,23,23,23,23,23,23,23
480028,1,1,1990,5,5,5,5,5,5,5,5,5,5
480029,1,1,1990,0,0,0,0,0,0,0,0,0,0
480030,1,1,1990,12,12,12,12,12,12,12,12,12,12
480031,1,1,1990,0,0,0,0,0,0,0,0,0,0
480033,1,1,1990,0,0,10,0,0,0,0,0,0,0
480033,2,1,1990,18,7,0,0,0,0,0,0,0,30
480034,1,1,1990,0,0,0,0,0,0,0,0,0,0
480034,2,1,1990,0,9,0,0,0,0,0,0,0,0
480035,1,1,1990,0,0,0,0,0,0,0,0,0,0
480036,1,1,1990,25,25,25,25,25,25,25,25,25,25
480037,1,1,1990,0,0,0,0,0,0,0,0,0,0
480038,1,1,1990,34,34,34,34,34,34,34,34,34,34
480039,0,1,1990,23,40,21,8,22,10,21,19,6,11
480039,1,1,1990,0,0,18,0,9,11,0,0,0,17
480040,1,1,1990,0,0,0,0,0,11,0,0,22,0
480041,1,1,1990,0,0,0,0,11,5,0,0,7,0
480042,1,1,1990,1,1,1,1,1,1,1,1,1,1
480043,1,1,1990,15,15,15,15,15,15,15,15,15,15
480044,1,1,1990,0,23,0,0,0,0,0,0,0,0
480044,2,1,1990,0,0,0,0,0,22,0,0,0,0
480045,1,1,1990,0,17,0,0,0,0,0,7,3,0
480046,1,1,1990,0,0,0,0,0,0,0,0,0,0
480047,1,1,1990,0,0,0,0,0,0,0,0,0,0
480048,1,1,1990,0,0,0,0,0,0,0,0,0,0
480049,1,1,1990,0,16,0,0,0,0,0,0,0,0
480050,0,1,1990,0,0,0,10,0,40,0,0,0,0
480050,1,1,1990,0,0,0,0,0,0,0,0,0,0
480051,1,1,1990,0,0,0,0,0,0,0,0,0,0
480051,2,1,1990,0,0,0,0,0,0,0,0,0,0
480052,0,1,1990,0,0,0,0,0,0,0,0,0,0
480052,1,1,1990,0,0,0,0,0,0,0,0,0,0
480053,1,1,1990,21,21,21,21,21,21,21,21,21,21
480054,1,1,1990,20,0,14,15,16,9,0,20,0,17
480055,0,1,1990,21,21,21,21,21,21,21,21,21,21
480055,1,1,1990,7,12,0,11,0,0,0,0,27,0
480056,1,1,1990,0,0,0,0,0,0,0,0,0,0
480056,2,1,1990,8,18,0,0,0,0,0,0,0,0
480057,1,1,1990,0,0,0,0,0,0,0,0,0,0
480057,2,1,1990,0,0,0,0,0,0,0,0,0,0
480058,1,1,1990,0,0,0,0,24,0,0,0,0,16
480058,2,1,1990,0,0,0,0,0,0,0,6,0,0
480059,1,1,1990,0,0,0,0,0,0,0,0,0,0
480059,2,1,1990,0,0,0,0,0,0,0,0,0,0
480060,1,1,1990,0,0,0,0,0,47,0,0,0,0
480060,2,1,1990,0,0,0,0,0,0,0,0,0,0
480061,1,1,1990,8,8,8,8,8,8,8,8,8,8
480062,1,1,1990,11,30,26,23,9,0,27,28,0,14
480063,1,1,1990,15,15,15,15,15,15,15,15,15,15
480064,1,1,1990,28,28,28,28,28,28,28,28,28,28
480064,2,1,1990,0,0,0,0,4,9,11,0,0,29
480065,1,1,1990,27,27,27,27,27,27,27,27,27,27
480065,2,1,1990,0,0,0,0,0,18,0,0,0,0
480066,1,1,1990,0,21,29,17,34,10,24,0,0,0
480067,0,1,1990,30,30,30,30,30,30,30,30,30,30
480067,1,1,1990,1,1,1,1,1,1,1,1,1,1
480068,1,1,1990,0,0,0,0,0,0,0,0,0,0
480068,2,1,1990,0,11,4,0,0,0,0,11,0,0
480069,0,1,1990,0,0,0,0,0,0,0,0,0,0
480069,1,1,1990,0,13,0,0,0,0,0,0,0,0
480070,0,1,1990,25,25,25,25,25,25,25,25,25,25
480070,1,1,1990,3,3,3,3,3,3,3,3,3,3
480071,1,1,1990,16,16,16,16,16,16,16,16,16,16
480072,1,1,1990,20,11,23,7,18,7,5,12,7,0
480073,1,1,1990,30,30,30,30,30,30,30,30,30,30
480074,1,1,1990,18,18,18,18,18,18,18,18,18,18
480075,0,1,1990,0,0,0,0,0,0,0,0,0,0
480075,1,1,1990,0,0,0,0,0,0,0,0,0,0
480076,0,1,1990,0,0,0,0,0,0,0,0,0,0
480076,1,1,1990,0,0,0,0,0,0,0,0,0,0
480077,0,1,1990,0,0,22,0,0,0,0,0,0,21
480077,1,1,1990,0,5,0,0,0,0,12,0,0,0
480078,1,1,1990,20,20,20,20,20,20,20,20,20,20
480079,1,1,1990,21,21,21,21,21,21,21,21,21,21
480079,2,1,1990,0,0,0,0,0,0,0,0,0,0
480080,1,1,1990,0,0,0,0,0,0,0,0,0,0
480080,2,1,1990,9,0,0,0,9,0,20,0,0,0
480081,1,1,1990,25,25,25,25,25,25,25,25,25,25
480082,1,1,1990,7,7,7,7,7,7,7,7,7,7
480083,1,1,1990,0,0,0,0,0,0,0,0,0,0
480084,1,1,1990,13,13,13,13,13,13,13,13,13,13
480084,2,1,1990,0,0,0,0,0,0,0,0,0,0
480085,1,1,1990,0,0,0,0,0,0,0,0,0,0
480086,1,1,1990,28,28,28,28,28,28,28,28,28,28
480087,0,1,1990,32,32,32,32,32,32,32,32,32,32
480087,1,1,1990,22,17,22,9,0,0,0,8,0,0
480087,2,1,1990,20,0,0,0,18,0,0,0,16,0
480088,1,1,1990,0,0,0,2,0,0,0,0,0,0
480088,2,1,1990,0,0,0,0,0,0,0,0,0,0
480089,1,1,1990,0,0,0,0,0,0,0,0,0,0
480090,1,1,1990,22,22,22,22,22,22,22,22,22,22
480090,2,1,1990,0,34,0,0,0,0,0,0,0,0
480091,1,1,1990,23,10,0,0,10,9,0,0,0,3
480092,1,1,1990,0,27,0,0,0,0,0,0,21,0
480093,1,1,1990,0,0,0,0,0,0,9,0,9,0
480093,2,1,1990,0,0,14,13,0,0,0,0,0,0
480094,1,1,1990,5,5,5,5,5,5,5,5,5,5
480094,2,1,1990,0,0,0,0,0,0,0,0,0,0
480095,1,1,1990,11,11,11,11,11,11,11,11,11,11
480095,2,1,1990,0,10,0,0,18,21,0,0,0,0
480096,1,1,1990,13,12,10,23,27,16,12,10,12,35
480097,1,1,1990,0,0,0,0,16,0,8,0,0,13
480098,1,1,1990,30,10,20,13,0,0,15,11,0,0
480099,1,1,1990,17,17,17,17,17,17,17,17,17,17
480099,2,1,1990,0,0,13,0,0,6,0,0,0,0
480100,1,1,1990,1,1,1,1,1,1,1,1,1,1
480101,1,1,1990,20,20,20,20,20,20,20,20,20,20
480102,1,1,1990,4,32,19,21,29,40,18,20,21,24
480102,2,1,1990,11,23,11,18,28,35,17,21,19,21
480103,1,1,1990,25,25,25,25,25,25,25,25,25,25
480104,1,1,1990,0,0,0,0,15,0,0,0,0,0
480105,1,1,1990,12,12,12,12,12,12,12,12,12,12
480107,1,1,1990,17,17,17,17,17,17,17,17,17,17
480108,1,1,1990,0,0,0,0,0,0,0,0,0,0
480108,2,1,1990,0,0,0,0,4,0,0,0,0,0
480109,1,1,1990,21,21,21,21,21,21,21,21,21,21
480109,2,1,1990,0,0,0,11,0,0,0,14,0,0
480110,0,1,1990,0,0,0,0,0,0,0,0,0,0
480110,1,1,1990,0,0,0,0,0,0,0,0,0,0
480111,1,1,1990,29,29,29,29,29,29,29,29,29,29
480111,2,1,1990,0,0,0,0,4,0,0,9,19,25
480112,1,1,1990,0,0,0,0,43,13,13,0,20,0
480112,2,1,1990,7,12,10,9,18,25,22,14,27,33
480113,1,1,1990,13,13,13,13,13,13,13,13,13,13
480114,1,1,1990,0,0,0,0,0,0,0,0,0,0
480115,1,1,1990,7,7,7,7,7,7,7,7,7,7
480116,1,1,1990,0,0,12,0,0,0,0,0,0,0
480117,0,1,1990,18,16,18,13,0,5,12,26,23,9
480117,1,1,1990,15,0,11,0,0,0,0,9,0,0
480118,1,1,1990,13,13,13,13,13,13,13,13,13,13
480118,2,1,1990,19,19,19,19,19,19,19,19,19,19
480119,1,1,1990,0,0,0,0,0,0,0,0,0,0
480119,2,1,1990,8,0,0,0,0,0,0,0,30,0
480119,3,1,1990,0,0,0,0,6,16,11,0,0,0
480120,1,1,1990,0,0,0,0,0,0,0,0,0,0
480120,2,1,1990,0,0,0,0,0,0,0,13,0,0
480121,1,1,1990,8,8,8,8,8,8,8,8,8,8
480122,1,1,1990,15,0,0,16,9,0,0,27,20,0
480122,2,1,1990,0,0,0,0,0,0,0,0,0,0
480123,0,1,1990,0,0,0,0,0,0,0,0,0,0
480123,1,1,1990,0,0,0,19,15,0,0,0,13,0
480124,1,1,1990,14,14,14,14,14,14,14,14,14,14
480125,1,1,1990,0,0,0,0,0,0,0,0,0,0
480125,2,1,1990,0,0,0,0,0,25,0,0,0,0
480126,1,1,1990,0,25,0,0,7,0,0,10,0,0
480127,1,1,1990,23,33,23,9,19,7,12,0,18,26
480128,1,1,1990,1,1,1,1,1,1,1,1,1,1
480129,1,1,1990,14,14,14,14,14,14,14,14,14,14
480130,0,1,1990,0,19,0,0,0,0,0,15,0,29
480130,0,2,1990,0,0,0,0,0,0,0,0,0,0
480130,1,1,1990,0,0,9,0,18,0,0,22,0,0
480130,2,1,1990,0,0,18,0,0,0,0,0,34,0
480131,1,1,1990,24,24,24,24,24,24,24,24,24,24
480132,1,1,1990,0,0,0,0,0,0,0,0,0,0
480132,2,1,1990,0,0,0,0,0,0,0,0,0,0
480133,1,1,1990,0,0,0,0,0,0,0,0,0,0
480133,2,1,1990,0,0,0,0,0,0,0,0,24,0
480133,3,1,1990,0,0,0,0,0,0,0,0,0,0
480133,4,1,1990,0,0,0,0,0,0,0,0,0,0
480134,1,1,1990,26,26,26,26,26,26,26,26,26,26
480135,1,1,1990,25,25,25,25,25,25,25,25,25,25
480136,1,1,1990,4,4,4,4,4,4,4,4,4,4
480137,0,1,1990,0,0,0,0,0,0,0,0,0,0
480137,1,1,1990,0,0,0,0,0,0,0,0,0,0
480138,1,1,1990,0,0,0,0,0,0,0,0,0,0
480138,2,1,1990,0,0,0,0,0,0,0,0,0,0
480139,0,1,1990,0,0,0,0,27,18,10,0,22,27
480139,1,1,1990,0,0,0,0,0,0,0,0,0,0
480140,1,1,1990,0,0,0,0,0,0,0,0,0,0
480140,2,1,1990,7,0,8,11,13,28,21,36,15,16
480141,1,1,1990,0,0,0,0,0,0,0,0,0,0
480141,2,1,1990,0,0,0,0,0,0,0,0,0,0
480142,0,1,1990,0,0,0,0,0,0,0,0,0,0
480142,1,1,1990,0,0,0,20,0,13,0,0,17,13
480143,1,1,1990,31,31,31,31,31,31,31,31,31,31
480144,1,1,1990,25,25,25,25,25,25,25,25,25,25
480145,1,1,1990,8,8,8,8,8,8,8,8,8,8
480146,1,1,1990,20,20,20,20,20,20,20,20,20,20
480147,1,1,1990,0,0,16,6,5,0,16,0,0,0
480147,2,1,1990,0,0,0,25,3,0,0,0,0,0
480147,3,1,1990,0,0,0,0,0,0,0,0,0,0
480148,1,1,1990,0,0,0,0,0,0,0,21,0,0
480148,2,1,1990,0,0,0,0,0,13,0,0,0,0
480149,1,1,1990,11,11,11,11,11,11,11,11,11,11
480149,2,1,1990,0,0,0,0,0,0,0,0,0,0
480150,1,1,1990,0,0,0,12,0,0,0,0,0,0
480150,2,1,1990,0,25,38,11,23,36,0,21,13,19
480151,0,1,1990,23,35,0,32,11,0,20,21,0,12
480151,1,1,1990,19,19,19,19,19,19,19,19,19,19
480152,0,1,1990,0,0,0,0,0,0,0,0,0,0
480152,1,1,1990,0,0,0,0,0,0,0,0,0,0
480153,1,1,1990,0,0,6,0,0,0,0,0,0,0
480153,2,1,1990,0,0,20,0,0,0,0,0,0,0
480154,1,1,1990,24,9,21,16,28,27,11,20,17,11
480155,1,1,1990,0,0,0,54,0,0,0,0,0,0
480155,2,1,1990,0,0,0,0,0,0,0,0,0,0
480156,1,1,1990,26,26,26,26,26,26,26,26,26,26
480156,2,1,1990,0,0,0,0,0,0,0,0,0,0
480157,1,1,1990,0,0,0,31,0,0,0,0,0,0
480157,2,1,1990,0,0,0,0,0,0,0,15,0,0
480158,1,1,1990,0,0,0,0,0,0,0,0,0,0
480158,2,1,1990,18,18,18,18,18,18,18,18,18,18
480159,0,1,1990,27,27,27,27,27,27,27,27,27,27
480159,1,1,1990,0,0,0,0,15,0,0,22,3,17
480160,1,1,1990,24,24,24,24,24,24,24,24,24,24
480161,1,1,1990,16,0,20,0,0,10,12,24,4,14
480162,1,1,1990,2,2,2,2,2,2,2,2,2,2
480162,2,1,1990,0,0,0,0,0,0,0,0,0,16
480163,1,1,1990,0,0,0,0,0,0,0,8,0,0
480163,2,1,1990,0,0,0,0,4,0,0,0,0,0
480164,1,1,1990,0,0,13,0,0,0,0,7,19,15
480165,1,1,1990,27,27,27,27,27,27,27,27,27,27
480166,1,1,1990,0,0,0,0,0,0,18,0,0,0
480166,2,1,1990,0,0,0,0,0,0,0,0,0,0
480167,1,1,1990,20,20,20,20,20,20,20,20,20,20
480168,1,1,1990,0,0,0,0,0,0,0,0,0,0
480169,1,1,1990,0,0,0,0,0,0,0,0,0,0
480170,1,1,1990,15,15,15,15,15,15,15,15,15,15
480171,1,1,1990,0,0,22,19,18,0,11,0,6,11
480172,1,1,1990,18,0,27,18,19,12,8,16,22,27
480173,1,1,1990,0,0,0,0,0,0,0,0,0,12
480173,2,1,1990,0,0,0,20,0,0,0,0,0,0
480173,3,1,1990,0,0,0,0,0,0,0,0,0,0
480174,1,1,1990,23,0,0,9,0,19,15,0,0,0
480175,1,1,1990,10,0,0,0,0,0,0,0,0,0
480175,2,1,1990,0,0,0,0,0,0,0,0,0,0
480176,0,1,1990,0,0,20,0,15,0,0,4,0,0
480176,1,1,1990,8,7,0,0,0,0,0,0,0,0
480177,0,1,1990,0,0,0,0,0,0,0,0,0,0
480177,1,1,1990,0,0,0,0,0,12,0,16,0,0
480178,1,1,1990,7,7,7,7,7,7,7,7,7,7
480178,2,1,1990,0,0,10,10,17,0,0,0,27,0
480179,1,1,1990,24,24,24,24,24,24,24,24,24,24
480180,1,1,1990,0,0,0,0,0,0,0,0,0,0
480180,2,1,1990,0,0,0,0,0,0,0,0,0,0
480181,1,1,1990,0,12,0,25,0,28,20,15,12,23
480182,1,1,1990,29,22,14,37,32,17,23,37,27,13
480183,1,1,1990,0,0,0,0,0,0,0,0,0,0
480183,2,1,1990,25,25,25,25,25,25,25,25,25,25
480184,1,1,1990,0,0,0,0,0,0,0,0,0,0
480185,1,1,1990,0,0,0,0,0,0,0,0,0,0
480185,2,1,1990,0,0,0,0,0,0,0,0,0,0
480186,0,1,1990,33,33,33,33,33,33,33,33,33,33
480186,1,1,1990,16,25,0,0,0,0,0,0,0,0
480186,2,1,1990,0,0,0,0,0,0,0,0,0,0
480187,1,1,1990,13,13,13,13,13,13,13,13,13,13
480187,2,1,1990,0,0,0,0,0,0,0,0,0,0
480188,1,1,1990,12,0,0,0,11,0,0,0,0,0
480188,2,1,1990,0,0,0,0,0,0,0,0,0,0
480189,1,1,1990,0,0,0,0,0,0,0,0,0,0
480190,0,1,1990,0,0,12,0,0,0,0,0,0,0
480190,1,1,1990,0,0,0,4,8,0,16,0,0,0
480191,1,1,1990,0,0,9,17,15,0,8,20,12,0
480191,2,1,1990,0,8,0,0,0,0,0,0,0,0
480192,1,1,1990,0,0,0,0,0,0,0,0,0,0
480192,2,1,1990,0,0,0,0,0,0,0,0,0,0
480192,3,1,1990,0,0,0,0,3,0,0,0,0,0
480192,4,1,1990,0,0,0,0,0,0,0,0,0,0
480193,0,1,1990,1,1,1,1,1,1,1,1,1,1
480193,1,1,1990,0,0,14,0,0,0,0,19,11,0
480194,1,1,1990,16,12,26,21,16,39,12,4,38,14
480195,1,1,1990,0,26,9,14,0,27,21,15,5,0
480196,1,1,1990,0,0,0,0,0,0,0,0,0,0
480196,2,1,1990,2,2,2,2,2,2,2,2,2,2
480197,1,1,1990,0,0,0,0,0,0,0,0,0,0
480198,0,1,1990,4,11,7,24,32,0,18,8,20,16
480198,1,1,1990,2,2,2,2,2,2,2,2,2,2
480199,1,1,1990,0,0,0,0,0,0,0,0,0,0
480200,0,1,1990,31,31,31,31,31,31,31,31,31,31
480200,1,1,1990,0,0,0,6,0,0,0,0,14,0
480201,1,1,1990,0,0,0,0,0,0,0,0,0,0
480202,0,1,1990,0,0,11,0,0,0,0,0,0,0
480202,1,1,1990,0,0,0,0,0,0,0,0,19,16
480203,1,1,1990,15,27,8,11,3,30,15,11,8,25
480204,1,1,1990,0,0,0,0,0,0,0,0,0,0
480205,1,1,1990,0,6,0,0,0,16,10,13,9,0
480206,0,1,1990,19,19,19,19,19,19,19,19,19,19
480206,1,1,1990,32,13,0,5,23,2,10,0,0,0
480207,1,1,1990,26,26,26,26,26,26,26,26,26,26
480208,1,1,1990,22,22,22,22,22,22,22,22,22,22
480208,2,1,1990,0,0,0,0,0,0,0,6,0,0
480209,1,1,1990,22,22,22,22,22,22,22,22,22,22
480209,2,1,1990,0,0,0,0,0,0,0,0,0,0
480210,1,1,1990,11,11,11,11,11,11,11,11,11,11
480211,1,1,1990,6,6,6,6,6,6,6,6,6,6
480212,0,1,1990,0,0,0,0,0,0,0,0,0,0
480212,1,1,1990,17,17,17,17,17,17,17,17,17,17
480213,1,1,1990,12,12,12,12,12,12,12,12,12,12
480213,2,1,1990,0,11,5,0,0,0,10,0,0,0
480214,1,1,1990,0,0,0,0,0,0,0,0,0,0
480214,2,1,1990,18,18,18,18,18,18,18,18,18,18
480215,1,1,1990,20,20,20,20,20,20,20,20,20,20
480216,1,1,1990,0,0,0,0,0,0,0,14,0,0
480216,2,1,1990,0,0,0,0,0,0,0,0,0,0
480217,1,1,1990,0,0,0,26,0,13,0,24,0,0
480217,2,1,1990,0,0,0,14,0,0,0,0,0,0
480218,1,1,1990,0,0,0,0,0,0,0,0,0,0
480218,2,1,1990,0,0,0,0,0,0,0,0,0,0
480218,3,1,1990,0,0,0,0,0,0,0,0,0,0
480219,1,1,1990,0,0,0,0,0,0,0,0,0,0
480219,2,1,1990,0,0,0,0,0,0,0,0,0,0
480220,1,1,1990,4,10,26,0,0,0,24,10,10,19
480221,1,1,1990,0,0,0,0,0,0,0,0,0,0
480221,2,1,1990,0,0,0,0,0,0,0,0,0,0
480222,1,1,1990,0,0,0,0,0,0,0,0,50,0
480222,2,1,1990,0,0,0,0,0,0,0,0,0,0
480223,1,1,1990,0,0,0,0,0,0,0,0,0,0
480223,2,1,1990,0,0,15,0,0,0,0,0,0,0
480224,1,1,1990,30,0,32,17,20,9,0,8,31,15
480225,1,1,1990,17,18,25,15,28,13,21,15,24,18
480227,1,1,1990,0,10,24,0,0,0,0,0,0,0
480227,2,1,1990,0,0,0,0,29,0,0,0,0,0
480228,1,1,1990,11,15,21,2,10,13,22,23,14,28
480229,1,1,1990,0,0,0,0,0,0,0,0,0,0
480229,2,1,1990,0,0,0,0,0,0,0,0,0,0
480230,1,1,1990,0,0,9,0,0,0,0,0,0,10
480230,2,1,1990,16,0,0,0,0,22,18,0,0,8
480231,0,1,1990,0,0,0,0,0,0,0,0,0,0
480231,1,1,1990,0,11,0,0,13,0,18,0,0,0
480232,1,1,1990,13,13,13,13,13,13,13,13,13,13
480233,1,1,1990,13,13,13,13,13,13,13,13,13,13
480234,0,1,1990,10,10,10,10,10,10,10,10,10,10
480234,1,1,1990,11,0,7,0,0,0,0,23,0,0
480235,1,1,1990,25,25,25,25,25,25,25,25,25,25
480236,1,1,1990,14,14,14,14,14,14,14,14,14,14
480236,2,1,1990,23,23,23,23,23,23,23,23,23,23
480237,1,1,1990,0,0,0,0,0,0,0,0,0,0
480237,2,1,1990,0,0,0,0,0,0,0,0,0,0
480238,1,1,1990,21,21,21,21,21,21,21,21,21,21
480239,1,1,1990,0,0,0,0,0,0,0,0,0,0
480240,1,1,1990,21,21,21,21,21,21,21,21,21,21
480240,2,1,1990,0,0,0,0,30,0,0,0,0,0
480240,3,1,1990,0,0,0,19,0,0,0,0,0,0
480241,1,1,1990,0,0,0,0,0,0,0,0,0,0
480242,0,1,1990,39,39,39,39,39,39,39,39,39,39
480242,1,1,1990,14,7,0,23,0,0,7,0,0,13
480243,1,1,1990,28,28,28,28,28,28,28,28,28,28
480244,1,1,1990,0,0,0,0,0,0,0,0,0,0
480244,2,1,1990,0,0,0,0,0,0,0,0,0,0
480245,1,1,1990,3,3,3,3,3,3,3,3,3,3
480245,2,1,1990,17,17,17,17,17,17,17,17,17,17
480246,1,1,1990,20,20,20,20,20,20,20,20,20,20