ST_CASE,VEH_NO,PER_NO,YEAR,P1,P2,P3,P4,P5,P6,P7,P8,P9,P10
480247,1,1,1990,0,0,0,0,0,0,0,0,0,0
480247,2,1,1990,6,0,9,0,0,0,9,0,19,0
480248,1,1,1990,0,0,9,0,19,11,28,18,0,0
480249,1,1,1990,10,10,10,10,10,10,10,10,10,10
480250,1,1,1990,0,0,0,0,0,0,0,0,0,0
480251,1,1,1990,0,0,0,0,0,0,0,0,0,0
480251,2,1,1990,0,0,0,0,0,0,0,0,0,0
480252,1,1,1990,17,19,0,16,0,0,0,9,13,4
480253,1,1,1990,0,0,0,0,23,0,0,31,0,0
480253,2,1,1990,0,0,0,0,0,0,0,0,0,4
480254,1,1,1990,0,0,0,0,0,0,0,0,0,0
480254,2,1,1990,0,0,0,0,0,0,0,0,0,0
480254,3,1,1990,0,0,0,0,0,0,0,0,0,0
480254,4,1,1990,0,0,0,0,0,0,0,0,0,0
480254,5,1,1990,0,0,0,0,0,0,0,0,0,0
480254,6,1,1990,0,0,16,0,0,0,0,21,0,0
480254,7,1,1990,0,0,31,0,0,0,0,0,0,0
480255,1,1,1990,41,22,4,22,16,16,8,19,0,12
480255,2,1,1990,0,0,0,0,14,0,0,0,0,0
480256,1,1,1990,0,0,0,0,0,0,0,0,0,0
480256,2,1,1990,0,0,0,0,0,0,0,0,0,0
480257,1,1,1990,10,10,10,10,10,10,10,10,10,10
480258,1,1,1990,10,0,16,0,30,0,0,0,0,0
480258,2,1,1990,0,0,0,0,0,0,0,0,0,0
480259,1,1,1990,0,0,0,0,0,0,0,0,0,0
480259,2,1,1990,0,0,0,0,0,0,0,0,0,0
480260,1,1,1990,12,12,12,12,12,12,12,12,12,12
480260,2,1,1990,24,24,24,24,24,24,24,24,24,24
480261,1,1,1990,17,17,17,17,17,17,17,17,17,17
480262,1,1,1990,0,0,0,0,0,0,0,0,0,0
480262,2,1,1990,3,3,3,3,3,3,3,3,3,3
480263,1,1,1990,0,0,0,0,0,0,0,0,14,16
480263,2,1,1990,12,0,0,0,0,10,21,0,18,0
480263,3,1,1990,17,17,17,17,17,17,17,17,17,17
480265,1,1,1990,23,23,23,23,23,23,23,23,23,23
480267,1,1,1990,21,0,0,0,0,0,0,0,0,0
480267,2,1,1990,0,0,0,0,0,0,0,0,0,0
480268,1,1,1990,14,22,10,29,24,21,12,20,11,21
480269,1,1,1990,0,0,0,0,0,0,0,0,0,0
480269,2,1,1990,0,0,0,0,0,0,0,0,0,0
480270,1,1,1990,11,6,25,25,21,27,26,5,22,25
480271,1,1,1990,0,0,0,0,0,0,0,0,0,0
480271,2,1,1990,0,22,0,0,0,0,0,12,0,0
480272,0,1,1990,25,14,0,29,10,17,21,19,6,0
480272,1,1,1990,0,5,0,0,0,0,17,0,0,0
480272,2,1,1990,0,0,0,0,0,0,0,0,0,0
480272,3,1,1990,0,0,0,0,15,0,0,0,0,0
480273,0,1,1990,0,0,0,0,0,0,0,0,0,0
480273,1,1,1990,0,0,0,0,0,25,0,0,0,0
480274,1,1,1990,0,0,0,0,0,0,0,0,0,0
480275,0,1,1990,0,0,0,0,0,0,0,0,0,0
480275,1,1,1990,0,0,0,0,0,0,8,0,0,0
480276,1,1,1990,19,19,19,19,19,19,19,19,19,19
480277,0,1,1990,0,0,0,0,0,0,0,0,0,0
480277,1,1,1990,3,0,0,0,0,0,0,0,0,0
480278,1,1,1990,0,0,0,0,0,0,0,0,0,0
480278,2,1,1990,11,11,11,11,11,11,11,11,11,11
480279,1,1,1990,33,33,33,33,33,33,33,33,33,33
480280,0,1,1990,0,0,0,0,0,0,0,0,0,0
480280,1,1,1990,0,0,0,0,0,0,0,0,0,0
480281,0,1,1990,0,19,0,22,8,31,19,0,0,11
480281,1,1,1990,18,0,0,0,0,0,0,14,0,0
480281,2,1,1990,33,0,0,0,0,0,0,0,0,0
480282,0,1,1990,0,0,0,0,0,0,0,0,0,0
480282,1,1,1990,18,18,18,18,18,18,18,18,18,18
480283,1,1,1990,10,10,10,10,10,10,10,10,10,10
480283,2,1,1990,0,11,20,14,36,4,0,0,0,0
480283,3,1,1990,11,0,0,0,5,7,0,0,0,9
480284,0,1,1990,0,0,0,0,0,0,0,0,0,0
480284,1,1,1990,23,23,23,23,23,23,23,23,23,23
480285,1,1,1990,0,0,0,0,21,0,0,0,0,0
480285,2,1,1990,0,0,0,0,0,18,12,0,0,0
480286,1,1,1990,15,15,15,15,15,15,15,15,15,15
480286,2,1,1990,0,0,0,0,0,0,0,0,18,0
480287,1,1,1990,12,6,19,5,36,27,25,22,25,13
480288,0,1,1990,29,0,0,0,0,0,0,16,0,0
480288,1,1,1990,0,8,0,0,0,19,0,0,0,0
480289,0,1,1990,9,9,9,9,9,9,9,9,9,9
480289,1,1,1990,0,0,9,0,0,0,0,0,0,13
480290,1,1,1990,17,17,17,17,17,17,17,17,17,17
480291,0,1,1990,0,0,0,0,0,0,0,0,0,0
480291,0,2,1990,0,28,25,0,0,27,10,8,0,15
480291,1,1,1990,0,4,4,5,7,0,22,12,0,0
480292,1,1,1990,5,42,18,18,7,12,17,7,28,7
480292,2,1,1990,0,0,0,0,0,0,6,0,0,0
480293,1,1,1990,0,0,0,0,0,0,0,0,0,0
480294,1,1,1990,18,18,18,18,18,18,18,18,18,18
480295,1,1,1990,19,19,19,19,19,19,19,19,19,19
480296,0,1,1990,0,0,0,0,0,0,0,0,0,0
480297,1,1,1990,14,14,14,14,14,14,14,14,14,14
480297,2,1,1990,0,0,0,0,0,0,0,0,0,0
480298,1,1,1990,12,0,14,0,0,14,16,30,21,0
480299,1,1,1990,0,0,0,0,0,0,0,0,0,0
480300,1,1,1990,21,21,21,21,21,21,21,21,21,21
480301,1,1,1990,24,7,27,14,8,12,7,32,32,17
480302,1,1,1990,8,0,0,0,0,0,0,0,0,13
480302,2,1,1990,0,0,0,0,0,0,0,0,0,0
480303,1,1,1990,0,0,0,0,0,0,0,0,0,0
480303,2,1,1990,28,28,28,28,28,28,28,28,28,28
480304,1,1,1990,27,27,27,27,27,27,27,27,27,27
480305,1,1,1990,10,10,10,10,10,10,10,10,10,10
480306,1,1,1990,0,0,0,0,0,0,0,0,0,0
480307,0,1,1990,0,0,0,0,0,0,0,0,0,0
480307,1,1,1990,0,0,0,0,0,0,0,0,0,0
480308,1,1,1990,0,0,0,0,0,0,0,0,0,0
480309,1,1,1990,0,0,0,0,0,0,0,0,0,0
480309,2,1,1990,0,0,0,0,0,0,0,0,0,0
480310,0,1,1990,3,3,3,3,3,3,3,3,3,3
480310,1,1,1990,0,0,0,0,0,0,0,0,0,0
480311,1,1,1990,0,0,0,0,0,13,0,0,0,0
480311,2,1,1990,0,0,0,0,0,0,0,0,18,0
480312,1,1,1990,0,0,0,5,15,23,10,17,0,11
480313,0,1,1990,26,26,26,26,26,26,26,26,26,26
480313,1,1,1990,0,4,0,0,0,0,0,0,0,0
480314,1,1,1990,0,18,0,0,0,0,0,0,0,0
480314,2,1,1990,15,15,15,15,15,15,15,15,15,15
480315,1,1,1990,0,29,30,14,0,10,16,20,0,0
480315,2,1,1990,11,0,0,0,0,8,18,0,0,0
480316,1,1,1990,0,0,0,0,0,0,0,0,0,0
480316,2,1,1990,2,2,2,2,2,2,2,2,2,2
480318,1,1,1990,0,0,0,0,0,0,0,0,0,0
480318,2,1,1990,0,0,0,0,0,0,0,0,0,0
480319,1,1,1990,27,27,27,27,27,27,27,27,27,27
480320,1,1,1990,0,0,0,0,0,0,0,0,0,0
480320,2,1,1990,0,0,0,0,0,0,18,0,17,0
480321,1,1,1990,0,0,0,0,0,0,0,0,0,0
480321,2,1,1990,0,0,0,0,0,0,10,0,16,0
480322,1,1,1990,23,23,23,23,23,23,23,23,23,23
480323,1,1,1990,5,5,5,5,5,5,5,5,5,5
480323,2,1,1990,0,0,0,0,0,0,7,0,0,0
480324,1,1,1990,0,0,0,0,0,0,0,0,0,0
480325,0,1,1990,25,25,25,25,25,25,25,25,25,25
480325,1,1,1990,11,12,0,0,0,0,0,19,0,0
480326,1,1,1990,0,0,0,0,0,0,0,0,0,0
480326,2,1,1990,0,0,0,0,0,0,0,0,0,0
480327,1,1,1990,15,15,15,15,15,15,15,15,15,15
480328,1,1,1990,16,16,16,16,16,16,16,16,16,16
480328,2,1,1990,2,2,2,2,2,2,2,2,2,2
480328,3,1,1990,0,0,0,0,0,0,0,0,0,0
480329,1,1,1990,0,0,0,0,0,0,0,0,0,0
480330,0,1,1990,0,0,0,0,0,0,0,0,0,0
480330,1,1,1990,12,12,12,12,12,12,12,12,12,12
480331,1,1,1990,0,12,3,12,0,6,22,19,8,0
480332,1,1,1990,4,4,4,4,4,4,4,4,4,4
480333,1,1,1990,39,39,39,39,39,39,39,39,39,39
480334,0,1,1990,16,16,16,16,16,16,16,16,16,16
480334,1,1,1990,15,0,0,8,9,0,3,0,0,0
480335,1,1,1990,16,18,28,26,15,10,16,27,9,5
480336,1,1,1990,21,21,21,21,21,21,21,21,21,21
480337,1,1,1990,0,0,0,0,0,30,0,0,0,0
480337,2,1,1990,10,0,0,19,0,21,20,0,0,0
480338,0,1,1990,0,0,0,0,0,0,0,0,0,0
480338,1,1,1990,0,0,0,0,0,0,8,0,0,0
480340,1,1,1990,0,0,0,0,0,0,0,0,0,0
480341,1,1,1990,18,18,18,18,18,18,18,18,18,18
480342,1,1,1990,11,11,11,11,11,11,11,11,11,11
480343,0,1,1990,24,28,20,0,0,26,26,18,29,26
480343,1,1,1990,0,0,0,20,0,18,0,7,0,0
480344,1,1,1990,18,29,12,15,31,32,19,28,22,26
480345,0,1,1990,17,17,17,17,17,17,17,17,17,17
480345,1,1,1990,10,10,10,10,10,10,10,10,10,10
480346,1,1,1990,0,0,11,0,12,0,0,0,11,19
480347,1,1,1990,21,21,21,21,21,21,21,21,21,21
480348,1,1,1990,21,21,21,21,21,21,21,21,21,21
480349,1,1,1990,19,19,19,19,19,19,19,19,19,19
480349,2,1,1990,0,0,0,22,0,0,16,0,0,0
480350,0,1,1990,15,15,15,15,15,15,15,15,15,15
480350,1,1,1990,0,0,0,0,0,0,0,0,0,0
480351,1,1,1990,0,0,0,0,0,0,0,0,0,0
480352,1,1,1990,10,10,10,10,10,10,10,10,10,10
480352,2,1,1990,17,13,0,16,11,0,0,0,0,0
480353,1,1,1990,26,26,26,26,26,26,26,26,26,26
480355,1,1,1990,15,15,15,15,15,15,15,15,15,15
480356,1,1,1990,20,7,0,26,0,19,18,20,0,4
480356,2,1,1990,0,0,0,0,0,0,0,0,0,0
480357,1,1,1990,0,0,0,0,0,0,0,0,0,0
480358,0,1,1990,21,21,21,21,21,21,21,21,21,21
480358,1,1,1990,0,0,0,0,0,7,19,0,0,14
480359,1,1,1990,0,0,0,0,0,0,0,0,0,0
480360,1,1,1990,0,0,0,0,0,0,0,0,0,0
480360,2,1,1990,3,0,0,0,0,0,0,0,0,5
480361,1,1,1990,0,0,0,0,0,0,0,0,0,0
480361,2,1,1990,23,23,23,23,23,23,23,23,23,23
480362,1,1,1990,0,0,0,0,0,0,0,0,0,16
480362,2,1,1990,0,0,0,0,0,0,0,0,0,0
480363,1,1,1990,12,7,22,25,21,12,11,4,0,21
480364,1,1,1990,0,0,0,0,0,0,0,0,0,0
480364,2,1,1990,0,0,0,0,0,0,0,0,0,0
480364,3,1,1990,0,0,0,0,0,0,0,0,0,0
480365,1,1,1990,0,0,0,0,0,0,0,0,0,0
480365,2,1,1990,0,0,0,0,0,0,0,0,0,0
480366,1,1,1990,0,0,0,0,0,0,0,0,0,0
480366,2,1,1990,0,0,0,0,0,0,0,0,0,0
480367,1,1,1990,8,8,8,8,8,8,8,8,8,8
480367,2,1,1990,11,11,11,11,11,11,11,11,11,11
480368,0,1,1990,0,19,22,0,7,0,0,0,0,0
480368,1,1,1990,6,27,9,0,12,19,0,0,19,0
480368,2,1,1990,0,0,0,0,0,0,0,0,4,0
480369,1,1,1990,0,0,22,0,0,0,0,0,0,0
480370,1,1,1990,14,19,26,0,0,5,0,0,25,0
480371,1,1,1990,8,16,13,30,23,11,16,5,13,20
480372,1,1,1990,0,0,0,0,0,0,0,0,0,0
480372,2,1,1990,0,0,0,0,0,0,0,7,19,0
480373,1,1,1990,8,8,8,8,8,8,8,8,8,8
480373,2,1,1990,0,0,0,0,0,0,0,0,0,0
480374,1,1,1990,16,0,21,14,13,0,16,6,0,5
480375,1,1,1990,12,12,12,12,12,12,12,12,12,12
480376,1,1,1990,0,16,0,0,0,0,0,0,0,0
480376,2,1,1990,0,0,0,0,0,0,0,0,0,0
480377,1,1,1990,0,0,0,0,0,0,0,0,0,0
480377,2,1,1990,12,0,0,0,5,0,0,0,0,0
480378,1,1,1990,0,0,0,0,0,0,0,0,0,0
480378,2,1,1990,0,0,0,0,0,0,0,0,0,0
480379,0,1,1990,0,0,0,0,0,0,0,0,0,0
480379,1,1,1990,9,9,9,9,9,9,9,9,9,9
480380,1,1,1990,12,12,12,12,12,12,12,12,12,12
480381,1,1,1990,20,20,20,20,20,20,20,20,20,20
480382,1,1,1990,0,0,0,0,0,0,0,0,0,0
480382,2,1,1990,0,0,0,0,0,0,0,0,0,0
480384,1,1,1990,6,6,6,6,6,6,6,6,6,6
480385,1,1,1990,4,4,4,4,4,4,4,4,4,4
480385,2,1,1990,0,0,0,0,0,0,0,0,0,0
480386,1,1,1990,0,0,0,0,0,0,0,0,0,0
480386,2,1,1990,13,0,0,0,0,0,27,22,0,0
480387,0,1,1990,35,35,35,35,35,35,35,35,35,35
480387,1,1,1990,0,0,0,0,0,0,0,0,0,0
480388,0,1,1990,0,0,0,0,0,0,0,0,0,0
480388,1,1,1990,0,0,0,7,0,0,0,0,0,13
480388,3,1,1990,0,15,16,0,0,0,0,0,0,19
480389,1,1,1990,0,0,0,0,0,0,0,0,0,0
480389,2,1,1990,0,15,17,0,0,0,0,0,0,0
480390,1,1,1990,0,0,0,0,0,0,9,0,0,0
480390,2,1,1990,0,0,0,0,0,0,0,0,0,0
480391,1,1,1990,0,0,0,0,0,0,0,0,0,0
480391,2,1,1990,0,0,0,0,0,0,0,0,0,0
480392,1,1,1990,29,29,29,29,29,29,29,29,29,29
480392,2,1,1990,0,0,0,0,0,0,0,0,0,0
480393,0,1,1990,25,25,25,25,25,25,25,25,25,25
480393,1,1,1990,0,0,15,10,2,0,0,0,0,0
480394,1,1,1990,17,17,17,17,17,17,17,17,17,17
480395,1,1,1990,0,0,0,0,0,0,0,0,0,0
480395,2,1,1990,0,0,0,0,0,0,0,0,0,0
480396,1,1,1990,17,17,17,17,17,17,17,17,17,17
480397,1,1,1990,0,0,0,19,0,7,12,15,11,0
480398,0,1,1990,0,0,0,0,0,0,0,0,0,0
480398,1,1,1990,0,0,0,0,0,0,0,0,0,0
480399,0,1,1990,21,21,21,21,21,21,21,21,21,21
480399,1,1,1990,0,0,7,0,0,22,0,0,0,0
480400,1,1,1990,0,0,9,0,0,18,0,0,0,26
480401,1,1,1990,28,28,28,28,28,28,28,28,28,28
480402,1,1,1990,8,8,8,8,8,8,8,8,8,8
480402,2,1,1990,0,0,0,0,0,0,0,0,0,0
480403,1,1,1990,0,0,0,0,0,0,0,0,0,0
480404,1,1,1990,0,0,0,0,0,26,0,0,0,0
480404,2,1,1990,0,0,0,22,0,0,11,0,0,0
480404,3,1,1990,0,0,0,0,0,0,0,0,0,0
480405,1,1,1990,22,22,22,22,22,22,22,22,22,22
480406,0,1,1990,0,0,0,0,0,0,0,0,0,0
480406,1,1,1990,14,0,0,0,0,0,0,0,0,0
480407,1,1,1990,17,17,17,17,17,17,17,17,17,17
480408,1,1,1990,14,14,14,14,14,14,14,14,14,14
480409,1,1,1990,0,0,0,0,0,0,0,0,0,0
480409,2,1,1990,0,0,20,0,0,0,0,0,0,0
480410,1,1,1990,0,0,0,0,0,0,0,0,0,0
480410,2,1,1990,0,25,0,0,22,0,0,0,0,0
480410,3,1,1990,19,10,0,0,0,0,0,0,0,0
480411,0,1,1990,38,38,38,38,38,38,38,38,38,38
480411,1,1,1990,0,0,22,0,5,13,23,0,0,0
480412,1,1,1990,0,0,0,0,0,0,0,0,0,0
480413,1,1,1990,20,20,20,20,20,20,20,20,20,20
480413,2,1,1990,10,10,10,10,10,10,10,10,10,10
480414,1,1,1990,23,23,23,23,23,23,23,23,23,23
480415,1,1,1990,0,0,0,0,0,0,0,0,0,0
480415,2,1,1990,7,0,0,0,0,0,25,0,0,0
480416,1,1,1990,29,29,29,29,29,29,29,29,29,29
480416,2,1,1990,0,0,0,0,0,0,0,13,0,0
480417,1,1,1990,12,12,12,12,12,12,12,12,12,12
480418,1,1,1990,0,0,0,0,0,4,0,0,0,15
480418,2,1,1990,7,7,7,7,7,7,7,7,7,7
480419,1,1,1990,21,17,24,0,13,17,11,20,17,0
480420,1,1,1990,0,0,0,0,0,0,0,0,0,0
480420,2,1,1990,0,0,0,0,0,0,0,0,0,0
480420,3,1,1990,0,0,0,0,0,18,0,0,0,0
480420,4,1,1990,0,0,0,0,0,13,0,0,0,0
480421,0,1,1990,5,5,5,5,5,5,5,5,5,5
480421,1,1,1990,12,12,12,12,12,12,12,12,12,12
480422,1,1,1990,19,19,19,19,19,19,19,19,19,19
480422,2,1,1990,24,0,0,0,14,16,8,0,0,0
480423,1,1,1990,23,23,23,23,23,23,23,23,23,23
480424,1,1,1990,9,9,9,9,9,9,9,9,9,9
480425,1,1,1990,0,0,0,0,0,0,0,0,0,0
480425,2,1,1990,0,0,0,0,0,0,0,0,0,0
480426,0,1,1990,20,20,20,20,20,20,20,20,20,20
480426,1,1,1990,0,4,23,0,0,22,0,10,20,8
480427,1,1,1990,0,0,0,0,0,0,0,0,0,0
480427,2,1,1990,0,0,0,0,0,0,0,0,0,0
480428,1,1,1990,37,37,37,37,37,37,37,37,37,37
480428,2,1,1990,0,16,0,0,0,0,0,19,4,0
480429,1,1,1990,0,0,0,0,0,0,0,0,0,0
480430,1,1,1990,0,0,0,0,0,0,0,0,0,0
480431,0,1,1990,16,0,6,0,14,12,14,0,0,0
480431,1,1,1990,0,0,0,0,0,0,0,0,0,0
480432,0,1,1990,0,0,0,0,0,0,0,0,0,0
480432,0,2,1990,16,11,0,7,0,0,0,0,0,0
480432,1,1,1990,0,0,4,0,12,0,22,14,20,0
480433,0,1,1990,0,0,0,0,0,0,0,0,0,0
480433,1,1,1990,0,0,0,0,0,0,0,12,0,10
480434,1,1,1990,30,30,30,30,30,30,30,30,30,30
480435,1,1,1990,17,0,0,0,12,0,0,0,17,12
480436,0,1,1990,0,0,0,0,0,0,0,0,0,0
480436,1,1,1990,25,32,0,0,0,0,0,8,0,0
480437,1,1,1990,0,0,0,0,0,0,0,0,0,0
480438,1,1,1990,26,26,26,26,26,26,26,26,26,26
480439,1,1,1990,0,0,0,0,0,0,0,31,0,0
480439,2,1,1990,0,0,0,0,0,0,0,0,0,0
480440,1,1,1990,3,7,0,0,20,5,0,0,14,0
480440,2,1,1990,28,12,13,17,18,0,0,6,18,8
480441,1,1,1990,0,0,0,0,0,0,0,0,0,0
480441,2,1,1990,0,41,20,0,0,0,13,0,7,0
480443,1,1,1990,20,20,20,20,20,20,20,20,20,20
480444,1,1,1990,2,2,2,2,2,2,2,2,2,2
480444,2,1,1990,0,0,0,0,0,0,0,0,0,0
480445,1,1,1990,20,20,20,20,20,20,20,20,20,20
480446,1,1,1990,0,0,0,0,0,0,0,0,0,0
480446,2,1,1990,0,0,0,0,0,0,0,0,0,0
480447,1,1,1990,45,27,12,10,23,23,13,13,22,13
480448,1,1,1990,0,22,20,0,12,24,22,29,0,0
480449,0,1,1990,0,0,0,0,0,0,0,0,0,0
480449,1,1,1990,0,0,0,0,17,0,0,0,0,0
480450,1,1,1990,12,0,0,0,0,0,0,0,0,0
480450,2,1,1990,0,0,12,6,0,10,0,0,0,23
480451,1,1,1990,20,20,20,20,20,20,20,20,20,20
480452,0,1,1990,7,21,6,9,21,0,0,9,40,0
480452,1,1,1990,6,0,19,29,19,20,6,5,13,16
480453,0,1,1990,28,28,28,28,28,28,28,28,28,28
480453,1,1,1990,0,0,0,0,0,0,0,22,0,0
480454,1,1,1990,0,0,0,0,0,0,0,0,0,0
480454,2,1,1990,4,0,0,0,0,0,0,0,0,0
480455,1,1,1990,18,18,18,18,18,18,18,18,18,18
480456,0,1,1990,48,48,48,48,48,48,48,48,48,48
480456,1,1,1990,0,0,0,0,0,0,0,0,0,0
480457,1,1,1990,11,11,11,11,11,11,11,11,11,11
480458,1,1,1990,5,5,5,5,5,5,5,5,5,5
480458,2,1,1990,12,12,0,22,29,6,10,19,32,0
480458,3,1,1990,0,14,4,0,14,0,6,6,0,0
480459,0,1,1990,22,22,22,22,22,22,22,22,22,22
480459,1,1,1990,0,0,0,0,0,0,0,0,0,0
480460,1,1,1990,0,6,0,0,0,0,0,0,0,0
480461,1,1,1990,24,24,24,24,24,24,24,24,24,24
480462,1,1,1990,0,0,0,0,0,0,0,0,0,0
480462,2,1,1990,0,0,0,0,0,0,0,0,0,0
480463,1,1,1990,16,16,16,16,16,16,16,16,16,16
480464,1,1,1990,17,17,17,17,17,17,17,17,17,17
480465,1,1,1990,3,3,3,3,3,3,3,3,3,3
480465,2,1,1990,0,0,0,0,0,0,0,0,0,0
480466,1,1,1990,0,0,0,0,0,0,0,0,0,0
480467,1,1,1990,14,14,14,14,14,14,14,14,14,14
480468,1,1,1990,10,10,10,10,10,10,10,10,10,10
480469,0,1,1990,0,0,0,0,0,0,0,0,0,0
480469,1,1,1990,12,9,6,0,0,0,35,9,0,14
480470,1,1,1990,20,20,20,20,20,20,20,20,20,20
480471,1,1,1990,0,0,0,0,0,0,0,0,0,0
480472,1,1,1990,15,15,15,15,15,15,15,15,15,15
480473,1,1,1990,0,0,0,0,0,0,0,0,0,0
480473,2,1,1990,0,0,0,0,0,0,0,0,0,0
480474,1,1,1990,23,23,23,23,23,23,23,23,23,23
480475,0,1,1990,0,0,27,0,0,0,0,33,0,0
480475,1,1,1990,0,0,0,4,0,0,0,0,0,0
480476,1,1,1990,26,26,26,26,26,26,26,26,26,26
480477,1,1,1990,5,5,5,5,5,5,5,5,5,5
480478,1,1,1990,25,25,25,25,25,25,25,25,25,25
480479,1,1,1990,0,0,0,0,0,0,0,0,0,0
480480,1,1,1990,1,1,1,1,1,1,1,1,1,1
480480,2,1,1990,0,0,0,0,0,0,0,0,0,0
480481,1,1,1990,0,0,0,0,0,0,0,0,0,0
480482,1,1,1990,8,8,8,8,8,8,8,8,8,8
480482,2,1,1990,0,0,0,0,0,0,0,0,0,0
480483,1,1,1990,2,2,2,2,2,2,2,2,2,2
480483,2,1,1990,0,0,0,0,0,0,0,0,0,0
480484,1,1,1990,0,0,0,26,0,7,21,8,0,8
480485,1,1,1990,21,2,0,27,13,28,0,0,13,10
480485,2,1,1990,0,0,0,0,0,0,0,0,0,0
480486,1,1,1990,0,0,0,0,0,0,11,0,0,0
480486,2,1,1990,12,0,0,0,0,0,0,0,31,0
480487,1,1,1990,0,0,0,0,0,0,17,21,0,12
480488,1,1,1990,13,13,13,13,13,13,13,13,13,13
480489,1,1,1990,0,0,0,0,0,0,0,0,0,0
480490,1,1,1990,14,0,0,0,18,0,25,0,0,0
480490,2,1,1990,0,0,0,3,18,0,0,0,0,0
480491,1,1,1990,12,12,12,12,12,12,12,12,12,12
480491,2,1,1990,9,0,0,0,0,20,0,0,0,0
480492,1,1,1990,23,23,23,23,23,23,23,23,23,23
480493,1,1,1990,0,0,0,0,0,0,0,0,0,0
480493,2,1,1990,0,0,0,27,0,0,0,0,22,0
480493,3,1,1990,0,15,0,0,0,0,0,0,0,0
480494,1,1,1990,0,0,0,0,0,0,0,0,0,0
480494,2,1,1990,0,0,0,0,0,0,0,0,0,0
480495,1,1,1990,17,17,17,17,17,17,17,17,17,17
480495,2,1,1990,0,0,0,8,17,0,39,0,0,0
480496,1,1,1990,18,18,18,18,18,18,18,18,18,18
480497,1,1,1990,15,15,15,15,15,15,15,15,15,15
480498,1,1,1990,0,0,0,0,0,0,0,0,0,0
480499,1,1,1990,0,0,0,0,7,0,0,0,28,30
480500,0,1,1990,34,34,34,34,34,34,34,34,34,34
480500,1,1,1990,16,19,0,0,0,0,0,0,6,6
480501,1,1,1990,11,11,11,11,11,11,11,11,11,11
480502,1,1,1990,0,0,0,0,0,0,0,0,0,0
480502,2,1,1990,0,0,0,0,0,0,0,0,0,0
480502,3,1,1990,0,0,0,0,0,0,0,0,0,0
480502,4,1,1990,0,0,0,0,19,12,0,0,0,0
480503,1,1,1990,0,0,0,0,0,0,0,0,0,0
480503,2,1,1990,0,0,0,0,0,0,0,0,0,0
480504,0,1,1990,23,23,23,23,23,23,23,23,23,23
480504,1,1,1990,0,0,0,0,0,0,0,0,10,0
480505,0,1,1990,35,35,35,35,35,35,35,35,35,35
480505,1,1,1990,0,0,0,0,0,0,0,0,0,0
480506,1,1,1990,15,22,19,10,25,0,24,18,9,9
480507,1,1,1990,29,29,29,29,29,29,29,29,29,29
480507,2,1,1990,15,13,32,0,13,0,17,12,0,21
480508,0,1,1990,23,11,25,15,8,14,24,22,14,38
480508,1,1,1990,11,0,29,12,23,26,19,8,0,14
480509,1,1,1990,18,18,18,18,18,18,18,18,18,18
480509,2,1,1990,0,0,0,0,0,0,0,0,0,0
480510,0,1,1990,0,0,0,0,0,0,0,24,0,0
480510,1,1,1990,0,0,0,0,0,0,0,0,0,0
480511,1,1,1990,0,0,0,10,0,0,0,0,0,0
480512,1,1,1990,0,0,0,0,0,0,0,0,0,0
480513,1,1,1990,26,21,11,13,26,32,27,29,13,33
480514,1,1,1990,8,8,8,8,8,8,8,8,8,8
480515,0,1,1990,0,20,0,0,0,0,0,0,0,0
480515,1,1,1990,0,0,0,0,0,0,0,0,0,0
480516,1,1,1990,13,13,13,13,13,13,13,13,13,13
480517,0,1,1990,0,0,0,0,0,0,0,0,0,0
480517,1,1,1990,28,28,28,28,28,28,28,28,28,28
480518,0,1,1990,7,7,7,7,7,7,7,7,7,7
480518,1,1,1990,0,0,0,16,0,0,18,0,0,0
480519,0,1,1990,29,29,29,29,29,29,29,29,29,29
480519,1,1,1990,0,0,0,0,0,0,0,0,0,0
480520,1,1,1990,10,10,10,10,10,10,10,10,10,10
480520,2,1,1990,0,8,0,0,0,0,0,0,0,0
480520,3,1,1990,0,0,0,0,0,0,0,0,13,0
480521,1,1,1990,13,13,13,13,13,13,13,13,13,13
480522,1,1,1990,19,19,19,19,19,19,19,19,19,19
480523,1,1,1990,4,4,4,4,4,4,4,4,4,4
480524,1,1,1990,0,0,0,0,0,0,0,0,0,0
480524,2,1,1990,12,12,12,12,12,12,12,12,12,12
480524,3,1,1990,0,0,0,0,0,0,0,0,0,0
480525,1,1,1990,27,27,27,27,27,27,27,27,27,27
480525,2,1,1990,0,0,0,0,0,0,0,0,0,0
480526,0,1,1990,18,18,18,18,18,18,18,18,18,18