ST_CASE,VEH_NO,PER_NO,YEAR,P1,P2,P3,P4,P5,P6,P7,P8,P9,P10
480526,1,1,1990,13,0,0,0,37,0,19,14,12,0
480527,1,1,1990,18,18,18,18,18,18,18,18,18,18
480528,1,1,1990,17,17,17,17,17,17,17,17,17,17
480530,1,1,1990,14,0,0,0,0,0,0,13,0,0
480531,1,1,1990,6,6,6,6,6,6,6,6,6,6
480532,1,1,1990,8,14,5,0,0,23,0,0,0,0
480533,0,1,1990,0,0,0,0,0,0,0,0,0,0
480533,1,1,1990,0,0,0,0,0,0,0,0,0,0
480534,1,1,1990,0,0,0,0,0,0,0,0,0,0
480535,1,1,1990,4,4,4,4,4,4,4,4,4,4
480535,2,1,1990,0,0,0,25,0,0,0,0,0,0
480535,3,1,1990,24,7,0,20,15,15,0,9,0,0
480536,1,1,1990,0,0,8,0,13,0,0,0,18,0
480536,2,1,1990,0,0,0,0,0,0,0,0,0,0
480537,0,1,1990,0,0,0,0,0,0,0,0,0,0
480537,1,1,1990,0,0,0,0,0,0,0,0,0,0
480538,1,1,1990,28,28,28,28,28,28,28,28,28,28
480539,1,1,1990,5,5,5,5,5,5,5,5,5,5
480539,2,1,1990,0,0,0,0,0,0,0,0,0,0
480540,1,1,1990,0,0,0,0,0,0,0,0,0,0
480540,2,1,1990,0,4,0,0,0,0,0,0,0,0
480540,3,1,1990,0,0,0,0,0,0,0,0,0,0
480541,0,1,1990,0,0,0,0,0,0,0,0,0,0
480541,1,1,1990,0,0,0,0,0,0,0,0,0,0
480542,1,1,1990,16,16,16,16,16,16,16,16,16,16
480543,1,1,1990,0,0,0,0,0,0,0,0,0,0
480543,2,1,1990,0,0,0,0,0,0,0,0,0,0
480545,1,1,1990,0,0,0,0,0,0,0,0,0,0
480546,1,1,1990,0,0,0,0,0,0,0,0,0,0
480546,2,1,1990,0,0,0,0,0,0,0,0,0,0
480547,0,1,1990,0,0,0,0,0,0,0,0,0,0
480547,1,1,1990,9,17,0,0,0,0,0,0,0,0
480548,1,1,1990,0,0,0,0,0,0,0,0,0,0
480549,1,1,1990,20,20,20,20,20,20,20,20,20,20
480550,1,1,1990,10,0,17,0,34,13,0,0,29,11
480551,0,1,1990,26,26,26,26,26,26,26,26,26,26
480551,0,2,1990,0,0,17,19,0,0,0,21,0,12
480551,2,1,1990,7,0,11,0,0,0,0,0,0,0
480552,1,1,1990,8,8,8,8,8,8,8,8,8,8
480553,1,1,1990,20,17,15,39,7,0,11,0,21,7
480554,0,1,1990,1,1,1,1,1,1,1,1,1,1
480554,1,1,1990,0,0,0,0,0,0,0,0,0,0
480555,1,1,1990,0,0,0,0,0,0,0,23,0,0
480555,2,1,1990,0,0,0,0,0,0,0,0,0,0
480556,1,1,1990,0,0,0,0,0,0,0,0,0,0
480556,2,1,1990,0,0,0,0,0,0,0,0,0,0
480557,1,1,1990,20,20,20,20,20,20,20,20,20,20
480557,2,1,1990,0,0,0,0,0,24,28,11,0,16
480558,1,1,1990,0,0,0,0,0,0,0,0,0,7
480558,2,1,1990,0,0,0,0,0,0,0,0,0,0
480559,0,1,1990,14,14,14,14,14,14,14,14,14,14
480559,1,1,1990,28,28,28,28,28,28,28,28,28,28
480559,2,1,1990,11,15,0,0,0,14,0,0,0,0
480560,1,1,1990,0,0,0,0,0,8,0,0,0,5
480560,2,1,1990,0,0,8,18,0,0,0,0,9,0
480561,1,1,1990,0,0,0,0,0,0,0,0,0,0
480561,2,1,1990,0,0,0,0,0,0,0,0,23,0
480562,1,1,1990,0,0,0,0,0,0,0,0,0,0
480562,2,1,1990,0,0,0,0,0,0,0,0,0,0
480563,0,1,1990,0,0,0,22,0,0,30,17,0,0
480563,1,1,1990,11,10,13,0,0,0,0,0,0,0
480564,1,1,1990,0,0,0,0,0,0,0,0,0,0
480564,2,1,1990,12,12,12,12,12,12,12,12,12,12
480565,0,1,1990,0,0,0,0,0,0,0,0,0,0
480565,1,1,1990,0,0,0,0,0,0,0,0,0,0
480565,2,1,1990,12,0,0,0,0,0,21,0,0,0
480566,1,1,1990,1,1,1,1,1,1,1,1,1,1
480566,2,1,1990,0,0,0,0,0,0,0,0,0,0
480567,1,1,1990,22,22,22,22,22,22,22,22,22,22
480568,0,1,1990,32,32,32,32,32,32,32,32,32,32
480568,1,1,1990,0,0,0,0,0,0,0,0,0,0
480569,1,1,1990,19,19,19,19,19,19,19,19,19,19
480570,1,1,1990,0,0,0,0,0,0,0,19,0,0
480570,2,1,1990,18,0,18,0,0,8,0,0,0,0
480571,1,1,1990,18,18,18,18,18,18,18,18,18,18
480572,1,1,1990,2,2,2,2,2,2,2,2,2,2
480573,1,1,1990,0,0,0,0,0,0,0,0,0,0
480573,2,1,1990,0,0,0,0,0,0,0,0,0,0
480574,1,1,1990,23,23,23,23,23,23,23,23,23,23
480575,1,1,1990,0,0,0,0,0,0,0,0,0,0
480575,2,1,1990,0,24,0,0,0,0,0,0,0,0
480576,1,1,1990,31,31,31,31,31,31,31,31,31,31
480577,1,1,1990,4,4,4,4,4,4,4,4,4,4
480578,0,1,1990,0,0,0,0,0,0,0,0,0,0
480578,1,1,1990,0,0,0,0,0,0,0,0,0,0
480579,1,1,1990,0,0,0,0,0,0,0,0,0,0
480579,2,1,1990,0,0,0,0,0,0,0,0,2,0
480580,1,1,1990,13,13,13,13,13,13,13,13,13,13
480581,0,1,1990,8,0,0,27,32,0,0,34,40,20
480581,1,1,1990,0,0,0,0,0,0,13,0,22,0
480582,1,1,1990,0,0,0,0,0,0,0,0,0,0
480583,1,1,1990,11,11,11,11,11,11,11,11,11,11
480584,0,1,1990,12,17,28,34,12,23,36,15,40,18
480584,1,1,1990,0,0,11,0,0,0,0,0,0,0
480585,1,1,1990,0,0,0,0,0,0,0,0,0,0
480585,2,1,1990,4,4,4,4,4,4,4,4,4,4
480586,1,1,1990,0,13,0,12,8,0,18,22,21,8
480587,1,1,1990,17,17,17,17,17,17,17,17,17,17
480588,1,1,1990,0,0,0,0,0,0,0,0,0,0
480588,2,1,1990,0,0,0,0,0,0,0,0,0,0
480589,1,1,1990,21,15,21,0,39,57,16,19,0,16
480590,1,1,1990,26,26,26,26,26,26,26,26,26,26
480591,1,1,1990,0,12,0,0,0,0,0,0,0,0
480591,2,1,1990,0,0,0,0,0,9,0,0,0,0
480592,1,1,1990,0,21,0,0,27,0,0,14,10,0
480593,1,1,1990,7,7,7,7,7,7,7,7,7,7
480593,2,1,1990,9,0,17,0,0,6,20,0,0,0
480593,3,1,1990,0,0,0,0,0,13,0,6,0,0
480593,4,1,1990,0,0,0,8,0,0,0,0,11,0
480593,5,1,1990,0,18,20,9,15,8,0,0,11,0
480594,1,1,1990,17,17,17,17,17,17,17,17,17,17
480595,1,1,1990,16,16,16,16,16,16,16,16,16,16
480596,1,1,1990,0,0,0,0,0,0,0,0,0,0
480596,2,1,1990,0,0,21,0,0,19,0,0,0,0
480596,3,1,1990,0,0,0,0,0,18,0,0,0,0
480597,1,1,1990,14,17,10,0,0,0,0,5,13,0
480598,1,1,1990,10,10,10,10,10,10,10,10,10,10
480599,1,1,1990,5,14,0,0,0,0,0,0,0,23
480600,0,1,1990,0,0,0,0,0,0,0,0,0,0
480600,1,1,1990,0,0,0,0,14,0,0,30,0,0
480601,1,1,1990,0,0,0,0,0,0,0,0,0,0
480602,1,1,1990,0,0,0,0,0,0,0,0,0,0
480603,1,1,1990,0,0,17,18,0,0,0,0,0,0
480604,1,1,1990,0,0,0,0,0,0,20,0,0,0
480604,2,1,1990,0,0,0,3,0,0,0,0,0,0
480605,1,1,1990,0,0,0,0,0,0,0,0,0,0
480605,2,1,1990,0,0,0,0,0,0,0,0,0,0
480606,1,1,1990,0,0,0,0,0,0,0,0,0,0
480606,2,1,1990,0,0,0,6,4,0,0,0,0,0
480607,1,1,1990,0,0,11,0,0,0,20,0,0,0
480607,2,1,1990,0,0,0,0,0,0,0,0,0,0
480608,1,1,1990,30,30,30,30,30,30,30,30,30,30
480609,1,1,1990,15,15,15,15,15,15,15,15,15,15
480610,1,1,1990,13,13,13,13,13,13,13,13,13,13
480611,0,1,1990,15,15,15,15,15,15,15,15,15,15
480611,1,1,1990,11,0,0,0,0,14,0,0,11,0
480612,1,1,1990,22,22,22,22,22,22,22,22,22,22
480613,1,1,1990,0,0,0,0,0,0,0,0,0,0
480614,1,1,1990,0,0,0,0,0,0,0,0,0,0
480614,2,1,1990,0,0,8,0,0,0,0,0,0,0
480615,0,1,1990,22,22,22,22,22,22,22,22,22,22
480615,1,1,1990,0,0,0,0,0,0,0,0,0,0
480616,1,1,1990,42,10,17,33,37,23,44,12,19,0
480617,1,1,1990,0,0,0,0,0,0,0,0,0,32
480617,2,1,1990,0,0,0,0,0,0,0,0,0,0
480618,1,1,1990,19,19,19,19,19,19,19,19,19,19
480619,1,1,1990,6,6,6,6,6,6,6,6,6,6
480620,1,1,1990,29,29,29,29,29,29,29,29,29,29
480620,2,1,1990,0,0,0,0,0,16,0,2,0,18
480621,0,1,1990,17,17,17,17,17,17,17,17,17,17
480621,1,1,1990,5,0,0,0,0,0,0,0,16,3
480621,2,1,1990,0,17,11,32,0,15,15,17,16,6
480622,1,1,1990,10,10,10,10,10,10,10,10,10,10
480623,1,1,1990,0,0,0,0,0,0,0,0,0,0
480623,2,1,1990,0,0,0,0,0,0,0,0,0,0
480623,3,1,1990,0,13,0,0,0,0,0,0,10,0
480624,1,1,1990,15,15,15,15,15,15,15,15,15,15
480624,2,1,1990,0,0,0,0,0,0,0,0,0,0
480625,1,1,1990,20,20,20,20,20,20,20,20,20,20
480626,1,1,1990,0,0,0,0,0,0,0,0,0,0
480626,2,1,1990,0,0,0,0,0,0,0,0,0,0
480627,0,1,1990,18,18,18,18,18,18,18,18,18,18
480627,1,1,1990,13,22,7,24,7,0,0,0,0,19
480627,2,1,1990,4,0,0,0,12,13,0,31,18,9
480628,1,1,1990,0,0,0,0,0,0,0,0,0,0
480628,2,1,1990,0,0,0,0,0,0,0,0,0,0
480629,1,1,1990,12,17,24,28,0,16,25,12,0,13
480630,1,1,1990,0,0,0,27,0,0,0,0,24,0
480631,0,1,1990,0,0,0,0,0,0,0,0,0,0
480631,1,1,1990,7,7,7,7,7,7,7,7,7,7
480632,1,1,1990,0,0,0,0,0,0,0,0,0,0
480632,2,1,1990,13,0,0,15,0,0,0,0,0,12
480632,3,1,1990,0,0,0,0,0,0,0,0,0,0
480633,1,1,1990,0,0,31,16,0,3,0,0,24,25
480634,1,1,1990,0,0,0,0,0,0,0,0,0,0
480634,2,1,1990,0,0,0,0,0,7,0,0,0,0
480635,0,1,1990,0,0,0,0,0,0,0,0,0,0
480635,1,1,1990,0,0,0,0,0,0,0,0,0,0
480636,1,1,1990,0,0,0,0,0,0,0,0,0,0
480636,2,1,1990,0,0,23,0,0,0,0,0,16,0
480636,3,1,1990,0,0,0,0,0,0,0,0,0,5
480637,1,1,1990,0,0,0,0,0,0,0,0,0,0
480637,2,1,1990,0,0,14,0,0,0,0,0,0,0
480638,1,1,1990,4,4,4,4,4,4,4,4,4,4
480638,2,1,1990,0,0,0,0,0,0,0,0,0,0
480640,1,1,1990,0,0,0,0,0,0,0,0,0,0
480640,2,1,1990,9,9,9,9,9,9,9,9,9,9
480641,1,1,1990,20,19,0,22,3,0,0,0,7,0
480642,0,1,1990,0,0,0,0,0,0,0,0,0,0
480642,1,1,1990,0,0,0,0,0,0,0,0,0,0
480643,1,1,1990,0,0,0,0,0,0,0,0,0,0
480644,1,1,1990,23,23,23,23,23,23,23,23,23,23
480645,1,1,1990,2,2,2,2,2,2,2,2,2,2
480646,0,1,1990,0,16,0,21,0,22,0,19,44,0
480646,1,1,1990,0,0,0,0,12,0,0,0,0,0
480647,1,1,1990,41,41,41,41,41,41,41,41,41,41
480648,0,1,1990,0,0,0,0,0,0,0,0,0,0
480648,1,1,1990,0,0,6,0,0,0,0,0,0,0
480649,1,1,1990,11,11,11,11,11,11,11,11,11,11
480650,1,1,1990,23,23,23,23,23,23,23,23,23,23
480650,2,1,1990,0,0,0,0,0,0,0,0,0,0
480651,1,1,1990,0,10,0,0,0,0,0,11,0,0
480651,2,1,1990,0,0,0,0,0,0,0,0,0,0
480652,1,1,1990,23,23,23,23,23,23,23,23,23,23
480653,0,1,1990,21,21,21,21,21,21,21,21,21,21
480653,1,1,1990,0,0,0,14,0,14,0,0,6,0
480654,1,1,1990,0,0,0,0,0,0,0,0,0,0
480655,0,1,1990,0,0,0,0,0,0,0,0,0,0
480655,1,1,1990,0,0,0,0,0,0,0,0,0,0
480656,1,1,1990,0,0,0,0,0,0,0,6,0,0
480657,1,1,1990,0,0,0,0,0,0,0,6,0,0
480657,2,1,1990,0,0,0,0,0,0,0,0,0,0
480658,0,1,1990,0,0,0,0,0,0,0,0,0,0
480658,1,1,1990,0,0,9,0,0,0,0,0,0,0
480659,1,1,1990,0,0,0,0,0,0,0,0,0,0
480660,0,1,1990,15,15,15,15,15,15,15,15,15,15
480660,1,1,1990,0,17,6,0,27,0,17,18,16,21
480660,2,1,1990,0,0,0,18,5,0,14,0,0,12
480660,3,1,1990,21,18,21,18,21,0,20,16,15,39
480661,1,1,1990,0,0,0,0,0,0,0,0,0,0
480662,1,1,1990,0,0,0,0,0,0,0,0,0,0
480662,2,1,1990,0,0,0,0,0,0,0,0,12,0
480663,1,1,1990,0,0,0,0,0,0,0,19,8,0
480663,2,1,1990,0,0,0,0,0,0,0,0,0,0
480664,0,1,1990,4,4,4,4,4,4,4,4,4,4
480664,1,1,1990,0,25,0,0,0,23,25,4,0,0
480665,1,1,1990,10,10,10,10,10,10,10,10,10,10
480665,2,1,1990,0,0,0,0,0,0,0,0,0,0
480666,1,1,1990,12,12,12,12,12,12,12,12,12,12
480667,0,1,1990,23,23,23,23,23,23,23,23,23,23
480667,1,1,1990,0,4,11,0,0,8,0,12,19,0
480667,2,1,1990,0,16,0,0,6,9,15,14,0,5
480668,1,1,1990,0,22,14,0,0,10,28,0,16,0
480669,1,1,1990,13,0,0,10,0,13,0,0,0,22
480669,2,1,1990,0,0,0,0,0,0,0,0,0,34
480670,1,1,1990,0,0,0,0,0,0,0,0,0,0
480671,1,1,1990,10,8,0,0,0,0,9,0,0,10
480672,1,1,1990,11,11,11,11,11,11,11,11,11,11
480672,2,1,1990,11,0,0,0,0,16,13,0,0,9
480673,1,1,1990,16,13,12,25,29,27,30,30,30,40
480674,1,1,1990,12,24,20,18,37,5,28,26,11,22
480674,2,1,1990,25,25,25,25,25,25,25,25,25,25
480675,1,1,1990,14,14,14,14,14,14,14,14,14,14
480676,1,1,1990,0,17,10,24,22,4,26,0,0,17
480676,2,1,1990,0,0,12,0,23,0,0,0,0,0
480677,0,1,1990,0,0,0,0,0,0,0,0,0,0
480677,1,1,1990,0,0,0,0,0,21,0,0,0,0
480678,1,1,1990,0,4,0,17,12,18,11,26,26,16
480679,1,1,1990,24,17,28,11,13,28,15,27,8,25
480679,2,1,1990,0,0,15,6,0,0,0,0,0,0
480680,0,1,1990,15,15,15,15,15,15,15,15,15,15
480680,1,1,1990,14,14,14,14,14,14,14,14,14,14
480681,1,1,1990,0,0,0,0,0,0,0,0,0,0
480682,1,1,1990,7,22,18,0,3,11,3,19,8,27
480683,1,1,1990,23,23,23,23,23,23,23,23,23,23
480684,1,1,1990,28,28,28,28,28,28,28,28,28,28
480685,1,1,1990,0,0,13,0,5,0,0,0,17,0
480685,2,1,1990,0,0,0,0,0,0,0,0,0,0
480686,1,1,1990,1,20,0,0,0,0,0,0,0,0
480687,1,1,1990,45,45,45,45,45,45,45,45,45,45
480688,1,1,1990,15,15,15,15,15,15,15,15,15,15
480689,1,1,1990,23,23,23,23,23,23,23,23,23,23
480689,2,1,1990,0,0,0,0,0,0,0,0,0,0
480690,1,1,1990,0,0,0,0,0,0,0,0,0,0
480690,2,1,1990,0,0,0,0,0,0,0,0,0,0
480691,1,1,1990,21,0,0,0,0,21,26,0,0,0
480691,2,1,1990,0,0,0,0,11,0,0,0,0,0
480692,1,1,1990,0,0,13,0,0,0,0,0,0,0
480693,1,1,1990,12,12,12,12,12,12,12,12,12,12
480694,1,1,1990,23,23,23,23,23,23,23,23,23,23
480695,0,1,1990,17,17,17,17,17,17,17,17,17,17
480695,1,1,1990,9,9,9,9,9,9,9,9,9,9
480696,1,1,1990,0,11,24,10,0,14,12,0,6,0
480697,1,1,1990,13,13,13,13,13,13,13,13,13,13
480697,2,1,1990,11,11,11,11,11,11,11,11,11,11
480698,1,1,1990,0,0,0,0,0,0,0,8,0,0
480698,2,1,1990,0,0,0,0,0,0,0,0,0,0
480699,1,1,1990,15,15,15,15,15,15,15,15,15,15
480700,1,1,1990,0,0,0,0,0,0,0,0,10,0
480701,1,1,1990,0,0,0,0,14,0,0,13,0,0
480702,0,1,1990,0,20,0,0,30,0,26,0,0,0
480702,1,1,1990,18,18,18,18,18,18,18,18,18,18
480704,1,1,1990,14,14,14,14,14,14,14,14,14,14
480705,1,1,1990,26,26,26,26,26,26,26,26,26,26
480706,1,1,1990,0,0,0,0,0,0,0,0,0,0
480706,2,1,1990,2,2,2,2,2,2,2,2,2,2
480707,1,1,1990,0,0,0,0,0,0,0,0,0,0
480707,2,1,1990,0,0,0,0,0,0,0,0,0,0
480708,1,1,1990,0,0,0,0,0,0,0,0,0,0
480708,2,1,1990,0,0,0,0,0,0,0,0,0,0
480709,1,1,1990,0,0,0,0,0,0,0,0,0,0
480710,1,1,1990,10,10,10,10,10,10,10,10,10,10
480711,1,1,1990,27,27,27,27,27,27,27,27,27,27
480712,0,1,1990,26,20,24,0,8,10,0,37,0,16
480712,1,1,1990,0,0,0,0,0,0,0,10,7,28
480713,1,1,1990,6,6,6,6,6,6,6,6,6,6
480714,1,1,1990,18,18,18,18,18,18,18,18,18,18
480715,0,1,1990,0,0,0,0,0,0,0,0,0,0
480715,1,1,1990,10,10,10,10,10,10,10,10,10,10
480716,1,1,1990,21,18,14,8,19,23,19,0,4,19
480717,1,1,1990,0,0,0,0,0,0,0,0,0,0
480718,1,1,1990,0,0,0,0,0,0,0,0,15,0
480719,1,1,1990,17,17,17,17,17,17,17,17,17,17
480719,2,1,1990,4,4,4,4,4,4,4,4,4,4
480720,1,1,1990,17,17,17,17,17,17,17,17,17,17
480721,1,1,1990,21,28,0,0,0,10,13,0,0,0
480722,1,1,1990,19,19,19,19,19,19,19,19,19,19
480724,1,1,1990,25,25,25,25,25,25,25,25,25,25
480725,1,1,1990,0,0,0,0,7,14,0,0,0,0
480725,2,1,1990,0,0,0,0,0,0,0,0,0,0
480726,1,1,1990,0,0,0,0,0,0,0,0,0,0
480727,1,1,1990,0,0,0,0,0,0,0,0,0,0
480727,2,1,1990,14,14,14,14,14,14,14,14,14,14
480728,1,1,1990,8,8,8,8,8,8,8,8,8,8
480729,1,1,1990,32,32,32,32,32,32,32,32,32,32
480730,1,1,1990,16,16,16,16,16,16,16,16,16,16
480731,0,1,1990,30,8,0,0,0,24,0,11,18,0
480731,0,2,1990,31,24,0,0,27,26,29,0,0,0
480731,1,1,1990,17,17,17,17,17,17,17,17,17,17
480732,0,1,1990,0,0,0,0,0,0,0,0,0,0
480732,1,1,1990,0,0,0,0,0,0,0,0,0,0
480733,1,1,1990,12,12,12,12,12,12,12,12,12,12
480734,1,1,1990,0,0,0,0,0,0,0,0,0,0
480734,2,1,1990,0,0,0,0,0,0,0,0,0,0
480735,0,1,1990,0,13,0,0,0,0,0,5,0,0
480735,0,2,1990,0,0,0,13,0,0,0,0,0,0
480735,1,1,1990,0,0,0,0,0,0,0,0,0,19
480736,0,1,1990,0,25,0,0,0,20,0,0,0,0
480736,1,1,1990,0,22,0,12,0,0,8,0,0,3
480737,0,1,1990,22,22,22,22,22,22,22,22,22,22
480737,1,1,1990,13,16,0,0,20,0,13,0,0,0
480738,1,1,1990,0,0,0,0,0,0,0,0,0,0
480738,2,1,1990,0,0,0,0,0,0,7,0,0,0
480739,1,1,1990,12,23,13,0,0,12,0,0,0,0
480739,2,1,1990,0,31,0,0,0,0,0,0,0,0
480740,0,1,1990,0,0,0,17,0,0,0,0,36,0
480740,1,1,1990,0,0,14,0,12,0,0,11,0,0
480742,1,1,1990,18,18,18,18,18,18,18,18,18,18
480743,1,1,1990,0,0,0,0,0,0,0,0,0,0
480743,2,1,1990,0,0,27,0,0,20,0,0,27,17
480743,3,1,1990,0,0,0,0,0,0,0,0,0,0
480743,4,1,1990,0,0,0,0,0,0,0,0,0,0
480744,0,1,1990,0,0,0,0,0,0,0,0,0,0
480744,1,1,1990,0,0,0,0,0,0,0,0,0,0
480745,1,1,1990,0,0,0,0,0,19,0,0,0,0
480745,2,1,1990,0,0,0,0,0,0,0,0,0,0
480745,3,1,1990,0,0,0,0,0,0,0,0,0,31
480746,1,1,1990,22,22,22,22,22,22,22,22,22,22
480746,2,1,1990,12,42,16,0,0,0,9,0,7,10
480748,0,1,1990,0,0,0,0,0,0,0,0,0,0
480748,1,1,1990,0,0,0,0,0,0,0,0,0,0
480749,1,1,1990,23,0,0,11,15,31,48,18,17,0
480750,1,1,1990,5,17,16,46,10,23,0,16,9,14
480750,2,1,1990,12,12,12,12,12,12,12,12,12,12
480751,1,1,1990,8,8,8,12,35,25,38,17,20,14
480752,1,1,1990,19,19,19,19,19,19,19,19,19,19
480753,1,1,1990,0,0,0,0,0,0,15,0,0,0
480753,2,1,1990,0,0,0,0,0,0,0,0,0,0
480754,0,1,1990,0,0,0,0,0,0,0,0,0,0
480754,1,1,1990,0,0,0,0,0,12,4,0,0,0
480755,1,1,1990,0,0,0,0,0,0,0,0,0,0
480755,2,1,1990,0,0,0,0,0,0,0,0,0,0
480756,1,1,1990,0,0,0,0,0,0,0,0,0,0
480756,2,1,1990,0,18,0,0,0,0,0,0,0,12
480757,1,1,1990,14,14,14,14,14,14,14,14,14,14
480758,1,1,1990,20,0,0,17,0,0,20,0,0,0
480759,1,1,1990,12,0,0,16,15,19,0,16,0,17
480759,2,1,1990,11,11,11,11,11,11,11,11,11,11
480760,1,1,1990,0,0,30,0,0,0,0,22,0,0
480761,1,1,1990,0,0,0,0,0,7,0,0,13,0
480762,1,1,1990,0,0,0,0,0,0,0,0,0,0
480762,2,1,1990,0,0,0,0,0,0,0,0,0,0
480763,1,1,1990,0,0,0,0,0,0,0,0,0,0
480764,1,1,1990,0,0,0,0,0,0,0,0,0,0
480764,2,1,1990,19,11,0,12,9,0,0,11,0,0
480765,0,1,1990,0,0,0,0,0,0,0,0,15,0
480765,1,1,1990,0,0,0,0,0,0,0,0,0,0
480766,1,1,1990,18,18,18,18,18,18,18,18,18,18
480766,2,1,1990,0,0,0,0,7,0,0,0,23,0
480767,1,1,1990,18,21,10,27,21,25,14,12,33,20
480768,1,1,1990,0,0,0,0,0,0,0,0,0,0
480769,0,1,1990,0,0,0,0,30,0,0,0,0,0
480769,0,2,1990,0,0,0,0,0,0,0,0,0,0
480769,1,1,1990,0,0,0,0,0,0,0,0,0,0
480770,1,1,1990,6,8,10,0,8,9,20,0,17,17
480770,2,1,1990,0,0,17,0,0,0,0,0,0,0
480771,1,1,1990,0,0,0,0,0,0,0,0,12,0
480771,2,1,1990,0,0,0,0,0,0,0,0,0,5
480772,1,1,1990,20,20,20,20,20,20,20,20,20,20
480773,1,1,1990,27,23,0,13,34,9,13,0,20,0
480774,1,1,1990,0,16,8,18,36,0,4,0,13,16
480775,0,1,1990,18,18,18,18,18,18,18,18,18,18
480775,1,1,1990,15,15,15,15,15,15,15,15,15,15
480776,1,1,1990,21,21,21,21,21,21,21,21,21,21
480776,2,1,1990,0,0,0,0,0,0,0,0,0,0
480777,1,1,1990,24,24,24,24,24,24,24,24,24,24
480778,0,1,1990,30,30,30,30,30,30,30,30,30,30
480778,1,1,1990,23,28,14,15,20,9,9,6,19,13
480779,1,1,1990,20,20,20,20,20,20,20,20,20,20
480780,1,1,1990,23,23,23,23,23,23,23,23,23,23
480781,1,1,1990,16,16,16,16,16,16,16,16,16,16
480782,1,1,1990,0,0,7,12,10,0,0,0,0,0
480782,2,1,1990,22,22,22,22,22,22,22,22,22,22
480782,3,1,1990,0,0,9,0,0,0,0,0,0,0
480783,1,1,1990,22,22,22,22,22,22,22,22,22,22
480784,1,1,1990,22,30,10,0,4,14,4,20,16,0
480786,1,1,1990,0,0,10,0,0,0,0,0,7,0
480787,1,1,1990,0,12,7,0,0,16,0,42,18,0
480787,2,1,1990,10,0,0,0,0,0,0,0,0,0
480788,1,1,1990,35,35,35,35,35,35,35,35,35,35
480789,1,1,1990,15,15,15,15,15,15,15,15,15,15
480790,1,1,1990,0,0,0,0,10,12,0,0,0,0
480790,2,1,1990,0,0,0,0,0,0,0,0,0,0
480791,0,1,1990,15,0,0,14,16,0,19,22,0,25
480791,1,1,1990,0,11,0,0,0,17,0,10,0,0
480792,1,1,1990,0,0,0,0,0,0,0,0,0,0
480792,2,1,1990,0,0,0,0,0,0,0,0,0,0
480793,1,1,1990,0,0,0,4,0,17,0,0,0,0
480793,2,1,1990,0,0,0,0,16,0,0,0,0,12
480794,1,1,1990,34,34,34,34,34,34,34,34,34,34
480795,1,1,1990,0,0,0,0,0,0,0,0,0,0
480795,2,1,1990,0,0,0,0,0,0,0,0,0,0
480796,1,1,1990,28,28,28,28,28,28,28,28,28,28
480797,1,1,1990,19,19,19,19,19,19,19,19,19,19
480797,2,1,1990,2,2,2,2,2,2,2,2,2,2
480798,1,1,1990,0,0,0,0,0,0,0,0,0,0
480799,1,1,1990,12,0,0,0,0,0,0,0,0,11
480800,0,1,1990,0,0,0,0,0,0,0,0,0,0
480800,1,1,1990,0,0,0,0,0,0,0,0,0,0
480801,1,1,1990,0,0,0,0,0,0,22,0,0,0
480801,2,1,1990,0,0,0,0,0,0,0,0,0,0
480802,1,1,1990,15,15,15,15,15,15,15,15,15,15
480802,2,1,1990,21,21,21,21,21,21,21,21,21,21
480803,1,1,1990,19,19,19,19,19,19,19,19,19,19
480804,1,1,1990,12,12,12,12,12,12,12,12,12,12
480805,1,1,1990,0,0,0,0,0,0,0,0,0,0
480805,2,1,1990,0,0,0,0,0,0,0,0,0,0
480806,1,1,1990,0,0,0,0,0,0,0,4,0,0
480806,2,1,1990,0,34,15,12,16,11,0,15,0,0
480807,1,1,1990,0,0,0,0,0,0,0,0,0,0
480807,2,1,1990,0,0,0,0,0,0,0,0,0,0
480807,3,1,1990,0,0,0,0,0,0,0,0,0,0
480808,1,1,1990,0,13,10,0,18,13,18,30,17,18
480808,2,1,1990,0,0,0,0,0,0,0,0,0,0
480809,1,1,1990,0,0,0,0,0,0,0,0,0,0
480809,2,1,1990,0,0,0,0,0,0,0,0,0,0
480809,3,1,1990,13,0,0,0,0,0,0,0,0,0
480810,1,1,1990,7,7,7,7,7,7,7,7,7,7
480811,1,1,1990,0,0,0,0,0,0,0,0,0,0
480812,1,1,1990,19,20,28,9,0,28,28,18,33,10