ST_CASE,VEH_NO,PER_NO,YEAR,P1,P2,P3,P4,P5,P6,P7,P8,P9,P10
481352,2,1,1990,0,0,0,0,0,0,0,0,0,0
481352,3,1,1990,0,13,11,10,0,17,26,9,0,0
481353,1,1,1990,13,13,13,13,13,13,13,13,13,13
481354,1,1,1990,27,27,27,27,27,27,27,27,27,27
481355,1,1,1990,0,19,0,0,0,0,0,0,0,0
481355,2,1,1990,0,0,0,0,0,0,0,0,0,33
481356,1,1,1990,0,22,0,0,0,0,0,14,0,0
481356,2,1,1990,0,0,0,0,0,0,0,0,0,0
481357,1,1,1990,19,19,19,19,19,19,19,19,19,19
481358,1,1,1990,12,12,12,12,12,12,12,12,12,12
481358,2,1,1990,0,0,0,34,17,0,10,0,12,0
481359,0,1,1990,24,13,26,17,30,15,0,6,7,15
481359,1,1,1990,11,12,0,18,18,19,26,14,23,18
481360,1,1,1990,11,11,11,11,11,11,11,11,11,11
481361,1,1,1990,0,12,0,14,0,0,0,0,0,0
481362,1,1,1990,0,0,0,0,33,0,0,0,0,0
481363,1,1,1990,11,0,10,0,0,0,15,0,16,0
481364,0,1,1990,28,26,1,8,32,30,0,26,31,22
481364,1,1,1990,23,0,0,0,0,0,13,7,0,0
481365,1,1,1990,0,6,0,19,0,0,9,0,0,0
481365,2,1,1990,0,0,0,0,0,0,0,0,0,0
481366,1,1,1990,0,5,0,0,0,0,0,10,0,0
481366,2,1,1990,0,0,0,0,0,0,0,0,0,0
481367,1,1,1990,0,0,0,0,0,0,0,0,0,0
481368,0,1,1990,0,0,0,0,0,0,0,0,0,0
481368,1,1,1990,0,0,0,0,0,0,0,0,6,0
481369,0,1,1990,13,13,13,13,13,13,13,13,13,13
481369,1,1,1990,0,0,0,0,0,0,0,0,0,0
481370,1,1,1990,14,14,14,14,14,14,14,14,14,14
481370,2,1,1990,0,11,4,0,11,11,23,29,0,0
481371,1,1,1990,24,24,24,24,24,24,24,24,24,24
481371,2,1,1990,16,13,0,0,0,0,0,0,0,17
481372,1,1,1990,0,6,0,0,0,0,0,13,0,12
481372,2,1,1990,17,17,17,17,17,17,17,17,17,17
481372,3,1,1990,0,0,12,8,0,0,0,0,0,0
481373,1,1,1990,0,0,0,0,0,0,0,0,0,0
481374,1,1,1990,0,0,0,0,0,0,0,0,0,0
481375,1,1,1990,0,0,0,0,0,0,5,0,0,0
481375,2,1,1990,0,0,0,0,0,0,0,0,0,0
481376,1,1,1990,0,0,0,0,14,0,0,23,0,0
481377,0,1,1990,34,35,18,24,5,22,0,17,27,0
481377,0,2,1990,33,7,0,17,27,9,20,4,0,0
481377,1,1,1990,0,0,0,0,0,0,4,0,0,0
481378,0,1,1990,0,0,0,0,26,0,0,0,0,0
481378,1,1,1990,17,17,17,17,17,17,17,17,17,17
481379,0,1,1990,0,11,13,0,0,13,0,0,0,12
481379,1,1,1990,0,0,0,13,18,5,28,34,20,0
481380,1,1,1990,15,0,0,0,0,12,0,0,13,0
481380,2,1,1990,0,0,0,0,0,0,0,0,13,0
481381,1,1,1990,22,22,22,22,22,22,22,22,22,22
481382,1,1,1990,0,27,23,0,0,23,0,0,0,0
481383,1,1,1990,0,0,0,0,0,0,0,0,0,0
481384,1,1,1990,0,0,25,0,0,0,0,0,0,0
481384,2,1,1990,6,8,7,6,0,15,26,21,8,8
481385,1,1,1990,14,14,14,14,14,14,14,14,14,14
481385,2,1,1990,0,0,0,0,0,0,0,0,0,0
481386,1,1,1990,23,23,23,23,23,23,23,23,23,23
481387,1,1,1990,9,9,9,9,9,9,9,9,9,9
481387,2,1,1990,22,22,22,22,22,22,22,22,22,22
481388,1,1,1990,17,17,17,17,17,17,17,17,17,17
481389,1,1,1990,11,11,11,11,11,11,11,11,11,11
481390,1,1,1990,26,26,26,26,26,26,26,26,26,26
481391,1,1,1990,0,0,0,0,0,0,0,0,0,0
481391,2,1,1990,21,21,21,21,21,21,21,21,21,21
481392,1,1,1990,2,2,2,2,2,2,2,2,2,2
481392,2,1,1990,0,16,15,23,0,19,0,0,0,0
481393,0,1,1990,17,17,17,17,17,17,17,17,17,17
481393,1,1,1990,0,0,0,0,0,0,0,19,10,0
481393,2,1,1990,0,0,0,0,14,0,0,0,0,0
481394,1,1,1990,0,0,0,18,13,11,14,0,10,25
481395,1,1,1990,12,9,25,0,0,28,21,28,12,18
481396,1,1,1990,11,11,11,11,11,11,11,11,11,11
481397,1,1,1990,22,22,22,22,22,22,22,22,22,22
481397,2,1,1990,0,13,0,0,0,15,0,17,23,22
481397,3,1,1990,0,0,12,0,0,0,0,0,0,0
481398,1,1,1990,15,17,28,0,0,20,28,0,17,0
481399,0,1,1990,33,33,33,33,33,33,33,33,33,33
481399,1,1,1990,14,0,0,0,0,0,0,0,0,0
481400,0,1,1990,10,25,0,0,11,13,5,3,23,0
481400,0,2,1990,0,0,0,0,0,0,0,0,0,0
481400,0,3,1990,0,0,0,0,0,0,0,0,0,0
481400,0,4,1990,0,0,0,0,0,0,0,0,0,0
481400,1,1,1990,15,19,14,10,19,17,28,23,3,11
481401,1,1,1990,14,14,14,14,14,14,14,14,14,14
481402,1,1,1990,0,0,0,0,0,0,0,0,0,0
481402,2,1,1990,0,0,0,0,0,0,0,0,0,0
481403,1,1,1990,14,14,14,14,14,14,14,14,14,14
481404,1,1,1990,33,21,12,18,7,23,9,5,11,14
481405,1,1,1990,0,0,0,0,0,0,0,0,0,0
481406,1,1,1990,0,0,0,0,0,0,0,0,0,0
481406,2,1,1990,0,0,0,0,0,0,0,0,0,0
481407,0,1,1990,0,0,0,0,0,0,0,0,0,0
481407,1,1,1990,8,0,0,0,0,0,0,14,0,0
481408,1,1,1990,0,0,0,0,0,0,0,0,0,0
481408,2,1,1990,25,25,25,25,25,25,25,25,25,25
481409,1,1,1990,0,2,0,0,0,0,0,0,0,0
481409,2,1,1990,0,0,15,0,22,26,19,0,0,15
481410,1,1,1990,0,0,0,0,0,0,0,0,0,0
481411,1,1,1990,14,0,0,0,20,0,0,0,0,15
481412,0,1,1990,24,0,43,0,0,20,25,0,0,12
481412,1,1,1990,0,24,0,0,22,0,16,17,12,0
481413,1,1,1990,33,33,33,33,33,33,33,33,33,33
481414,1,1,1990,0,0,0,0,0,0,0,19,0,0
481414,2,1,1990,19,19,19,19,19,19,19,19,19,19
481415,1,1,1990,29,29,29,29,29,29,29,29,29,29
481416,1,1,1990,0,0,0,0,0,0,0,0,0,0
481417,1,1,1990,0,0,0,0,0,0,0,0,0,0
481417,2,1,1990,0,0,0,0,0,0,0,0,0,0
481418,1,1,1990,24,24,24,24,24,24,24,24,24,24
481419,1,1,1990,0,0,0,0,0,0,0,0,0,0
481419,2,1,1990,0,0,0,0,0,0,0,0,0,0
481419,3,1,1990,0,0,0,0,0,0,0,0,0,0
481419,4,1,1990,0,0,30,18,0,19,0,0,17,12
481420,1,1,1990,29,29,29,29,29,29,29,29,29,29
481421,1,1,1990,17,17,17,17,17,17,17,17,17,17
481422,1,1,1990,21,21,21,21,21,21,21,21,21,21
481423,1,1,1990,0,0,0,0,0,0,7,0,0,0
481423,2,1,1990,26,12,11,11,24,10,30,21,16,17
481424,1,1,1990,0,0,0,0,0,0,0,0,0,0
481425,1,1,1990,0,0,0,0,0,0,0,0,0,0
481426,1,1,1990,0,10,0,0,0,14,0,0,0,0
481426,2,1,1990,6,0,0,0,15,0,0,0,0,0
481426,3,1,1990,0,0,0,0,0,0,0,13,0,0
481427,0,1,1990,12,12,12,12,12,12,12,12,12,12
481427,1,1,1990,11,21,15,9,19,19,0,19,19,0
481428,1,1,1990,0,0,0,0,0,0,0,0,0,0
481428,2,1,1990,6,19,0,0,0,0,0,0,4,0
481429,1,1,1990,31,31,31,31,31,31,31,31,31,31
481429,2,1,1990,0,12,22,0,21,24,0,7,0,0
481429,3,1,1990,0,0,0,4,0,17,3,0,0,0
481430,1,1,1990,0,0,0,0,0,0,0,0,0,0
481431,1,1,1990,0,0,0,0,0,0,0,0,0,0
481432,1,1,1990,0,20,0,0,0,0,23,0,0,0
481432,2,1,1990,0,0,0,0,0,0,0,0,0,0
481433,1,1,1990,21,0,0,0,9,0,0,10,7,0
481433,2,1,1990,21,21,21,21,21,21,21,21,21,21
481434,1,1,1990,0,0,0,0,0,0,20,0,13,0
481434,2,1,1990,0,0,0,0,0,0,0,12,0,0
481435,1,1,1990,0,0,0,0,0,0,0,0,0,7
481436,0,1,1990,0,0,0,0,0,0,0,0,0,0
481436,1,1,1990,0,0,0,0,0,0,0,0,0,0
481437,1,1,1990,8,8,8,8,8,8,8,8,8,8
481438,1,1,1990,21,18,30,34,9,15,13,36,20,31
481439,1,1,1990,21,21,21,21,21,21,21,21,21,21
481440,1,1,1990,0,0,0,24,0,0,0,0,22,0
481440,2,1,1990,18,18,18,18,18,18,18,18,18,18
481441,1,1,1990,18,27,17,28,18,25,25,26,34,21
481442,0,1,1990,0,0,0,0,0,0,0,0,0,0
481442,1,1,1990,0,0,0,0,0,0,0,0,0,0
481443,1,1,1990,18,18,18,18,18,18,18,18,18,18
481444,1,1,1990,19,19,19,19,19,19,19,19,19,19
481445,1,1,1990,0,0,0,0,0,0,0,0,0,0
481445,2,1,1990,0,0,0,0,0,0,0,0,0,0
481445,3,1,1990,9,0,0,0,0,0,0,16,0,0
481445,4,1,1990,0,0,0,0,0,0,0,0,0,0
481446,1,1,1990,0,0,0,0,0,0,0,0,0,0
481446,2,1,1990,0,0,0,0,0,0,0,0,0,0
481447,0,1,1990,8,8,8,8,8,8,8,8,8,8
481447,1,1,1990,21,21,21,21,21,21,21,21,21,21
481448,1,1,1990,0,0,0,0,0,0,0,0,0,8
481448,2,1,1990,0,0,0,0,0,0,0,0,0,0
481449,1,1,1990,13,13,13,13,13,13,13,13,13,13
481449,3,1,1990,0,0,10,0,0,0,0,0,0,0
481449,4,1,1990,19,0,0,0,0,0,0,0,0,20
481450,0,1,1990,0,0,0,0,0,0,0,0,0,0
481450,1,1,1990,0,0,0,0,0,0,0,0,2,0
481451,1,1,1990,0,0,0,0,0,0,0,0,0,0
481452,1,1,1990,5,5,5,5,5,5,5,5,5,5
481453,1,1,1990,0,0,0,0,0,0,0,0,0,0
481454,0,1,1990,5,5,5,5,5,5,5,5,5,5
481454,1,1,1990,0,0,0,10,0,0,0,6,0,0
481455,1,1,1990,0,0,0,0,0,0,0,0,0,0
481455,2,1,1990,0,0,0,10,0,0,0,0,0,0
481456,1,1,1990,0,9,27,0,0,8,0,9,8,10
481456,2,1,1990,0,0,0,16,0,0,0,0,0,0
481457,0,1,1990,0,0,0,0,0,0,0,0,0,0
481457,1,1,1990,0,0,0,0,0,0,0,0,0,0
481458,1,1,1990,21,21,21,21,21,21,21,21,21,21
481459,1,1,1990,38,38,38,38,38,38,38,38,38,38
481460,1,1,1990,7,7,7,7,7,7,7,7,7,7
481461,1,1,1990,34,34,34,34,34,34,34,34,34,34
481462,0,1,1990,27,27,27,27,27,27,27,27,27,27
481462,1,1,1990,0,0,23,0,0,0,0,0,13,8
481462,2,1,1990,0,0,7,0,13,0,0,0,17,13
481462,3,1,1990,14,0,17,8,0,0,0,0,11,10
481463,1,1,1990,0,11,14,12,0,29,16,0,0,14
481464,1,1,1990,0,0,0,0,0,0,0,0,0,0
481465,1,1,1990,0,0,0,0,20,0,0,0,0,0
481465,2,1,1990,0,0,0,0,0,0,0,0,11,0
481465,3,1,1990,7,0,2,0,0,0,0,0,0,8
481466,1,1,1990,8,8,8,8,8,8,8,8,8,8
481467,1,1,1990,19,19,19,19,19,19,19,19,19,19
481468,0,1,1990,0,0,0,0,0,0,0,0,0,0
481468,1,1,1990,7,0,0,0,13,6,0,0,0,0
481469,1,1,1990,18,20,19,14,17,25,18,0,16,0
481470,1,1,1990,0,0,0,0,0,0,0,0,0,0
481471,0,1,1990,21,13,27,17,16,36,17,20,28,11
481471,1,1,1990,0,0,0,0,0,0,0,0,12,0
481472,1,1,1990,0,0,0,0,0,0,0,0,0,0
481473,1,1,1990,24,24,24,24,24,24,24,24,24,24
481474,1,1,1990,21,21,21,21,21,21,21,21,21,21
481474,2,1,1990,11,0,11,10,14,10,14,0,22,7
481475,1,1,1990,14,0,0,0,0,0,4,0,0,0
481475,2,1,1990,0,0,0,0,0,0,0,0,0,0
481476,1,1,1990,0,7,0,0,8,0,0,21,0,0
481476,2,1,1990,0,0,0,0,0,0,0,0,0,0
481477,1,1,1990,0,12,0,0,0,0,0,0,0,0
481477,2,1,1990,0,0,0,0,6,0,0,0,0,0
481477,3,1,1990,5,0,0,0,0,0,0,0,0,0
481478,1,1,1990,17,17,17,17,17,17,17,17,17,17
481478,2,1,1990,12,12,12,12,12,12,12,12,12,12
481479,1,1,1990,12,12,12,12,12,12,12,12,12,12
481480,1,1,1990,24,24,24,24,24,24,24,24,24,24
481481,1,1,1990,15,11,16,28,27,8,10,20,23,8
481482,1,1,1990,0,0,0,0,0,0,0,0,0,0
481482,2,1,1990,0,0,0,0,0,0,0,11,0,0
481483,1,1,1990,0,0,0,0,0,0,0,0,0,0
481484,1,1,1990,0,0,13,0,5,0,0,0,14,3
481484,2,1,1990,0,0,0,0,0,22,2,13,0,5
481485,1,1,1990,0,0,0,0,0,0,0,0,0,0
481485,2,1,1990,0,0,0,0,8,0,22,0,0,19
481486,1,1,1990,0,0,0,0,0,13,0,0,8,0
481486,2,1,1990,0,0,0,0,0,0,0,0,0,0
481486,3,1,1990,27,27,27,27,27,27,27,27,27,27
481487,1,1,1990,4,0,0,9,0,0,0,0,0,0
481488,1,1,1990,10,10,10,10,10,10,10,10,10,10
481489,1,1,1990,0,0,0,0,0,0,0,0,0,0
481489,2,1,1990,0,0,0,0,0,0,0,26,0,0
481490,1,1,1990,14,7,2,0,0,0,0,13,38,15
481491,1,1,1990,16,16,16,16,16,16,16,16,16,16
481492,1,1,1990,0,0,0,0,0,0,0,0,0,0
481492,2,1,1990,0,0,0,0,0,0,0,0,0,0
481493,1,1,1990,4,14,11,6,17,17,20,14,27,0
481493,2,1,1990,11,9,14,19,0,4,6,7,0,5
481494,1,1,1990,13,13,13,13,13,13,13,13,13,13
481495,1,1,1990,0,0,0,5,29,0,0,0,0,0
481495,2,1,1990,0,0,0,0,0,0,0,0,0,0
481496,1,1,1990,28,19,9,18,9,11,0,33,23,25
481497,1,1,1990,19,19,19,19,19,19,19,19,19,19
481498,1,1,1990,2,0,0,0,0,0,0,0,0,12
481498,2,1,1990,0,0,0,0,0,0,0,0,0,0
481499,1,1,1990,0,28,5,1,10,10,25,8,12,0
481500,1,1,1990,25,19,11,23,17,22,11,8,20,13
481501,1,1,1990,19,19,19,19,19,19,19,19,19,19
481501,2,1,1990,22,0,0,0,0,0,0,0,0,10
481502,0,1,1990,0,0,0,0,0,0,0,0,0,0
481502,1,1,1990,26,0,19,0,0,9,0,6,0,14
481503,0,1,1990,32,32,32,32,32,32,32,32,32,32
481503,1,1,1990,0,1,0,0,0,0,0,0,0,0
481504,1,1,1990,14,14,14,14,14,14,14,14,14,14
481505,1,1,1990,0,0,0,0,0,0,0,0,0,0
481505,2,1,1990,0,0,0,0,0,0,0,0,0,0
481506,1,1,1990,0,0,0,15,0,0,0,0,9,15
481506,2,1,1990,20,20,20,20,20,20,20,20,20,20
481507,1,1,1990,0,0,0,0,0,0,15,0,10,0
481508,1,1,1990,22,0,10,5,18,18,14,24,0,11
481509,0,1,1990,27,0,0,26,13,29,0,0,0,0
481509,1,1,1990,32,21,26,5,5,9,20,0,14,27
481510,1,1,1990,0,0,0,5,0,0,0,0,0,0
481510,2,1,1990,15,0,9,0,0,0,0,0,0,0
481511,1,1,1990,0,0,0,0,0,0,0,0,0,0
481512,1,1,1990,0,0,0,0,0,0,0,0,0,0
481513,1,1,1990,23,23,23,23,23,23,23,23,23,23
481514,1,1,1990,32,32,32,32,32,32,32,32,32,32
481514,2,1,1990,0,9,26,0,0,0,0,0,0,0
481515,1,1,1990,25,25,25,25,25,25,25,25,25,25
481516,1,1,1990,2,16,17,6,6,9,13,23,7,7
481516,2,1,1990,0,0,0,0,0,0,0,0,0,0
481517,0,1,1990,22,22,22,22,22,22,22,22,22,22
481517,1,1,1990,18,15,19,10,0,13,16,3,0,0
481518,1,1,1990,17,17,17,17,17,17,17,17,17,17
481518,2,1,1990,0,0,0,0,0,0,0,0,0,0
481519,1,1,1990,22,22,22,22,22,22,22,22,22,22
481519,2,1,1990,0,0,0,0,10,0,0,0,0,0
481520,1,1,1990,13,18,14,14,6,0,21,8,0,17
481520,2,1,1990,17,17,17,17,17,17,17,17,17,17
481521,1,1,1990,24,24,24,24,24,24,24,24,24,24
481521,2,1,1990,5,5,5,5,5,5,5,5,5,5
481522,1,1,1990,19,19,19,19,19,19,19,19,19,19
481523,1,1,1990,11,30,0,11,0,0,13,0,0,0
481524,1,1,1990,20,20,20,20,20,20,20,20,20,20
481525,1,1,1990,21,21,21,21,21,21,21,21,21,21
481525,2,1,1990,0,0,2,0,0,0,0,0,0,0
481525,3,1,1990,8,0,0,0,15,0,18,12,18,12
481526,1,1,1990,29,29,29,29,29,29,29,29,29,29
481526,2,1,1990,0,0,0,0,0,0,0,0,0,0
481527,1,1,1990,13,13,13,13,13,13,13,13,13,13
481527,2,1,1990,25,25,25,25,25,25,25,25,25,25
481528,1,1,1990,20,0,32,30,16,27,0,0,0,22
481529,0,1,1990,13,13,13,13,13,13,13,13,13,13
481529,1,1,1990,13,13,13,13,13,13,13,13,13,13
481530,1,1,1990,7,11,0,0,0,12,11,15,0,10
481530,2,1,1990,0,16,28,0,0,0,15,0,0,0
481532,1,1,1990,16,16,16,16,16,16,16,16,16,16
481532,2,1,1990,11,11,11,11,11,11,11,11,11,11
481533,1,1,1990,0,0,0,0,0,0,0,0,0,0
481533,2,1,1990,0,0,0,0,0,0,0,0,0,0
481534,0,1,1990,0,0,0,0,0,0,0,0,0,0
481534,1,1,1990,19,0,0,24,0,0,0,0,11,10
481535,1,1,1990,0,0,0,30,13,0,0,0,0,0
481535,2,1,1990,0,0,0,0,0,0,0,0,0,0
481536,1,1,1990,0,11,0,0,0,0,0,20,0,0
481536,2,1,1990,6,6,6,6,6,6,6,6,6,6
481537,1,1,1990,7,7,7,7,7,7,7,7,7,7
481538,1,1,1990,0,0,0,0,0,0,0,0,0,0
481539,1,1,1990,15,15,15,15,15,15,15,15,15,15
481540,0,1,1990,0,0,0,0,0,0,0,0,0,0
481540,1,1,1990,0,0,20,9,0,0,0,0,10,0
481541,1,1,1990,16,16,16,16,16,16,16,16,16,16
481541,2,1,1990,0,0,0,0,0,0,0,0,5,0
481542,1,1,1990,12,12,12,12,12,12,12,12,12,12
481542,2,1,1990,0,0,0,0,0,0,0,0,0,0
481544,1,1,1990,0,0,0,0,0,0,0,0,0,0
481544,2,1,1990,0,0,0,0,0,0,0,0,0,0
481545,1,1,1990,17,17,17,17,17,17,17,17,17,17
481546,1,1,1990,0,0,0,0,0,0,0,0,0,0
481546,2,1,1990,0,0,0,0,0,0,0,0,0,0
481546,3,1,1990,0,0,0,0,0,0,0,0,0,0
481547,1,1,1990,0,0,0,0,0,0,0,0,0,0
481547,2,1,1990,0,0,0,0,0,20,0,0,0,0
481548,1,1,1990,22,22,22,22,22,22,22,22,22,22
481549,1,1,1990,11,0,0,0,0,0,0,0,12,0
481549,2,1,1990,17,17,17,17,17,17,17,17,17,17
481549,3,1,1990,0,0,12,0,8,0,0,0,0,0
481550,0,1,1990,0,0,0,0,0,0,0,0,0,0
481550,1,1,1990,0,0,12,0,0,0,0,4,0,0
481551,1,1,1990,1,1,1,1,1,1,1,1,1,1
481552,1,1,1990,0,7,21,32,0,17,0,0,9,0
481552,2,1,1990,15,15,15,15,15,15,15,15,15,15
481553,1,1,1990,0,0,0,0,0,0,0,0,0,0
481553,2,1,1990,0,0,0,0,0,0,0,0,0,0
481554,1,1,1990,18,15,33,22,25,32,30,18,20,23
481555,1,1,1990,14,14,14,14,14,14,14,14,14,14
481555,2,1,1990,15,18,0,0,0,0,0,6,12,0
481556,0,1,1990,18,0,9,28,21,0,0,0,20,26
481556,1,1,1990,0,0,0,0,0,0,30,0,0,0
481557,1,1,1990,0,0,0,0,0,0,0,0,0,0
481557,2,1,1990,0,0,0,0,0,0,0,0,0,0
481558,1,1,1990,0,0,0,0,0,0,0,0,0,11
481558,2,1,1990,0,0,0,5,0,0,0,6,0,0
481559,1,1,1990,0,0,0,0,0,0,0,0,0,0
481560,1,1,1990,0,0,0,0,0,0,0,0,0,0
481561,1,1,1990,0,0,0,0,0,20,22,0,0,0
481561,2,1,1990,0,0,0,0,0,0,20,0,0,0
481562,1,1,1990,0,0,0,0,0,0,0,0,0,0
481562,2,1,1990,0,0,0,0,0,0,0,0,0,0
481563,0,1,1990,0,0,0,0,0,0,0,0,0,0
481563,1,1,1990,17,17,17,17,17,17,17,17,17,17
481564,1,1,1990,0,0,10,0,0,0,0,0,0,0
481565,0,1,1990,0,0,0,0,0,0,0,16,0,0
481565,1,1,1990,0,0,61,18,0,5,0,0,0,0
481566,1,1,1990,10,10,10,10,10,10,10,10,10,10
481566,2,1,1990,19,13,0,23,18,0,18,0,0,0
481567,1,1,1990,0,0,0,0,0,0,0,0,0,0
481567,2,1,1990,0,0,0,18,0,0,0,0,0,0
481567,3,1,1990,0,0,0,0,0,0,0,0,0,0
481568,1,1,1990,11,11,11,11,11,11,11,11,11,11
481569,1,1,1990,9,15,2,15,8,8,5,16,16,17
481569,2,1,1990,0,0,0,0,0,0,0,0,0,0
481570,1,1,1990,0,0,9,0,0,0,0,0,0,0
481570,2,1,1990,0,0,0,19,0,0,0,0,0,0
481571,1,1,1990,0,0,16,35,0,30,0,0,11,0
481571,2,1,1990,22,22,22,22,22,22,22,22,22,22
481572,1,1,1990,21,21,21,21,21,21,21,21,21,21
481573,1,1,1990,0,11,7,22,10,8,18,27,34,14
481574,0,1,1990,0,0,0,0,0,0,0,0,0,0
481574,1,1,1990,0,0,0,0,0,0,0,0,0,0
481575,1,1,1990,0,0,0,0,0,14,0,0,0,0
481576,1,1,1990,8,3,8,6,0,31,0,10,18,0
481577,1,1,1990,21,30,27,33,18,14,21,15,34,13
481578,1,1,1990,5,5,5,5,5,5,5,5,5,5
481579,1,1,1990,0,0,0,0,0,0,0,0,0,0
481579,2,1,1990,0,17,0,0,0,10,0,25,0,15
481579,3,1,1990,0,0,20,0,26,0,0,0,14,0
481580,1,1,1990,0,0,0,0,0,0,0,0,0,0
481581,1,1,1990,19,19,19,19,19,19,19,19,19,19
481582,1,1,1990,0,0,0,0,0,0,0,0,0,0
481583,1,1,1990,0,0,18,0,0,0,0,0,0,0
481583,2,1,1990,0,0,0,0,0,0,0,0,0,0
481584,1,1,1990,0,0,0,0,0,4,0,0,0,0
481585,1,1,1990,2,2,2,2,2,2,2,2,2,2
481586,1,1,1990,0,24,0,0,0,0,0,0,0,0
481586,2,1,1990,0,0,0,0,0,0,0,0,0,0
481587,1,1,1990,0,0,13,0,20,0,0,0,0,0
481587,2,1,1990,0,0,11,8,12,4,16,25,16,17
481588,1,1,1990,0,0,0,0,0,0,0,0,0,0
481588,2,1,1990,0,0,0,0,0,0,0,0,0,0
481588,3,1,1990,0,0,0,0,0,0,0,0,0,0
481588,4,1,1990,0,0,0,0,17,0,0,0,0,0
481589,0,1,1990,19,19,19,19,19,19,19,19,19,19
481589,1,1,1990,8,8,8,8,8,8,8,8,8,8
481590,1,1,1990,18,18,18,18,18,18,18,18,18,18
481591,0,1,1990,26,26,26,26,26,26,26,26,26,26
481591,1,1,1990,17,0,0,25,22,25,19,15,23,0
481592,1,1,1990,24,24,24,24,24,24,24,24,24,24
481592,2,1,1990,8,8,8,8,8,8,8,8,8,8
481593,1,1,1990,0,0,16,18,0,5,0,14,0,13
481594,1,1,1990,26,26,26,26,26,26,26,26,26,26
481595,1,1,1990,17,0,18,0,17,0,6,0,0,0
481595,2,1,1990,0,0,0,0,0,0,0,0,0,0
481596,1,1,1990,20,20,20,20,20,20,20,20,20,20
481597,1,1,1990,37,10,40,32,0,25,30,9,0,16
481598,1,1,1990,14,14,14,14,14,14,14,14,14,14
481599,1,1,1990,0,0,0,0,0,0,0,0,0,0
481600,1,1,1990,7,15,6,19,16,9,20,13,0,14
481601,1,1,1990,18,18,18,18,18,18,18,18,18,18
481602,1,1,1990,18,18,18,18,18,18,18,18,18,18
481603,0,1,1990,34,34,34,34,34,34,34,34,34,34
481603,1,1,1990,0,0,0,0,14,0,12,4,0,0
481604,0,1,1990,16,16,16,16,16,16,16,16,16,16
481604,1,1,1990,14,0,0,0,0,0,0,0,0,0
481605,0,1,1990,0,0,0,0,0,0,0,0,0,0
481605,1,1,1990,0,0,0,0,0,0,0,0,0,0
481606,1,1,1990,13,12,0,5,0,0,14,0,15,13
481606,2,1,1990,0,0,0,0,0,0,23,16,0,0
481607,1,1,1990,0,0,0,0,0,0,0,0,0,11
481607,2,1,1990,4,0,0,21,0,0,0,0,0,0
481607,3,1,1990,0,0,0,0,21,0,0,0,0,0
481607,4,1,1990,0,0,0,0,0,0,0,0,0,0
481608,0,1,1990,0,0,0,0,0,0,0,0,0,8
481608,1,1,1990,0,0,0,0,0,0,0,0,0,0
481608,2,1,1990,0,9,0,0,0,0,7,0,0,0
481609,1,1,1990,0,0,6,9,8,0,0,13,0,10
481609,2,1,1990,0,0,0,24,0,17,0,0,5,0
481610,0,1,1990,0,0,25,0,20,14,16,0,0,48
481610,1,1,1990,15,18,9,13,10,22,14,6,24,10
481610,2,1,1990,3,0,0,0,0,0,11,18,0,8
481611,1,1,1990,0,0,0,0,0,0,0,0,0,0
481612,1,1,1990,25,8,9,16,18,10,29,24,4,14
481613,0,1,1990,3,24,24,34,0,0,23,0,18,19
481613,1,1,1990,0,0,0,0,0,6,0,13,0,0
481614,1,1,1990,0,0,0,0,0,0,0,0,0,0
481614,2,1,1990,0,0,0,0,0,0,0,0,0,0
481615,1,1,1990,0,0,6,0,0,0,0,0,24,0
481616,1,1,1990,20,20,20,20,20,20,20,20,20,20
481617,1,1,1990,0,0,0,0,0,0,0,0,0,0
481617,2,1,1990,0,0,7,0,0,20,0,9,0,24
481618,1,1,1990,10,10,10,10,10,10,10,10,10,10
481618,2,1,1990,0,0,13,13,0,0,0,13,0,0
481619,0,1,1990,12,12,12,12,12,12,12,12,12,12
481619,1,1,1990,25,0,0,22,10,13,0,0,0,29
481620,1,1,1990,0,0,6,0,0,0,0,0,0,0
481620,2,1,1990,0,0,13,0,0,0,15,0,0,0
481621,1,1,1990,26,26,26,26,26,26,26,26,26,26
481622,1,1,1990,19,26,0,19,7,0,23,0,19,0
481623,0,1,1990,0,0,0,0,0,0,0,0,0,0
481623,1,1,1990,0,0,0,11,0,0,0,0,28,0