ST_CASE,VEH_NO,PER_NO,YEAR,P1,P2,P3,P4,P5,P6,P7,P8,P9,P10
481904,2,1,1990,0,0,0,0,0,0,0,0,0,0
481905,0,1,1990,24,44,0,20,0,0,0,0,11,0
481905,1,1,1990,0,0,0,0,0,0,0,0,0,15
481906,1,1,1990,0,0,0,0,0,0,0,0,0,0
481906,2,1,1990,0,15,0,0,0,0,0,14,16,0
481907,1,1,1990,0,31,0,5,0,0,0,0,0,0
481907,2,1,1990,14,14,14,14,14,14,14,14,14,14
481908,1,1,1990,0,0,0,0,0,0,0,0,0,0
481908,2,1,1990,0,0,0,0,0,0,0,0,0,0
481909,1,1,1990,0,0,0,0,0,0,0,0,0,0
481910,1,1,1990,0,0,0,0,0,0,0,0,0,0
481911,1,1,1990,4,4,4,4,4,4,4,4,4,4
481912,1,1,1990,0,0,3,0,0,0,0,0,0,0
481912,2,1,1990,0,0,0,0,0,0,0,0,0,0
481913,1,1,1990,24,24,24,24,24,24,24,24,24,24
481914,1,1,1990,0,0,0,10,0,0,9,0,0,0
481914,2,1,1990,0,0,0,9,0,0,14,0,0,0
481915,1,1,1990,0,10,0,0,0,0,4,0,0,0
481915,2,1,1990,13,0,0,26,0,0,0,23,0,18
481916,1,1,1990,0,0,0,0,0,0,0,0,0,0
481916,2,1,1990,0,10,20,17,11,0,11,30,16,38
481917,1,1,1990,0,0,0,0,0,0,0,0,0,0
481917,2,1,1990,0,0,16,0,0,23,0,0,0,0
481918,1,1,1990,0,0,0,12,0,0,0,0,0,0
481918,2,1,1990,0,0,0,0,0,0,0,0,0,0
481919,1,1,1990,2,2,2,2,2,2,2,2,2,2
481919,2,1,1990,0,0,0,0,0,0,0,0,0,0
481920,0,1,1990,0,0,0,0,13,0,0,0,0,11
481920,1,1,1990,34,34,34,34,34,34,34,34,34,34
481921,1,1,1990,0,0,0,0,0,0,0,0,0,0
481921,2,1,1990,0,0,0,0,0,16,0,0,0,0
481922,1,1,1990,0,0,0,0,0,0,0,0,0,4
481922,2,1,1990,0,0,0,0,0,0,0,0,0,0
481923,1,1,1990,0,0,12,0,20,0,13,13,0,0
481924,1,1,1990,16,16,16,16,16,16,16,16,16,16
481925,1,1,1990,0,0,0,0,0,0,0,0,0,0
481925,2,1,1990,0,0,0,0,0,0,0,0,0,0
481926,0,1,1990,26,0,9,0,20,10,26,6,9,0
481926,1,1,1990,5,0,0,5,0,0,0,0,0,0
481927,1,1,1990,7,23,0,13,17,12,4,18,12,22
481928,1,1,1990,0,0,17,0,19,0,33,31,11,23
481929,0,1,1990,11,0,3,28,0,0,13,30,10,16
481929,0,2,1990,17,21,12,19,22,2,19,29,0,21
481929,1,1,1990,31,31,31,31,31,31,31,31,31,31
481930,1,1,1990,10,10,10,10,10,10,10,10,10,10
481931,1,1,1990,14,14,14,14,14,14,14,14,14,14
481932,1,1,1990,4,4,4,4,4,4,4,4,4,4
481933,1,1,1990,17,17,17,17,17,17,17,17,17,17
481933,2,1,1990,0,10,0,0,0,0,0,0,10,0
481934,1,1,1990,16,16,16,16,16,16,16,16,16,16
481934,2,1,1990,0,0,0,0,0,0,0,0,0,0
481935,0,1,1990,18,18,18,18,18,18,18,18,18,18
481935,1,1,1990,21,14,0,19,0,13,0,13,9,18
481936,0,1,1990,0,0,28,14,0,0,26,18,18,0
481936,1,1,1990,15,0,0,26,0,0,0,0,0,0
481937,1,1,1990,0,0,0,0,0,0,0,0,0,0
481938,1,1,1990,23,23,23,23,23,23,23,23,23,23
481939,1,1,1990,26,26,26,26,26,26,26,26,26,26
481940,0,1,1990,11,11,11,11,11,11,11,11,11,11
481940,1,1,1990,0,0,0,0,0,0,0,0,0,0
481941,1,1,1990,0,0,0,0,0,0,0,0,0,0
481941,2,1,1990,0,0,0,0,0,0,0,0,0,0
481942,0,1,1990,22,22,22,22,22,22,22,22,22,22
481942,1,1,1990,0,0,0,0,0,0,5,4,0,0
481943,1,1,1990,1,1,1,1,1,1,1,1,1,1
481944,1,1,1990,0,0,2,0,4,0,17,0,0,0
481944,2,1,1990,3,0,0,0,0,0,0,17,5,0
481945,1,1,1990,9,27,0,0,18,0,0,5,18,0
481945,2,1,1990,0,0,9,0,0,0,10,0,11,0
481945,3,1,1990,8,0,0,0,0,0,0,0,21,0
481946,1,1,1990,0,0,0,0,0,0,0,0,0,0
481947,1,1,1990,0,0,0,0,0,0,12,9,0,0
481947,2,1,1990,0,0,0,0,0,0,5,0,0,0
481948,1,1,1990,0,0,0,0,0,0,0,0,0,0
481948,2,1,1990,0,0,0,0,0,0,0,0,0,0
481949,1,1,1990,17,11,12,0,0,13,17,0,0,11
481950,0,1,1990,30,30,30,30,30,30,30,30,30,30
481950,1,1,1990,13,13,13,13,13,13,13,13,13,13
481951,1,1,1990,22,22,22,22,22,22,22,22,22,22
481952,1,1,1990,7,9,14,15,16,5,0,11,24,7
481953,1,1,1990,0,0,0,0,7,0,0,0,0,0
481953,2,1,1990,0,0,0,0,0,0,0,0,0,0
481954,1,1,1990,24,24,24,24,24,24,24,24,24,24
481955,0,1,1990,0,0,0,0,0,0,0,0,0,0
481955,0,2,1990,0,0,0,0,0,0,0,0,0,0
481955,1,1,1990,0,0,0,0,12,7,12,0,0,0
481956,1,1,1990,16,16,16,16,16,16,16,16,16,16
481956,2,1,1990,0,0,0,0,0,0,0,0,0,0
481957,1,1,1990,0,0,17,0,0,0,0,0,0,0
481958,1,1,1990,0,0,0,13,0,0,0,0,0,10
481958,2,1,1990,0,0,0,0,0,0,0,0,0,0
481958,3,1,1990,46,0,0,0,0,0,0,28,0,0
481959,1,1,1990,0,0,0,0,0,0,0,0,0,0
481960,1,1,1990,21,0,18,9,17,0,6,0,9,10
481961,1,1,1990,16,14,17,5,19,9,15,4,5,8
481962,1,1,1990,0,0,45,0,6,20,0,11,11,0
481962,2,1,1990,0,0,0,0,0,0,0,0,0,0
481963,1,1,1990,0,0,9,0,0,0,0,0,0,0
481963,2,1,1990,28,28,28,28,28,28,28,28,28,28
481964,1,1,1990,0,0,0,0,0,0,0,0,0,0
481965,0,1,1990,27,27,27,27,27,27,27,27,27,27
481965,1,1,1990,0,0,0,0,0,0,0,0,17,0
481966,0,1,1990,0,0,0,0,0,0,0,0,0,0
481966,1,1,1990,0,2,0,0,0,0,0,0,0,0
481967,1,1,1990,0,0,0,0,0,0,0,0,0,0
481968,0,1,1990,0,0,0,0,0,0,0,0,0,0
481968,1,1,1990,0,0,0,0,7,13,28,0,23,0
481968,2,1,1990,0,0,0,0,0,22,0,11,24,0
481969,1,1,1990,11,11,11,11,11,11,11,11,11,11
481970,1,1,1990,0,0,0,0,0,0,0,0,0,0
481970,2,1,1990,0,0,0,0,0,0,0,0,0,0
481971,1,1,1990,21,0,0,0,0,0,0,12,0,0
481971,2,1,1990,0,0,0,0,0,0,0,0,0,0
481972,0,1,1990,0,20,0,21,0,11,0,0,0,0
481972,1,1,1990,27,27,27,27,27,27,27,27,27,27
481973,1,1,1990,24,24,24,24,24,24,24,24,24,24
481974,0,1,1990,23,23,23,23,23,23,23,23,23,23
481974,1,1,1990,8,8,9,15,6,19,12,19,11,0
481975,0,1,1990,0,0,19,21,11,0,0,29,10,0
481975,1,1,1990,22,22,22,22,22,22,22,22,22,22
481976,0,1,1990,33,33,33,33,33,33,33,33,33,33
481976,1,1,1990,0,0,0,0,0,0,0,0,0,0
481976,2,1,1990,0,0,0,0,14,10,0,14,0,0
481977,1,1,1990,0,0,0,0,0,0,0,0,0,0
481977,2,1,1990,0,0,0,0,0,14,8,0,0,0
481978,1,1,1990,21,21,21,21,21,21,21,21,21,21
481978,2,1,1990,10,15,23,14,0,19,10,12,17,19
481979,1,1,1990,14,14,14,14,14,14,14,14,14,14
481979,2,1,1990,6,3,5,16,0,5,0,28,0,0
481980,1,1,1990,29,22,45,3,0,0,0,0,0,0
481980,2,1,1990,0,0,0,0,0,0,0,0,0,0
481981,1,1,1990,11,11,11,11,11,11,11,11,11,11
481982,0,1,1990,0,0,0,0,0,0,0,0,0,0
481982,1,1,1990,0,0,0,0,0,0,0,0,0,0
481983,1,1,1990,19,19,19,19,19,19,19,19,19,19
481983,2,1,1990,0,0,0,0,0,0,0,0,0,0
481984,1,1,1990,0,14,17,13,10,0,0,0,5,0
481985,0,1,1990,2,2,2,2,2,2,2,2,2,2
481985,1,1,1990,0,0,0,0,0,6,12,0,0,0
481986,1,1,1990,18,18,18,18,18,18,18,18,18,18
481987,1,1,1990,25,0,9,0,0,4,0,4,0,0
481987,2,1,1990,0,0,0,0,0,0,0,0,0,0
481988,1,1,1990,23,23,23,23,23,23,23,23,23,23
481989,0,1,1990,14,14,14,14,14,14,14,14,14,14
481989,1,1,1990,14,14,14,14,14,14,14,14,14,14
481990,1,1,1990,7,7,7,7,7,7,7,7,7,7
481991,1,1,1990,0,7,24,12,7,18,21,13,6,17
481992,1,1,1990,14,14,14,14,14,14,14,14,14,14
481992,2,1,1990,0,0,0,14,0,0,0,15,0,0
481993,1,1,1990,0,13,0,0,0,0,0,0,0,0
481993,2,1,1990,0,0,0,0,0,0,0,0,3,0
481994,1,1,1990,0,27,0,27,8,8,0,0,7,0
481995,0,1,1990,0,0,0,0,0,0,0,0,0,0
481995,1,1,1990,0,0,0,0,11,0,0,0,0,0
481996,1,1,1990,1,1,1,1,1,1,1,1,1,1
481996,2,1,1990,5,0,0,0,0,14,0,11,0,0
481997,1,1,1990,0,0,24,0,0,0,0,0,0,0
481997,2,1,1990,0,0,0,0,0,0,0,0,0,0
481998,1,1,1990,6,6,6,6,6,6,6,6,6,6
481998,2,1,1990,32,32,32,32,32,32,32,32,32,32
481999,1,1,1990,0,0,0,0,0,0,0,0,0,0
482000,1,1,1990,0,17,0,0,0,0,8,0,0,0
482001,1,1,1990,9,9,9,9,9,9,9,9,9,9
482002,1,1,1990,3,3,3,3,3,3,3,3,3,3
482002,2,1,1990,0,0,0,0,0,0,0,0,12,0
482003,1,1,1990,0,0,0,24,13,0,3,0,0,0
482003,2,1,1990,0,0,0,0,0,8,0,0,0,0
482004,1,1,1990,8,8,8,8,8,8,8,8,8,8
482005,0,1,1990,0,0,0,7,0,0,0,0,0,0
482005,1,1,1990,0,0,0,0,0,0,0,0,0,0
482006,1,1,1990,0,0,0,0,0,0,0,0,0,0
482007,1,1,1990,0,0,0,0,0,0,0,0,0,0
482008,1,1,1990,0,0,0,0,0,0,0,0,0,0
482008,2,1,1990,0,0,0,0,0,0,0,0,0,0
482009,1,1,1990,27,27,27,27,27,27,27,27,27,27
482010,1,1,1990,0,0,0,0,0,0,0,0,0,0
482010,2,1,1990,0,0,0,0,22,0,0,0,0,0
482011,1,1,1990,2,2,2,2,2,2,2,2,2,2
482012,1,1,1990,19,19,19,19,19,19,19,19,19,19
482013,1,1,1990,22,17,0,0,0,0,0,0,12,0
482013,2,1,1990,0,0,0,0,0,0,0,0,0,0
482013,3,1,1990,0,0,21,0,0,0,0,0,7,0
482013,4,1,1990,0,0,0,0,0,0,0,10,0,0
482014,0,1,1990,0,0,0,0,0,0,0,0,0,0
482014,1,1,1990,0,0,0,0,0,0,0,0,0,0
482015,1,1,1990,0,0,0,0,0,0,0,0,0,0
482016,1,1,1990,26,12,14,17,24,4,28,28,4,19
482017,0,1,1990,0,0,0,6,0,0,0,0,0,0
482017,1,1,1990,0,0,0,0,0,0,0,0,0,0
482018,1,1,1990,15,15,37,18,25,11,17,20,17,0
482018,2,1,1990,0,0,13,0,0,0,0,0,0,0
482019,1,1,1990,0,0,0,0,0,0,0,0,2,7
482020,1,1,1990,16,4,28,10,23,18,19,28,0,18
482020,2,1,1990,0,0,0,0,0,0,0,0,0,0
482021,0,1,1990,0,0,0,0,0,0,0,0,0,0
482021,1,1,1990,0,0,25,0,0,12,0,0,0,12
482021,2,1,1990,0,0,0,0,0,0,0,0,0,0
482021,3,1,1990,0,0,0,0,19,15,0,8,0,15
482022,1,1,1990,26,26,26,26,26,26,26,26,26,26
482023,1,1,1990,0,0,0,0,0,0,0,0,0,0
482024,1,1,1990,13,0,26,33,0,0,13,24,36,20
482025,1,1,1990,0,0,0,0,0,0,0,0,0,0
482025,2,1,1990,0,0,0,0,0,0,0,0,0,0
482025,3,1,1990,0,0,0,0,0,0,0,0,0,0
482025,4,1,1990,0,0,0,0,0,0,0,0,0,0
482026,0,1,1990,0,0,0,0,0,0,0,0,0,0
482026,1,1,1990,0,0,0,0,0,0,0,0,9,0
482027,1,1,1990,10,10,10,10,10,10,10,10,10,10
482028,0,1,1990,0,0,0,0,0,0,0,10,0,0
482028,0,2,1990,0,0,0,0,6,0,0,0,11,8
482028,1,1,1990,14,0,31,0,0,0,0,0,16,0
482029,1,1,1990,17,17,17,17,17,17,17,17,17,17
482029,2,1,1990,0,0,20,0,0,0,22,0,0,0
482029,3,1,1990,0,20,5,0,0,0,0,0,3,0
482030,1,1,1990,9,9,9,9,9,9,9,9,9,9
482030,2,1,1990,0,0,0,0,0,0,0,0,0,7
482031,1,1,1990,7,37,19,15,6,20,11,13,19,8
482032,1,1,1990,11,11,11,11,11,11,11,11,11,11
482032,2,1,1990,27,27,27,27,27,27,27,27,27,27
482033,1,1,1990,23,15,8,13,18,17,14,16,10,14
482034,1,1,1990,0,0,0,0,0,0,0,0,0,0
482035,0,1,1990,8,8,8,8,8,8,8,8,8,8
482035,1,1,1990,0,0,0,0,0,0,0,0,0,0
482035,2,1,1990,0,0,0,0,0,0,0,0,0,0
482035,3,1,1990,0,0,9,0,0,4,0,0,0,0
482036,0,1,1990,22,22,22,22,22,22,22,22,22,22
482036,1,1,1990,12,0,22,0,0,0,0,0,0,19
482037,1,1,1990,0,0,16,0,0,0,0,0,32,0
482038,1,1,1990,0,0,0,0,0,0,0,0,0,0
482038,2,1,1990,0,0,0,0,0,0,0,0,0,0
482039,1,1,1990,5,9,0,0,0,5,17,0,0,6
482039,2,1,1990,19,19,19,19,19,19,19,19,19,19
482040,1,1,1990,17,22,0,25,24,9,15,11,14,13
482041,1,1,1990,26,26,26,26,26,26,26,26,26,26
482042,0,1,1990,11,11,11,11,11,11,11,11,11,11
482042,1,1,1990,0,0,0,0,0,0,0,0,0,0
482043,0,1,1990,28,28,28,28,28,28,28,28,28,28
482043,1,1,1990,8,15,0,5,0,22,0,3,0,0
482044,1,1,1990,15,15,15,15,15,15,15,15,15,15
482044,2,1,1990,16,16,16,16,16,16,16,16,16,16
482045,1,1,1990,30,16,30,18,31,22,13,6,23,27
482046,1,1,1990,20,20,20,20,20,20,20,20,20,20
482047,1,1,1990,20,20,20,20,20,20,20,20,20,20
482047,2,1,1990,0,0,0,0,0,0,0,0,0,0
482048,0,1,1990,0,0,0,0,0,0,0,0,0,0
482048,0,2,1990,0,20,0,0,0,0,6,13,0,2
482048,1,1,1990,0,0,0,0,0,0,0,0,0,0
482049,1,1,1990,18,18,18,18,18,18,18,18,18,18
482049,2,1,1990,7,24,3,12,30,12,25,26,30,24
482050,1,1,1990,0,7,0,0,0,0,0,0,0,0
482050,2,1,1990,0,0,0,0,0,0,0,0,0,0
482051,1,1,1990,0,0,8,0,0,0,0,0,0,0
482052,1,1,1990,0,0,0,0,0,0,0,0,0,0
482052,2,1,1990,0,0,0,0,0,0,0,0,0,0
482053,0,1,1990,0,0,0,0,0,0,0,0,11,23
482053,1,1,1990,21,21,14,19,9,19,11,9,11,5
482054,1,1,1990,0,0,0,5,0,11,12,0,0,0
482055,1,1,1990,0,0,0,0,0,0,0,0,0,0
482055,2,1,1990,0,0,0,0,0,0,0,0,0,0
482056,1,1,1990,10,10,10,10,10,10,10,10,10,10
482057,1,1,1990,0,0,0,0,0,0,0,0,0,0
482057,2,1,1990,0,0,0,32,33,0,0,23,31,13
482058,1,1,1990,21,13,0,16,19,0,0,0,21,26
482059,1,1,1990,24,24,24,24,24,24,24,24,24,24
482060,0,1,1990,24,24,24,24,24,24,24,24,24,24
482060,1,1,1990,0,0,0,0,0,0,0,6,0,0
482061,1,1,1990,8,9,11,41,12,5,11,20,16,10
482061,2,1,1990,12,6,4,18,9,9,3,24,0,12
482062,0,1,1990,18,0,0,22,0,11,0,17,15,7
482062,1,1,1990,0,0,21,17,0,0,15,0,0,0
482063,1,1,1990,19,0,0,15,3,14,21,0,14,22
482064,1,1,1990,14,14,14,14,14,14,14,14,14,14
482065,1,1,1990,0,0,0,0,0,0,0,0,0,0
482065,2,1,1990,18,0,0,0,0,0,0,0,0,0
482066,1,1,1990,0,0,0,13,0,0,0,0,0,17
482067,1,1,1990,0,0,0,0,0,0,0,0,0,0
482068,1,1,1990,0,0,0,0,0,0,0,0,0,0
482069,0,1,1990,8,18,0,0,36,0,6,8,22,36
482069,1,1,1990,0,0,0,0,0,0,0,11,0,22
482070,0,1,1990,22,22,22,22,22,22,22,22,22,22
482070,1,1,1990,21,0,4,20,0,27,0,0,26,9
482071,1,1,1990,0,0,0,0,0,0,0,0,0,0
482071,2,1,1990,28,28,28,28,28,28,28,28,28,28
482072,1,1,1990,0,0,0,0,0,0,0,0,0,0
482072,2,1,1990,0,0,0,0,0,0,0,0,0,0
482073,0,1,1990,0,0,0,0,0,0,0,0,0,0
482073,1,1,1990,0,12,0,5,27,21,0,3,0,9
482074,1,1,1990,29,29,29,29,29,29,29,29,29,29
482075,1,1,1990,0,5,0,0,0,0,0,0,0,0
482076,1,1,1990,0,0,0,0,0,0,0,0,0,0
482077,1,1,1990,0,14,0,11,14,22,14,6,21,6
482078,0,1,1990,8,8,8,8,8,8,8,8,8,8
482078,1,1,1990,19,14,16,22,12,6,23,6,21,0
482079,1,1,1990,0,0,0,0,0,0,0,0,0,0
482080,1,1,1990,0,0,0,0,0,0,0,0,0,0
482080,2,1,1990,0,0,0,0,0,0,0,0,0,0
482081,1,1,1990,21,24,0,7,6,0,0,0,20,0
482082,1,1,1990,0,0,0,0,0,0,21,0,0,0
482083,1,1,1990,0,0,19,0,0,0,0,34,15,0
482084,1,1,1990,26,26,26,26,26,26,26,26,26,26
482084,2,1,1990,0,17,0,17,0,0,5,0,0,0
482085,1,1,1990,0,0,0,0,0,0,0,0,0,0
482085,2,1,1990,9,0,0,12,0,0,0,0,0,13
482086,1,1,1990,0,0,0,0,0,0,0,0,0,0
482087,0,1,1990,14,14,14,14,14,14,14,14,14,14
482087,1,1,1990,16,30,0,0,0,0,12,22,0,18
482088,1,1,1990,18,22,30,18,37,11,12,8,30,34
482089,1,1,1990,32,32,32,32,32,32,32,32,32,32
482089,2,1,1990,13,6,0,0,0,8,10,7,32,0
482090,1,1,1990,12,12,12,12,12,12,12,12,12,12
482091,1,1,1990,28,28,28,28,28,28,28,28,28,28
482091,2,1,1990,0,10,0,0,0,0,21,17,5,11
482092,1,1,1990,20,20,20,20,20,20,20,20,20,20
482092,2,1,1990,0,0,0,0,9,0,9,0,0,0
482093,1,1,1990,26,26,26,26,26,26,26,26,26,26
482094,1,1,1990,9,9,9,9,9,9,9,9,9,9
482095,1,1,1990,27,27,27,27,27,27,27,27,27,27
482096,1,1,1990,0,0,0,0,0,0,0,0,0,0
482097,1,1,1990,40,26,20,10,27,18,10,20,20,35
482098,1,1,1990,15,15,15,15,15,15,15,15,15,15
482099,1,1,1990,11,19,9,13,19,9,15,5,15,14
482099,2,1,1990,0,0,13,27,0,0,19,21,0,0
482100,1,1,1990,12,13,16,21,10,21,9,5,17,11
482100,2,1,1990,0,11,14,0,9,13,0,22,0,12
482101,0,1,1990,0,0,0,0,0,0,0,0,0,0
482101,1,1,1990,0,0,0,0,0,0,0,0,0,0
482102,1,1,1990,13,13,0,15,11,23,8,8,16,18
482103,1,1,1990,0,0,0,0,0,0,0,0,0,0
482103,2,1,1990,0,0,0,0,0,0,0,0,0,0
482104,1,1,1990,0,0,0,0,0,0,0,0,0,0
482104,2,1,1990,0,0,17,5,0,0,0,0,0,0
482105,1,1,1990,13,13,13,13,13,13,13,13,13,13
482106,0,1,1990,32,4,0,20,0,32,14,6,0,25
482106,1,1,1990,0,22,22,3,9,0,0,0,0,0
482107,1,1,1990,23,23,23,23,23,23,23,23,23,23
482107,2,1,1990,22,22,22,22,22,22,22,22,22,22
482108,1,1,1990,19,24,28,0,27,15,21,20,24,31
482108,2,1,1990,15,15,15,15,15,15,15,15,15,15
482109,0,1,1990,9,9,9,9,9,9,9,9,9,9
482109,1,1,1990,11,0,0,5,16,9,0,22,7,5
482109,2,1,1990,25,25,25,25,25,25,25,25,25,25
482110,1,1,1990,10,0,0,0,0,0,0,0,0,0
482110,2,1,1990,22,0,20,7,0,0,0,14,0,0
482111,0,1,1990,12,12,12,12,12,12,12,12,12,12
482111,1,1,1990,0,0,0,0,0,0,0,0,0,0
482112,0,1,1990,0,0,0,0,0,0,0,13,0,0
482112,1,1,1990,0,0,17,0,0,0,0,0,0,0
482113,1,1,1990,11,0,0,4,0,0,0,0,0,0
482114,1,1,1990,14,14,14,14,14,14,14,14,14,14
482115,1,1,1990,0,0,0,0,0,0,11,0,6,0
482116,1,1,1990,0,0,0,0,0,0,0,0,0,0
482116,2,1,1990,18,18,18,18,18,18,18,18,18,18
482117,1,1,1990,18,18,18,18,18,18,18,18,18,18
482117,2,1,1990,16,16,16,16,16,16,16,16,16,16
482118,0,1,1990,16,12,9,30,17,23,6,13,4,38
482118,1,1,1990,8,0,0,0,11,0,0,0,8,0
482119,1,1,1990,22,22,22,22,22,22,22,22,22,22
482120,1,1,1990,0,0,0,0,0,0,11,0,17,3
482120,2,1,1990,0,0,0,0,0,0,0,0,0,0
482121,0,1,1990,13,13,13,13,13,13,13,13,13,13
482121,1,1,1990,0,24,8,18,6,17,11,14,7,13
482122,1,1,1990,0,0,0,0,0,0,0,0,0,0
482122,2,1,1990,0,0,0,0,0,0,0,0,0,0
482123,0,1,1990,0,0,0,0,0,0,0,0,0,0
482123,1,1,1990,5,0,0,0,0,0,30,0,8,0
482124,1,1,1990,0,0,10,0,17,0,0,0,0,0
482125,1,1,1990,0,0,0,0,0,0,0,0,0,0
482125,2,1,1990,0,0,0,0,0,0,0,0,6,0
482126,1,1,1990,0,0,0,0,0,0,0,0,0,0
482127,1,1,1990,3,3,3,3,3,3,3,3,3,3
482128,1,1,1990,21,16,0,23,0,19,0,0,14,0
482129,1,1,1990,19,19,19,19,19,19,19,19,19,19
482130,0,1,1990,13,38,21,0,0,0,14,0,12,34
482130,1,1,1990,12,21,23,22,21,7,24,13,16,20
482131,0,1,1990,0,0,0,0,0,0,0,0,0,0
482131,1,1,1990,0,0,0,0,0,0,0,0,0,0
482132,0,1,1990,36,36,36,36,36,36,36,36,36,36
482132,1,1,1990,19,0,0,0,0,0,0,6,0,0
482132,2,1,1990,0,0,11,0,0,0,0,0,0,0
482133,1,1,1990,0,0,0,0,0,0,0,0,0,0
482134,1,1,1990,18,18,18,18,18,18,18,18,18,18
482135,1,1,1990,7,36,22,10,19,22,13,23,30,10
482136,1,1,1990,0,0,0,0,0,0,0,0,0,0
482136,2,1,1990,0,0,0,0,0,0,0,0,0,0
482137,1,1,1990,0,0,0,0,0,0,0,0,0,0
482137,2,1,1990,0,22,0,0,20,0,0,24,0,0
482138,1,1,1990,0,0,0,29,12,0,8,12,20,0
482139,1,1,1990,0,0,0,0,0,0,0,6,0,0
482139,2,1,1990,14,0,20,0,0,0,0,11,0,0
482140,1,1,1990,0,0,0,0,0,0,0,0,0,0
482140,2,1,1990,0,0,0,0,0,9,0,0,0,0
482141,0,1,1990,0,33,0,0,15,0,13,16,16,19
482141,1,1,1990,16,16,16,16,16,16,16,16,16,16
482142,0,1,1990,0,0,0,0,0,0,0,0,0,0
482142,1,1,1990,12,0,0,12,29,0,0,0,0,20
482143,0,1,1990,17,16,0,8,0,25,0,27,0,0
482143,1,1,1990,7,7,7,7,7,7,7,7,7,7
482143,2,1,1990,20,10,0,7,16,0,0,0,9,0
482143,3,1,1990,0,0,28,17,0,20,13,3,18,9
482144,1,1,1990,0,0,0,0,0,0,0,0,0,0
482144,2,1,1990,0,0,8,0,0,0,0,0,7,0
482145,1,1,1990,5,5,5,5,5,5,5,5,5,5
482146,1,1,1990,9,2,0,0,0,0,0,17,0,0
482146,2,1,1990,0,0,0,0,0,0,0,0,0,0
482146,3,1,1990,0,0,0,0,0,0,0,0,0,0
482147,0,1,1990,0,0,0,0,0,0,0,0,0,0
482147,1,1,1990,0,0,16,0,0,0,0,0,0,0
482148,1,1,1990,0,3,0,0,0,0,0,0,0,0
482148,2,1,1990,0,0,0,0,0,0,0,0,0,0
482149,1,1,1990,0,0,0,0,0,0,0,0,0,0
482149,2,1,1990,0,0,0,0,0,0,0,0,0,0
482150,0,1,1990,19,10,0,0,0,0,0,0,8,29
482150,1,1,1990,8,0,7,0,0,14,10,0,0,0
482151,1,1,1990,0,0,0,0,0,0,0,0,0,0
482151,2,1,1990,0,0,0,0,0,0,11,0,0,0
482152,1,1,1990,23,23,23,23,23,23,23,23,23,23
482153,0,1,1990,0,0,0,0,0,0,0,0,0,0
482153,1,1,1990,21,0,18,5,0,0,0,0,0,0
482154,1,1,1990,9,0,0,25,0,0,0,0,21,0
482154,2,1,1990,28,5,0,0,0,0,0,0,0,0
482155,1,1,1990,16,16,16,16,16,16,16,16,16,16
482155,2,1,1990,0,11,0,0,26,15,0,0,0,27
482155,3,1,1990,0,0,0,0,0,0,16,0,10,13
482156,1,1,1990,0,0,4,9,13,18,0,0,17,18
482157,1,1,1990,14,0,21,15,11,6,32,15,17,22
482157,2,1,1990,0,0,0,0,0,0,0,0,0,0
482158,1,1,1990,0,0,0,0,0,0,0,0,0,0
482158,2,1,1990,0,0,0,0,0,0,0,0,0,0
482159,0,1,1990,0,0,0,0,9,0,5,0,13,0
482159,1,1,1990,0,8,23,0,0,0,0,0,0,0
482160,1,1,1990,0,0,0,0,0,0,0,0,0,0
482160,2,1,1990,0,0,23,0,0,0,0,0,0,0
482161,1,1,1990,11,11,11,11,11,11,11,11,11,11
482162,0,1,1990,10,10,10,10,10,10,10,10,10,10
482162,1,1,1990,0,0,0,0,0,0,0,0,0,0
482163,0,1,1990,9,9,9,9,9,9,9,9,9,9
482163,1,1,1990,25,17,0,0,0,0,0,0,7,0
482163,2,1,1990,10,0,0,5,7,0,0,17,9,9
482163,3,1,1990,0,0,0,0,0,0,4,0,0,23
482164,1,1,1990,22,22,22,22,22,22,22,22,22,22
482165,1,1,1990,7,21,7,37,0,21,33,30,20,11
482166,0,1,1990,11,11,11,11,11,11,11,11,11,11
482166,1,1,1990,10,0,0,0,0,0,0,0,7,0
482167,1,1,1990,25,28,0,13,0,22,0,0,0,13
482167,2,1,1990,13,16,0,37,23,21,24,20,16,8
482168,1,1,1990,0,0,0,0,0,0,0,0,0,14
482169,1,1,1990,0,7,30,5,20,11,32,11,13,12
482170,1,1,1990,15,26,28,28,30,11,17,24,11,13
482171,1,1,1990,0,0,0,0,0,0,0,0,0,0
482172,1,1,1990,2,0,7,10,0,0,0,12,0,0
482173,1,1,1990,9,14,23,19,13,9,18,17,6,16