ST_CASE,VEH_NO,PER_NO,YEAR,P1,P2,P3,P4,P5,P6,P7,P8,P9,P10
482437,1,1,1990,15,15,15,15,15,15,15,15,15,15
482438,1,1,1990,0,5,0,37,0,0,0,0,0,0
482439,0,1,1990,46,46,46,46,46,46,46,46,46,46
482439,1,1,1990,23,0,0,14,0,0,0,9,0,0
482440,1,1,1990,0,0,0,0,0,0,0,0,0,0
482441,1,1,1990,0,14,0,0,0,0,0,0,0,0
482442,1,1,1990,20,20,20,20,20,20,20,20,20,20
482444,0,1,1990,20,20,20,20,20,20,20,20,20,20
482444,1,1,1990,0,0,11,0,0,0,0,0,0,0
482445,1,1,1990,0,0,0,0,0,0,0,0,0,0
482445,2,1,1990,0,0,0,0,0,0,0,20,0,0
482446,1,1,1990,19,0,0,0,0,0,0,0,0,0
482446,2,1,1990,0,17,0,17,16,0,27,0,0,0
482447,1,1,1990,0,0,0,0,0,0,0,0,0,0
482448,1,1,1990,22,23,13,10,25,27,9,10,12,28
482449,1,1,1990,0,0,0,0,0,0,0,0,0,0
482449,2,1,1990,0,0,0,0,0,0,0,0,0,27
482450,1,1,1990,15,15,15,15,15,15,15,15,15,15
482451,1,1,1990,23,23,23,23,23,23,23,23,23,23
482452,1,1,1990,0,0,0,0,0,0,0,0,0,0
482452,2,1,1990,15,0,0,0,0,0,0,0,0,0
482453,1,1,1990,0,0,0,0,0,0,0,0,0,0
482453,2,1,1990,0,0,0,0,0,0,0,0,0,0
482453,3,1,1990,0,0,0,10,0,0,0,0,0,0
482454,1,1,1990,0,0,0,0,0,0,0,0,0,0
482454,2,1,1990,0,0,22,0,0,0,0,0,0,0
482455,1,1,1990,9,12,21,16,25,17,28,0,29,17
482456,0,1,1990,0,0,0,0,0,0,0,0,0,0
482456,0,2,1990,0,0,0,20,21,0,0,0,0,0
482456,0,3,1990,14,27,18,4,32,0,19,0,15,0
482456,1,1,1990,18,16,13,0,0,7,0,0,0,28
482457,1,1,1990,9,9,9,9,9,9,9,9,9,9
482458,1,1,1990,13,0,15,0,17,10,14,7,25,13
482458,2,1,1990,0,0,0,0,0,0,26,0,0,0
482459,1,1,1990,0,0,0,0,0,0,0,0,0,0
482460,0,1,1990,21,21,21,21,21,21,21,21,21,21
482460,1,1,1990,4,14,0,0,0,15,0,0,0,23
482461,1,1,1990,0,0,0,0,0,0,0,0,0,0
482461,2,1,1990,0,0,0,0,0,0,0,0,0,0
482462,1,1,1990,0,0,28,0,0,0,10,0,0,0
482462,2,1,1990,7,0,0,0,0,0,15,0,0,0
482462,3,1,1990,0,0,0,0,0,0,0,0,0,0
482463,1,1,1990,0,0,0,0,0,0,0,0,0,0
482463,2,1,1990,17,17,17,17,17,17,17,17,17,17
482464,1,1,1990,0,0,0,0,0,0,0,0,0,0
482464,2,1,1990,16,16,16,16,16,16,16,16,16,16
482465,1,1,1990,17,17,17,17,17,17,17,17,17,17
482465,2,1,1990,0,0,0,0,0,0,20,15,21,11
482466,1,1,1990,18,18,18,18,18,18,18,18,18,18
482467,1,1,1990,30,30,30,30,30,30,30,30,30,30
482468,1,1,1990,0,0,0,0,0,0,0,0,0,0
482468,2,1,1990,0,0,0,0,0,0,0,0,0,0
482469,1,1,1990,0,0,0,27,0,0,0,0,0,16
482469,2,1,1990,9,14,10,15,14,28,7,0,12,17
482469,3,1,1990,0,0,0,0,0,0,0,0,0,0
482470,0,1,1990,13,0,0,12,16,9,0,15,25,4
482470,1,1,1990,0,0,11,6,0,0,0,0,19,0
482471,1,1,1990,0,0,0,0,0,0,0,0,0,0
482471,2,1,1990,0,12,0,13,0,9,0,9,14,0
482472,0,1,1990,0,26,18,27,8,0,0,20,0,21
482472,1,1,1990,0,0,0,0,0,0,0,0,0,0
482473,1,1,1990,0,4,0,0,0,0,0,0,15,0
482474,1,1,1990,0,0,0,0,0,0,0,0,0,0
482474,2,1,1990,0,0,0,0,0,0,0,23,0,0
482475,1,1,1990,0,11,0,0,0,0,0,0,23,0
482475,2,1,1990,0,7,0,17,4,0,0,0,21,20
482476,0,1,1990,36,36,36,36,36,36,36,36,36,36
482476,1,1,1990,0,24,23,14,18,0,33,16,0,0
482477,1,1,1990,0,0,0,0,0,0,0,0,0,0
482478,1,1,1990,0,0,0,0,0,0,0,0,0,0
482478,2,1,1990,0,0,4,0,9,0,0,0,0,0
482479,1,1,1990,0,0,0,0,0,0,0,0,0,0
482479,2,1,1990,0,0,0,0,27,0,0,0,0,7
482480,1,1,1990,0,0,0,0,0,0,0,24,13,0
482480,2,1,1990,0,0,0,0,0,0,0,0,0,0
482481,1,1,1990,20,20,20,20,20,20,20,20,20,20
482482,1,1,1990,0,0,0,0,0,0,0,0,0,0
482482,2,1,1990,0,0,0,0,0,0,0,0,0,0
482483,1,1,1990,0,0,0,7,0,0,25,0,0,0
482484,1,1,1990,19,0,13,24,17,29,17,0,17,7
482484,2,1,1990,6,0,11,22,10,0,0,0,22,23
482485,1,1,1990,20,20,20,20,20,20,20,20,20,20
482486,2,1,1990,0,0,0,0,0,0,0,0,0,17
482486,3,1,1990,0,0,0,0,0,0,0,0,0,0
482486,4,1,1990,0,0,17,0,0,0,0,0,0,0
482486,5,1,1990,0,0,0,0,0,0,0,0,0,0
482487,1,1,1990,13,15,23,0,16,0,5,0,22,8
482488,1,1,1990,0,0,0,16,0,0,0,0,0,0
482489,1,1,1990,18,18,18,18,18,18,18,18,18,18
482489,2,1,1990,4,18,0,12,8,16,0,20,15,0
482490,1,1,1990,0,0,0,0,0,0,0,0,0,0
482490,2,1,1990,0,0,0,0,0,0,0,0,0,0
482491,1,1,1990,21,25,13,10,0,0,27,7,10,3
482492,0,1,1990,0,0,0,0,0,0,0,0,0,0
482492,1,1,1990,0,0,0,9,0,0,0,0,0,11
482493,1,1,1990,20,20,20,20,20,20,20,20,20,20
482494,0,1,1990,0,0,0,0,0,0,0,0,0,0
482494,1,1,1990,0,8,0,0,0,0,0,0,0,0
482495,1,1,1990,0,0,0,0,0,0,0,0,0,0
482496,1,1,1990,0,0,0,0,0,0,0,0,0,0
482497,1,1,1990,0,0,0,0,0,0,0,0,0,0
482498,1,1,1990,0,0,0,0,0,0,0,0,0,0
482498,2,1,1990,0,0,0,0,0,0,0,0,0,0
482499,1,1,1990,0,0,0,0,0,0,0,0,0,0
482499,2,1,1990,30,30,30,30,30,30,30,30,30,30
482500,1,1,1990,19,19,19,19,19,19,19,19,19,19
482501,1,1,1990,0,0,0,0,0,0,0,0,0,0
482501,2,1,1990,0,0,0,0,0,0,0,0,0,0
482502,1,1,1990,21,24,7,24,12,23,20,14,6,21
482503,1,1,1990,17,0,0,0,0,0,0,0,0,0
482503,2,1,1990,0,0,0,0,0,0,0,0,0,0
482504,0,1,1990,20,25,7,10,21,15,29,23,21,21
482504,1,1,1990,11,6,16,26,10,12,0,37,14,17
482505,1,1,1990,10,10,10,10,10,10,10,10,10,10
482505,2,1,1990,0,0,0,10,0,0,0,11,0,0
482506,0,1,1990,0,0,0,0,0,0,0,0,0,0
482506,1,1,1990,0,0,0,0,0,0,0,0,0,0
482507,1,1,1990,0,0,0,0,0,0,0,0,0,0
482508,1,1,1990,19,19,19,19,19,19,19,19,19,19
482509,1,1,1990,25,6,13,0,2,25,0,4,9,9
482510,1,1,1990,19,19,19,19,19,19,19,19,19,19
482511,1,1,1990,14,14,14,14,14,14,14,14,14,14
482512,1,1,1990,0,0,0,0,0,0,0,0,0,0
482513,0,1,1990,0,0,0,0,0,0,0,0,0,0
482513,1,1,1990,10,10,10,10,10,10,10,10,10,10
482514,1,1,1990,0,27,0,10,0,0,12,11,0,18
482515,1,1,1990,0,0,16,0,0,0,0,15,0,0
482515,2,1,1990,0,0,0,0,0,0,0,0,0,0
482516,0,1,1990,0,0,0,26,0,0,16,0,0,0
482516,1,1,1990,0,7,0,0,0,21,0,0,0,0
482516,2,1,1990,0,0,0,0,14,14,0,0,0,0
482517,1,1,1990,0,0,11,0,0,0,0,0,0,0
482518,0,1,1990,4,53,31,16,41,0,19,21,15,29
482518,1,1,1990,8,0,0,0,4,0,0,12,3,22
482519,1,1,1990,0,0,0,0,0,0,0,0,0,0
482519,2,1,1990,0,0,0,0,0,0,0,0,0,0
482520,0,1,1990,0,0,0,0,0,0,0,0,0,0
482520,1,1,1990,0,0,0,0,0,0,0,0,0,0
482521,1,1,1990,12,12,12,12,12,12,12,12,12,12
482522,1,1,1990,0,0,0,0,0,0,0,0,0,0
482522,2,1,1990,0,0,0,0,0,0,0,0,0,0
482523,1,1,1990,0,0,0,0,0,0,0,0,0,0
482523,2,1,1990,0,0,0,0,8,0,16,0,0,31
482523,3,1,1990,0,0,0,0,0,0,0,0,0,0
482524,1,1,1990,0,0,5,0,32,0,0,0,0,0
482524,2,1,1990,12,12,12,12,12,12,12,12,12,12
482525,1,1,1990,20,21,32,33,21,9,22,11,12,20
482526,1,1,1990,0,0,0,0,0,0,0,0,0,0
482527,1,1,1990,0,0,0,0,0,0,0,0,0,0
482527,2,1,1990,0,0,0,0,27,33,0,0,0,0
482528,1,1,1990,0,0,0,0,0,0,0,0,0,0
482529,1,1,1990,0,9,9,8,0,17,0,0,0,0
482529,2,1,1990,15,27,0,0,36,0,27,0,0,15
482530,1,1,1990,17,23,0,21,0,12,0,10,17,0
482531,0,1,1990,0,0,0,0,0,0,0,0,0,0
482531,1,1,1990,0,0,0,0,0,19,16,9,6,0
482532,1,1,1990,0,13,0,0,0,0,0,0,0,0
482532,2,1,1990,13,0,11,0,0,0,9,0,0,0
482532,3,1,1990,0,0,0,0,0,0,0,0,0,0
482533,1,1,1990,16,16,16,16,16,16,16,16,16,16
482534,1,1,1990,14,14,14,14,14,14,14,14,14,14
482535,1,1,1990,0,0,0,0,0,0,0,0,0,0
482535,2,1,1990,0,0,0,0,0,0,8,0,0,6
482536,1,1,1990,28,28,28,28,28,28,28,28,28,28
482537,1,1,1990,0,0,0,0,0,0,0,0,0,0
482537,2,1,1990,0,0,0,18,0,0,0,20,0,0
482538,0,1,1990,0,0,0,0,0,0,0,0,0,0
482538,1,1,1990,0,0,0,0,9,0,0,0,0,0
482538,2,1,1990,0,0,0,0,0,0,0,0,0,0
482539,1,1,1990,33,0,0,14,6,0,0,0,0,17
482540,1,1,1990,18,28,30,15,31,22,12,31,0,18
482541,0,1,1990,0,0,0,10,0,0,0,0,0,0
482541,1,1,1990,19,19,19,19,19,19,19,19,19,19
482542,1,1,1990,0,0,0,0,0,0,11,0,0,0
482542,2,1,1990,14,0,6,0,0,11,25,0,0,0
482543,1,1,1990,0,24,13,29,0,0,0,0,0,11
482544,1,1,1990,0,0,0,0,0,0,0,0,0,0
482544,2,1,1990,0,0,0,0,0,0,0,0,0,0
482545,0,1,1990,0,0,0,0,0,0,0,0,0,0
482545,1,1,1990,0,0,0,0,21,0,11,7,0,0
482546,0,1,1990,28,28,28,28,28,28,28,28,28,28
482546,1,1,1990,10,0,0,0,0,26,0,0,0,13
482547,0,1,1990,0,0,0,0,0,0,9,0,0,0
482547,1,1,1990,0,7,0,0,8,13,0,0,0,0
482548,1,1,1990,0,0,0,0,0,0,0,0,0,0
482548,2,1,1990,0,0,0,0,0,0,0,0,0,0
482549,1,1,1990,11,11,11,11,11,11,11,11,11,11
482550,1,1,1990,13,0,7,2,0,11,0,0,13,0
482551,0,1,1990,0,0,0,0,0,0,0,0,0,0
482551,1,1,1990,0,0,0,0,12,0,10,0,0,0
482552,1,1,1990,0,0,0,0,0,0,0,0,0,0
482553,1,1,1990,0,0,0,0,0,0,0,0,0,0
482553,2,1,1990,0,0,0,8,0,0,3,0,27,13
482553,3,1,1990,0,0,0,12,0,0,0,0,0,0
482554,1,1,1990,0,0,0,0,0,0,7,0,0,0
482554,2,1,1990,0,0,0,2,17,0,0,15,0,0
482555,1,1,1990,6,6,6,6,6,6,6,6,6,6
482556,1,1,1990,7,7,7,7,7,7,7,7,7,7
482557,1,1,1990,25,25,25,25,25,25,25,25,25,25
482558,1,1,1990,5,5,5,5,5,5,5,5,5,5
482559,0,1,1990,0,0,0,0,0,0,0,0,0,0
482559,1,1,1990,0,0,0,0,0,0,0,0,0,0
482560,1,1,1990,0,0,0,0,0,0,0,0,0,0
482560,2,1,1990,20,20,20,20,20,20,20,20,20,20
482560,3,1,1990,0,0,0,0,0,0,0,0,0,0
482561,0,1,1990,17,17,17,17,17,17,17,17,17,17
482561,1,1,1990,0,0,0,0,0,0,0,0,0,0
482562,1,1,1990,12,12,12,12,12,12,12,12,12,12
482563,0,1,1990,0,0,0,0,0,0,0,0,0,0
482563,1,1,1990,0,13,0,0,0,0,0,0,0,0
482564,1,1,1990,0,0,0,0,0,0,0,0,0,0
482564,2,1,1990,13,0,0,0,0,0,0,0,0,0
482565,1,1,1990,0,0,0,0,0,0,0,0,0,0
482566,1,1,1990,0,0,0,0,0,0,0,0,0,0
482566,2,1,1990,0,0,0,0,0,26,0,0,0,0
482566,3,1,1990,0,0,0,0,0,0,0,0,0,0
482567,1,1,1990,5,18,11,10,17,10,18,17,12,10
482568,1,1,1990,0,0,14,0,0,0,14,14,0,0
482569,0,1,1990,0,0,0,0,0,0,0,0,0,0
482569,1,1,1990,0,0,11,0,0,16,26,0,28,16
482570,0,1,1990,0,0,0,0,0,0,0,0,0,0
482570,1,1,1990,0,0,19,6,13,0,0,0,9,0
482571,1,1,1990,38,38,38,38,38,38,38,38,38,38
482572,1,1,1990,15,15,15,15,15,15,15,15,15,15
482573,1,1,1990,3,3,3,3,3,3,3,3,3,3
482573,2,1,1990,12,10,0,7,0,0,0,0,0,0
482574,1,1,1990,27,10,26,20,0,36,16,20,5,17
482575,0,1,1990,20,11,0,0,23,24,44,26,20,0
482575,1,1,1990,0,0,0,10,1,12,14,12,0,0
482576,1,1,1990,0,0,0,0,0,0,0,0,0,0
482577,0,1,1990,23,23,23,23,23,23,23,23,23,23
482577,1,1,1990,10,5,0,17,11,0,6,22,0,17
482578,1,1,1990,23,0,0,0,16,0,0,0,12,0
482578,2,1,1990,0,0,0,0,0,0,0,0,0,0
482579,1,1,1990,0,0,0,0,16,0,0,0,22,24
482579,2,1,1990,0,0,0,0,0,0,0,0,0,0
482580,0,1,1990,8,8,8,8,8,8,8,8,8,8
482580,1,1,1990,0,0,0,0,0,0,0,0,0,0
482581,1,1,1990,0,0,17,20,18,7,21,18,21,0
482582,1,1,1990,9,16,15,17,12,18,15,0,26,4
482583,0,1,1990,19,19,19,19,19,19,19,19,19,19
482583,1,1,1990,0,0,0,0,0,0,0,0,0,0
482584,1,1,1990,0,0,0,0,0,0,0,0,0,0
482584,2,1,1990,0,0,0,0,0,0,0,0,0,0
482585,1,1,1990,14,0,0,0,0,0,6,0,13,0
482586,1,1,1990,15,15,15,15,15,15,15,15,15,15
482587,1,1,1990,19,19,19,19,19,19,19,19,19,19
482588,1,1,1990,30,30,30,30,30,30,30,30,30,30
482589,1,1,1990,0,0,0,0,0,0,0,0,0,0
482590,1,1,1990,28,28,28,28,28,28,28,28,28,28
482591,1,1,1990,0,0,0,0,0,0,0,0,0,0
482591,2,1,1990,7,7,7,7,7,7,7,7,7,7
482592,1,1,1990,0,0,0,20,0,0,22,0,0,0
482592,2,1,1990,0,0,0,0,17,6,0,19,0,0
482593,0,1,1990,35,35,35,35,35,35,35,35,35,35
482593,1,1,1990,0,16,0,24,0,0,21,18,13,0
482594,1,1,1990,0,0,0,0,0,0,0,0,0,0
482594,2,1,1990,0,4,0,0,0,0,0,0,0,0
482595,1,1,1990,41,41,41,41,41,41,41,41,41,41
482596,0,1,1990,0,0,0,0,5,0,0,0,0,0
482596,1,1,1990,0,0,0,0,0,0,0,0,0,0
482597,1,1,1990,0,0,0,0,0,0,0,0,0,0
482597,2,1,1990,3,0,0,0,5,0,0,0,0,0
482598,1,1,1990,15,15,15,15,15,15,15,15,15,15
482598,2,1,1990,5,5,5,5,5,5,5,5,5,5
482599,1,1,1990,0,0,0,0,0,0,0,0,0,0
482599,2,1,1990,1,1,1,1,1,1,1,1,1,1
482600,1,1,1990,0,0,0,0,0,0,0,0,0,0
482601,1,1,1990,0,0,0,8,0,0,0,0,0,0
482601,2,1,1990,0,0,0,0,0,0,0,0,0,0
482602,1,1,1990,0,0,29,0,12,10,0,0,0,0
482603,1,1,1990,0,0,0,0,0,0,0,0,0,3
482603,2,1,1990,0,0,0,0,0,0,0,0,0,0
482604,0,1,1990,0,0,0,0,0,0,0,0,0,0
482604,1,1,1990,0,0,0,11,21,0,0,0,0,0
482605,1,1,1990,26,26,26,26,26,26,26,26,26,26
482606,1,1,1990,0,0,0,0,0,0,0,0,0,0
482606,2,1,1990,7,24,37,0,0,0,19,0,24,22
482607,1,1,1990,0,0,0,0,0,0,0,0,0,0
482608,1,1,1990,0,0,0,0,0,3,0,0,0,0
482609,1,1,1990,0,0,0,0,0,0,0,0,5,12
482609,2,1,1990,0,0,0,0,0,0,0,0,0,0
482610,1,1,1990,10,0,0,0,16,0,8,0,0,0
482610,2,1,1990,0,0,0,0,0,0,0,0,0,0
482611,1,1,1990,26,17,15,1,13,12,16,12,14,19
482611,2,1,1990,5,0,0,22,15,0,17,10,2,0
482612,1,1,1990,0,0,12,20,0,24,6,0,0,14
482612,2,1,1990,14,14,14,14,14,14,14,14,14,14
482613,1,1,1990,0,0,0,0,0,0,0,0,0,0
482613,2,1,1990,0,3,9,15,0,8,0,17,0,10
482614,1,1,1990,8,8,8,8,8,8,8,8,8,8
482615,1,1,1990,0,4,31,0,0,21,0,0,9,0
482616,1,1,1990,0,0,0,0,0,0,0,0,0,0
482616,2,1,1990,0,0,0,0,0,0,0,0,0,0
482617,1,1,1990,0,0,0,0,0,0,0,0,0,0
482617,2,1,1990,0,0,0,0,0,0,0,0,0,0
482618,1,1,1990,0,0,0,0,0,0,0,0,0,0
482619,0,1,1990,0,0,0,0,0,0,0,0,0,0
482619,1,1,1990,0,0,0,0,0,0,0,0,0,0
482620,1,1,1990,18,18,18,18,18,18,18,18,18,18
482621,1,1,1990,0,0,0,0,0,0,0,0,0,11
482621,2,1,1990,0,0,0,0,0,0,0,0,0,0
482622,1,1,1990,13,13,13,13,13,13,13,13,13,13
482622,2,1,1990,18,0,0,0,9,30,20,15,7,0
482623,1,1,1990,0,0,0,0,0,0,0,0,0,0
482624,1,1,1990,24,20,19,25,0,0,8,27,12,28
482625,1,1,1990,6,32,20,14,6,0,8,9,19,11
482626,1,1,1990,31,31,31,31,31,31,31,31,31,31
482626,2,1,1990,0,0,5,0,18,0,19,0,0,11
482627,0,1,1990,15,15,15,15,15,15,15,15,15,15
482627,1,1,1990,9,9,8,0,13,0,21,20,7,0
482628,0,1,1990,12,20,23,18,12,12,19,0,31,23
482628,1,1,1990,20,24,21,0,22,18,12,23,0,0
482629,1,1,1990,0,0,0,0,0,0,0,0,0,0
482629,2,1,1990,0,0,0,0,0,0,0,0,0,0
482630,1,1,1990,0,0,0,0,0,0,0,0,0,0
482630,2,1,1990,0,0,0,0,0,0,0,0,0,0
482631,1,1,1990,15,15,15,15,15,15,15,15,15,15
482631,2,1,1990,8,12,25,0,0,22,0,9,0,11
482632,1,1,1990,16,16,16,16,16,16,16,16,16,16
482633,1,1,1990,0,0,0,0,0,0,0,0,0,0
482634,1,1,1990,11,0,0,12,0,0,0,0,0,0
482634,2,1,1990,0,0,0,0,0,0,0,0,0,0
482635,1,1,1990,16,16,16,16,16,16,16,16,16,16
482635,2,1,1990,0,0,0,0,0,0,0,0,0,0
482636,1,1,1990,4,4,9,0,0,14,0,13,0,0
482636,2,1,1990,24,20,0,27,0,19,23,0,7,24
482637,1,1,1990,0,0,0,0,0,0,0,0,0,0
482637,2,1,1990,14,0,0,0,0,0,0,0,0,0
482637,3,1,1990,0,0,7,0,0,0,0,4,0,0
482637,4,1,1990,14,6,30,0,14,0,21,0,10,0
482637,5,1,1990,11,0,14,24,0,0,10,20,20,0
482637,6,1,1990,0,16,0,0,14,10,0,0,10,4
482638,1,1,1990,24,24,24,24,24,24,24,24,24,24
482639,1,1,1990,0,0,0,0,0,0,0,0,0,0
482639,2,1,1990,5,0,0,0,0,0,0,0,0,0
482640,1,1,1990,0,0,0,0,0,0,0,0,0,0
482641,1,1,1990,29,0,0,0,0,13,0,0,0,0
482641,2,1,1990,0,0,0,0,0,0,0,0,7,0
482642,1,1,1990,19,19,19,19,19,19,19,19,19,19
482643,1,1,1990,25,25,25,25,25,25,25,25,25,25
482643,2,1,1990,0,0,0,0,0,0,0,0,0,0
482644,1,1,1990,3,6,0,0,17,10,23,6,13,5
482644,2,1,1990,0,0,0,0,18,0,0,0,0,0
482644,3,1,1990,0,0,0,0,0,0,0,0,0,0
482645,1,1,1990,6,0,12,0,0,0,0,0,0,0
482645,2,1,1990,0,0,0,0,0,0,0,0,0,7
482646,1,1,1990,28,21,7,27,11,10,14,12,29,17
482647,1,1,1990,0,0,0,0,0,0,31,0,0,0
482647,2,1,1990,0,0,11,0,22,0,0,0,9,0
482648,1,1,1990,0,0,0,0,0,0,0,0,0,0
482648,2,1,1990,8,0,0,0,0,0,17,0,0,0
482649,1,1,1990,0,0,0,0,0,0,17,0,0,0
482649,2,1,1990,0,0,0,20,0,0,0,0,0,0
482650,1,1,1990,0,0,0,0,0,0,0,0,0,0
482652,0,1,1990,0,0,0,0,0,0,0,0,0,0
482652,1,1,1990,16,16,16,16,16,16,16,16,16,16
482653,1,1,1990,0,0,0,0,0,0,0,0,0,0
482654,1,1,1990,5,22,37,30,0,21,11,19,14,20
482655,0,1,1990,0,0,0,0,0,0,0,0,0,0
482655,1,1,1990,8,8,8,8,8,8,8,8,8,8
482656,1,1,1990,0,0,0,0,0,0,0,0,0,0
482657,1,1,1990,12,5,14,0,0,0,2,17,0,0
482658,1,1,1990,17,17,17,17,17,17,17,17,17,17
482659,1,1,1990,0,0,0,0,0,0,0,0,0,0
482659,2,1,1990,0,0,0,0,0,0,0,0,0,0
482660,1,1,1990,0,0,0,0,0,0,0,0,0,0
482661,0,1,1990,18,23,34,14,0,14,31,0,4,19
482661,1,1,1990,25,0,0,0,0,0,0,0,0,0
482662,1,1,1990,0,35,14,14,18,0,0,12,0,0
482663,1,1,1990,0,0,0,0,0,0,0,0,0,0
482663,2,1,1990,0,0,0,0,0,0,0,0,0,0
482664,0,1,1990,24,24,24,24,24,24,24,24,24,24
482664,1,1,1990,22,0,0,0,0,0,0,0,0,0
482665,1,1,1990,29,29,29,29,29,29,29,29,29,29
482666,1,1,1990,0,0,0,0,0,0,0,27,0,0
482667,1,1,1990,0,0,0,0,0,0,0,0,0,0
482668,0,1,1990,20,20,20,20,20,20,20,20,20,20
482668,1,1,1990,0,0,0,0,0,0,0,3,0,0
482669,1,1,1990,0,0,0,0,0,0,0,0,20,17
482669,2,1,1990,12,0,0,21,0,0,0,0,0,0
482670,1,1,1990,0,12,0,0,0,0,0,0,16,0
482670,2,1,1990,17,0,0,7,0,15,0,6,0,0
482670,3,1,1990,0,12,0,0,10,0,0,0,0,0
482671,1,1,1990,8,0,21,15,34,17,34,17,11,20
482672,1,1,1990,0,21,20,0,17,0,0,0,0,8
482672,2,1,1990,0,5,0,0,0,0,0,0,0,0
482673,0,1,1990,8,8,8,8,8,8,8,8,8,8
482673,1,1,1990,19,18,9,16,11,5,21,9,3,5
482674,1,1,1990,19,19,19,19,19,19,19,19,19,19
482675,1,1,1990,16,16,16,16,16,16,16,16,16,16
482676,1,1,1990,5,5,5,5,5,5,5,5,5,5
482676,2,1,1990,0,0,0,9,0,11,0,15,16,0
482677,1,1,1990,14,40,3,12,8,14,21,12,13,13
482678,1,1,1990,0,0,0,0,0,0,0,0,0,0
482678,2,1,1990,32,32,32,32,32,32,32,32,32,32
482679,0,1,1990,5,0,0,18,23,10,19,13,0,22
482679,0,2,1990,0,0,0,0,0,0,0,0,0,0
482679,1,1,1990,0,0,0,20,0,0,0,0,18,22
482680,1,1,1990,34,34,34,34,34,34,34,34,34,34
482681,1,1,1990,9,9,9,9,9,9,9,9,9,9
482682,0,1,1990,33,0,0,26,14,17,6,0,0,0
482682,0,2,1990,26,25,0,16,0,15,0,8,15,0
482682,1,1,1990,10,29,23,0,17,28,26,17,12,8
482683,0,1,1990,0,0,0,0,0,0,0,0,36,14
482683,1,1,1990,0,0,0,0,0,0,0,0,21,0
482684,1,1,1990,15,15,15,15,15,15,15,15,15,15
482685,1,1,1990,0,0,0,0,0,0,0,0,0,0
482685,2,1,1990,0,0,0,0,0,0,0,0,0,0
482686,1,1,1990,18,0,0,14,22,12,0,0,0,14
482687,1,1,1990,12,0,30,5,0,0,0,9,15,8
482687,2,1,1990,20,20,20,20,20,20,20,20,20,20
482688,0,1,1990,0,0,0,0,0,0,0,0,0,0
482688,0,2,1990,0,12,0,0,18,9,0,0,0,18
482688,0,3,1990,0,0,11,0,0,0,0,0,0,0
482688,1,1,1990,0,0,0,0,0,0,0,0,0,0
482689,1,1,1990,23,23,23,23,23,23,23,23,23,23
482690,1,1,1990,0,0,35,0,0,0,19,0,4,13
482691,1,1,1990,0,17,0,0,0,0,0,0,14,0
482691,2,1,1990,0,0,0,0,0,0,0,0,0,0
482692,1,1,1990,0,1,0,0,12,0,0,0,0,0
482692,2,1,1990,0,0,0,0,0,0,0,0,0,0
482693,1,1,1990,0,0,0,0,0,0,0,0,0,0
482693,2,1,1990,0,0,0,0,0,0,0,0,0,0
482694,1,1,1990,0,18,0,0,0,0,0,0,0,0
482695,1,1,1990,24,24,24,24,24,24,24,24,24,24
482695,2,1,1990,6,6,6,6,6,6,6,6,6,6
482696,1,1,1990,11,11,11,11,11,11,11,11,11,11
482697,1,1,1990,0,0,0,0,0,0,0,0,0,0
482698,1,1,1990,9,9,9,9,9,9,9,9,9,9
482699,1,1,1990,0,0,0,0,0,0,0,0,9,0
482700,1,1,1990,14,0,0,0,17,0,0,8,0,0
482701,1,1,1990,0,0,14,0,0,0,0,0,0,0
482701,2,1,1990,0,0,7,0,0,0,0,0,0,0
482702,0,1,1990,0,0,0,0,0,0,0,5,0,0
482702,1,1,1990,12,12,12,12,12,12,12,12,12,12
482703,1,1,1990,0,0,20,0,21,17,0,0,26,9
482703,2,1,1990,0,0,0,0,0,0,0,0,0,0
482704,1,1,1990,0,0,0,0,13,0,0,0,0,0
482704,2,1,1990,0,0,0,0,0,0,0,0,0,0
482705,1,1,1990,23,23,23,23,23,23,23,23,23,23
482705,2,1,1990,18,31,12,0,20,33,3,0,0,0
482706,0,1,1990,0,0,0,0,0,0,0,0,0,0
482706,1,1,1990,15,15,15,15,15,15,15,15,15,15
482707,1,1,1990,0,0,0,0,0,0,0,0,0,0
482708,1,1,1990,0,0,0,0,0,0,0,0,0,0
482708,2,1,1990,0,0,0,5,0,0,0,0,6,0
482708,3,1,1990,0,0,0,0,0,0,0,0,0,0
482709,1,1,1990,19,19,19,19,19,19,19,19,19,19
482710,1,1,1990,0,10,0,0,6,0,0,0,0,0
482710,2,1,1990,0,0,0,0,0,0,0,18,0,6
482710,3,1,1990,15,34,0,0,0,0,0,0,0,0
482711,1,1,1990,0,0,0,0,0,0,0,0,0,0
482711,2,1,1990,0,0,0,0,0,0,0,0,0,0
482712,1,1,1990,16,13,16,33,8,32,22,24,12,27