ST_CASE,VEH_NO,PER_NO,YEAR,P1,P2,P3,P4,P5,P6,P7,P8,P9,P10
482713,1,1,1990,16,16,16,16,16,16,16,16,16,16
482714,1,1,1990,21,21,21,21,21,21,21,21,21,21
482714,2,1,1990,0,0,0,0,0,0,0,0,0,0
482715,1,1,1990,0,0,0,0,0,0,0,0,0,0
482715,2,1,1990,17,17,17,17,17,17,17,17,17,17
482716,1,1,1990,0,0,0,0,0,0,0,0,0,0
482717,1,1,1990,7,7,7,7,7,7,7,7,7,7
482717,2,1,1990,0,0,0,0,0,0,0,0,0,0
482718,1,1,1990,0,0,0,0,0,0,0,0,0,0
482718,2,1,1990,22,22,22,22,22,22,22,22,22,22
482719,1,1,1990,13,0,0,0,0,9,5,0,28,0
482720,1,1,1990,2,2,2,2,2,2,2,2,2,2
482721,1,1,1990,6,6,6,6,6,6,6,6,6,6
482721,2,1,1990,15,0,12,0,0,1,0,0,0,9
482722,1,1,1990,0,0,0,0,0,0,0,0,0,0
482722,2,1,1990,20,0,0,12,13,0,0,4,21,0
482722,3,1,1990,19,0,14,11,10,0,11,10,9,0
482723,1,1,1990,11,12,16,20,15,22,4,27,20,25
482724,1,1,1990,18,23,14,26,29,24,32,27,21,20
482725,1,1,1990,18,5,0,11,19,16,0,9,12,12
482725,2,1,1990,10,10,10,10,10,10,10,10,10,10
482726,1,1,1990,0,0,0,0,0,0,0,0,0,0
482727,1,1,1990,0,0,0,0,0,0,0,0,0,0
482728,0,1,1990,28,28,28,28,28,28,28,28,28,28
482728,1,1,1990,30,15,0,10,0,0,14,4,3,27
482730,1,1,1990,0,0,0,0,0,0,0,0,0,0
482730,2,1,1990,9,0,0,0,19,0,0,0,7,0
482731,1,1,1990,17,32,22,16,12,5,21,19,13,15
482732,1,1,1990,0,0,0,13,0,0,0,0,0,13
482732,2,1,1990,3,3,3,3,3,3,3,3,3,3
482733,0,1,1990,0,21,0,0,32,0,27,0,0,0
482733,1,1,1990,0,28,0,22,18,0,9,0,32,15
482734,1,1,1990,0,0,0,0,0,0,0,0,0,0
482734,2,1,1990,24,24,24,24,24,24,24,24,24,24
482734,3,1,1990,0,0,0,0,0,0,0,0,0,0
482735,0,1,1990,15,10,22,10,13,24,12,16,21,20
482735,1,1,1990,14,12,30,28,0,19,4,8,20,20
482736,1,1,1990,16,0,7,0,10,0,0,0,6,20
482737,1,1,1990,9,9,9,9,9,9,9,9,9,9
482738,1,1,1990,11,11,11,11,11,11,11,11,11,11
482739,1,1,1990,0,0,0,0,17,0,0,0,0,0
482739,2,1,1990,11,11,11,11,11,11,11,11,11,11
482740,1,1,1990,24,24,24,24,24,24,24,24,24,24
482741,0,1,1990,24,24,24,24,24,24,24,24,24,24
482741,1,1,1990,0,13,0,15,10,0,0,0,0,9
482742,0,1,1990,22,0,27,0,13,0,0,0,7,0
482742,1,1,1990,0,0,0,0,0,0,0,0,21,0
482743,1,1,1990,0,0,0,0,0,0,0,0,0,0
482744,1,1,1990,22,22,22,22,22,22,22,22,22,22
482745,0,1,1990,0,0,0,0,0,0,0,0,0,0
482745,1,1,1990,9,6,0,0,0,0,0,0,0,15
482746,1,1,1990,0,16,14,11,0,24,0,0,10,0
482747,0,1,1990,0,25,0,0,0,0,0,0,0,0
482747,1,1,1990,0,0,6,7,0,9,0,12,0,19
482748,1,1,1990,15,15,15,15,15,15,15,15,15,15
482749,1,1,1990,6,6,6,6,6,6,6,6,6,6
482749,2,1,1990,4,0,0,0,0,0,0,0,0,0
482750,1,1,1990,3,0,0,0,0,0,0,0,0,0
482750,2,1,1990,0,0,0,0,0,0,0,0,0,0
482751,1,1,1990,27,27,27,27,27,27,27,27,27,27
482751,2,1,1990,0,0,0,0,0,0,0,0,13,8
482752,1,1,1990,0,0,0,0,0,13,14,0,0,24
482753,1,1,1990,0,21,0,8,0,0,0,0,21,0
482755,1,1,1990,28,28,28,28,28,28,28,28,28,28
482756,1,1,1990,0,0,0,23,15,0,5,0,28,0
482757,1,1,1990,0,0,0,0,0,0,0,0,0,0
482758,0,1,1990,0,0,0,0,0,0,0,0,0,0
482758,1,1,1990,0,0,0,0,0,0,0,0,0,0
482759,0,1,1990,0,0,0,0,0,0,0,0,0,0
482759,1,1,1990,0,21,0,0,0,15,0,18,0,0
482760,1,1,1990,14,14,14,14,14,14,14,14,14,14
482760,2,1,1990,0,0,0,0,0,0,0,0,0,0
482761,0,1,1990,0,31,0,16,0,0,21,18,0,14
482761,1,1,1990,30,30,30,30,30,30,30,30,30,30
482762,1,1,1990,22,22,22,22,22,22,22,22,22,22
482763,1,1,1990,4,4,4,4,4,4,4,4,4,4
482763,2,1,1990,0,0,0,0,0,0,0,0,0,0
482764,1,1,1990,20,20,20,20,20,20,20,20,20,20
482765,0,1,1990,0,0,0,36,0,0,0,0,30,0
482765,1,1,1990,0,0,0,20,0,0,0,0,0,0
482766,1,1,1990,0,0,0,0,0,0,0,0,0,0
482766,2,1,1990,0,0,13,0,17,0,0,0,0,7
482767,1,1,1990,0,0,0,0,0,0,0,0,0,0
482767,2,1,1990,0,0,0,0,4,0,0,0,14,0
482768,0,1,1990,0,0,0,0,0,0,0,0,0,0
482768,1,1,1990,0,0,15,13,0,0,0,0,0,0
482769,1,1,1990,18,14,13,14,12,31,20,23,20,12
482770,1,1,1990,0,0,9,0,0,0,7,0,0,0
482771,1,1,1990,0,14,6,0,3,0,0,0,0,0
482771,2,1,1990,0,0,9,0,0,0,0,7,0,0
482772,1,1,1990,5,5,5,5,5,5,5,5,5,5
482773,1,1,1990,0,0,0,0,0,0,0,0,0,0
482774,1,1,1990,0,0,0,0,0,0,0,0,0,12
482775,1,1,1990,0,17,0,21,17,32,26,19,15,34
482776,1,1,1990,0,0,0,0,0,0,0,0,0,0
482776,2,1,1990,0,0,0,10,34,0,0,0,0,0
482777,1,1,1990,30,30,30,30,30,30,30,30,30,30
482777,2,1,1990,0,0,0,0,0,0,0,0,0,0
482778,1,1,1990,13,0,29,21,15,20,9,10,10,31
482779,1,1,1990,11,11,11,11,11,11,11,11,11,11
482780,1,1,1990,0,0,0,0,0,0,0,0,0,0
482781,1,1,1990,0,0,0,9,0,0,0,0,0,0
482781,2,1,1990,0,0,0,0,0,0,0,0,0,0
482782,1,1,1990,12,12,12,12,12,12,12,12,12,12
482783,0,1,1990,0,0,0,0,0,0,7,0,0,0
482783,1,1,1990,0,0,0,0,0,0,0,0,24,0
482784,1,1,1990,0,0,0,0,0,0,0,0,0,0
482785,1,1,1990,0,0,18,12,0,0,0,0,0,0
482785,2,1,1990,0,0,0,0,0,0,0,0,17,0
482786,1,1,1990,27,27,27,27,27,27,27,27,27,27
482787,1,1,1990,0,0,0,0,0,0,0,0,0,0
482788,1,1,1990,0,0,0,0,0,0,0,0,0,0
482788,2,1,1990,0,0,0,0,0,0,0,0,0,0
482789,1,1,1990,18,18,18,18,18,18,18,18,18,18
482790,1,1,1990,0,0,0,0,0,0,0,0,0,0
482791,1,1,1990,0,0,10,0,0,0,0,0,0,0
482792,1,1,1990,0,0,0,0,0,0,0,0,0,0
482792,2,1,1990,0,0,0,0,0,0,0,0,0,0
482792,3,1,1990,0,0,0,9,0,0,0,17,17,0
482793,1,1,1990,0,0,0,0,0,0,0,0,0,0
482794,1,1,1990,21,31,21,4,5,15,18,15,11,12
482794,2,1,1990,7,0,9,0,0,0,0,0,0,0
482795,1,1,1990,0,0,0,0,0,0,0,0,0,0
482796,1,1,1990,0,0,0,0,0,0,9,20,0,0
482797,1,1,1990,21,21,21,21,21,21,21,21,21,21
482798,1,1,1990,16,16,16,16,16,16,16,16,16,16
482798,2,1,1990,0,0,0,0,0,0,0,0,0,0
482799,1,1,1990,16,16,16,16,16,16,16,16,16,16
482800,1,1,1990,0,23,0,22,0,0,19,17,16,20
482801,1,1,1990,15,15,15,15,15,15,15,15,15,15
482802,1,1,1990,0,6,10,0,0,7,0,0,0,17
482802,2,1,1990,19,16,20,19,14,16,29,11,22,12
482803,1,1,1990,26,26,26,26,26,26,26,26,26,26
482804,1,1,1990,7,0,0,0,11,0,0,0,0,0
482805,1,1,1990,3,3,3,3,3,3,3,3,3,3
482805,2,1,1990,0,0,0,0,0,0,0,0,0,0
482806,1,1,1990,0,0,0,0,0,0,0,0,0,0
482807,1,1,1990,9,30,20,17,18,30,0,9,14,18
482808,0,1,1990,0,0,0,0,0,0,0,0,0,0
482808,1,1,1990,0,0,0,0,3,0,0,0,0,0
482809,1,1,1990,19,4,10,9,14,24,2,18,16,12
482809,2,1,1990,0,0,0,0,0,0,0,0,0,0
482810,1,1,1990,27,27,27,27,27,27,27,27,27,27
482811,1,1,1990,30,30,30,30,30,30,30,30,30,30
482812,1,1,1990,16,13,25,18,12,23,18,20,11,9
482813,1,1,1990,18,18,18,18,18,18,18,18,18,18
482814,0,1,1990,0,11,0,0,16,0,0,0,0,0
482814,1,1,1990,0,0,0,0,0,0,0,0,0,0
482815,1,1,1990,0,0,0,0,0,0,0,0,0,0
482815,2,1,1990,0,0,0,10,20,0,8,0,0,0
482816,1,1,1990,0,0,0,0,0,0,0,0,0,0
482816,2,1,1990,0,0,0,0,0,0,0,0,0,0
482816,3,1,1990,12,0,0,0,13,10,0,0,18,17
482816,4,1,1990,0,20,0,9,17,0,8,0,0,0
482817,1,1,1990,0,0,0,0,0,0,0,0,0,0
482818,1,1,1990,0,0,0,0,0,0,0,0,0,0
482818,2,1,1990,0,0,0,0,13,6,0,0,14,0
482819,1,1,1990,22,0,16,0,20,13,25,10,0,0
482820,1,1,1990,0,0,0,0,0,0,0,0,0,0
482821,1,1,1990,0,0,0,0,0,0,18,0,0,0
482821,2,1,1990,13,33,9,12,14,15,6,30,19,18
482822,1,1,1990,0,0,0,13,0,0,11,22,0,0
482823,1,1,1990,0,0,0,0,0,0,0,0,0,0
482824,1,1,1990,0,0,0,0,0,0,0,0,0,0
482824,2,1,1990,0,0,0,0,0,0,0,0,0,0
482825,1,1,1990,0,0,0,0,0,0,0,0,0,0
482826,1,1,1990,0,0,0,0,0,0,0,0,0,0
482827,1,1,1990,16,16,16,16,16,16,16,16,16,16
482828,0,1,1990,0,0,12,12,0,0,0,21,0,16
482828,1,1,1990,0,0,0,0,0,0,41,0,0,0
482829,1,1,1990,13,12,28,27,18,28,12,4,8,22
482830,1,1,1990,9,9,9,9,9,9,9,9,9,9
482830,2,1,1990,9,9,9,9,9,9,9,9,9,9
482830,3,1,1990,7,7,7,7,7,7,7,7,7,7
482831,0,1,1990,0,0,0,27,34,0,13,6,13,18
482831,0,2,1990,0,0,17,0,0,0,0,0,0,0
482831,0,3,1990,24,0,0,11,26,0,23,0,0,25
482831,1,1,1990,9,0,9,0,6,0,0,13,0,16
482832,1,1,1990,17,17,17,17,17,17,17,17,17,17
482833,1,1,1990,0,0,0,0,25,0,0,0,0,0
482833,2,1,1990,21,21,21,21,21,21,21,21,21,21
482834,1,1,1990,17,17,17,17,17,17,17,17,17,17
482835,1,1,1990,0,0,0,0,0,0,0,0,0,0
482835,2,1,1990,0,0,0,0,0,0,0,0,0,0
482836,1,1,1990,13,13,13,13,13,13,13,13,13,13
482837,1,1,1990,0,0,0,0,23,0,10,0,0,0
482837,2,1,1990,0,0,0,10,0,3,0,0,0,0
482838,1,1,1990,14,14,14,14,14,14,14,14,14,14
482839,0,1,1990,20,20,20,20,20,20,20,20,20,20
482839,1,1,1990,19,19,19,19,19,19,19,19,19,19
482840,1,1,1990,21,23,0,18,28,0,9,0,0,0
482841,1,1,1990,31,26,0,29,25,14,15,10,0,9
482842,1,1,1990,0,0,0,0,0,0,0,0,0,7
482842,2,1,1990,0,0,0,18,0,0,10,24,0,0
482843,1,1,1990,0,0,15,0,0,0,0,0,0,0
482843,2,1,1990,4,0,0,0,0,0,0,0,0,0
482844,1,1,1990,2,18,0,18,41,16,23,12,11,24
482844,2,1,1990,0,0,0,0,0,0,0,0,0,0
482845,1,1,1990,24,24,24,24,24,24,24,24,24,24
482846,1,1,1990,0,0,0,0,0,0,0,0,0,0
482846,2,1,1990,0,0,10,0,0,0,0,0,0,0
482847,1,1,1990,0,24,0,12,14,21,10,0,12,4
482848,1,1,1990,0,0,0,0,0,0,0,0,0,0
482849,1,1,1990,0,0,0,0,0,0,0,0,0,0
482849,2,1,1990,0,0,0,0,0,0,0,6,0,0
482850,1,1,1990,0,0,0,0,0,26,0,14,0,0
482851,1,1,1990,0,0,0,0,0,0,0,0,0,0
482852,1,1,1990,0,0,0,0,0,0,0,0,0,0
482852,2,1,1990,0,0,0,0,0,0,36,0,13,10
482853,1,1,1990,20,9,14,21,0,0,13,0,15,7
482854,0,1,1990,0,0,0,0,0,0,0,10,0,0
482854,0,2,1990,0,0,0,0,0,30,0,0,0,0
482854,1,1,1990,0,0,0,0,0,0,0,0,0,0
482855,1,1,1990,0,0,0,0,0,0,0,0,0,0
482856,1,1,1990,9,9,9,9,9,9,9,9,9,9
482856,2,1,1990,0,0,0,20,8,0,10,30,0,15
482857,1,1,1990,9,9,9,9,9,9,9,9,9,9
482858,1,1,1990,26,26,26,26,26,26,26,26,26,26
482859,1,1,1990,0,0,0,8,0,0,0,15,13,34
482860,1,1,1990,3,0,0,0,7,0,0,0,7,0
482860,2,1,1990,0,0,0,0,16,17,0,18,0,0
482861,1,1,1990,0,0,0,0,0,0,0,20,0,0
482862,1,1,1990,21,0,0,0,0,0,0,0,0,0
482862,2,1,1990,0,9,0,0,0,0,0,0,0,0
482863,1,1,1990,24,15,24,37,17,23,22,26,17,16
482864,1,1,1990,0,0,0,0,0,0,0,0,32,0
482865,1,1,1990,0,0,0,0,0,0,0,0,0,0
482865,2,1,1990,0,14,0,0,0,0,0,0,0,0
482866,0,1,1990,0,0,0,0,0,0,0,0,0,0
482866,1,1,1990,0,0,0,0,0,0,0,27,32,0
482867,1,1,1990,0,0,0,0,0,0,0,0,0,0
482867,2,1,1990,0,0,0,0,0,0,0,0,0,0
482868,1,1,1990,0,0,0,0,0,0,0,0,0,0
482868,2,1,1990,28,0,0,0,0,0,0,0,0,0
482869,1,1,1990,19,8,21,9,6,0,15,9,12,16
482869,2,1,1990,21,14,14,0,0,25,15,5,17,25
482870,0,1,1990,20,0,14,0,7,0,0,0,0,0
482870,1,1,1990,0,0,0,0,0,23,0,0,0,0
482870,2,1,1990,0,0,0,0,0,0,0,0,0,0
482870,3,1,1990,0,0,0,0,0,0,0,0,0,0
482871,0,1,1990,0,0,0,0,0,0,0,0,0,0
482871,1,1,1990,0,0,0,0,0,0,0,0,0,0
482872,0,1,1990,0,0,0,0,0,0,24,0,0,0
482872,1,1,1990,0,9,10,0,0,0,12,20,0,0
482872,2,1,1990,0,0,0,0,0,0,0,0,0,0
482873,0,1,1990,0,0,0,0,0,0,0,0,0,0
482873,1,1,1990,0,0,0,0,0,0,0,0,0,0
482874,1,1,1990,18,18,18,18,18,18,18,18,18,18
482875,1,1,1990,0,0,0,0,0,22,0,0,0,0
482875,2,1,1990,0,0,0,0,0,0,0,18,0,0
482875,3,1,1990,0,0,0,0,0,0,0,0,0,0
482875,4,1,1990,0,0,0,6,0,0,0,0,0,0
482876,1,1,1990,22,22,22,22,22,22,22,22,22,22
482877,1,1,1990,29,29,29,29,29,29,29,29,29,29
482877,2,1,1990,0,0,0,0,0,0,7,0,0,0
482878,1,1,1990,19,30,14,33,19,21,33,16,3,26
482878,2,1,1990,23,0,0,0,0,0,0,6,0,0
482879,1,1,1990,0,0,0,0,17,0,0,0,0,4
482879,2,1,1990,0,0,0,0,0,0,0,0,0,0
482880,1,1,1990,0,0,0,0,0,0,0,0,0,0
482881,1,1,1990,14,20,12,0,19,27,5,8,24,2
482881,2,1,1990,0,0,0,0,0,0,0,0,0,0
482882,1,1,1990,0,0,0,0,0,0,0,0,0,0
482882,2,1,1990,0,0,0,0,24,0,0,0,0,0
482882,3,1,1990,0,0,0,0,0,0,0,12,0,0
482883,1,1,1990,0,0,0,0,0,0,0,0,0,0
482884,1,1,1990,0,0,0,0,0,0,0,0,7,0
482885,0,1,1990,0,0,0,0,0,0,0,0,0,0
482885,1,1,1990,0,0,0,0,0,0,0,0,0,0
482886,1,1,1990,0,0,15,0,0,0,0,0,0,0
482887,1,1,1990,0,0,0,0,0,0,0,0,0,0
482887,2,1,1990,20,0,0,0,27,17,19,16,0,0
482888,1,1,1990,44,44,44,44,44,44,44,44,44,44
482888,2,1,1990,0,0,0,13,0,20,14,0,7,0
482889,1,1,1990,0,0,0,0,0,0,0,0,0,0
482889,2,1,1990,0,0,0,0,0,0,0,0,0,0
482889,3,1,1990,0,3,0,0,0,0,0,0,0,0
482890,1,1,1990,0,0,0,0,0,0,0,0,0,20
482890,2,1,1990,0,0,0,0,0,0,0,0,0,0
482891,1,1,1990,18,0,0,0,0,0,44,13,24,0
482892,1,1,1990,28,28,28,28,28,28,28,28,28,28
482892,2,1,1990,0,0,8,0,0,0,14,11,14,19
482893,1,1,1990,0,0,0,0,0,0,0,0,14,0
482894,1,1,1990,0,0,0,0,0,0,0,16,0,0
482894,2,1,1990,0,0,0,0,0,0,0,0,0,0
482895,1,1,1990,38,25,35,36,17,25,0,18,27,0
482896,1,1,1990,11,0,18,7,8,0,15,14,0,13
482896,2,1,1990,0,0,0,0,0,0,0,0,0,0
482896,3,1,1990,0,0,0,0,0,0,0,0,0,0
482897,1,1,1990,0,0,0,0,0,0,0,0,0,0
482897,2,1,1990,0,0,0,0,0,0,0,0,0,0
482898,1,1,1990,0,0,0,0,0,0,0,0,0,0
482899,0,1,1990,33,33,33,33,33,33,33,33,33,33
482899,1,1,1990,12,0,19,0,18,22,0,0,11,17
482900,1,1,1990,19,19,19,19,19,19,19,19,19,19
482901,0,1,1990,31,31,31,31,31,31,31,31,31,31
482901,1,1,1990,0,18,0,0,10,0,14,0,0,0
482902,1,1,1990,20,20,20,20,20,20,20,20,20,20
482903,0,1,1990,0,0,0,0,0,0,0,0,0,0
482903,1,1,1990,0,0,0,0,0,0,0,0,0,0
482904,1,1,1990,0,2,13,0,0,0,0,0,0,0
482904,2,1,1990,0,0,0,0,0,0,0,0,0,0
482905,1,1,1990,18,12,19,22,34,27,8,11,28,14
482906,1,1,1990,30,30,30,30,30,30,30,30,30,30
482906,2,1,1990,0,0,0,0,0,0,0,0,0,0
482907,1,1,1990,0,0,0,0,14,0,0,16,0,39
482908,1,1,1990,18,18,18,18,18,18,18,18,18,18
482909,1,1,1990,0,0,0,0,0,3,0,0,0,0
482909,2,1,1990,0,17,0,0,0,0,0,0,17,0
482910,1,1,1990,16,0,13,11,0,18,19,11,0,29
482911,1,1,1990,0,0,0,0,0,0,0,0,0,0
482912,0,1,1990,16,16,16,16,16,16,16,16,16,16
482912,1,1,1990,10,7,0,17,0,0,17,0,12,0
482913,1,1,1990,0,0,0,0,0,0,0,23,0,0
482913,2,1,1990,0,0,0,0,0,0,0,0,0,0
482914,1,1,1990,0,0,19,0,25,0,0,0,11,0
482915,1,1,1990,0,0,0,0,0,0,0,0,0,0
482915,2,1,1990,0,0,0,0,0,0,0,0,0,0
482916,1,1,1990,0,19,19,20,18,0,0,0,3,0
482916,2,1,1990,13,0,0,0,0,0,0,0,0,2
482917,1,1,1990,0,0,15,0,0,0,0,0,16,0
482917,2,1,1990,23,20,0,0,0,0,0,0,0,0
482918,1,1,1990,0,0,0,0,0,0,0,0,0,0
482918,2,1,1990,20,0,17,3,6,0,0,11,9,0
482919,1,1,1990,0,0,0,0,0,0,0,0,0,0
482919,2,1,1990,0,0,0,0,0,0,0,0,0,0
482919,3,1,1990,0,0,0,0,0,0,0,0,0,0
482920,1,1,1990,0,12,0,0,0,0,14,0,0,0
482921,1,1,1990,0,0,0,0,0,0,0,0,0,0
482921,2,1,1990,0,0,0,0,0,0,0,0,0,14
490001,1,1,1990,0,0,0,0,0,0,0,0,0,0
490002,1,1,1990,14,14,14,14,14,14,14,14,14,14
490002,2,1,1990,0,0,0,0,0,0,0,0,0,0
490002,3,1,1990,0,0,0,0,0,0,0,0,0,0
490002,4,1,1990,0,0,0,0,0,0,0,0,0,0
490003,1,1,1990,0,0,0,0,0,0,0,0,0,0
490003,2,1,1990,0,0,0,0,0,0,0,0,0,0
490004,1,1,1990,0,0,0,0,0,0,0,0,0,0
490004,2,1,1990,0,0,0,0,0,0,0,0,0,0
490005,1,1,1990,0,0,0,0,0,0,0,0,0,0
490005,2,1,1990,0,0,0,0,0,0,0,0,0,0
490006,1,1,1990,0,0,0,0,0,0,0,0,0,0
490006,2,1,1990,0,0,0,0,0,0,0,0,0,0
490006,3,1,1990,14,14,14,14,14,14,14,14,14,14
490006,4,1,1990,0,0,0,0,0,0,0,0,0,0
490007,1,1,1990,0,0,0,0,0,0,0,0,0,0
490008,0,1,1990,0,0,0,0,0,0,0,0,0,0
490008,1,1,1990,0,0,0,0,0,0,0,0,0,0
490009,0,1,1990,0,0,0,0,0,0,0,0,0,0
490009,1,1,1990,0,0,0,0,0,0,0,0,0,0
490010,1,1,1990,31,31,31,31,31,31,31,31,31,31
490010,2,1,1990,5,5,5,5,5,5,5,5,5,5
490011,0,1,1990,0,0,20,0,0,0,0,0,0,0
490011,1,1,1990,0,0,0,0,0,0,0,0,0,0
490012,1,1,1990,0,0,0,0,0,0,0,0,0,0
490013,1,1,1990,0,0,0,0,0,0,0,0,0,0
490013,2,1,1990,0,0,0,0,0,0,0,0,0,0
490014,1,1,1990,13,13,13,13,13,13,13,13,13,13
490014,2,1,1990,0,0,0,0,0,0,0,0,0,0
490014,3,1,1990,0,0,0,0,0,0,0,0,0,0
490014,4,1,1990,0,0,0,0,0,0,0,0,0,0
490015,1,1,1990,0,0,0,0,0,0,0,0,0,0
490015,2,1,1990,3,3,3,3,3,3,3,3,3,3
490016,1,1,1990,0,0,0,0,0,0,0,0,0,0
490016,2,1,1990,0,0,0,0,0,0,0,0,0,0
490017,1,1,1990,0,0,0,0,0,0,0,0,0,0
490018,1,1,1990,0,0,0,0,0,0,0,0,0,0
490018,2,1,1990,0,0,0,0,0,0,0,0,0,0
490019,1,1,1990,0,0,0,0,0,0,0,0,0,0
490020,1,1,1990,10,10,10,10,10,10,10,10,10,10
490022,1,1,1990,0,0,0,0,0,0,0,0,0,0
490023,1,1,1990,0,0,0,0,0,0,0,0,0,0
490023,2,1,1990,0,0,0,0,0,0,0,0,0,0
490024,1,1,1990,0,0,0,0,0,0,0,0,0,0
490024,2,1,1990,4,0,0,0,0,0,0,0,0,0
490024,3,1,1990,6,3,0,0,3,0,0,0,0,0
490025,1,1,1990,0,0,0,0,0,0,0,0,0,0
490025,2,1,1990,0,0,0,0,0,0,0,0,0,0
490026,1,1,1990,27,27,27,27,27,27,27,27,27,27
490026,2,1,1990,0,0,0,0,0,0,0,0,0,0
490027,1,1,1990,0,0,0,0,0,0,0,0,0,0
490028,1,1,1990,21,21,21,21,21,21,21,21,21,21
490029,1,1,1990,0,0,0,0,0,0,0,0,0,0
490030,0,1,1990,0,0,0,0,0,0,0,0,0,0
490030,1,1,1990,0,0,0,0,0,0,0,0,0,0
490031,1,1,1990,0,0,0,0,0,0,0,0,0,0
490031,2,1,1990,0,0,0,0,0,0,0,0,0,0
490032,1,1,1990,0,0,0,0,0,0,0,0,0,0
490033,1,1,1990,0,0,0,0,0,0,0,0,0,0
490034,1,1,1990,0,0,0,0,0,0,0,0,0,0
490034,2,1,1990,0,0,0,0,0,0,0,0,0,0
490035,1,1,1990,15,15,15,15,15,15,15,15,15,15
490035,2,1,1990,0,0,0,0,0,0,0,0,0,0
490035,3,1,1990,0,0,0,0,0,0,0,0,0,0
490036,0,1,1990,0,0,0,0,0,0,0,0,0,0
490036,1,1,1990,0,0,0,0,0,0,0,0,0,0
490037,1,1,1990,0,0,0,0,0,0,0,0,0,0
490037,2,1,1990,0,0,0,0,0,0,0,0,0,0
490038,1,1,1990,0,0,0,0,0,0,0,0,0,0
490039,1,1,1990,22,22,22,22,22,22,22,22,22,22
490040,1,1,1990,0,0,0,0,0,0,0,0,0,0
490040,2,1,1990,0,23,0,19,0,0,0,0,0,0
490041,1,1,1990,0,0,0,26,0,13,0,0,0,0
490042,1,1,1990,0,0,0,0,0,0,0,0,0,0
490043,1,1,1990,0,0,0,0,0,0,0,0,0,0
490043,2,1,1990,0,0,0,0,0,0,0,0,0,0
490044,0,1,1990,0,0,21,0,0,0,20,0,21,0
490044,1,1,1990,0,0,0,0,0,0,0,0,13,0
490045,1,1,1990,0,0,15,25,0,0,0,21,0,0
490046,1,1,1990,0,0,0,0,0,0,12,0,0,0
490046,2,1,1990,0,0,0,0,0,0,0,0,0,7
490047,1,1,1990,0,0,0,0,0,0,16,0,0,0
490048,1,1,1990,0,0,0,0,0,0,0,0,0,0
490049,1,1,1990,0,0,0,0,0,0,0,0,0,0
490050,1,1,1990,13,13,13,13,13,13,13,13,13,13
490052,1,1,1990,0,0,0,0,0,0,0,0,0,0
490053,0,1,1990,0,0,0,0,0,0,0,0,0,0
490053,1,1,1990,0,0,0,0,0,0,0,0,0,0
490054,1,1,1990,0,0,0,0,0,0,0,0,0,0
490055,1,1,1990,0,0,0,0,0,0,0,0,0,0
490056,1,1,1990,0,0,0,0,0,0,0,0,0,0
490057,1,1,1990,0,0,0,0,0,0,0,0,0,0
490058,1,1,1990,0,0,0,0,0,0,0,0,0,0
490059,1,1,1990,21,21,21,21,21,21,21,21,21,21
490060,1,1,1990,15,15,15,15,15,15,15,15,15,15
490061,1,1,1990,0,0,0,0,0,0,0,0,0,0
490062,1,1,1990,0,0,0,0,0,0,0,0,0,0
490062,2,1,1990,0,0,0,0,0,0,0,0,0,0
490063,1,1,1990,0,0,0,0,0,0,3,0,0,0
490064,1,1,1990,0,0,0,0,0,0,0,0,0,0
490065,1,1,1990,0,0,0,0,0,0,0,0,0,0
490065,2,1,1990,0,0,0,0,0,0,0,0,0,0
490066,1,1,1990,0,0,0,0,0,0,0,0,0,0
490067,1,1,1990,0,0,0,0,0,0,0,0,0,0
490067,2,1,1990,0,0,0,0,0,0,0,0,0,0
490068,1,1,1990,0,0,0,0,0,0,0,0,0,0
490068,2,1,1990,0,0,0,0,0,0,0,0,0,0
490068,3,1,1990,0,0,0,0,0,0,0,0,0,0
490069,1,1,1990,0,0,0,0,0,0,0,0,0,0
490070,0,1,1990,0,0,0,0,0,0,0,0,0,0
490070,1,1,1990,0,0,0,0,0,0,0,0,0,0
490071,1,1,1990,0,0,0,0,0,0,0,0,0,0
490071,2,1,1990,0,0,0,0,0,0,0,0,0,0
490072,1,1,1990,13,13,13,13,13,13,13,13,13,13
490073,0,1,1990,0,0,0,36,0,0,0,0,0,0
490073,1,1,1990,0,0,0,0,0,0,0,0,0,0
490074,1,1,1990,0,0,0,0,0,0,0,0,0,0
490074,2,1,1990,0,0,0,0,0,0,0,0,0,0
490075,1,1,1990,0,0,0,0,0,0,0,0,0,0
490076,1,1,1990,0,0,0,0,0,0,0,0,0,0
490076,2,1,1990,0,0,0,0,0,0,0,0,0,0
490077,1,1,1990,0,0,0,0,0,0,0,0,0,0
490078,1,1,1990,19,20,24,22,0,10,5,23,23,25
490079,1,1,1990,4,4,4,4,4,4,4,4,4,4
490080,0,1,1990,0,0,0,0,0,0,0,0,0,0
490080,1,1,1990,0,0,0,0,0,0,0,0,0,0
490081,1,1,1990,0,0,0,0,0,0,0,0,0,0
490082,1,1,1990,0,0,0,0,0,0,0,0,0,0
490082,2,1,1990,0,0,0,0,0,0,0,0,0,0
490083,1,1,1990,24,6,0,12,13,0,20,0,10,27
490084,1,1,1990,18,18,18,18,18,18,18,18,18,18