ST_CASE,VEH_NO,PER_NO,YEAR,P1,P2,P3,P4,P5,P6,P7,P8,P9,P10
490085,1,1,1990,0,0,0,0,0,0,0,0,0,0
490086,1,1,1990,0,0,0,0,0,0,0,0,0,0
490087,1,1,1990,0,0,0,0,0,0,0,0,0,14
490087,2,1,1990,0,0,0,0,0,0,0,0,0,0
490088,1,1,1990,0,0,0,0,0,0,0,0,0,0
490089,1,1,1990,0,0,0,0,0,0,0,0,0,0
490090,1,1,1990,0,0,0,0,0,0,0,0,0,0
490090,2,1,1990,0,0,0,0,0,0,0,0,0,0
490091,1,1,1990,0,0,0,0,0,0,0,0,0,0
490092,1,1,1990,0,0,0,0,0,0,0,0,0,0
490092,2,1,1990,0,0,0,0,0,0,0,0,0,0
490093,1,1,1990,0,0,0,0,0,0,0,0,0,0
490093,2,1,1990,28,28,28,28,28,28,28,28,28,28
490094,1,1,1990,8,8,8,8,8,8,8,8,8,8
490095,1,1,1990,19,19,19,19,19,19,19,19,19,19
490096,1,1,1990,16,16,16,16,16,16,16,16,16,16
490097,1,1,1990,0,0,0,0,0,0,0,0,0,0
490097,2,1,1990,0,0,0,0,0,0,0,0,0,0
490098,1,1,1990,0,0,0,0,0,0,0,0,0,0
490099,1,1,1990,0,0,0,0,0,0,0,0,0,0
490100,1,1,1990,0,0,0,0,0,0,0,0,0,0
490100,2,1,1990,0,0,0,0,0,0,0,0,0,0
490101,1,1,1990,0,0,12,0,8,0,0,0,0,0
490102,1,1,1990,0,0,0,0,0,0,0,0,0,0
490103,1,1,1990,0,0,0,0,0,0,0,0,0,0
490104,1,1,1990,0,0,0,0,0,0,0,16,0,0
490105,1,1,1990,28,28,28,28,28,28,28,28,28,28
490106,0,1,1990,0,0,0,0,0,0,0,32,0,0
490106,1,1,1990,0,0,0,0,0,0,0,0,0,0
490107,1,1,1990,0,0,0,0,0,0,0,0,0,0
490107,2,1,1990,3,3,3,3,3,3,3,3,3,3
490108,1,1,1990,0,0,0,0,0,0,0,0,0,0
490108,2,1,1990,0,0,0,0,0,0,0,0,0,0
490108,3,1,1990,0,0,0,0,0,0,0,0,0,0
490108,4,1,1990,0,0,0,0,0,5,0,0,0,0
490108,5,1,1990,0,0,0,0,0,0,0,0,0,0
490108,6,1,1990,0,0,0,0,0,0,0,0,0,0
490108,7,1,1990,0,0,0,0,0,0,0,0,0,0
490108,8,1,1990,0,0,0,0,0,0,0,0,0,0
490108,9,1,1990,0,0,0,0,0,0,0,0,0,0
490108,10,1,1990,0,0,0,0,0,0,0,0,0,0
490109,1,1,1990,0,0,0,0,0,0,0,0,0,0
490109,2,1,1990,0,0,0,0,12,0,0,0,0,0
490110,1,1,1990,1,1,1,1,1,1,1,1,1,1
490111,1,1,1990,0,0,0,0,0,0,0,0,0,0
490111,2,1,1990,0,0,0,0,0,0,0,0,0,0
490112,1,1,1990,0,0,24,0,0,0,0,0,14,0
490113,1,1,1990,0,0,0,0,0,0,0,0,0,0
490114,1,1,1990,12,12,12,12,12,12,12,12,12,12
490115,1,1,1990,0,0,0,0,0,0,0,0,0,0
490116,1,1,1990,0,0,0,0,0,0,0,0,0,0
490117,1,1,1990,12,12,12,12,12,12,12,12,12,12
490118,0,1,1990,0,0,0,0,0,0,0,0,0,0
490118,1,1,1990,0,0,0,0,0,0,0,0,0,0
490119,1,1,1990,0,0,0,0,0,0,0,0,0,0
490119,2,1,1990,0,0,0,0,0,0,0,0,0,0
490119,3,1,1990,0,0,0,0,13,0,0,0,0,0
490120,0,1,1990,33,33,33,33,33,33,33,33,33,33
490120,1,1,1990,8,8,8,8,8,8,8,8,8,8
490125,1,1,1990,0,0,0,0,0,0,0,0,0,0
490126,1,1,1990,0,0,0,0,0,0,0,0,0,0
490128,1,1,1990,0,0,0,0,0,0,0,0,0,0
490128,2,1,1990,0,0,0,0,0,0,0,0,0,0
490129,1,1,1990,16,16,16,16,16,16,16,16,16,16
490129,2,1,1990,0,0,0,0,0,0,0,0,0,0
490129,3,1,1990,0,0,0,0,0,8,0,0,0,0
490130,1,1,1990,0,0,0,0,0,0,0,0,0,0
490131,1,1,1990,0,0,0,0,0,0,0,0,0,0
490132,1,1,1990,0,0,0,0,0,0,0,0,0,0
490133,1,1,1990,0,0,0,0,0,0,0,0,0,0
490133,2,1,1990,0,0,0,0,0,0,0,0,0,0
490134,1,1,1990,0,0,0,0,0,0,0,0,0,0
490135,0,1,1990,0,0,0,0,0,0,0,0,0,0
490135,1,1,1990,0,0,0,0,0,0,0,0,0,0
490136,1,1,1990,0,0,0,0,0,0,0,0,0,0
490138,1,1,1990,0,0,0,0,0,0,0,0,0,22
490138,2,1,1990,0,0,0,0,0,0,0,0,0,0
490139,1,1,1990,10,10,10,10,10,10,10,10,10,10
490140,1,1,1990,0,0,0,0,0,0,0,0,0,0
490140,2,1,1990,0,0,0,0,0,0,17,0,0,0
490141,0,1,1990,0,0,0,0,0,0,0,0,0,0
490141,1,1,1990,0,0,0,0,0,0,0,0,0,0
490142,1,1,1990,9,9,9,9,9,9,9,9,9,9
490143,0,1,1990,0,0,0,0,0,0,0,0,0,0
490143,1,1,1990,0,0,0,0,0,0,0,0,0,0
490144,1,1,1990,0,0,0,0,0,0,0,0,0,0
490145,0,1,1990,0,0,0,0,0,0,0,0,0,0
490145,1,1,1990,0,0,0,0,0,0,0,0,0,0
490146,1,1,1990,0,0,0,0,0,0,0,0,0,0
490147,1,1,1990,13,13,13,13,13,13,13,13,13,13
490148,1,1,1990,26,26,26,26,26,26,26,26,26,26
490149,1,1,1990,0,0,0,0,0,0,0,0,0,0
490150,0,1,1990,31,31,31,31,31,31,31,31,31,31
490150,1,1,1990,0,0,0,0,0,0,0,0,0,0
490151,0,1,1990,0,0,0,0,0,0,0,0,0,0
490151,1,1,1990,0,0,0,0,0,0,0,0,0,0
490152,1,1,1990,6,6,6,6,6,6,6,6,6,6
490152,2,1,1990,12,12,12,12,12,12,12,12,12,12
490153,1,1,1990,0,0,0,0,0,0,0,0,0,0
490153,2,1,1990,0,0,0,0,0,0,0,0,0,0
490154,1,1,1990,0,0,0,0,0,0,0,0,0,0
490154,2,1,1990,0,0,0,0,10,0,0,0,0,0
490155,0,1,1990,0,0,0,0,0,0,0,0,0,0
490155,1,1,1990,0,0,0,0,0,0,0,0,0,0
490156,1,1,1990,0,0,0,0,0,0,0,0,0,0
490157,1,1,1990,0,15,0,0,0,0,0,0,0,0
490157,2,1,1990,0,0,0,0,0,0,0,0,0,0
490159,0,1,1990,0,0,0,0,0,0,0,0,0,0
490159,0,2,1990,39,0,37,0,0,0,0,0,0,0
490159,1,1,1990,0,0,0,0,0,0,0,0,0,0
490160,1,1,1990,0,0,0,0,0,0,0,0,0,0
490160,2,1,1990,0,0,0,0,0,0,0,0,0,0
490160,3,1,1990,0,0,0,0,0,0,0,0,0,0
490161,1,1,1990,0,0,0,18,0,12,0,0,0,0
490161,2,1,1990,0,0,0,0,0,0,0,0,0,0
490162,1,1,1990,13,13,13,13,13,13,13,13,13,13
490163,1,1,1990,0,0,0,0,0,0,0,0,0,0
490163,2,1,1990,16,16,16,16,16,16,16,16,16,16
490164,1,1,1990,0,0,0,0,0,0,0,0,0,0
490164,2,1,1990,0,0,0,0,0,0,0,0,0,0
490165,0,1,1990,0,0,0,0,0,0,0,0,0,0
490165,1,1,1990,0,0,0,0,0,0,0,0,0,0
490166,1,1,1990,0,0,0,0,0,0,0,0,0,0
490166,2,1,1990,0,0,0,0,0,0,0,0,0,0
490167,1,1,1990,0,0,0,0,0,0,0,0,0,0
490168,1,1,1990,0,0,0,0,0,0,0,0,0,0
490169,1,1,1990,0,0,0,0,0,0,0,0,0,0
490170,1,1,1990,0,0,0,0,0,0,0,0,0,0
490170,2,1,1990,13,13,13,13,13,13,13,13,13,13
490171,0,1,1990,0,0,0,0,0,10,0,0,19,0
490171,1,1,1990,0,0,8,0,0,0,0,0,0,0
490172,1,1,1990,0,0,0,0,0,0,0,0,0,0
490173,1,1,1990,13,13,13,13,13,13,13,13,13,13
490174,1,1,1990,0,0,0,0,0,0,0,0,0,0
490175,0,1,1990,0,0,0,0,0,0,0,0,0,0
490175,1,1,1990,0,0,0,0,0,0,0,0,0,0
490176,1,1,1990,0,0,0,0,0,0,0,0,0,0
490177,1,1,1990,0,0,0,0,0,0,0,0,0,0
490178,1,1,1990,22,22,22,22,22,22,22,22,22,22
490179,1,1,1990,0,0,0,0,0,0,0,0,0,0
490179,2,1,1990,0,0,0,0,0,0,0,0,0,0
490180,1,1,1990,0,0,0,9,14,0,0,0,0,15
490180,2,1,1990,0,11,0,0,0,0,0,0,0,0
490181,1,1,1990,22,22,22,22,22,22,22,22,22,22
490182,0,1,1990,0,0,0,0,0,0,0,0,0,0
490182,1,1,1990,0,0,0,0,0,0,0,0,0,0
490183,1,1,1990,0,0,0,0,0,0,0,0,0,0
490183,2,1,1990,0,0,0,0,0,0,0,0,0,0
490184,1,1,1990,26,26,26,26,26,26,26,26,26,26
490186,0,1,1990,0,0,0,0,0,0,0,0,0,0
490186,1,1,1990,0,0,0,0,0,0,0,0,0,0
490187,1,1,1990,0,0,0,0,0,0,0,0,0,0
490188,1,1,1990,28,28,28,28,28,28,28,28,28,28
490189,1,1,1990,8,8,8,8,8,8,8,8,8,8
490190,1,1,1990,0,0,0,0,0,0,0,0,0,0
490191,1,1,1990,21,21,21,21,21,21,21,21,21,21
490192,0,1,1990,0,0,0,0,0,0,0,0,0,0
490192,1,1,1990,0,0,0,0,0,0,0,0,0,0
490193,1,1,1990,17,17,17,17,17,17,17,17,17,17
490193,2,1,1990,0,0,0,0,0,0,0,0,0,0
490194,0,1,1990,0,0,0,0,0,0,0,0,0,0
490194,0,2,1990,0,0,0,0,0,0,0,0,0,0
490194,1,1,1990,0,0,0,0,0,0,0,0,0,0
490195,1,1,1990,14,14,14,14,14,14,14,14,14,14
490195,2,1,1990,0,0,0,0,0,0,0,0,0,0
490196,1,1,1990,0,0,0,0,0,0,0,0,0,0
490198,0,1,1990,0,0,0,0,0,0,0,0,0,0
490198,1,1,1990,0,0,0,0,0,0,0,0,0,0
490199,0,1,1990,34,34,34,34,34,34,34,34,34,34
490199,1,1,1990,0,0,0,0,0,0,0,0,0,0
490200,1,1,1990,0,0,0,0,0,0,0,0,0,0
490200,2,1,1990,0,0,0,0,0,0,0,0,0,0
490201,1,1,1990,0,0,31,0,0,0,16,12,0,0
490201,2,1,1990,0,15,0,0,0,0,0,0,0,0
490202,0,1,1990,0,0,0,0,0,0,0,0,0,0
490202,1,1,1990,0,0,0,0,0,0,0,0,0,0
490203,1,1,1990,0,0,0,0,0,0,0,0,0,0
490204,1,1,1990,0,0,0,0,0,0,0,0,0,0
490205,1,1,1990,0,0,0,0,0,0,0,0,0,0
490205,2,1,1990,0,0,0,0,0,0,0,0,0,0
490206,0,1,1990,0,0,0,0,0,0,0,0,0,0
490206,1,1,1990,0,0,0,0,0,0,0,0,0,0
490207,1,1,1990,13,13,13,13,13,13,13,13,13,13
490208,1,1,1990,0,0,0,0,0,0,0,0,0,0
490209,1,1,1990,1,1,1,1,1,1,1,1,1,1
490210,1,1,1990,0,0,0,0,0,0,0,0,0,0
490210,2,1,1990,0,0,0,0,0,0,0,0,0,0
490211,1,1,1990,0,18,0,0,0,0,0,0,0,0
490211,2,1,1990,0,19,0,0,0,0,0,0,0,0
490212,1,1,1990,0,0,0,0,0,0,0,0,0,0
490212,2,1,1990,0,0,0,0,0,0,0,0,0,0
490213,1,1,1990,0,0,0,0,0,0,0,0,0,0
490213,2,1,1990,0,0,0,0,0,0,0,0,0,0
490214,0,1,1990,0,0,0,0,0,0,0,0,0,0
490214,1,1,1990,0,0,0,0,0,0,0,0,0,0
490215,0,1,1990,0,0,0,0,0,0,0,0,0,0
490215,1,1,1990,0,0,0,0,0,0,0,0,0,0
490216,1,1,1990,0,0,0,0,0,0,0,0,0,0
490216,2,1,1990,0,0,0,0,0,0,0,0,0,0
490217,1,1,1990,2,2,2,2,2,2,2,2,2,2
490218,1,1,1990,0,0,0,0,0,0,0,0,0,0
490218,2,1,1990,0,0,0,0,0,0,0,0,4,0
490219,1,1,1990,0,0,0,0,0,0,0,0,0,0
490220,1,1,1990,0,0,0,0,0,0,0,0,0,0
490221,1,1,1990,0,16,0,0,0,8,0,0,0,0
490222,1,1,1990,0,0,0,0,0,0,0,0,0,0
490222,2,1,1990,0,0,0,0,0,0,0,0,0,0
490223,1,1,1990,0,0,0,0,0,0,0,0,0,0
490224,0,1,1990,0,0,0,0,0,0,0,0,0,0
490224,1,1,1990,0,0,0,0,0,0,0,0,0,0
490225,1,1,1990,0,0,0,0,0,0,0,0,0,0
490225,2,1,1990,0,0,0,0,0,0,0,0,0,0
490226,1,1,1990,0,0,0,0,0,0,0,0,0,0
490227,0,1,1990,27,27,27,27,27,27,27,27,27,27
490227,1,1,1990,0,0,0,0,0,0,0,0,0,0
490228,1,1,1990,0,0,0,0,0,0,0,0,0,0
490229,1,1,1990,29,29,29,29,29,29,29,29,29,29
490229,2,1,1990,0,0,0,0,0,0,0,0,0,0
490230,1,1,1990,0,0,0,0,0,0,0,0,0,0
490231,0,1,1990,0,0,0,0,0,0,0,0,0,0
490231,1,1,1990,15,18,17,7,11,9,22,21,19,14
490232,0,1,1990,0,0,0,0,0,0,0,0,0,0
490232,1,1,1990,16,16,16,16,16,16,16,16,16,16
490232,2,1,1990,0,0,0,0,0,0,24,0,24,0
490233,1,1,1990,0,0,0,0,0,0,0,0,0,0
490234,1,1,1990,0,0,0,0,0,0,0,0,0,0
490234,2,1,1990,0,0,0,0,0,0,0,0,0,0
490235,1,1,1990,0,0,0,0,0,0,0,0,0,0
490235,2,1,1990,0,0,0,0,0,0,0,0,0,0
490236,1,1,1990,28,28,28,28,28,28,28,28,28,28
490236,2,1,1990,0,0,0,0,0,0,0,0,0,0
490237,0,1,1990,0,0,0,0,0,0,0,0,0,0
490237,1,1,1990,0,0,0,0,0,0,0,0,0,0
490238,1,1,1990,0,0,0,0,0,0,0,0,0,0
490238,2,1,1990,0,0,0,0,0,0,0,0,0,0
490239,1,1,1990,0,0,0,0,0,0,0,0,0,0
490239,2,1,1990,0,0,0,0,0,0,0,0,0,0
490239,3,1,1990,0,0,0,0,0,0,0,0,0,0
490240,1,1,1990,0,0,0,0,0,0,0,0,0,0
490240,2,1,1990,0,0,0,0,0,0,0,0,0,0
490241,1,1,1990,0,0,0,0,0,0,0,0,0,0
490242,1,1,1990,14,23,5,10,20,16,16,12,13,22
490243,1,1,1990,0,0,0,0,0,0,0,0,0,0
490244,1,1,1990,0,0,0,0,0,0,0,0,0,0
490244,2,1,1990,0,0,0,0,0,0,0,0,0,0
490245,0,1,1990,29,29,29,29,29,29,29,29,29,29
490245,1,1,1990,0,0,0,12,0,0,22,0,0,9
490246,0,1,1990,14,0,0,0,0,0,0,0,0,0
490246,1,1,1990,0,0,0,0,0,0,0,0,0,0
490247,0,1,1990,0,0,0,0,0,0,0,0,0,0
490247,1,1,1990,0,0,0,0,0,0,0,0,0,0
500001,1,1,1990,0,0,0,19,0,0,0,0,0,0
500002,1,1,1990,30,30,30,30,30,30,30,30,30,30
500002,2,1,1990,0,0,0,0,0,0,20,0,0,0
500003,0,1,1990,0,0,0,0,0,0,0,0,0,29
500003,1,1,1990,0,18,0,0,0,0,0,0,0,0
500004,1,1,1990,23,36,18,7,11,19,0,17,10,18
500004,2,1,1990,21,14,5,11,0,9,0,25,0,18
500005,1,1,1990,0,0,0,0,0,0,0,0,0,0
500005,2,1,1990,0,0,0,0,0,0,0,0,0,0
500005,3,1,1990,0,0,0,0,0,0,0,0,0,0
500006,1,1,1990,0,0,0,0,0,19,0,0,0,0
500007,1,1,1990,27,6,7,2,7,26,17,8,0,20
500008,1,1,1990,28,28,28,28,28,28,28,28,28,28
500009,1,1,1990,12,17,9,6,10,7,11,14,14,8
500010,1,1,1990,0,0,0,0,0,0,0,0,0,0
500010,2,1,1990,0,0,0,0,0,0,0,0,0,0
500011,0,1,1990,0,0,0,0,0,0,0,0,0,0
500011,1,1,1990,0,0,0,0,0,0,0,0,0,0
500012,0,1,1990,0,0,0,0,0,0,0,0,0,0
500012,1,1,1990,0,0,0,0,0,0,0,0,0,0
500013,1,1,1990,0,0,0,0,0,0,0,0,0,0
500014,1,1,1990,0,0,0,0,0,0,0,0,0,0
500016,1,1,1990,0,0,0,0,0,0,0,0,0,0
500016,2,1,1990,10,10,10,10,10,10,10,10,10,10
500017,1,1,1990,13,13,13,13,13,13,13,13,13,13
500018,1,1,1990,13,21,20,18,24,9,16,13,18,21
500019,1,1,1990,0,0,0,0,0,0,0,0,0,0
500019,2,1,1990,0,0,0,0,0,0,0,0,0,0
500020,1,1,1990,0,0,0,0,0,0,0,0,0,0
500021,1,1,1990,0,11,0,0,0,0,0,0,0,0
500022,1,1,1990,0,0,27,16,6,0,5,2,4,6
500022,2,1,1990,0,0,0,0,0,0,0,0,0,0
500022,3,1,1990,0,0,0,0,0,0,0,0,0,0
500022,4,1,1990,0,0,0,0,0,0,0,0,0,0
500024,1,1,1990,0,0,0,0,0,0,0,0,0,0
500024,2,1,1990,0,0,0,0,0,0,0,0,0,0
500025,1,1,1990,26,26,26,26,26,26,26,26,26,26
500026,1,1,1990,0,0,0,0,0,0,0,0,0,0
500028,1,1,1990,17,17,17,17,17,17,17,17,17,17
500028,2,1,1990,13,16,18,0,15,0,0,18,5,14
500030,1,1,1990,0,0,0,0,0,0,0,0,0,0
500031,1,1,1990,0,0,0,0,0,0,0,0,0,0
500032,1,1,1990,16,16,16,16,16,16,16,16,16,16
500033,1,1,1990,0,0,0,0,0,10,0,0,0,0
500034,1,1,1990,0,0,0,13,0,0,0,0,0,0
500035,1,1,1990,0,0,0,0,0,0,0,2,0,0
500036,1,1,1990,0,0,0,0,0,0,0,0,0,0
500037,1,1,1990,4,4,4,4,4,4,4,4,4,4
500039,1,1,1990,0,0,19,0,0,0,0,0,12,15
500040,1,1,1990,28,28,28,28,28,28,28,28,28,28
500041,1,1,1990,2,2,2,2,2,2,2,2,2,2
500042,1,1,1990,44,44,44,44,44,44,44,44,44,44
500042,2,1,1990,0,0,0,0,0,0,0,0,0,0
500043,1,1,1990,0,0,0,0,0,0,0,0,0,0
500044,1,1,1990,6,6,6,6,6,6,6,6,6,6
500044,2,1,1990,0,0,0,0,0,0,0,0,0,0
500045,0,1,1990,0,0,0,0,0,0,0,0,0,0
500045,1,1,1990,0,0,0,0,0,0,0,0,0,0
500046,1,1,1990,0,0,15,2,0,0,19,0,0,0
500047,1,1,1990,10,10,10,10,10,10,10,10,10,10
500048,1,1,1990,0,0,0,0,0,0,0,0,0,0
500048,2,1,1990,18,18,18,18,18,18,18,18,18,18
500049,1,1,1990,16,16,16,16,16,16,16,16,16,16
500050,1,1,1990,39,39,39,39,39,39,39,39,39,39
500051,1,1,1990,30,30,30,30,30,30,30,30,30,30
500052,1,1,1990,0,0,0,0,0,0,0,0,0,0
500053,1,1,1990,17,17,17,17,17,17,17,17,17,17
500054,1,1,1990,20,20,20,20,20,20,20,20,20,20
500055,1,1,1990,0,0,0,0,0,0,0,0,0,0
500055,2,1,1990,0,0,0,0,0,0,0,0,0,0
500056,0,1,1990,1,1,1,1,1,1,1,1,1,1
500056,1,1,1990,0,0,0,0,0,0,0,0,0,0
500057,1,1,1990,2,2,2,2,2,2,2,2,2,2
500058,1,1,1990,8,8,8,8,8,8,8,8,8,8
500061,1,1,1990,0,17,14,12,8,18,9,4,10,17
500061,2,1,1990,18,10,16,10,0,22,24,36,12,0
500062,1,1,1990,17,17,17,17,17,17,17,17,17,17
500062,2,1,1990,12,10,4,18,24,14,20,10,8,14
500063,1,1,1990,6,6,6,6,6,6,6,6,6,6
500064,1,1,1990,0,0,0,8,0,0,0,0,0,9
500065,1,1,1990,0,0,0,0,0,0,0,0,0,0
500065,2,1,1990,0,0,0,0,0,0,0,0,0,0
500066,0,1,1990,0,0,0,0,0,0,0,0,0,0
500066,1,1,1990,0,0,0,0,0,0,0,0,0,0
500067,0,1,1990,0,0,0,0,0,0,0,0,0,0
500067,1,1,1990,0,0,0,0,0,0,0,0,0,0
500068,1,1,1990,16,16,16,16,16,16,16,16,16,16
500069,1,1,1990,25,25,25,25,25,25,25,25,25,25
500070,1,1,1990,0,0,0,0,0,0,0,0,0,0
500070,2,1,1990,0,0,0,0,0,0,0,0,0,0
500071,1,1,1990,0,0,0,0,0,0,0,0,0,0
500071,2,1,1990,7,7,7,7,7,7,7,7,7,7
500072,0,1,1990,52,52,52,52,52,52,52,52,52,52
500072,1,1,1990,0,0,0,0,0,0,0,0,0,0
500073,0,1,1990,0,0,0,0,0,0,0,8,0,0
500073,0,2,1990,21,0,0,0,21,0,0,0,0,0
500073,0,3,1990,18,0,0,0,0,0,0,0,24,0
500073,1,1,1990,0,0,16,0,0,0,0,0,0,0
500074,1,1,1990,12,12,12,12,12,12,12,12,12,12
500075,1,1,1990,16,16,16,16,16,16,16,16,16,16
500076,1,1,1990,21,21,21,21,21,21,21,21,21,21
500077,1,1,1990,0,0,0,0,0,0,0,0,0,0
500078,1,1,1990,0,0,0,0,0,6,0,0,0,0
500080,1,1,1990,15,15,15,15,15,15,15,15,15,15
500083,1,1,1990,2,2,2,2,2,2,2,2,2,2
500084,1,1,1990,0,0,0,0,0,0,0,0,0,0
500084,2,1,1990,0,0,0,0,0,0,0,0,0,0
500085,1,1,1990,0,0,0,0,0,0,0,0,0,0
500085,2,1,1990,0,0,0,0,0,0,0,0,0,0
500085,3,1,1990,0,0,0,0,0,0,0,0,0,0
500085,4,1,1990,0,0,0,0,0,0,0,0,0,0
500086,1,1,1990,29,29,29,29,29,29,29,29,29,29
500087,0,1,1990,0,0,0,0,0,0,0,0,0,0
500087,1,1,1990,0,0,0,0,0,0,0,0,0,0
500088,0,1,1990,0,0,0,0,0,0,0,0,0,0
500088,1,1,1990,18,9,27,17,0,9,19,19,5,24
500089,1,1,1990,18,18,18,18,18,18,18,18,18,18
500089,2,1,1990,13,13,13,13,13,13,13,13,13,13
500090,1,1,1990,19,19,19,19,19,19,19,19,19,19
500091,1,1,1990,14,26,21,11,18,39,19,21,29,14
500092,0,1,1990,39,39,39,39,39,39,39,39,39,39
500092,1,1,1990,18,15,0,0,9,0,0,17,0,15
500093,1,1,1990,15,15,15,15,15,15,15,15,15,15
500095,1,1,1990,0,0,0,0,0,0,0,0,0,0
500095,2,1,1990,0,0,0,0,0,0,0,0,0,0
510001,1,1,1990,22,22,22,22,22,22,22,22,22,22
510002,1,1,1990,0,0,0,0,0,0,0,0,0,0
510002,2,1,1990,0,0,0,0,0,0,0,0,0,0
510003,1,1,1990,2,2,2,2,2,2,2,2,2,2
510003,2,1,1990,0,0,0,0,0,0,0,0,0,0
510004,1,1,1990,15,15,15,15,15,15,15,15,15,15
510005,1,1,1990,0,0,0,0,0,0,0,0,0,0
510006,1,1,1990,0,0,0,0,0,0,0,0,0,0
510006,2,1,1990,0,0,0,0,0,0,0,0,0,0
510006,3,1,1990,0,0,0,0,0,0,0,0,0,0
510007,0,1,1990,0,0,0,0,0,0,0,0,0,0
510007,1,1,1990,0,0,0,0,0,0,0,0,0,0
510008,1,1,1990,0,0,0,0,0,0,0,0,0,0
510008,2,1,1990,0,0,0,0,7,0,0,0,10,0
510008,3,1,1990,2,2,2,2,2,2,2,2,2,2
510009,1,1,1990,0,0,0,0,0,0,0,0,0,0
510009,2,1,1990,0,0,0,0,0,0,0,0,0,0
510010,1,1,1990,0,0,0,0,19,0,14,0,22,9
510011,1,1,1990,0,0,0,0,0,0,0,0,0,0
510011,2,1,1990,0,5,0,0,0,0,0,0,0,0
510012,1,1,1990,0,0,0,0,0,0,0,3,0,0
510013,1,1,1990,0,0,0,0,0,0,0,0,0,0
510013,2,1,1990,0,15,0,0,0,0,0,0,0,0
510014,0,1,1990,6,6,6,6,6,6,6,6,6,6
510014,1,1,1990,0,0,0,0,0,0,0,0,0,0
510014,2,1,1990,0,0,0,0,0,0,0,0,0,0
510014,3,1,1990,0,0,0,0,0,0,0,7,0,0
510015,1,1,1990,0,0,14,0,0,0,0,0,0,0
510015,2,1,1990,0,0,0,0,0,0,0,0,0,0
510016,1,1,1990,0,0,0,0,0,0,0,0,0,0
510016,2,1,1990,0,0,0,0,0,0,0,0,0,0
510017,1,1,1990,22,22,22,22,22,22,22,22,22,22
510018,1,1,1990,0,0,0,0,0,0,0,0,0,0
510019,1,1,1990,9,15,10,16,0,14,10,13,8,30
510020,1,1,1990,20,20,20,20,20,20,20,20,20,20
510021,1,1,1990,0,0,0,0,0,0,0,0,0,0
510021,2,1,1990,0,0,0,0,0,0,0,0,0,0
510022,1,1,1990,0,0,0,0,0,0,0,0,0,0
510023,1,1,1990,0,0,0,0,0,0,0,0,0,0
510024,1,1,1990,0,0,0,0,0,0,0,0,0,0
510025,1,1,1990,0,0,0,0,0,0,0,0,0,0
510025,2,1,1990,0,0,0,0,0,0,0,0,0,0
510026,1,1,1990,0,0,0,0,0,0,0,0,0,0
510027,1,1,1990,0,0,0,0,0,0,0,0,0,0
510027,2,1,1990,0,0,0,0,0,0,0,0,0,0
510028,1,1,1990,0,0,0,0,0,0,0,0,0,0
510028,2,1,1990,0,0,0,0,0,0,0,0,0,0
510029,1,1,1990,0,0,0,0,0,0,0,0,0,0
510029,2,1,1990,0,0,0,0,0,0,0,0,0,0
510032,2,1,1990,0,0,0,0,0,0,0,0,0,0
510033,0,1,1990,0,0,0,0,0,0,0,0,0,0
510033,1,1,1990,16,0,0,14,10,0,0,3,0,0
510034,0,1,1990,0,0,0,0,0,0,0,0,0,0
510034,1,1,1990,0,0,0,0,0,0,0,0,0,0
510034,2,1,1990,0,0,0,0,0,0,0,0,0,0
510034,3,1,1990,0,0,0,0,0,0,0,0,0,0
510035,0,1,1990,47,47,47,47,47,47,47,47,47,47
510035,1,1,1990,0,0,0,0,0,0,0,8,0,0
510036,1,1,1990,21,13,30,15,18,3,7,0,5,22
510037,0,1,1990,0,0,0,0,0,0,0,0,0,0
510037,0,2,1990,0,0,0,0,0,0,0,20,0,39
510037,0,3,1990,0,23,0,0,0,0,0,0,0,0
510037,0,4,1990,0,25,0,0,0,15,0,15,0,0
510037,1,1,1990,9,0,0,0,0,0,0,0,0,0
510038,1,1,1990,0,0,0,0,0,0,0,0,0,0
510039,1,1,1990,17,17,17,17,17,17,17,17,17,17
510039,2,1,1990,2,0,0,22,0,0,0,0,0,0
510040,1,1,1990,17,17,17,17,17,17,17,17,17,17
510041,1,1,1990,0,0,0,0,0,0,0,0,0,0
510041,2,1,1990,0,0,0,0,0,0,0,0,0,0
510042,1,1,1990,0,0,0,0,0,0,0,0,0,0
510042,2,1,1990,0,0,0,0,0,0,0,0,0,0
510043,1,1,1990,0,0,0,0,0,0,0,0,0,0
510043,2,1,1990,12,0,0,0,0,0,0,0,0,0
510044,0,1,1990,0,0,0,0,0,0,0,0,0,0
510044,1,1,1990,15,0,0,12,0,0,0,0,0,0
510045,1,1,1990,0,0,0,0,0,0,0,0,0,0
510047,0,1,1990,32,32,32,32,32,32,32,32,32,32
510047,1,1,1990,0,0,0,15,0,0,0,0,0,0
510048,1,1,1990,0,0,0,0,0,0,0,0,0,0
510048,2,1,1990,0,0,0,0,0,0,0,27,0,0
510049,1,1,1990,0,0,0,0,0,0,0,0,0,0
510049,2,1,1990,0,0,0,0,0,0,0,0,0,0
510050,1,1,1990,13,26,26,19,9,18,12,0,14,22
510051,1,1,1990,17,17,17,17,17,17,17,17,17,17
510051,2,1,1990,0,0,0,0,0,29,0,0,15,0
510051,3,1,1990,0,3,8,0,0,0,0,0,0,0
510052,1,1,1990,0,0,0,0,0,0,0,0,0,0
510052,2,1,1990,0,0,0,0,0,0,0,0,0,0
510053,1,1,1990,0,0,0,0,0,0,0,0,0,0
510053,2,1,1990,0,0,0,0,0,0,0,0,0,0
510054,1,1,1990,5,5,5,5,5,5,5,5,5,5