ST_CASE,VEH_NO,PER_NO,YEAR,P1,P2,P3,P4,P5,P6,P7,P8,P9,P10
510054,2,1,1990,28,12,14,13,17,18,34,22,44,0
510055,1,1,1990,12,12,12,12,12,12,12,12,12,12
510056,0,1,1990,23,23,23,23,23,23,23,23,23,23
510056,1,1,1990,0,0,19,0,0,0,0,0,0,0
510057,1,1,1990,10,10,10,10,10,10,10,10,10,10
510058,1,1,1990,10,34,24,10,19,16,7,9,30,27
510059,1,1,1990,0,0,0,0,0,0,0,0,0,0
510060,1,1,1990,2,2,2,2,2,2,2,2,2,2
510061,0,1,1990,1,1,1,1,1,1,1,1,1,1
510061,0,2,1990,0,32,21,28,8,32,0,15,0,0
510061,1,1,1990,0,10,0,0,0,0,0,0,8,0
510062,1,1,1990,0,0,0,0,0,0,0,0,0,0
510062,2,1,1990,14,14,14,14,14,14,14,14,14,14
510063,0,1,1990,0,0,0,0,0,0,0,0,0,0
510063,1,1,1990,0,25,8,22,13,20,20,13,23,11
510064,1,1,1990,0,0,0,0,0,0,0,0,0,0
510065,1,1,1990,0,0,0,0,0,0,0,0,0,0
510066,1,1,1990,5,5,5,5,5,5,5,5,5,5
510067,1,1,1990,0,0,0,0,0,0,0,0,0,0
510067,2,1,1990,0,0,0,0,0,0,0,0,0,0
510068,1,1,1990,0,15,20,19,18,15,28,14,9,19
510069,1,1,1990,0,0,0,0,0,0,0,0,0,0
510070,1,1,1990,4,4,4,4,4,4,4,4,4,4
510071,1,1,1990,32,32,32,32,32,32,32,32,32,32
510072,1,1,1990,15,15,15,15,15,15,15,15,15,15
510073,1,1,1990,0,0,0,0,0,0,0,0,0,0
510074,1,1,1990,23,34,25,12,10,16,24,22,32,15
510075,1,1,1990,26,20,13,22,18,24,20,23,19,30
510076,0,1,1990,0,0,0,0,0,0,0,0,0,0
510076,1,1,1990,12,19,22,15,26,7,14,0,10,15
510077,1,1,1990,0,0,0,0,0,0,0,0,0,0
510077,2,1,1990,0,0,0,0,0,0,0,0,0,0
510078,1,1,1990,0,0,0,0,0,0,0,0,0,0
510078,2,1,1990,15,0,0,0,19,27,0,13,0,0
510079,1,1,1990,0,0,0,0,0,0,0,0,0,0
510080,1,1,1990,18,9,10,20,14,17,19,7,10,13
510081,1,1,1990,2,2,2,2,2,2,2,2,2,2
510082,1,1,1990,2,2,2,2,2,2,2,2,2,2
510083,1,1,1990,0,0,0,0,0,0,0,0,0,0
510083,2,1,1990,0,0,0,0,0,0,0,0,0,0
510083,3,1,1990,0,0,18,25,0,11,0,0,0,0
510083,4,1,1990,0,0,0,0,0,0,0,0,0,0
510084,1,1,1990,20,20,20,20,20,20,20,20,20,20
510085,1,1,1990,0,0,0,0,0,0,25,0,19,28
510086,1,1,1990,3,3,3,3,3,3,3,3,3,3
510086,2,1,1990,0,0,0,0,0,0,0,0,0,0
510086,3,1,1990,0,0,0,16,0,0,0,0,16,0
510087,1,1,1990,15,15,15,15,15,15,15,15,15,15
510088,1,1,1990,0,0,0,0,0,0,0,0,0,0
510089,1,1,1990,0,0,17,0,0,0,0,0,0,0
510089,2,1,1990,0,0,0,0,0,0,0,0,0,0
510090,1,1,1990,14,17,15,10,30,21,7,15,0,15
510090,2,1,1990,10,13,17,27,19,13,22,19,18,13
510091,0,1,1990,1,1,1,1,1,1,1,1,1,1
510091,1,1,1990,0,0,0,0,0,0,15,17,0,21
510092,1,1,1990,12,17,11,13,15,15,18,11,4,28
510093,1,1,1990,37,37,37,37,37,37,37,37,37,37
510095,1,1,1990,2,2,2,2,2,2,2,2,2,2
510095,2,1,1990,0,0,0,0,0,0,0,14,0,0
510096,1,1,1990,6,6,0,18,9,0,5,0,20,0
510096,2,1,1990,0,0,0,0,3,0,0,0,0,0
510097,1,1,1990,0,0,0,0,0,0,0,0,0,0
510097,2,1,1990,0,0,0,0,0,0,0,0,0,0
510098,1,2,1990,5,5,5,5,5,5,5,5,5,5
510099,1,1,1990,21,21,21,21,21,21,21,21,21,21
510100,0,1,1990,0,0,0,0,0,0,0,0,0,0
510100,1,1,1990,0,0,0,0,0,0,0,0,0,0
510101,0,1,1990,0,0,0,0,0,0,0,0,0,0
510101,1,1,1990,0,0,2,0,0,0,0,0,0,0
510102,0,1,1990,0,0,0,0,0,0,0,0,0,0
510102,1,1,1990,0,0,0,0,0,0,0,0,0,0
510103,1,1,1990,0,0,0,0,0,0,0,0,0,0
510104,0,1,1990,0,0,0,0,0,0,0,0,0,0
510104,1,1,1990,0,0,0,0,0,0,0,16,0,0
510105,1,1,1990,12,12,12,12,12,12,12,12,12,12
510105,2,1,1990,15,14,3,14,9,26,9,15,16,14
510106,1,1,1990,0,0,16,0,0,0,11,9,10,0
510107,1,1,1990,25,25,25,25,25,25,25,25,25,25
510108,1,1,1990,0,0,0,8,0,13,0,0,0,7
510109,1,1,1990,0,0,0,0,0,0,0,0,0,0
510109,2,1,1990,0,0,0,0,0,0,0,0,0,0
510110,1,1,1990,20,20,20,20,20,20,20,20,20,20
510111,0,1,1990,0,0,0,0,0,0,0,0,0,0
510111,1,1,1990,0,0,0,0,0,0,0,0,0,0
510112,1,1,1990,0,0,0,0,0,0,0,0,0,0
510112,2,1,1990,0,0,0,0,0,0,0,0,0,0
510113,1,1,1990,28,28,28,28,28,28,28,28,28,28
510113,2,1,1990,0,0,0,0,0,0,0,0,0,0
510113,3,1,1990,0,0,0,0,0,0,0,0,0,0
510114,1,1,1990,6,6,6,6,6,6,6,6,6,6
510114,2,1,1990,3,0,0,0,0,0,0,0,0,0
510114,3,1,1990,0,0,0,0,0,0,0,0,0,0
510115,1,1,1990,8,16,21,10,19,22,21,20,11,10
510115,2,1,1990,0,0,0,0,0,0,0,0,0,0
510116,1,1,1990,12,12,12,12,12,12,12,12,12,12
510116,2,1,1990,0,0,0,0,0,0,0,0,0,0
510117,1,1,1990,16,16,16,16,16,16,16,16,16,16
510118,1,1,1990,0,0,0,0,0,0,0,0,0,0
510118,2,1,1990,0,0,0,0,0,0,0,0,0,15
510118,3,1,1990,0,0,0,0,0,0,0,0,0,0
510119,1,1,1990,20,20,20,20,20,20,20,20,20,20
510120,1,1,1990,0,0,0,0,0,0,0,0,0,0
510120,2,1,1990,0,0,0,0,0,0,0,0,0,0
510121,1,1,1990,16,16,16,16,16,16,16,16,16,16
510122,0,1,1990,0,0,0,0,0,0,0,0,0,0
510122,1,1,1990,21,23,22,31,17,19,13,31,31,8
510124,1,1,1990,0,0,0,0,0,0,0,0,12,0
510124,2,1,1990,0,0,0,0,0,0,0,0,0,0
510125,1,1,1990,0,0,0,0,0,0,0,0,0,0
510125,2,1,1990,0,0,0,0,0,0,0,0,0,0
510126,0,1,1990,36,36,36,36,36,36,36,36,36,36
510126,0,2,1990,27,27,27,27,27,27,27,27,27,27
510126,1,1,1990,0,0,0,0,0,0,0,0,0,0
510127,1,1,1990,0,0,0,0,0,0,0,0,0,0
510127,2,1,1990,0,0,0,0,0,0,0,0,0,0
510128,1,1,1990,13,13,13,13,13,13,13,13,13,13
510129,1,1,1990,3,3,3,3,3,3,3,3,3,3
510130,1,1,1990,0,0,0,0,0,0,0,0,0,0
510130,2,1,1990,0,0,0,0,0,0,0,0,0,0
510131,1,1,1990,0,0,0,0,0,0,0,0,0,0
510131,2,1,1990,0,0,0,0,0,0,0,0,0,0
510132,0,1,1990,0,0,0,0,0,0,0,0,0,0
510132,1,1,1990,0,0,0,0,0,0,0,0,0,0
510133,1,1,1990,0,0,0,0,0,0,0,0,0,0
510134,1,1,1990,0,0,0,0,0,0,0,0,0,0
510134,2,1,1990,0,0,0,0,0,0,0,0,0,0
510135,1,1,1990,25,34,7,32,10,21,27,14,11,13
510135,2,1,1990,0,0,0,6,0,0,0,0,0,0
510136,1,1,1990,0,0,0,0,0,0,0,0,0,0
510136,2,1,1990,0,0,0,0,0,0,0,0,0,0
510136,3,1,1990,0,0,0,0,0,0,0,12,0,0
510137,1,1,1990,6,6,6,6,6,6,6,6,6,6
510138,1,1,1990,21,7,12,7,14,6,15,2,12,0
510138,2,1,1990,15,23,19,10,13,8,19,7,20,4
510139,1,1,1990,0,0,0,0,0,0,0,0,0,0
510140,1,1,1990,15,15,15,15,15,15,15,15,15,15
510140,2,1,1990,0,0,0,0,0,0,0,0,0,0
510140,3,1,1990,0,0,0,0,0,0,0,0,0,0
510141,1,1,1990,0,0,0,0,0,0,0,0,0,0
510141,2,1,1990,0,0,0,0,0,0,0,0,0,0
510142,1,1,1990,17,17,17,17,17,17,17,17,17,17
510143,1,1,1990,7,7,7,7,7,7,7,7,7,7
510145,1,1,1990,0,0,0,0,0,0,0,0,0,0
510145,2,1,1990,0,0,0,0,0,0,0,0,0,0
510145,3,1,1990,34,23,5,20,25,3,32,26,25,7
510146,1,1,1990,0,0,0,0,0,0,0,0,0,0
510147,1,1,1990,0,0,0,0,0,0,0,0,0,0
510147,2,1,1990,0,0,0,0,18,0,0,0,0,0
510147,3,1,1990,0,0,0,0,0,0,0,0,0,0
510148,1,1,1990,0,0,0,0,0,0,0,0,0,0
510149,1,1,1990,11,9,23,7,17,25,23,12,11,15
510150,1,1,1990,0,0,0,0,0,0,0,0,0,0
510151,1,1,1990,38,38,38,38,38,38,38,38,38,38
510151,2,1,1990,0,0,0,0,0,0,0,0,0,0
510152,1,1,1990,0,0,0,0,0,0,0,0,0,0
510152,2,1,1990,0,0,0,0,0,8,0,20,0,0
510152,3,1,1990,0,0,0,0,0,0,0,0,0,0
510153,1,1,1990,15,16,8,9,12,5,10,21,18,15
510154,1,1,1990,0,0,0,0,0,0,0,0,0,0
510155,1,1,1990,0,0,0,0,0,0,0,0,0,0
510155,2,1,1990,0,0,0,0,0,0,0,0,0,0
510156,1,1,1990,0,0,0,0,0,0,0,0,0,0
510156,2,1,1990,0,0,0,0,0,0,0,0,0,0
510156,3,1,1990,0,0,0,0,0,0,0,0,0,0
510157,0,1,1990,0,0,0,0,0,0,0,0,0,0
510157,1,1,1990,0,0,0,0,0,0,0,0,0,0
510158,1,1,1990,0,0,0,1,0,0,0,0,0,0
510158,2,1,1990,0,0,0,0,0,0,0,0,0,0
510159,1,1,1990,9,25,32,10,17,33,12,18,16,16
510160,1,1,1990,36,36,36,36,36,36,36,36,36,36
510160,2,1,1990,0,0,0,0,0,0,0,0,0,0
510161,1,1,1990,0,0,0,0,0,0,0,0,0,0
510161,2,1,1990,0,0,0,0,0,0,0,0,0,0
510162,1,1,1990,0,0,0,0,0,0,0,0,0,0
510162,2,1,1990,26,26,26,26,26,26,26,26,26,26
510163,1,1,1990,15,15,15,15,15,15,15,15,15,15
510163,2,1,1990,0,0,0,0,0,0,0,0,0,0
510164,1,1,1990,27,27,27,27,27,27,27,27,27,27
510165,1,1,1990,25,25,25,25,25,25,25,25,25,25
510166,1,1,1990,0,0,0,0,0,0,0,0,0,0
510166,2,1,1990,19,10,28,15,39,20,29,15,25,37
510167,1,1,1990,0,0,0,0,0,0,0,0,0,0
510168,1,1,1990,0,0,0,0,0,0,0,0,0,0
510168,2,1,1990,0,0,0,0,0,0,0,0,0,0
510169,1,1,1990,0,0,0,0,0,0,0,0,0,0
510170,1,1,1990,11,9,20,23,25,17,0,20,24,24
510170,2,1,1990,10,0,14,0,0,0,0,0,0,0
510171,1,1,1990,18,18,18,18,18,18,18,18,18,18
510172,0,1,1990,0,0,0,0,0,0,0,0,0,0
510172,1,1,1990,0,0,0,0,0,0,0,0,0,0
510173,1,1,1990,0,0,0,0,0,0,0,0,0,0
510174,1,1,1990,0,0,19,0,0,0,0,0,16,0
510174,2,1,1990,0,0,0,0,0,0,0,0,0,0
510174,3,1,1990,0,0,0,0,0,0,0,0,0,0
510175,1,1,1990,0,0,0,0,0,0,0,0,0,0
510175,2,1,1990,0,0,0,0,0,0,0,0,0,0
510176,1,1,1990,0,0,0,0,0,0,0,0,7,0
510176,2,1,1990,1,1,1,1,1,1,1,1,1,1
510177,0,1,1990,22,29,21,14,11,5,15,6,22,24
510177,1,1,1990,0,0,0,0,0,0,0,0,0,18
510178,1,1,1990,0,0,0,0,0,0,0,0,0,0
510179,1,1,1990,0,0,0,0,0,0,0,0,0,0
510180,1,1,1990,0,0,0,0,0,0,0,0,0,0
510180,2,1,1990,0,0,0,0,0,0,0,0,0,0
510181,1,1,1990,0,0,0,0,0,0,0,0,0,0
510182,1,1,1990,0,0,0,0,0,0,0,0,0,0
510183,0,1,1990,19,18,44,23,22,11,16,27,28,30
510183,1,1,1990,29,9,20,22,20,38,18,18,10,18
510184,0,1,1990,0,0,0,0,0,0,0,0,0,0
510184,1,1,1990,0,0,8,0,8,15,0,0,22,0
510185,1,1,1990,0,0,0,0,0,0,0,0,0,0
510185,2,1,1990,0,0,0,0,0,0,0,0,0,0
510185,3,1,1990,0,0,0,0,0,0,0,0,0,0
510186,1,1,1990,21,21,21,21,21,21,21,21,21,21
510187,1,1,1990,24,24,24,24,24,24,24,24,24,24
510188,0,1,1990,20,20,20,20,20,20,20,20,20,20
510188,1,1,1990,39,8,0,8,0,13,9,18,0,13
510189,1,1,1990,0,0,0,0,0,0,0,0,0,0
510190,1,1,1990,0,9,0,0,0,0,0,0,0,27
510191,1,1,1990,3,3,3,3,3,3,3,3,3,3
510191,2,1,1990,0,18,0,0,0,0,0,0,0,0
510192,1,1,1990,26,26,26,26,26,26,26,26,26,26
510192,2,1,1990,8,12,28,22,14,0,7,14,18,12
510193,1,1,1990,0,0,0,0,0,0,0,0,0,0
510194,1,1,1990,0,0,0,0,0,0,0,0,0,0
510195,1,1,1990,20,20,20,20,20,20,20,20,20,20
510196,1,1,1990,0,0,0,0,0,0,0,0,0,0
510197,1,1,1990,9,9,9,9,9,9,9,9,9,9
510198,1,1,1990,12,12,12,12,12,12,12,12,12,12
510198,2,1,1990,0,0,0,0,0,0,0,0,0,0
510199,1,1,1990,14,16,28,18,12,13,11,29,8,20
510200,1,1,1990,16,8,16,19,16,0,8,19,17,25
510201,0,1,1990,0,0,0,0,0,0,47,0,12,12
510201,1,1,1990,0,0,0,0,0,0,0,0,0,0
510202,1,1,1990,0,0,0,0,0,0,0,0,0,0
510202,2,1,1990,0,12,6,12,11,10,24,10,9,12
510203,1,1,1990,0,0,0,0,0,0,0,0,0,0
510204,1,1,1990,0,0,0,0,0,0,0,0,0,0
510205,0,1,1990,0,0,0,0,0,0,0,0,0,0
510205,1,1,1990,0,0,0,0,0,0,0,0,0,0
510206,1,1,1990,1,1,1,1,1,1,1,1,1,1
510206,2,1,1990,0,0,0,0,0,0,0,0,0,0
510207,1,1,1990,0,0,20,0,0,0,10,0,0,0
510208,1,1,1990,23,23,23,23,23,23,23,23,23,23
510209,1,1,1990,0,0,0,0,0,0,0,0,0,0
510209,2,1,1990,0,12,26,10,10,11,10,16,12,4
510210,1,1,1990,0,0,0,0,0,0,0,0,0,0
510210,2,1,1990,0,0,0,0,0,0,0,0,0,0
510211,1,1,1990,0,0,0,0,0,0,0,0,0,0
510212,1,1,1990,0,0,0,0,0,0,0,0,0,0
510212,2,1,1990,0,0,0,0,0,0,7,9,0,0
510213,0,1,1990,24,34,14,14,4,0,24,24,17,20
510213,1,1,1990,0,0,0,0,0,0,0,0,0,0
510214,1,1,1990,0,0,0,0,0,0,0,0,0,0
510214,2,1,1990,0,0,0,0,0,0,0,0,0,0
510215,1,1,1990,43,30,8,19,15,22,44,6,33,35
510216,1,1,1990,0,0,0,0,0,0,0,0,0,0
510217,1,1,1990,0,0,0,0,0,0,0,0,0,0
510218,0,1,1990,13,13,13,13,13,13,13,13,13,13
510218,1,1,1990,9,13,0,0,8,7,11,24,0,12
510219,1,1,1990,2,2,2,2,2,2,2,2,2,2
510219,2,1,1990,0,0,0,0,0,0,0,0,0,0
510220,0,1,1990,11,11,11,11,11,11,11,11,11,11
510220,1,1,1990,0,0,0,0,0,15,0,0,0,0
510221,1,1,1990,0,0,0,0,0,0,0,0,0,0
510221,2,1,1990,0,0,0,0,16,0,0,0,0,0
510222,1,1,1990,0,0,0,0,0,0,0,0,0,0
510222,2,1,1990,0,0,0,0,0,0,0,0,0,0
510223,1,1,1990,19,19,19,19,19,19,19,19,19,19
510224,1,1,1990,0,0,0,0,0,0,0,0,0,0
510225,1,1,1990,0,0,0,0,0,0,0,0,0,0
510225,2,1,1990,0,0,0,0,0,0,0,0,0,0
510226,1,1,1990,0,0,0,0,0,0,0,0,0,0
510226,2,1,1990,0,0,0,0,0,0,0,0,0,0
510227,1,1,1990,0,0,0,0,0,0,0,0,0,0
510227,2,1,1990,0,0,0,0,0,0,0,0,0,0
510228,1,1,1990,0,0,0,0,0,0,0,0,0,0
510228,2,1,1990,0,0,0,0,0,0,17,0,0,0
510229,1,1,1990,0,0,0,0,0,0,0,0,0,0
510229,2,1,1990,0,0,0,0,0,0,0,0,0,0
510230,1,1,1990,0,0,0,20,22,0,0,21,0,9
510230,2,1,1990,0,0,0,0,0,0,0,0,0,0
510230,3,1,1990,0,0,0,0,17,0,0,0,0,0
510231,1,1,1990,25,25,25,25,25,25,25,25,25,25
510232,0,1,1990,0,0,0,0,0,0,0,0,0,0
510232,1,1,1990,0,0,0,0,0,0,0,0,0,0
510233,1,1,1990,0,0,0,0,0,0,0,0,0,0
510234,1,1,1990,20,20,20,20,20,20,20,20,20,20
510235,1,1,1990,0,0,0,0,0,0,0,0,0,0
510235,2,1,1990,0,0,0,0,0,0,0,0,0,0
510235,3,1,1990,0,0,0,0,0,0,0,0,0,0
510236,1,1,1990,0,0,0,0,0,0,0,0,0,0
510237,0,1,1990,0,0,0,0,0,0,0,0,0,0
510237,1,1,1990,0,0,0,0,0,0,0,0,0,0
510238,1,1,1990,0,0,0,0,0,0,0,0,0,0
510238,2,1,1990,0,0,0,0,0,0,0,0,0,0
510239,1,1,1990,0,0,0,0,0,0,0,0,0,0
510240,1,1,1990,0,0,0,0,0,0,0,0,0,0
510240,2,1,1990,0,0,0,0,0,0,0,0,16,0
510240,3,1,1990,14,0,0,0,0,0,0,0,10,22
510241,1,1,1990,0,0,0,0,0,0,0,15,0,0
510241,2,1,1990,22,22,22,22,22,22,22,22,22,22
510242,1,1,1990,22,13,16,15,11,23,6,10,9,14
510243,1,1,1990,0,0,0,0,0,0,0,0,0,0
510244,1,1,1990,0,0,0,0,0,0,0,0,0,0
510245,1,1,1990,0,0,0,0,0,0,0,0,0,0
510245,2,1,1990,0,0,0,0,0,0,0,0,0,0
510246,1,1,1990,0,0,0,0,0,0,0,0,0,18
510246,2,1,1990,9,16,13,14,20,24,7,28,20,13
510247,1,1,1990,0,0,0,0,0,0,0,0,2,0
510247,2,1,1990,0,0,0,0,0,0,0,0,0,0
510248,1,1,1990,37,37,37,37,37,37,37,37,37,37
510248,2,1,1990,0,0,0,0,0,0,0,0,0,0
510249,1,1,1990,21,21,21,21,21,21,21,21,21,21
510250,1,1,1990,17,17,17,17,17,17,17,17,17,17
510251,1,1,1990,12,12,12,12,12,12,12,12,12,12
510252,1,1,1990,0,0,0,0,0,0,0,0,0,0
510252,2,1,1990,0,0,0,0,0,0,0,0,0,0
510253,1,1,1990,0,0,22,0,0,0,0,0,0,0
510254,1,1,1990,4,14,26,12,17,13,28,23,0,0
510255,1,1,1990,0,0,0,0,0,0,0,0,0,0
510255,2,1,1990,0,0,0,0,0,0,0,0,0,0
510256,1,1,1990,0,0,0,0,0,0,0,0,0,0
510256,2,1,1990,0,0,0,0,0,0,0,0,0,0
510257,0,1,1990,0,0,0,0,0,0,0,0,0,0
510257,1,1,1990,0,0,0,0,0,0,0,0,0,0
510258,1,1,1990,0,0,0,0,0,0,0,0,0,0
510258,2,1,1990,0,0,0,0,0,0,0,0,0,0
510259,1,1,1990,20,19,10,12,27,19,21,17,19,32
510260,1,1,1990,3,3,3,3,3,3,3,3,3,3
510260,2,1,1990,23,7,15,15,25,0,7,11,13,16
510261,1,1,1990,0,0,0,0,0,0,0,0,0,0
510262,1,1,1990,0,0,0,0,0,0,0,0,0,0
510262,2,1,1990,0,0,0,0,0,0,0,0,0,0
510263,1,1,1990,3,3,3,3,3,3,3,3,3,3
510264,1,1,1990,13,23,8,5,18,4,23,6,11,17
510265,1,1,1990,29,17,10,9,9,7,18,26,10,11
510266,0,1,1990,17,17,17,17,17,17,17,17,17,17
510266,1,1,1990,0,0,0,0,0,0,0,0,3,0
510267,1,1,1990,18,18,18,18,18,18,18,18,18,18
510268,1,1,1990,0,0,0,0,0,0,13,0,0,0
510268,2,1,1990,0,0,0,0,0,0,0,0,0,0
510269,1,1,1990,25,25,25,25,25,25,25,25,25,25
510270,1,1,1990,0,0,0,0,0,0,0,0,0,0
510270,2,1,1990,0,0,0,0,0,0,0,0,0,0
510271,1,1,1990,26,26,26,26,26,26,26,26,26,26
510271,2,1,1990,0,0,0,0,0,0,0,0,0,0
510272,1,1,1990,0,0,0,0,0,20,0,0,0,0
510272,2,1,1990,0,0,0,0,0,0,0,0,0,0
510273,1,1,1990,2,0,11,35,0,10,22,10,9,16
510273,2,1,1990,0,0,0,0,0,0,0,0,0,0
510273,3,1,1990,0,0,0,0,0,0,0,0,0,0
510273,4,1,1990,0,0,0,0,0,0,0,0,0,0
510274,1,1,1990,0,0,11,8,0,9,0,0,0,0
510275,1,1,1990,0,0,0,0,0,0,0,0,0,0
510275,2,1,1990,0,0,0,0,0,0,0,0,0,0
510276,1,1,1990,0,0,0,0,0,0,0,0,0,0
510276,2,1,1990,0,0,0,0,0,0,0,0,13,0
510276,3,1,1990,0,0,0,0,0,0,0,0,0,0
510276,4,1,1990,0,0,0,0,0,0,0,0,0,0
510277,1,1,1990,0,0,0,0,0,0,0,0,0,0
510277,2,1,1990,0,0,0,0,0,0,0,0,0,0
510278,1,1,1990,27,27,27,27,27,27,27,27,27,27
510279,0,1,1990,15,29,20,24,12,41,36,10,20,4
510279,1,1,1990,0,0,0,0,0,0,0,0,0,0
510280,1,1,1990,9,21,13,6,7,31,21,18,13,13
510281,1,1,1990,0,0,0,0,0,0,0,0,0,0
510282,1,1,1990,0,0,0,0,0,0,0,7,0,0
510282,2,1,1990,0,0,0,0,0,0,0,0,0,0
510283,1,1,1990,0,0,0,0,0,0,0,0,0,0
510283,2,1,1990,0,0,0,0,19,0,0,0,0,0
510284,1,1,1990,0,0,0,0,0,0,0,0,0,0
510285,1,1,1990,0,0,0,0,0,0,0,0,0,0
510285,2,1,1990,0,0,0,0,0,0,0,0,0,0
510286,1,1,1990,9,25,41,20,35,25,18,16,14,17
510287,1,1,1990,0,0,0,0,0,0,0,0,0,0
510287,2,1,1990,0,0,0,0,0,0,0,0,0,0
510288,1,1,1990,0,0,0,0,0,0,0,0,0,0
510289,1,1,1990,0,0,0,0,0,0,0,0,0,0
510290,0,1,1990,4,4,4,4,4,4,4,4,4,4
510290,1,1,1990,0,0,0,0,0,0,0,0,0,30
510291,1,1,1990,22,22,22,22,22,22,22,22,22,22
510292,1,1,1990,0,0,0,0,0,0,0,0,0,0
510293,0,1,1990,31,31,31,31,31,31,31,31,31,31
510293,1,1,1990,0,0,0,0,0,0,0,0,0,0
510294,1,1,1990,0,0,0,0,0,0,0,0,0,0
510294,2,1,1990,0,0,0,0,0,0,0,0,0,0
510295,1,1,1990,11,11,11,11,11,11,11,11,11,11
510296,1,1,1990,15,15,15,15,15,15,15,15,15,15
510297,1,1,1990,0,0,0,0,0,0,0,0,0,0
510298,1,1,1990,21,21,21,21,21,21,21,21,21,21
510299,1,1,1990,0,0,0,0,0,0,0,0,0,0
510299,2,1,1990,0,0,0,0,0,0,0,0,0,0
510300,1,1,1990,0,0,0,0,0,0,0,0,0,0
510300,2,1,1990,0,0,0,0,0,0,0,0,0,0
510301,1,1,1990,0,0,0,0,0,0,0,0,0,0
510301,2,1,1990,0,0,0,0,0,0,0,0,0,0
510303,0,1,1990,0,0,0,0,0,0,0,0,0,0
510303,1,1,1990,14,16,19,35,9,18,24,27,10,30
510304,1,1,1990,0,0,12,0,22,0,0,0,0,0
510304,2,1,1990,0,0,0,0,0,0,0,0,0,0
510305,1,1,1990,35,35,35,35,35,35,35,35,35,35
510306,1,1,1990,0,0,0,0,0,0,0,0,0,0
510306,2,1,1990,0,0,0,0,0,8,0,0,0,0
510307,1,1,1990,0,0,0,0,0,0,0,0,0,0
510307,2,1,1990,0,0,0,0,0,0,0,0,0,0
510308,1,1,1990,22,13,34,27,16,14,4,4,18,32
510309,1,1,1990,16,16,16,16,16,16,16,16,16,16
510310,0,1,1990,15,15,15,15,15,15,15,15,15,15
510310,0,2,1990,21,9,12,21,13,0,13,11,17,17
510310,1,1,1990,2,31,12,23,13,14,33,33,35,18
510310,2,1,1990,9,0,8,11,17,15,5,34,9,0
510311,1,1,1990,0,0,0,0,0,15,0,0,0,0
510311,2,1,1990,0,0,0,0,0,0,0,0,0,0
510312,1,1,1990,0,0,0,0,0,0,0,0,0,0
510312,2,1,1990,23,23,23,23,23,23,23,23,23,23
510313,1,1,1990,0,8,0,2,0,0,0,0,12,0
510314,0,1,1990,0,0,0,0,0,0,0,0,0,0
510314,1,1,1990,0,16,18,14,16,9,6,5,5,19
510315,1,1,1990,12,9,18,10,0,6,23,18,29,13
510315,2,1,1990,0,0,0,0,0,0,0,0,0,0
510315,3,1,1990,29,12,11,16,18,7,6,11,28,8
510315,4,1,1990,0,0,0,0,0,0,0,0,0,0
510315,5,1,1990,0,14,0,0,0,0,0,8,0,0
510316,1,1,1990,0,0,0,0,0,0,0,0,0,0
510317,1,1,1990,20,0,21,12,16,13,12,18,14,13
510317,2,1,1990,12,12,12,12,12,12,12,12,12,12
510318,1,1,1990,15,15,15,15,15,15,15,15,15,15
510319,1,1,1990,28,25,9,0,12,22,6,30,18,17
510320,1,1,1990,0,0,0,0,0,0,0,0,0,0
510320,2,1,1990,0,0,0,0,0,0,0,0,0,0
510321,1,1,1990,0,0,0,0,0,0,0,0,0,0
510321,2,1,1990,0,0,0,0,0,0,0,0,0,0
510322,0,1,1990,0,0,0,0,0,0,0,0,31,18
510322,1,1,1990,0,0,0,0,0,0,0,0,0,0
510323,1,1,1990,0,0,0,0,0,0,0,0,0,0
510324,1,1,1990,11,17,18,11,5,13,10,14,27,20
510325,1,1,1990,23,23,23,23,23,23,23,23,23,23
510326,1,1,1990,0,0,0,0,0,0,0,0,0,0
510328,1,1,1990,0,0,0,0,0,0,0,0,0,0
510328,2,1,1990,0,0,0,0,0,0,0,0,0,0
510329,0,1,1990,0,0,0,0,0,0,0,0,0,0
510329,1,1,1990,12,0,0,0,0,0,0,0,0,0
510330,1,1,1990,0,0,0,0,0,0,0,0,0,0
510330,2,1,1990,16,16,16,16,16,16,16,16,16,16
510330,3,1,1990,0,0,0,0,0,0,0,0,0,0
510330,4,1,1990,0,0,0,0,0,0,0,15,0,0
510331,1,1,1990,18,18,18,18,18,18,18,18,18,18
510332,1,1,1990,0,7,6,0,8,27,21,15,0,4
510332,2,1,1990,7,7,7,7,7,7,7,7,7,7
510333,1,1,1990,23,23,23,23,23,23,23,23,23,23
510333,2,1,1990,0,0,0,0,0,0,0,0,0,0
510334,1,1,1990,0,0,0,0,0,0,0,0,0,0
510334,2,1,1990,0,0,0,0,0,0,0,0,0,0
510335,1,1,1990,23,23,23,23,23,23,23,23,23,23
510335,2,1,1990,0,0,0,0,0,0,0,0,0,0
510336,1,1,1990,21,21,21,21,21,21,21,21,21,21
510336,2,1,1990,10,23,16,13,21,23,15,11,10,0
510337,1,1,1990,9,10,19,31,11,8,14,23,18,23