ST_CASE,VEH_NO,PER_NO,YEAR,P1,P2,P3,P4,P5,P6,P7,P8,P9,P10
510338,0,1,1990,0,0,0,0,0,0,0,0,0,0
510338,1,1,1990,13,26,23,23,14,24,0,27,19,29
510339,1,1,1990,15,8,16,17,11,8,5,13,28,19
510340,1,1,1990,0,0,0,0,0,0,0,0,0,0
510341,1,1,1990,0,0,0,11,0,0,0,0,0,0
510342,1,1,1990,0,0,0,0,0,0,0,0,0,0
510343,1,1,1990,7,7,7,7,7,7,7,7,7,7
510343,2,1,1990,0,0,0,0,0,0,0,0,0,0
510344,1,1,1990,17,17,17,17,17,17,17,17,17,17
510344,2,1,1990,0,0,0,0,0,0,0,0,0,0
510345,1,1,1990,25,25,25,25,25,25,25,25,25,25
510346,1,1,1990,22,22,22,22,22,22,22,22,22,22
510347,1,1,1990,31,31,31,31,31,31,31,31,31,31
510348,1,1,1990,0,0,0,0,0,0,0,0,0,0
510349,1,1,1990,0,0,0,0,0,0,0,0,0,0
510349,2,1,1990,41,41,41,41,41,41,41,41,41,41
510350,1,1,1990,38,38,38,38,38,38,38,38,38,38
510351,1,1,1990,0,0,0,0,0,0,0,0,0,0
510351,2,1,1990,0,0,0,0,0,0,0,0,0,0
510352,1,1,1990,26,26,26,26,26,26,26,26,26,26
510352,2,1,1990,0,0,0,0,0,0,0,0,0,0
510352,3,1,1990,0,0,0,0,0,0,0,0,0,0
510353,1,1,1990,0,0,0,0,0,0,0,0,0,0
510353,2,1,1990,0,0,0,0,0,0,0,0,0,0
510353,3,1,1990,0,0,0,0,0,0,0,0,0,0
510354,1,1,1990,0,0,0,0,0,0,0,0,0,0
510354,2,1,1990,0,0,0,0,0,0,0,0,0,0
510355,0,1,1990,0,0,0,0,0,0,0,0,0,0
510355,1,1,1990,0,0,0,0,0,0,0,0,0,0
510356,1,1,1990,31,21,13,22,7,19,22,17,26,17
510357,1,1,1990,10,10,10,10,10,10,10,10,10,10
510358,1,1,1990,0,0,0,0,0,0,0,0,0,0
510359,1,1,1990,0,0,0,0,0,0,0,0,0,0
510360,1,1,1990,0,0,0,0,0,0,0,0,0,0
510360,2,1,1990,0,0,0,0,0,0,0,0,0,0
510360,3,1,1990,0,0,0,0,0,0,0,0,0,0
510361,0,1,1990,0,0,0,0,0,0,0,0,0,0
510361,1,1,1990,0,0,0,0,0,0,0,0,0,0
510362,1,1,1990,6,0,0,0,0,0,0,0,6,13
510362,2,1,1990,0,0,0,0,0,0,0,0,0,0
510363,1,1,1990,18,18,18,18,18,18,18,18,18,18
510364,1,1,1990,0,0,0,0,0,0,0,0,0,0
510364,2,1,1990,5,5,5,5,5,5,5,5,5,5
510365,1,1,1990,0,0,0,0,0,0,0,0,0,0
510365,2,1,1990,0,0,0,0,0,0,0,0,0,0
510366,1,1,1990,0,0,0,0,0,0,0,0,0,0
510366,2,1,1990,35,35,35,35,35,35,35,35,35,35
510367,1,1,1990,26,26,26,26,26,26,26,26,26,26
510368,1,1,1990,17,24,19,22,13,28,8,8,9,12
510368,2,1,1990,19,19,19,19,19,19,19,19,19,19
510369,1,1,1990,16,16,16,16,16,16,16,16,16,16
510370,1,1,1990,0,23,25,28,24,18,21,24,24,18
510371,1,1,1990,0,0,0,0,0,0,0,0,0,0
510372,1,1,1990,0,0,0,0,0,0,0,0,0,0
510373,1,1,1990,0,0,0,14,0,0,0,0,13,0
510373,2,1,1990,5,22,0,0,0,0,0,27,0,15
510374,1,1,1990,21,21,21,21,21,21,21,21,21,21
510375,1,1,1990,12,14,25,29,12,11,21,26,18,18
510376,1,1,1990,25,25,25,25,25,25,25,25,25,25
510377,0,1,1990,0,0,0,0,0,0,0,0,0,0
510377,1,1,1990,0,0,2,0,0,0,0,0,0,0
510378,1,1,1990,0,0,0,0,0,0,0,0,0,0
510379,1,1,1990,0,0,0,0,0,0,0,0,0,0
510379,2,1,1990,0,0,0,0,0,0,0,0,0,0
510380,0,1,1990,30,30,30,30,30,30,30,30,30,30
510380,1,1,1990,0,0,0,0,0,0,0,0,0,0
510381,1,1,1990,10,10,10,10,10,10,10,10,10,10
510382,1,1,1990,25,21,42,18,13,32,14,18,25,19
510383,1,1,1990,27,27,27,27,27,27,27,27,27,27
510384,0,1,1990,0,0,0,0,0,0,0,0,0,0
510386,1,1,1990,5,5,5,5,5,5,5,5,5,5
510386,2,1,1990,0,0,0,0,0,0,0,0,0,0
510386,3,1,1990,0,0,0,0,0,0,0,0,0,0
510387,1,1,1990,22,22,22,22,22,22,22,22,22,22
510388,1,1,1990,13,13,13,13,13,13,13,13,13,13
510389,2,1,1990,0,0,0,0,0,11,0,0,0,0
510390,1,1,1990,0,0,0,0,0,0,0,0,0,0
510390,2,1,1990,0,0,0,0,0,0,0,0,0,0
510391,1,1,1990,0,0,0,0,0,0,0,0,0,0
510391,2,1,1990,0,0,0,0,0,0,0,0,0,0
510392,0,1,1990,0,0,0,0,0,0,0,0,0,0
510392,1,1,1990,0,0,0,0,0,0,0,0,0,0
510393,1,1,1990,0,0,0,0,0,0,0,0,0,0
510394,1,1,1990,43,15,24,17,23,11,17,36,23,26
510395,1,1,1990,20,20,20,20,20,20,20,20,20,20
510396,1,1,1990,9,5,14,6,13,5,13,25,3,9
510398,1,1,1990,0,0,0,0,0,0,0,0,0,0
510398,2,1,1990,0,0,0,0,0,0,0,0,0,0
510399,1,1,1990,0,0,0,0,0,0,0,0,0,0
510399,2,1,1990,0,0,10,0,0,0,0,0,0,0
510400,1,1,1990,26,26,26,26,26,26,26,26,26,26
510401,1,1,1990,0,0,0,0,0,0,0,0,0,0
510402,1,1,1990,0,0,22,0,0,0,0,0,0,0
510402,2,1,1990,9,0,0,0,0,0,0,0,0,0
510402,3,1,1990,0,0,0,0,0,0,0,0,0,0
510403,0,1,1990,0,0,0,0,0,0,0,0,0,0
510403,1,1,1990,0,0,0,0,0,0,0,0,0,0
510404,1,1,1990,0,0,0,0,0,0,0,6,0,0
510404,2,1,1990,27,27,27,27,27,27,27,27,27,27
510405,1,1,1990,0,0,0,0,0,0,0,0,0,0
510405,2,1,1990,8,8,8,8,8,8,8,8,8,8
510406,1,1,1990,19,19,19,19,19,19,19,19,19,19
510407,1,1,1990,9,9,9,9,9,9,9,9,9,9
510408,0,1,1990,20,20,20,20,20,20,20,20,20,20
510408,1,1,1990,14,0,0,27,0,0,10,0,0,0
510409,1,1,1990,0,0,0,0,0,0,0,0,0,0
510409,2,1,1990,0,0,0,0,0,0,0,0,0,16
510410,1,1,1990,15,0,0,7,11,21,6,0,26,17
510410,2,1,1990,0,0,0,0,0,0,0,0,0,0
510411,1,1,1990,0,0,0,0,0,0,0,0,0,0
510412,1,1,1990,0,0,0,0,0,0,0,0,0,0
510412,2,1,1990,0,0,0,0,0,0,0,0,0,0
510413,0,1,1990,0,0,0,0,0,0,0,0,0,0
510413,1,1,1990,0,0,0,0,0,0,0,14,0,11
510414,1,1,1990,19,19,19,19,19,19,19,19,19,19
510415,1,1,1990,27,39,15,17,19,37,15,21,11,27
510416,0,1,1990,0,0,0,0,0,0,0,0,0,0
510416,1,1,1990,0,0,0,0,0,0,0,0,0,0
510417,1,1,1990,0,0,0,0,0,0,0,0,0,0
510417,2,1,1990,0,0,0,0,0,0,0,0,0,0
510418,1,1,1990,0,0,0,0,0,0,0,0,0,0
510419,1,1,1990,0,0,0,0,0,0,0,0,0,0
510419,2,1,1990,0,0,0,0,0,0,0,0,0,0
510420,1,1,1990,0,0,0,0,0,0,0,0,0,0
510420,2,1,1990,0,0,0,0,0,0,0,0,0,0
510420,3,1,1990,0,0,0,12,0,0,0,0,0,0
510421,1,1,1990,16,16,16,16,16,16,16,16,16,16
510422,1,1,1990,16,21,19,21,10,8,10,24,33,16
510423,1,1,1990,39,39,39,39,39,39,39,39,39,39
510423,2,1,1990,11,0,0,13,0,0,0,0,0,0
510424,1,1,1990,0,0,0,0,0,0,0,0,0,0
510424,2,1,1990,0,0,0,0,0,0,0,0,0,0
510425,1,1,1990,14,14,14,14,14,14,14,14,14,14
510426,1,1,1990,19,10,12,23,6,28,19,21,18,28
510427,1,1,1990,23,23,23,23,23,23,23,23,23,23
510428,1,1,1990,0,0,0,0,0,0,0,0,0,0
510429,0,1,1990,23,23,23,23,23,23,23,23,23,23
510429,1,1,1990,0,0,0,0,0,0,0,0,10,0
510429,2,1,1990,0,0,27,0,0,0,0,0,0,0
510430,1,1,1990,26,26,26,26,26,26,26,26,26,26
510431,1,1,1990,0,0,0,0,0,0,0,0,0,0
510431,2,1,1990,0,0,0,0,0,0,0,0,0,0
510431,3,1,1990,0,0,0,0,0,0,0,0,0,0
510432,1,1,1990,0,0,0,0,0,0,0,0,0,0
510433,1,1,1990,3,23,0,0,17,28,13,11,14,32
510433,2,1,1990,5,5,5,5,5,5,5,5,5,5
510434,0,1,1990,0,0,0,0,0,0,0,0,0,0
510434,1,1,1990,0,0,0,0,0,0,0,0,0,0
510435,1,1,1990,0,0,7,7,0,0,0,0,0,0
510435,2,1,1990,0,0,0,0,0,0,0,0,0,0
510436,1,1,1990,0,0,0,0,0,0,0,0,0,0
510436,2,1,1990,0,0,0,0,0,0,0,0,0,0
510437,1,1,1990,0,0,0,0,0,0,0,0,0,0
510437,2,1,1990,20,13,13,13,30,18,26,13,15,13
510438,1,1,1990,0,0,0,0,0,0,0,0,0,0
510438,2,1,1990,0,0,0,0,0,0,0,0,0,0
510439,1,1,1990,0,0,0,0,0,0,0,9,0,0
510439,2,1,1990,0,0,0,0,0,0,0,0,0,0
510440,1,1,1990,0,0,0,0,0,0,0,0,0,0
510441,1,1,1990,12,12,12,12,12,12,12,12,12,12
510441,2,1,1990,0,0,0,0,0,0,0,0,0,0
510442,1,1,1990,28,21,20,19,29,23,0,18,9,12
510443,1,1,1990,14,9,0,0,0,0,15,7,0,12
510444,1,1,1990,0,0,0,0,0,0,0,0,0,0
510444,2,1,1990,0,0,0,0,0,0,0,0,0,0
510445,1,1,1990,3,3,3,3,3,3,3,3,3,3
510445,2,1,1990,0,0,0,0,0,0,0,0,0,0
510446,1,1,1990,0,0,0,0,0,8,19,0,0,16
510447,1,1,1990,10,6,0,0,0,0,0,0,0,0
510447,2,1,1990,21,0,5,20,0,0,21,0,11,12
510448,1,1,1990,18,18,18,18,18,18,18,18,18,18
510449,1,1,1990,27,27,27,27,27,27,27,27,27,27
510449,2,1,1990,19,0,0,0,0,21,0,0,4,0
510449,3,1,1990,22,31,18,21,21,18,19,19,16,10
510450,1,1,1990,0,0,0,0,0,0,0,0,0,0
510450,2,1,1990,0,0,0,0,0,0,0,0,0,0
510451,1,1,1990,0,0,0,0,0,0,0,0,0,0
510452,1,1,1990,0,0,0,0,0,0,0,0,0,0
510452,2,1,1990,0,0,0,0,0,0,0,0,0,0
510453,1,1,1990,1,1,1,1,1,1,1,1,1,1
510454,1,1,1990,17,0,0,0,0,0,0,0,0,7
510454,2,1,1990,0,0,0,0,0,0,0,0,0,0
510455,1,1,1990,0,0,0,0,0,0,0,0,0,0
510456,1,1,1990,0,0,0,0,0,0,0,0,0,0
510457,1,1,1990,24,24,24,24,24,24,24,24,24,24
510458,1,1,1990,0,0,0,0,0,0,0,0,0,0
510459,1,1,1990,27,27,27,27,27,27,27,27,27,27
510460,1,1,1990,0,0,0,0,0,0,0,0,0,0
510461,1,1,1990,0,0,0,0,0,0,0,0,0,0
510462,1,1,1990,10,36,23,36,20,18,24,25,16,15
510463,1,1,1990,8,8,8,8,8,8,8,8,8,8
510464,1,1,1990,9,12,26,19,17,6,14,0,0,12
510465,1,1,1990,13,13,13,13,13,13,13,13,13,13
510466,1,1,1990,3,3,3,3,3,3,3,3,3,3
510467,1,1,1990,0,0,0,0,0,0,0,0,0,0
510468,1,1,1990,15,26,11,7,19,36,26,6,40,18
510469,1,1,1990,22,22,22,22,22,22,22,22,22,22
510470,0,1,1990,23,23,23,23,23,23,23,23,23,23
510470,1,1,1990,19,17,14,5,3,16,0,4,10,8
510471,1,1,1990,25,25,25,25,25,25,25,25,25,25
510471,2,1,1990,14,0,12,7,5,5,0,0,7,0
510472,1,1,1990,22,22,22,22,22,22,22,22,22,22
510473,1,1,1990,0,0,0,0,0,0,0,0,0,0
510474,1,1,1990,1,1,1,1,1,1,1,1,1,1
510475,1,1,1990,21,15,13,5,21,28,13,6,11,10
510475,2,1,1990,26,18,16,18,20,35,35,11,13,13
510476,1,1,1990,20,20,20,20,20,20,20,20,20,20
510477,1,1,1990,11,11,11,11,11,11,11,11,11,11
510478,1,1,1990,0,0,0,0,0,0,0,0,0,0
510479,1,1,1990,0,0,0,0,0,0,0,0,0,0
510479,2,1,1990,0,0,0,0,0,0,0,0,0,0
510479,3,1,1990,0,0,0,12,0,0,0,0,25,0
510480,1,1,1990,0,0,0,0,0,0,8,0,0,0
510480,2,1,1990,0,0,0,0,0,0,0,0,0,0
510481,0,1,1990,0,0,0,0,0,0,0,0,0,0
510481,1,1,1990,0,0,0,0,0,0,0,0,0,0
510482,1,1,1990,0,0,0,0,0,0,0,0,0,0
510484,1,1,1990,10,10,10,10,10,10,10,10,10,10
510485,0,1,1990,6,27,23,23,15,29,23,18,29,16
510485,1,1,1990,0,0,0,0,0,0,0,0,0,0
510486,1,1,1990,0,19,0,0,0,0,0,0,0,0
510486,2,1,1990,0,0,0,0,0,0,0,0,0,20
510487,1,1,1990,0,0,0,0,0,0,0,0,0,0
510487,2,1,1990,0,0,0,0,0,0,0,0,0,0
510488,1,1,1990,12,12,12,12,12,12,12,12,12,12
510489,1,1,1990,0,0,0,0,0,0,0,0,0,0
510489,2,1,1990,0,0,0,0,0,0,0,0,0,0
510490,1,1,1990,12,12,12,12,12,12,12,12,12,12
510491,1,1,1990,0,0,0,0,0,0,0,0,0,0
510492,1,1,1990,29,29,29,29,29,29,29,29,29,29
510493,1,1,1990,0,0,0,0,0,0,0,0,0,0
510493,2,1,1990,0,0,0,0,0,0,0,0,0,0
510493,3,1,1990,0,0,0,0,0,0,0,0,0,0
510494,1,1,1990,8,8,8,8,8,8,8,8,8,8
510495,0,1,1990,31,31,31,31,31,31,31,31,31,31
510495,1,1,1990,0,0,0,0,0,0,0,0,0,0
510496,1,1,1990,0,0,0,0,0,0,0,0,0,0
510497,1,1,1990,0,0,0,0,0,0,0,0,0,0
510498,1,1,1990,0,0,0,0,0,0,0,0,0,0
510498,2,1,1990,0,0,0,0,0,4,0,0,0,0
510499,1,1,1990,0,0,0,0,0,0,0,0,0,0
510499,2,1,1990,0,0,0,0,0,0,0,0,0,0
510500,1,1,1990,20,8,11,17,32,29,5,0,31,15
510501,0,1,1990,23,23,23,23,23,23,23,23,23,23
510501,1,1,1990,0,0,0,0,0,0,0,0,0,0
510502,1,1,1990,0,0,0,0,0,0,0,0,0,0
510502,2,1,1990,16,16,16,16,16,16,16,16,16,16
510503,1,1,1990,0,0,0,0,0,0,0,0,0,0
510504,1,1,1990,29,15,9,18,27,13,17,28,36,28
510505,1,1,1990,0,0,0,0,0,0,0,0,0,0
510506,1,1,1990,0,0,0,0,0,0,0,0,0,0
510507,1,1,1990,0,0,0,0,0,0,0,0,0,0
510508,1,1,1990,0,0,0,0,0,0,0,0,0,0
510508,2,1,1990,0,0,0,0,0,0,0,0,0,0
510509,0,1,1990,0,0,0,0,0,0,0,0,0,0
510509,1,1,1990,0,0,0,0,0,0,0,0,0,0
510510,1,1,1990,0,0,0,0,0,0,0,0,0,0
510511,1,1,1990,0,0,0,0,0,0,0,0,0,0
510512,1,1,1990,21,17,4,0,16,13,7,5,9,15
510513,1,1,1990,9,9,9,9,9,9,9,9,9,9
510513,2,1,1990,0,0,0,0,0,0,0,0,0,0
510514,1,1,1990,0,0,0,0,0,0,0,0,0,0
510515,1,1,1990,25,0,19,21,17,22,37,0,0,0
510517,1,1,1990,16,14,15,12,5,19,11,14,19,17
510518,1,1,1990,18,25,0,0,15,0,9,5,0,0
510519,1,1,1990,0,0,0,0,0,0,0,0,0,0
510519,2,1,1990,0,0,0,0,0,0,0,0,0,0
510520,1,1,1990,10,10,10,10,10,10,10,10,10,10
510521,1,1,1990,27,27,27,27,27,27,27,27,27,27
510521,2,1,1990,8,20,19,5,0,19,20,21,11,19
510522,1,1,1990,0,0,0,0,0,0,0,0,0,0
510522,2,1,1990,0,0,0,0,0,0,0,0,0,0
510523,1,1,1990,0,0,0,0,0,0,0,0,0,0
510523,2,1,1990,0,0,0,0,0,0,0,0,0,0
510524,1,1,1990,0,0,0,0,0,0,0,0,0,0
510524,2,1,1990,0,0,0,0,0,0,0,0,0,0
510525,1,1,1990,9,9,9,9,9,9,9,9,9,9
510526,1,1,1990,0,0,0,0,0,14,0,0,0,0
510526,2,1,1990,0,0,0,0,20,0,23,0,0,0
510527,1,1,1990,18,12,0,17,24,0,20,7,0,0
510527,2,1,1990,0,6,0,9,0,0,0,8,0,0
510527,3,1,1990,0,0,0,0,0,0,0,0,0,0
510528,1,1,1990,0,0,0,0,0,0,0,0,0,0
510528,2,1,1990,0,0,0,0,0,0,0,0,0,0
510529,1,1,1990,0,0,0,0,0,0,0,0,0,0
510530,1,1,1990,24,24,24,24,24,24,24,24,24,24
510531,1,1,1990,0,0,0,0,0,0,0,0,0,0
510531,2,1,1990,0,0,0,0,0,0,0,0,0,0
510532,1,1,1990,17,17,17,17,17,17,17,17,17,17
510533,1,1,1990,0,0,0,0,0,0,0,0,0,0
510533,2,1,1990,11,8,22,9,14,9,17,0,19,22
510534,1,1,1990,0,0,7,26,17,19,5,11,20,16
510534,2,1,1990,8,8,8,8,8,8,8,8,8,8
510535,1,1,1990,14,14,14,14,14,14,14,14,14,14
510536,0,1,1990,0,0,0,0,0,0,0,0,0,0
510536,1,1,1990,32,12,9,20,8,0,38,20,31,31
510536,2,1,1990,0,12,0,0,8,0,14,0,13,0
510537,0,5,1990,13,0,0,16,0,0,0,0,0,31
510537,1,1,1990,3,0,0,22,0,0,0,0,0,0
510538,1,1,1990,0,0,0,0,0,0,0,0,0,0
510539,1,1,1990,0,0,0,0,0,0,0,0,0,0
510540,1,1,1990,3,0,0,0,0,0,7,0,0,14
510540,2,1,1990,1,1,1,1,1,1,1,1,1,1
510540,3,1,1990,0,0,0,0,0,0,0,0,0,0
510541,1,1,1990,17,17,17,17,17,17,17,17,17,17
510542,1,1,1990,22,8,27,20,28,25,19,24,23,6
510543,1,1,1990,21,21,21,21,21,21,21,21,21,21
510544,1,1,1990,15,15,15,15,15,15,15,15,15,15
510545,1,1,1990,10,9,6,7,10,12,8,19,27,15
510545,2,1,1990,0,0,0,0,0,0,0,0,0,0
510546,1,1,1990,22,14,7,6,12,15,21,14,12,5
510546,2,1,1990,0,0,0,0,0,0,0,0,0,0
510547,1,1,1990,0,0,0,0,0,0,0,0,0,0
510547,2,1,1990,0,0,0,0,0,0,0,0,0,0
510548,1,1,1990,0,17,12,16,8,18,12,16,0,5
510549,1,1,1990,18,18,18,18,18,18,18,18,18,18
510550,1,1,1990,19,19,19,19,19,19,19,19,19,19
510551,1,1,1990,0,0,0,0,0,0,0,0,0,0
510551,2,1,1990,0,0,0,0,0,0,0,0,0,0
510552,1,1,1990,0,0,0,0,0,0,0,0,0,0
510552,2,1,1990,0,0,0,0,0,0,0,0,0,0
510553,0,1,1990,0,0,0,0,0,0,0,0,0,0
510553,1,1,1990,0,0,0,0,0,0,0,0,0,0
510554,1,1,1990,0,0,0,0,0,0,0,0,0,0
510554,2,1,1990,0,0,0,0,0,0,0,0,0,0
510555,1,1,1990,0,0,0,0,0,0,0,0,0,0
510555,2,1,1990,0,0,0,0,0,0,0,0,0,0
510556,0,1,1990,0,0,0,0,0,0,0,0,0,0
510556,1,1,1990,0,0,0,0,0,0,0,0,0,0
510557,1,1,1990,0,0,0,0,0,0,0,0,0,0
510557,2,1,1990,0,0,0,0,0,0,0,0,0,0
510558,1,1,1990,3,29,15,14,17,11,12,12,11,32
510559,1,1,1990,2,26,21,5,32,13,18,19,17,15
510560,1,1,1990,0,0,0,0,0,0,0,0,0,0
510560,2,1,1990,0,0,0,0,0,0,0,0,0,0
510560,3,1,1990,0,0,0,0,0,0,0,0,0,0
510560,4,1,1990,0,0,0,0,0,0,0,0,0,0
510560,5,1,1990,0,0,0,0,0,0,0,0,0,0
510560,6,1,1990,0,0,0,0,0,0,0,4,0,0
510562,1,1,1990,17,6,20,0,9,3,8,20,10,5
510563,1,1,1990,13,7,18,15,21,10,14,0,13,17
510563,2,1,1990,5,5,5,5,5,5,5,5,5,5
510564,1,1,1990,0,0,0,0,8,0,0,0,0,0
510565,0,1,1990,3,3,3,3,3,3,3,3,3,3
510565,1,1,1990,0,0,0,0,0,0,0,0,10,0
510566,1,1,1990,0,0,0,0,0,0,0,0,0,0
510567,1,1,1990,0,0,0,0,0,0,0,0,0,0
510567,2,1,1990,0,0,0,0,0,0,0,0,0,0
510568,0,1,1990,18,18,18,18,18,18,18,18,18,18
510568,1,1,1990,0,0,0,0,0,0,0,0,8,0
510569,1,1,1990,6,6,6,6,6,6,6,6,6,6
510570,1,1,1990,20,20,20,20,20,20,20,20,20,20
510570,2,1,1990,0,0,0,0,0,0,0,0,0,0
510572,1,1,1990,0,0,0,0,0,0,0,0,0,0
510572,2,1,1990,0,0,0,0,0,0,0,0,0,0
510572,3,1,1990,0,0,0,0,0,0,0,0,0,0
510573,1,1,1990,9,28,21,17,22,17,5,30,12,22
510574,1,1,1990,0,0,0,0,0,0,0,0,0,0
510575,0,1,1990,0,0,0,0,0,0,0,0,0,0
510575,1,1,1990,21,16,16,17,20,10,7,16,24,25
510576,1,1,1990,0,0,0,0,0,0,0,0,0,0
510577,1,1,1990,0,0,0,0,0,0,0,0,0,0
510577,2,1,1990,0,2,0,0,0,0,0,7,0,0
510578,1,1,1990,27,27,27,27,27,27,27,27,27,27
510579,0,1,1990,0,0,0,0,0,0,0,0,0,0
510579,1,1,1990,0,0,0,0,0,0,0,0,0,0
510580,1,1,1990,0,0,0,0,0,0,0,0,0,0
510581,1,1,1990,9,9,9,9,9,9,9,9,9,9
510582,1,1,1990,23,23,23,23,23,23,23,23,23,23
510583,1,1,1990,0,0,0,0,0,0,0,4,5,0
510584,1,1,1990,20,0,21,7,7,19,11,8,8,11
510585,1,1,1990,0,0,0,0,0,0,0,0,0,0
510585,2,1,1990,10,10,10,10,10,10,10,10,10,10
510586,1,1,1990,0,17,0,0,0,0,6,0,0,0
510588,1,1,1990,0,0,0,0,0,0,0,0,0,0
510588,2,1,1990,0,0,0,0,0,0,0,0,0,0
510588,3,1,1990,0,0,0,0,0,0,0,10,0,0
510588,4,1,1990,0,0,0,0,0,0,0,0,0,0
510588,5,1,1990,28,0,0,0,0,0,0,0,0,0
510588,6,1,1990,0,0,0,0,0,0,0,0,0,0
510588,7,1,1990,0,0,0,0,0,0,0,0,0,0
510588,8,1,1990,0,0,0,0,0,0,0,0,0,0
510588,9,1,1990,0,0,0,0,0,0,0,0,0,0
510589,1,1,1990,37,37,37,37,37,37,37,37,37,37
510590,1,1,1990,10,0,0,0,9,0,8,14,22,0
510590,2,1,1990,0,0,0,0,0,0,0,0,0,0
510591,1,1,1990,4,4,4,4,4,4,4,4,4,4
510593,1,1,1990,0,0,0,0,0,16,0,18,0,21
510594,1,1,1990,0,0,0,0,0,0,0,0,0,0
510594,2,1,1990,0,0,0,7,0,0,0,0,0,0
510595,1,1,1990,35,38,11,22,0,12,24,15,15,21
510596,1,1,1990,0,0,0,0,0,0,0,0,0,0
510597,0,1,1990,0,0,0,0,0,0,0,0,0,0
510597,1,1,1990,0,6,19,10,15,14,30,22,24,13
510598,0,1,1990,0,0,0,0,0,0,0,0,0,0
510598,0,2,1990,31,0,0,16,18,22,0,0,2,9
510598,1,1,1990,0,0,0,0,0,0,12,0,0,0
510599,1,1,1990,27,27,27,27,27,27,27,27,27,27
510600,1,1,1990,25,25,25,25,25,25,25,25,25,25
510601,1,1,1990,12,12,12,12,12,12,12,12,12,12
510602,1,1,1990,18,18,18,18,18,18,18,18,18,18
510603,1,1,1990,0,0,0,0,0,0,0,0,0,0
510603,2,1,1990,0,0,26,0,17,0,0,0,0,0
510604,1,1,1990,0,0,0,0,0,0,0,0,0,0
510605,1,1,1990,0,0,0,0,0,0,15,0,0,0
510605,2,1,1990,11,21,25,7,10,0,16,8,11,22
510606,1,1,1990,2,10,14,3,4,6,24,11,8,0
510607,0,1,1990,0,0,0,0,0,0,0,0,0,0
510607,1,1,1990,0,0,0,0,0,0,0,0,0,0
510608,1,1,1990,11,15,0,8,21,0,6,22,20,14
510609,1,1,1990,0,0,0,0,0,0,0,0,0,0
510610,1,1,1990,22,22,22,22,22,22,22,22,22,22
510611,1,1,1990,0,27,12,14,21,9,16,5,18,14
510611,2,1,1990,0,0,0,0,0,0,0,0,0,0
510612,0,1,1990,0,0,0,0,0,0,0,0,0,0
510612,1,1,1990,20,22,16,14,18,2,35,32,13,8
510613,1,1,1990,25,25,25,25,25,25,25,25,25,25
510614,1,1,1990,0,0,0,0,0,0,0,0,0,0
510615,1,1,1990,9,0,0,0,0,13,0,2,0,21
510615,2,1,1990,0,0,0,0,0,0,0,0,0,0
510616,1,1,1990,12,15,0,20,17,15,0,15,0,38
510617,1,1,1990,0,0,0,0,0,0,0,0,0,0
510617,2,1,1990,0,0,0,0,9,0,0,0,0,0
510618,1,1,1990,0,0,0,0,0,0,0,0,0,0
510618,2,1,1990,0,0,0,0,0,0,0,0,0,0
510619,1,1,1990,0,0,0,0,0,0,0,0,0,0
510619,2,1,1990,0,0,0,0,0,0,0,0,0,0
510619,3,1,1990,0,0,0,0,0,0,0,0,0,0
510619,4,1,1990,15,0,0,0,0,0,0,0,0,0
510620,1,1,1990,0,0,0,0,0,0,0,0,0,0
510620,2,1,1990,0,0,0,0,0,0,0,0,0,0
510621,1,1,1990,0,0,0,0,0,0,0,0,0,0
510621,2,1,1990,0,0,0,0,0,0,0,0,0,0
510622,1,1,1990,0,0,0,17,0,0,0,0,0,0
510622,2,1,1990,0,0,0,0,0,0,0,0,0,0
510623,1,1,1990,0,0,0,0,0,0,0,0,0,0
510623,2,1,1990,0,0,0,0,0,0,0,0,0,0
510624,1,1,1990,22,22,15,10,15,10,12,20,11,33
510625,1,1,1990,0,0,0,0,0,0,0,0,0,0
510626,1,1,1990,0,0,0,0,0,0,0,0,20,0
510626,2,1,1990,0,0,0,0,0,0,0,0,0,0
510627,1,1,1990,22,5,25,14,9,12,7,22,6,11
510628,1,1,1990,12,18,12,16,34,22,21,26,4,27
510629,1,1,1990,0,0,0,0,0,0,0,0,0,0
510629,2,1,1990,8,8,8,8,8,8,8,8,8,8
510630,1,1,1990,17,17,17,17,17,17,17,17,17,17
510631,1,1,1990,27,22,0,32,9,32,8,0,9,27
510632,1,1,1990,0,0,0,0,0,0,0,0,0,0
510632,2,1,1990,0,0,0,0,0,18,11,0,0,0
510633,1,1,1990,0,0,0,0,0,0,0,0,0,0
510634,1,1,1990,0,0,0,0,0,0,0,0,0,0
510635,1,1,1990,0,0,0,0,0,0,0,0,0,0
510635,2,1,1990,0,0,0,0,0,0,0,0,0,0
510636,1,1,1990,15,16,13,18,15,32,12,15,9,42
510637,1,1,1990,26,11,9,12,0,17,13,25,9,8
510637,2,1,1990,0,0,0,0,0,0,0,0,0,0
510638,1,1,1990,7,30,18,19,0,0,17,24,26,15
510638,2,1,1990,0,0,0,0,0,0,0,0,0,0