ST_CASE,VEH_NO,PER_NO,YEAR,P1,P2,P3,P4,P5,P6,P7,P8,P9,P10
510639,1,1,1990,0,0,0,0,0,0,0,0,0,0
510640,0,1,1990,0,0,0,0,0,0,0,0,0,0
510640,1,1,1990,0,0,0,0,0,0,0,6,0,0
510641,1,1,1990,0,0,0,0,0,0,0,0,0,0
510642,1,1,1990,24,15,23,20,20,13,0,0,9,11
510642,2,1,1990,0,0,0,0,0,0,0,0,0,0
510643,1,1,1990,21,21,21,21,21,21,21,21,21,21
510644,1,1,1990,0,0,0,0,0,0,0,0,0,0
510644,2,1,1990,0,0,0,0,0,0,0,0,0,0
510644,3,1,1990,0,0,0,0,0,0,0,0,0,0
510645,1,1,1990,23,12,16,7,8,13,18,0,9,23
510645,2,1,1990,0,0,0,0,0,0,0,0,8,0
510646,1,1,1990,0,0,0,0,0,0,0,0,0,0
510647,1,1,1990,7,7,7,7,7,7,7,7,7,7
510647,2,1,1990,0,0,0,0,0,0,0,0,0,0
510648,0,1,1990,0,0,0,0,0,28,0,22,0,0
510648,1,1,1990,0,0,0,19,0,0,0,0,0,0
510649,1,1,1990,0,0,0,0,0,0,0,0,0,0
510649,2,1,1990,0,0,0,0,0,0,0,0,0,0
510650,1,1,1990,15,0,21,17,0,0,24,12,20,17
510650,2,1,1990,0,0,0,0,0,0,0,0,0,0
510650,3,1,1990,0,0,0,0,0,0,0,0,0,0
510651,1,1,1990,21,12,22,23,12,21,16,0,0,15
510651,2,1,1990,0,0,0,0,0,0,0,0,0,0
510652,1,1,1990,7,6,7,31,19,10,0,19,4,15
510653,1,1,1990,27,27,27,27,27,27,27,27,27,27
510654,1,1,1990,23,23,23,23,23,23,23,23,23,23
510655,1,2,1990,20,0,0,5,9,25,0,0,0,31
510656,1,1,1990,0,0,0,0,0,0,0,0,0,0
510657,1,1,1990,15,15,15,15,15,15,15,15,15,15
510658,1,1,1990,0,0,0,0,0,0,0,0,0,0
510660,1,1,1990,0,0,0,0,0,0,0,0,0,0
510661,1,1,1990,15,15,15,15,15,15,15,15,15,15
510662,1,1,1990,0,0,0,0,0,0,0,0,0,0
510662,2,1,1990,10,0,13,22,20,20,0,25,0,0
510663,1,1,1990,0,0,0,0,0,0,0,0,0,0
510663,2,1,1990,0,7,0,0,0,0,0,0,0,0
510664,1,1,1990,0,0,0,0,0,0,0,0,0,0
510664,2,1,1990,0,0,0,0,0,0,0,9,0,0
510664,3,1,1990,0,0,23,0,0,0,6,0,0,0
510664,4,1,1990,0,0,16,0,10,0,0,0,0,0
510665,1,1,1990,0,0,0,0,0,0,0,0,0,0
510665,2,1,1990,0,0,0,0,0,0,0,0,0,0
510666,1,1,1990,0,0,0,0,0,0,0,0,0,0
510667,1,1,1990,19,15,6,0,22,16,0,17,15,16
510668,1,1,1990,0,0,0,0,0,0,0,0,0,0
510668,2,1,1990,0,0,0,0,0,0,0,0,0,0
510669,1,1,1990,0,0,0,0,0,0,0,0,0,0
510669,2,1,1990,0,0,0,0,0,0,0,0,0,0
510670,1,1,1990,0,0,0,0,0,0,0,0,0,0
510671,1,1,1990,24,16,0,0,8,0,0,16,0,0
510672,1,1,1990,0,0,0,0,0,0,0,0,0,0
510673,1,1,1990,16,9,17,13,16,3,5,19,14,11
510674,1,1,1990,15,15,15,15,15,15,15,15,15,15
510675,1,1,1990,0,0,0,0,0,0,0,0,0,0
510675,2,1,1990,0,0,0,0,0,0,0,0,0,0
510676,1,1,1990,0,0,12,16,0,29,0,8,4,6
510677,1,1,1990,13,13,13,13,13,13,13,13,13,13
510678,0,1,1990,17,17,17,17,17,17,17,17,17,17
510678,1,1,1990,0,0,0,0,0,0,0,0,0,0
510680,0,1,1990,30,30,30,30,30,30,30,30,30,30
510680,1,1,1990,0,0,9,15,28,0,11,15,2,18
510681,1,1,1990,0,0,0,0,0,0,0,0,0,0
510682,0,1,1990,21,21,21,21,21,21,21,21,21,21
510682,1,1,1990,24,29,13,27,12,14,4,25,20,10
510683,1,1,1990,0,0,0,0,0,0,0,0,0,0
510684,1,1,1990,19,24,20,10,19,0,6,15,0,21
510684,2,1,1990,0,0,0,0,0,0,0,0,0,0
510685,1,1,1990,16,16,16,16,16,16,16,16,16,16
510685,2,1,1990,0,7,0,0,0,0,0,0,0,0
510686,1,1,1990,10,0,0,0,0,0,17,5,2,0
510687,0,1,1990,22,22,22,22,22,22,22,22,22,22
510687,1,1,1990,0,0,0,0,0,0,0,0,0,0
510688,1,1,1990,12,7,15,0,0,3,13,6,7,0
510688,2,1,1990,0,0,0,0,0,0,0,0,0,0
510689,1,1,1990,0,0,0,0,0,0,0,0,0,0
510690,1,1,1990,25,25,25,25,25,25,25,25,25,25
510691,1,1,1990,0,0,0,0,0,0,0,0,0,0
510691,2,1,1990,0,0,0,0,0,0,0,0,0,0
510692,1,1,1990,0,0,19,0,0,11,0,21,0,0
510694,0,1,1990,0,0,0,0,0,0,0,0,0,0
510694,1,1,1990,8,21,0,0,0,0,18,17,0,31
510695,1,1,1990,17,17,17,17,17,17,17,17,17,17
510697,0,1,1990,0,0,0,0,23,0,0,0,0,0
510697,1,1,1990,0,0,10,0,0,0,0,0,0,0
510697,2,1,1990,0,16,0,0,0,0,8,9,0,11
510698,1,1,1990,0,0,0,0,0,0,0,0,0,0
510698,2,1,1990,0,0,0,0,0,0,0,0,0,12
510699,1,1,1990,0,0,0,15,0,0,0,0,0,0
510700,1,1,1990,0,0,0,0,0,0,0,0,0,0
510700,2,1,1990,0,0,0,0,0,0,0,0,0,0
510701,1,1,1990,6,10,10,0,13,24,27,4,23,34
510702,1,1,1990,22,22,22,22,22,22,22,22,22,22
510703,1,1,1990,0,0,0,0,0,0,0,0,0,0
510704,1,1,1990,25,25,25,25,25,25,25,25,25,25
510705,1,1,1990,28,28,28,28,28,28,28,28,28,28
510706,1,1,1990,7,7,7,7,7,7,7,7,7,7
510707,1,1,1990,23,23,23,23,23,23,23,23,23,23
510708,1,1,1990,0,0,0,0,0,0,0,0,0,0
510709,1,1,1990,37,28,31,19,32,0,5,16,23,0
510710,1,1,1990,0,12,15,19,23,18,12,8,26,22
510711,1,1,1990,0,0,0,0,0,0,0,0,0,0
510712,1,1,1990,14,10,0,0,10,13,7,16,10,21
510713,1,1,1990,20,29,12,14,14,18,16,0,17,9
510714,1,1,1990,0,0,0,0,0,0,0,0,0,0
510714,2,1,1990,0,0,0,0,0,0,0,0,0,0
510715,0,1,1990,0,0,0,0,0,0,0,0,0,0
510715,1,1,1990,6,22,22,10,4,14,13,12,19,17
510716,1,1,1990,4,14,17,10,17,0,19,28,8,22
510717,1,1,1990,0,0,0,0,0,0,0,0,0,0
510718,1,1,1990,0,0,0,0,0,0,0,0,0,0
510718,2,1,1990,0,0,0,0,0,0,0,0,0,0
510718,3,1,1990,0,0,0,0,0,0,0,0,0,0
510719,1,1,1990,0,0,0,0,0,0,0,0,0,0
510719,2,1,1990,21,21,5,20,20,0,17,16,8,11
510720,1,1,1990,21,21,30,25,14,15,22,12,5,27
510721,1,1,1990,13,13,13,13,13,13,13,13,13,13
510722,1,1,1990,0,0,0,0,0,0,0,0,0,0
510722,2,1,1990,0,0,0,0,0,0,0,0,0,0
510723,1,1,1990,0,0,0,0,0,4,0,0,0,0
510724,1,1,1990,0,21,0,0,0,0,0,0,0,0
510724,2,1,1990,0,0,0,0,0,0,0,0,0,0
510725,1,1,1990,27,27,27,27,27,27,27,27,27,27
510726,0,1,1990,0,0,0,0,0,0,0,0,0,0
510726,1,1,1990,0,0,0,0,0,0,0,0,0,0
510727,1,1,1990,0,0,0,0,0,0,0,0,14,0
510727,2,1,1990,0,0,0,0,28,29,16,12,0,0
510728,0,1,1990,14,14,14,14,14,14,14,14,14,14
510728,1,1,1990,15,17,17,13,2,0,0,6,0,9
510729,0,1,1990,0,0,0,0,0,0,0,0,0,0
510729,1,1,1990,0,0,0,0,0,0,0,0,0,0
510730,1,1,1990,0,14,0,0,0,0,0,0,6,16
510731,1,1,1990,21,19,12,21,17,30,4,12,16,19
510732,1,1,1990,1,1,1,1,1,1,1,1,1,1
510732,2,1,1990,0,0,0,0,0,0,0,0,0,0
510733,1,1,1990,26,26,26,26,26,26,26,26,26,26
510734,1,1,1990,17,4,5,18,19,9,22,12,25,11
510735,1,1,1990,8,14,22,13,30,25,19,24,14,21
510736,1,1,1990,0,0,0,0,0,0,0,0,0,0
510737,1,1,1990,34,34,34,34,34,34,34,34,34,34
510738,1,1,1990,29,29,29,29,29,29,29,29,29,29
510739,1,1,1990,0,0,0,0,0,0,0,0,0,0
510740,0,1,1990,0,0,0,0,0,0,0,0,0,0
510740,1,1,1990,0,0,0,0,0,0,0,0,0,0
510740,2,1,1990,0,0,0,0,0,0,0,0,0,0
510741,1,1,1990,18,22,17,14,22,19,15,12,13,20
510741,2,1,1990,15,15,0,0,10,0,0,0,10,0
510741,3,1,1990,0,0,0,0,0,0,0,0,0,0
510742,1,1,1990,0,0,0,0,0,0,0,0,0,0
510743,1,1,1990,0,0,0,0,9,0,0,0,0,0
510743,2,1,1990,0,0,0,0,0,0,0,0,0,0
510744,0,1,1990,24,41,0,32,19,6,25,25,38,22
510744,1,1,1990,0,0,0,0,0,18,0,0,0,0
510744,2,1,1990,0,0,0,9,0,0,0,0,12,0
510745,1,1,1990,0,0,0,0,0,2,0,0,12,0
510745,2,1,1990,0,0,0,0,0,0,0,0,0,0
510746,1,1,1990,20,13,25,18,24,20,12,11,0,22
510747,0,1,1990,0,0,0,0,0,0,0,0,0,0
510747,1,1,1990,0,4,14,0,0,18,47,0,0,0
510748,1,1,1990,20,16,7,40,13,9,21,8,18,13
510749,1,1,1990,13,13,13,13,13,13,13,13,13,13
510751,1,1,1990,0,0,0,0,0,0,0,0,0,0
510751,2,1,1990,0,0,0,0,0,0,0,0,0,0
510751,3,1,1990,0,0,0,0,0,0,0,0,0,0
510752,1,1,1990,7,7,7,7,7,7,7,7,7,7
510752,2,1,1990,0,0,14,0,0,0,0,0,0,0
510752,3,1,1990,19,6,0,0,10,11,15,14,11,0
510754,1,1,1990,0,0,0,0,0,0,0,0,0,0
510754,2,1,1990,0,0,0,0,0,0,0,0,11,0
510755,1,1,1990,0,0,0,0,0,0,0,0,0,0
510755,2,1,1990,0,0,0,0,0,0,0,0,0,0
510756,1,1,1990,0,0,0,0,0,0,0,0,0,0
510757,1,1,1990,0,0,0,0,0,0,0,0,0,0
510758,1,1,1990,13,0,24,20,35,22,24,0,19,16
510759,1,1,1990,14,14,14,14,14,14,14,14,14,14
510760,0,1,1990,0,0,0,0,0,0,0,0,0,0
510760,0,2,1990,16,15,19,20,25,19,24,0,0,27
510760,1,1,1990,12,0,0,4,0,0,0,23,0,0
510761,1,1,1990,9,9,9,9,9,9,9,9,9,9
510762,1,1,1990,0,0,0,0,0,0,0,0,0,0
510763,1,1,1990,0,0,0,0,0,0,0,0,0,0
510763,2,1,1990,0,0,0,10,0,0,0,0,9,0
510763,3,1,1990,0,0,0,0,0,0,0,0,0,0
510763,4,1,1990,0,0,0,0,0,0,0,0,0,0
510763,5,1,1990,0,0,0,0,0,11,0,0,0,0
510764,1,1,1990,20,0,17,14,12,12,8,18,18,29
510765,1,1,1990,18,18,18,18,18,18,18,18,18,18
510766,0,1,1990,0,0,21,20,0,0,0,0,0,0
510766,0,2,1990,0,0,0,0,0,0,0,0,0,0
510766,1,1,1990,0,0,0,0,0,0,0,17,0,0
510767,0,1,1990,0,0,0,0,0,0,0,0,0,0
510767,1,1,1990,0,7,0,0,0,0,22,0,0,9
510768,1,1,1990,22,15,13,30,24,20,15,23,11,22
510769,1,1,1990,0,0,0,0,0,0,0,0,0,0
510769,2,1,1990,0,0,0,0,0,0,0,0,0,0
510770,1,1,1990,0,0,0,15,0,0,0,0,0,11
510770,2,1,1990,0,0,0,0,0,0,0,0,0,0
510771,1,1,1990,0,0,0,0,0,0,0,0,0,0
510772,1,1,1990,0,0,0,0,0,0,0,0,0,0
510773,1,1,1990,12,9,0,14,6,0,16,10,7,10
510773,2,1,1990,0,0,0,0,10,0,0,0,0,0
510774,1,1,1990,0,0,0,0,0,0,0,0,0,0
510774,2,1,1990,0,0,0,0,0,0,0,0,0,0
510775,0,1,1990,0,0,0,0,0,0,0,0,0,0
510775,1,1,1990,0,0,0,0,0,0,0,0,0,0
510776,0,1,1990,0,0,0,0,0,0,0,0,0,0
510776,1,1,1990,15,0,0,0,0,0,0,0,0,0
510777,1,1,1990,0,0,0,0,0,0,0,0,0,0
510778,1,1,1990,0,0,0,0,0,0,0,0,0,0
510778,2,1,1990,0,0,0,0,0,0,0,0,0,0
510779,0,1,1990,0,0,0,0,0,0,0,0,0,0
510779,1,1,1990,0,0,0,0,0,0,0,0,0,0
510780,1,1,1990,0,0,0,0,0,0,0,0,0,0
510781,0,1,1990,0,0,0,0,0,0,0,0,0,0
510781,1,1,1990,0,0,0,0,0,0,0,0,0,0
510782,1,1,1990,0,0,0,0,0,0,0,0,0,0
510783,0,1,1990,0,0,0,0,0,0,0,0,0,0
510783,1,1,1990,0,21,0,0,0,0,0,0,0,0
510784,1,1,1990,31,11,15,15,9,10,13,13,27,14
510785,0,1,1990,25,25,25,25,25,25,25,25,25,25
510785,1,1,1990,0,0,0,0,0,0,0,0,0,0
510786,0,1,1990,0,0,0,0,0,0,0,0,0,0
510787,1,1,1990,21,15,14,10,34,21,20,3,30,27
510788,1,1,1990,0,0,0,0,0,0,0,0,0,0
510789,0,1,1990,0,0,0,0,0,0,0,0,0,0
510789,1,1,1990,0,0,0,0,0,0,0,0,0,0
510790,1,1,1990,0,24,0,0,0,13,0,0,0,0
510790,2,1,1990,0,0,0,0,0,0,0,0,0,0
510790,3,1,1990,0,0,0,8,0,0,0,0,0,8
510790,4,1,1990,0,0,0,0,0,0,0,0,0,0
510790,5,1,1990,0,0,0,0,0,0,0,0,0,0
510790,6,1,1990,12,0,0,11,0,0,7,0,0,19
510790,7,1,1990,0,0,37,0,0,0,0,0,0,0
510790,8,1,1990,8,20,0,24,0,34,0,0,0,0
510791,1,1,1990,0,0,0,12,0,0,0,0,0,0
510791,2,1,1990,0,0,0,0,0,0,0,0,0,0
510792,1,1,1990,0,0,0,0,0,0,0,0,0,0
510792,2,1,1990,0,0,0,0,0,0,0,0,0,0
510793,0,1,1990,14,14,14,14,14,14,14,14,14,14
510793,1,1,1990,0,0,18,0,0,0,0,0,0,0
510794,0,1,1990,0,0,0,0,0,0,0,0,0,0
510794,1,1,1990,0,0,16,5,0,4,0,0,0,0
510795,1,1,1990,10,10,10,10,10,10,10,10,10,10
510796,1,1,1990,25,25,25,25,25,25,25,25,25,25
510797,1,1,1990,0,0,0,0,0,0,0,0,0,0
510798,1,1,1990,0,0,0,0,15,0,9,17,18,8
510800,0,1,1990,2,2,2,2,2,2,2,2,2,2
510800,0,2,1990,0,0,5,13,0,0,0,0,0,0
510800,1,1,1990,7,0,8,16,0,0,21,6,0,6
510801,1,1,1990,9,10,31,13,0,12,11,15,15,16
510801,2,1,1990,0,0,0,0,0,0,0,0,0,0
510802,1,1,1990,0,0,0,0,0,0,0,14,0,0
510802,2,1,1990,0,0,0,0,0,0,0,0,0,0
510803,1,1,1990,0,0,0,8,0,0,0,0,0,0
510804,1,1,1990,0,13,0,10,0,0,0,0,0,0
510805,0,1,1990,0,0,0,0,0,0,0,0,0,0
510805,1,1,1990,0,0,0,0,0,0,0,0,0,0
510806,1,1,1990,0,0,0,0,0,0,0,0,0,0
510806,2,1,1990,7,0,0,0,0,0,0,0,0,0
510807,1,1,1990,15,15,15,15,15,15,15,15,15,15
510808,1,1,1990,0,0,0,0,0,0,0,0,0,0
510809,0,1,1990,0,0,0,0,0,0,0,0,0,0
510809,1,1,1990,0,0,0,0,0,0,0,0,0,0
510810,1,1,1990,16,16,16,16,16,16,16,16,16,16
510811,0,1,1990,10,10,10,10,10,10,10,10,10,10
510811,1,1,1990,0,0,0,0,0,0,0,0,0,0
510812,1,1,1990,0,0,0,0,0,0,0,0,0,0
510812,2,1,1990,0,0,0,0,0,0,0,0,0,16
510813,1,1,1990,0,0,0,0,0,0,0,0,0,0
510813,2,1,1990,23,23,23,23,23,23,23,23,23,23
510814,1,1,1990,11,11,11,11,11,11,11,11,11,11
510814,2,1,1990,0,0,0,21,0,0,0,8,0,0
510815,1,1,1990,0,0,0,0,0,0,0,0,0,0
510815,2,1,1990,0,0,0,0,0,0,0,0,0,0
510816,1,1,1990,18,34,12,37,12,34,30,43,21,17
510817,0,1,1990,0,0,0,0,0,0,0,0,0,0
510817,1,1,1990,0,0,0,0,0,0,0,0,0,0
510818,1,1,1990,0,0,0,0,0,0,0,0,0,0
510818,2,1,1990,0,0,0,0,0,0,0,0,0,0
510819,0,1,1990,0,0,22,0,0,0,0,0,0,0
510819,0,2,1990,23,26,24,0,19,0,0,12,16,0
510819,0,3,1990,0,0,0,0,0,0,0,0,0,0
510819,0,4,1990,17,0,29,0,22,0,20,20,0,8
510819,1,1,1990,0,0,0,0,0,0,0,16,0,0
510820,1,1,1990,22,22,22,22,22,22,22,22,22,22
510821,1,1,1990,0,0,12,0,0,0,0,0,0,0
510821,2,1,1990,0,0,0,0,0,0,0,0,0,0
510822,1,1,1990,0,0,0,0,0,0,0,0,0,0
510822,2,1,1990,0,0,0,0,0,0,0,0,0,0
510823,1,1,1990,0,0,0,0,0,0,0,0,0,0
510824,1,1,1990,0,0,0,0,0,0,0,0,0,0
510824,2,1,1990,0,0,0,0,0,0,0,0,0,0
510825,1,1,1990,0,0,0,0,0,0,0,0,0,0
510825,2,1,1990,0,0,0,0,0,0,0,0,0,0
510826,1,1,1990,0,0,0,0,0,0,0,0,0,0
510827,1,1,1990,15,15,15,15,15,15,15,15,15,15
510827,2,1,1990,8,8,8,8,8,8,8,8,8,8
510828,1,1,1990,0,0,0,0,0,0,0,0,0,0
510828,2,1,1990,0,0,13,0,0,0,0,0,0,0
510829,1,1,1990,0,0,0,0,0,0,0,0,8,0
510830,1,1,1990,0,0,0,0,0,0,0,0,0,0
510830,2,1,1990,0,0,0,0,0,0,0,0,0,0
510831,0,1,1990,0,0,0,0,0,0,0,0,0,0
510831,1,1,1990,24,21,19,23,29,16,16,19,26,32
510832,1,1,1990,21,21,21,21,21,21,21,21,21,21
510833,1,1,1990,0,0,0,0,0,0,0,0,0,0
510834,1,1,1990,0,0,0,0,0,0,0,0,0,0
510834,2,1,1990,0,0,0,0,0,0,0,0,0,0
510834,3,1,1990,4,9,24,0,0,17,0,0,15,0
510835,0,1,1990,0,0,0,0,0,0,0,0,0,0
510835,1,1,1990,8,12,23,8,16,20,0,9,0,18
510836,0,1,1990,18,18,18,18,18,18,18,18,18,18
510836,1,1,1990,0,0,0,0,0,12,11,0,0,14
510837,0,1,1990,0,0,0,0,0,0,0,0,0,0
510837,1,1,1990,0,0,0,0,0,0,0,0,0,0
510838,1,1,1990,26,16,24,20,31,0,17,11,18,9
510839,0,1,1990,0,0,0,0,0,0,0,0,0,0
510839,0,2,1990,0,0,0,0,0,0,0,0,0,0
510839,1,1,1990,11,27,10,17,22,27,35,30,26,9
510840,1,1,1990,0,0,13,0,0,0,0,0,0,0
510840,2,1,1990,0,0,0,0,0,0,0,0,0,0
510841,1,1,1990,0,0,0,0,0,0,0,0,0,0
510842,0,1,1990,28,28,28,28,28,28,28,28,28,28
510842,1,1,1990,0,0,0,0,0,0,0,0,0,0
510843,1,1,1990,0,0,0,0,0,0,0,0,0,0
510843,2,1,1990,0,0,0,0,0,0,0,0,0,0
510843,3,1,1990,0,0,19,0,0,0,0,3,0,0
510844,0,1,1990,0,0,0,0,0,0,0,0,0,0
510844,0,2,1990,26,28,0,15,36,9,20,5,19,0
510844,1,1,1990,0,0,0,0,0,0,0,5,0,0
510845,1,1,1990,20,20,20,20,20,20,20,20,20,20
510846,0,1,1990,0,0,0,16,0,20,18,0,33,0
510846,1,1,1990,0,0,0,18,0,0,0,0,0,0
510847,1,1,1990,0,0,0,0,0,0,0,0,0,0
510848,1,1,1990,0,0,0,0,0,0,0,0,0,0
510848,2,1,1990,0,0,0,0,0,0,0,0,0,0
510849,1,1,1990,13,13,13,13,13,13,13,13,13,13
510851,1,1,1990,0,0,0,0,0,0,0,0,0,0
510851,2,1,1990,0,0,0,0,0,0,0,0,0,0
510852,0,1,1990,25,25,25,25,25,25,25,25,25,25
510852,1,1,1990,12,21,6,18,11,19,15,15,6,17
510853,0,1,1990,23,14,7,44,14,27,30,4,32,33
510853,1,1,1990,0,0,0,0,0,0,0,0,0,0
510854,1,1,1990,0,0,0,0,0,0,0,0,0,0
510855,1,1,1990,0,0,0,0,0,0,0,0,0,0
510855,2,1,1990,0,6,0,0,0,0,0,0,0,0
510856,1,1,1990,22,11,11,16,24,8,8,23,12,15
510857,1,1,1990,0,15,0,0,0,0,0,0,0,0
510857,2,1,1990,0,0,0,0,0,0,0,0,0,0
510857,3,1,1990,0,0,0,0,0,0,0,0,0,0
510858,1,1,1990,8,15,9,14,0,14,23,9,17,31
510859,1,1,1990,0,0,0,0,0,0,0,0,0,0
510859,2,1,1990,0,0,0,0,0,0,0,0,0,0
510860,0,1,1990,0,0,0,0,0,0,0,0,0,0
510860,1,1,1990,0,0,0,0,0,0,0,0,0,0
510861,1,1,1990,16,8,37,11,22,10,7,10,23,24
510861,2,1,1990,0,0,0,0,0,0,0,0,0,0
510862,1,1,1990,6,7,9,24,13,17,11,18,17,14
510863,1,1,1990,15,15,15,15,15,15,15,15,15,15
510864,1,1,1990,0,0,12,0,0,0,0,0,0,0
510864,2,1,1990,0,0,0,0,0,0,0,0,0,0
510866,1,1,1990,20,20,20,20,20,20,20,20,20,20
510867,1,1,1990,0,0,0,0,0,0,0,0,0,0
510868,1,1,1990,22,22,22,22,22,22,22,22,22,22
510869,1,1,1990,21,21,21,21,21,21,21,21,21,21
510870,1,1,1990,0,0,0,0,0,0,0,0,0,0
510870,2,1,1990,0,0,0,39,0,0,0,0,0,0
510871,1,1,1990,7,20,10,16,27,12,29,35,30,28
510872,1,1,1990,18,18,18,18,18,18,18,18,18,18
510873,1,1,1990,13,13,10,25,17,8,21,8,23,12
510873,2,1,1990,0,0,0,0,0,0,0,0,0,0
510874,1,1,1990,27,9,22,15,25,25,16,19,10,14
510875,1,1,1990,0,0,0,0,0,0,0,0,0,0
510876,1,1,1990,0,0,0,0,0,0,0,0,0,0
510876,2,1,1990,0,0,3,2,0,0,11,27,11,0
510877,0,1,1990,27,30,3,22,0,2,29,21,25,8
510877,1,1,1990,7,0,0,0,0,0,0,3,12,9
510878,1,1,1990,22,22,22,22,22,22,22,22,22,22
510879,1,1,1990,22,26,5,37,18,15,4,14,17,0
510880,1,1,1990,15,21,10,19,19,11,12,5,16,16
510880,2,1,1990,18,14,34,11,8,9,9,12,18,15
510881,0,1,1990,22,22,22,22,22,22,22,22,22,22
510881,1,1,1990,17,10,19,0,6,0,9,14,0,23
510882,1,1,1990,0,0,0,0,0,0,0,0,0,0
510882,2,1,1990,0,0,0,0,0,0,0,0,0,0
510883,1,1,1990,2,2,2,2,2,2,2,2,2,2
510883,2,1,1990,0,0,0,0,0,0,0,0,0,0
510884,1,1,1990,0,0,0,0,0,0,0,0,0,0
510884,2,1,1990,0,0,0,0,0,0,0,0,0,0
510885,1,1,1990,0,0,0,0,0,0,0,15,0,28
510886,1,1,1990,23,23,23,23,23,23,23,23,23,23
510887,1,1,1990,0,0,0,0,0,0,0,0,0,0
510887,2,1,1990,0,0,0,0,0,0,0,0,0,0
510888,1,1,1990,28,12,0,0,7,0,0,0,15,13
510889,0,1,1990,20,20,20,20,20,20,20,20,20,20
510889,1,1,1990,0,0,0,0,0,0,0,0,0,0
510890,1,1,1990,0,0,0,0,0,0,0,0,0,0
510890,2,1,1990,0,0,0,0,0,0,0,0,0,0
510891,1,1,1990,0,0,0,0,0,0,0,0,0,0
510891,2,1,1990,0,0,0,0,0,0,0,0,0,0
510891,3,1,1990,0,0,0,0,0,0,0,0,0,0
510892,1,1,1990,0,12,0,0,0,0,0,0,0,0
510892,2,1,1990,13,13,13,13,13,13,13,13,13,13
510893,1,1,1990,0,0,0,0,0,0,0,0,0,0
510893,2,1,1990,0,0,0,0,0,0,0,0,0,0
510894,1,1,1990,0,0,0,0,0,0,0,0,0,0
510895,1,1,1990,22,22,22,22,22,22,22,22,22,22
510895,2,1,1990,0,13,13,0,0,13,0,0,0,0
510896,1,1,1990,15,15,15,15,15,15,15,15,15,15
510897,0,1,1990,24,24,24,24,24,24,24,24,24,24
510897,1,1,1990,20,0,19,0,5,0,0,0,0,20
510898,1,1,1990,0,0,0,0,0,26,0,0,0,0
510899,1,1,1990,0,0,10,0,0,0,0,0,6,0
510900,1,1,1990,0,0,0,0,0,0,0,0,0,0
510900,2,1,1990,0,0,0,0,0,0,0,0,0,0
510901,0,1,1990,0,0,0,0,0,0,0,0,0,0
510901,1,1,1990,0,8,12,6,0,20,27,0,4,0
510902,1,1,1990,10,10,10,10,10,10,10,10,10,10
510902,2,1,1990,0,10,0,0,4,0,0,0,0,0
510902,3,1,1990,0,0,0,0,0,0,0,0,0,0
510903,1,1,1990,17,17,17,17,17,17,17,17,17,17
510903,2,1,1990,0,0,0,0,0,0,0,0,0,0
510904,1,1,1990,0,0,0,0,0,0,0,0,0,0
510904,2,1,1990,0,0,0,0,0,0,0,0,0,0
510905,1,1,1990,0,0,0,0,0,0,0,0,0,0
510906,1,1,1990,24,24,24,24,24,24,24,24,24,24
510907,1,1,1990,0,0,0,0,0,0,0,0,0,0
510908,1,1,1990,0,7,0,0,0,0,0,0,0,0
510908,2,1,1990,0,0,0,0,0,0,31,0,0,0
510909,1,1,1990,0,0,0,0,0,0,18,0,0,0
510909,2,1,1990,27,0,0,0,0,0,0,0,0,0
510910,1,1,1990,14,12,0,8,11,11,12,0,10,19
510911,1,1,1990,0,0,0,0,0,0,0,0,0,0
510912,0,1,1990,0,0,0,0,0,0,0,0,0,0
510912,1,1,1990,0,0,0,0,0,0,0,0,0,0
510913,0,1,1990,0,0,0,0,0,0,0,0,0,0
510913,1,1,1990,19,28,9,0,2,0,10,0,0,0
510914,1,1,1990,3,3,3,3,3,3,3,3,3,3
510915,1,1,1990,8,0,11,0,0,0,12,0,0,0
510915,2,1,1990,0,0,0,0,0,0,0,0,0,0
510916,1,1,1990,1,1,1,1,1,1,1,1,1,1
510916,2,1,1990,0,0,0,0,0,0,0,0,0,0
510917,1,1,1990,22,22,22,22,22,22,22,22,22,22
510919,1,1,1990,0,0,0,0,0,0,0,0,0,0
510920,1,1,1990,19,19,19,19,19,19,19,19,19,19
510921,1,1,1990,2,2,2,2,2,2,2,2,2,2
510922,1,1,1990,12,12,12,12,12,12,12,12,12,12
510923,1,1,1990,0,0,11,0,0,0,0,0,0,0
510923,2,1,1990,0,0,0,0,0,0,0,30,0,13
510924,1,1,1990,2,2,2,2,2,2,2,2,2,2
510925,1,1,1990,0,0,0,0,0,0,0,0,0,0
510925,2,1,1990,0,0,0,0,0,0,0,0,0,0
510926,1,1,1990,14,15,4,0,17,0,0,11,16,18
510927,0,1,1990,18,18,18,18,18,18,18,18,18,18
510927,1,1,1990,0,0,0,0,0,0,0,0,20,0
510928,1,1,1990,21,21,21,21,21,21,21,21,21,21
510929,1,1,1990,6,6,6,6,6,6,6,6,6,6
510930,1,1,1990,19,19,19,19,19,19,19,19,19,19
510931,1,1,1990,9,9,9,9,9,9,9,9,9,9