ST_CASE,VEH_NO,PER_NO,YEAR,P1,P2,P3,P4,P5,P6,P7,P8,P9,P10
530236,0,1,1990,0,0,0,0,0,0,0,0,0,0
530236,1,1,1990,0,0,0,0,0,0,0,0,0,0
530237,1,1,1990,25,0,20,14,14,33,27,19,22,13
530238,1,1,1990,4,4,4,4,4,4,4,4,4,4
530239,1,1,1990,0,0,0,0,0,0,0,0,0,0
530239,2,1,1990,0,0,0,0,0,0,0,0,0,0
530240,0,1,1990,0,0,0,0,0,0,0,0,0,0
530240,1,1,1990,0,0,0,0,0,0,0,0,0,0
530241,1,1,1990,0,0,0,0,0,0,0,0,0,0
530241,2,1,1990,0,0,0,0,0,0,0,0,0,0
530242,1,1,1990,0,0,0,0,0,0,0,0,0,0
530243,1,1,1990,0,0,0,0,0,0,0,0,0,0
530243,2,1,1990,0,0,0,0,0,0,0,0,0,0
530243,3,1,1990,0,0,0,0,0,0,0,0,0,0
530244,1,1,1990,21,21,21,21,21,21,21,21,21,21
530244,2,1,1990,0,0,0,21,0,0,0,0,0,0
530245,1,1,1990,11,11,11,11,11,11,11,11,11,11
530246,0,1,1990,0,0,0,0,0,0,0,0,0,0
530246,1,1,1990,0,0,0,0,0,0,0,0,0,0
530247,1,1,1990,0,0,0,0,0,0,0,0,0,0
530248,1,1,1990,0,0,0,0,0,0,0,0,0,0
530249,0,1,1990,0,0,0,0,0,0,0,0,0,0
530249,2,1,1990,15,0,0,0,0,0,0,22,0,12
530250,1,1,1990,14,14,14,14,14,14,14,14,14,14
530251,1,1,1990,0,0,0,0,0,0,0,0,0,0
530252,1,1,1990,14,14,14,14,14,14,14,14,14,14
530252,2,1,1990,0,0,0,0,0,0,0,0,0,0
530253,1,1,1990,25,25,25,25,25,25,25,25,25,25
530253,2,1,1990,0,0,0,0,0,0,0,0,0,0
530254,1,1,1990,0,0,0,0,0,0,0,0,0,0
530254,2,1,1990,0,0,0,0,0,0,0,0,0,0
530254,3,1,1990,0,0,0,0,0,0,0,0,0,0
530254,4,1,1990,0,0,0,0,0,0,0,0,0,0
530254,5,1,1990,0,0,0,0,0,0,0,0,0,0
530255,1,1,1990,7,7,7,7,7,7,7,7,7,7
530256,1,1,1990,0,0,0,0,0,0,0,0,0,0
530257,1,1,1990,0,0,0,0,0,0,0,0,0,0
530258,1,1,1990,0,0,0,9,0,0,0,0,0,0
530258,2,1,1990,0,0,0,0,0,0,0,0,0,0
530258,3,1,1990,0,0,0,0,0,0,0,5,0,0
530259,1,1,1990,5,5,5,5,5,5,5,5,5,5
530259,2,1,1990,0,0,0,0,0,0,0,0,0,0
530260,1,1,1990,0,3,0,0,0,0,0,0,0,0
530261,1,1,1990,0,0,0,0,0,0,0,0,0,0
530262,1,1,1990,0,0,0,0,0,0,0,0,0,0
530262,2,1,1990,0,0,0,0,0,0,0,0,0,0
530263,1,1,1990,0,0,0,0,0,0,0,0,0,0
530264,1,1,1990,0,0,0,0,0,0,0,0,0,0
530264,2,1,1990,10,10,10,10,10,10,10,10,10,10
530265,1,1,1990,0,0,0,0,0,0,0,0,0,0
530266,1,1,1990,11,11,11,11,11,11,11,11,11,11
530266,2,1,1990,0,0,0,0,0,0,0,0,0,0
530267,1,1,1990,18,18,18,18,18,18,18,18,18,18
530268,1,1,1990,0,0,0,0,0,0,0,0,0,0
530268,2,1,1990,0,0,0,0,14,0,0,0,9,0
530268,3,1,1990,0,0,0,0,18,0,0,0,0,0
530269,0,1,1990,0,0,0,0,0,0,0,0,0,0
530269,1,1,1990,35,35,35,35,35,35,35,35,35,35
530271,1,1,1990,13,13,13,13,13,13,13,13,13,13
530271,2,1,1990,4,4,4,4,4,4,4,4,4,4
530272,1,1,1990,13,11,12,14,28,16,9,18,37,31
530273,1,1,1990,1,1,1,1,1,1,1,1,1,1
530273,2,1,1990,0,0,0,0,0,0,0,0,0,0
530274,1,1,1990,1,1,1,1,1,1,1,1,1,1
530274,2,1,1990,2,2,2,2,2,2,2,2,2,2
530275,1,1,1990,0,0,0,0,0,0,0,0,0,0
530276,1,1,1990,0,0,0,0,0,0,0,0,0,0
530276,2,1,1990,0,0,0,0,0,0,0,0,0,0
530277,1,1,1990,13,13,13,13,13,13,13,13,13,13
530278,1,1,1990,26,26,26,26,26,26,26,26,26,26
530279,1,1,1990,0,0,0,0,0,0,0,0,0,0
530280,1,1,1990,2,2,2,2,2,2,2,2,2,2
530280,2,1,1990,0,0,0,0,0,0,0,0,0,0
530280,3,1,1990,6,0,0,0,0,0,0,0,0,0
530280,4,1,1990,0,0,0,0,0,0,0,0,0,10
530281,1,1,1990,0,0,0,0,0,0,0,0,0,0
530282,0,1,1990,0,0,0,0,0,0,0,0,0,0
530282,1,1,1990,0,0,0,0,0,0,0,0,0,0
530283,1,1,1990,0,0,0,0,0,0,0,0,0,0
530283,2,1,1990,8,8,8,8,8,8,8,8,8,8
530284,1,1,1990,28,28,28,28,28,28,28,28,28,28
530285,1,1,1990,17,17,17,17,17,17,17,17,17,17
530286,1,1,1990,0,0,0,0,0,0,0,0,0,0
530286,2,1,1990,0,0,0,0,0,0,0,0,0,0
530288,1,1,1990,19,19,19,19,19,19,19,19,19,19
530289,1,1,1990,0,0,0,0,0,0,21,0,0,0
530290,1,1,1990,0,0,0,0,0,7,0,0,0,0
530291,1,1,1990,18,18,18,18,18,18,18,18,18,18
530291,2,1,1990,0,0,0,0,0,0,0,0,0,0
530292,0,1,1990,22,22,22,22,22,22,22,22,22,22
530292,1,1,1990,0,0,0,0,0,0,0,0,0,0
530293,1,1,1990,22,11,14,14,7,20,25,0,20,14
530294,1,1,1990,12,12,12,12,12,12,12,12,12,12
530294,2,1,1990,4,4,4,4,4,4,4,4,4,4
530294,3,1,1990,0,0,0,0,0,0,0,0,0,0
530295,1,1,1990,18,18,18,18,18,18,18,18,18,18
530296,1,1,1990,5,5,5,5,5,5,5,5,5,5
530297,0,1,1990,0,0,0,0,0,0,0,0,0,0
530297,1,1,1990,0,0,0,0,0,0,0,0,0,0
530298,0,1,1990,30,30,30,30,30,30,30,30,30,30
530298,1,1,1990,12,17,0,6,0,0,13,15,12,10
530299,1,1,1990,5,5,5,5,5,5,5,5,5,5
530300,1,1,1990,0,0,0,0,0,0,0,0,0,0
530300,2,1,1990,0,0,0,0,0,0,0,0,0,0
530301,1,1,1990,25,25,25,25,25,25,25,25,25,25
530302,1,1,1990,14,14,14,14,14,14,14,14,14,14
530303,0,1,1990,37,29,25,47,13,18,8,17,24,12
530303,1,1,1990,14,9,7,21,3,15,21,24,10,9
530304,0,1,1990,0,0,0,0,0,0,0,0,0,0
530304,1,1,1990,0,0,5,0,0,0,0,0,0,11
530305,1,1,1990,16,16,16,16,16,16,16,16,16,16
530305,2,1,1990,0,0,0,7,0,0,0,0,0,0
530306,1,1,1990,13,13,13,13,13,13,13,13,13,13
530307,1,1,1990,19,19,19,19,19,19,19,19,19,19
530308,1,1,1990,25,25,25,25,25,25,25,25,25,25
530308,2,1,1990,0,0,0,0,0,0,0,0,0,0
530309,1,1,1990,0,0,0,0,0,0,0,0,0,0
530309,2,1,1990,0,0,0,0,0,0,0,0,0,0
530309,3,1,1990,0,0,0,0,0,0,0,0,0,0
530310,1,1,1990,5,5,5,5,5,5,5,5,5,5
530311,1,1,1990,0,0,0,0,0,0,0,0,0,0
530312,1,1,1990,0,0,0,0,0,0,0,0,0,0
530313,1,1,1990,0,0,0,0,0,0,0,0,0,0
530314,1,1,1990,0,0,0,0,0,0,0,0,0,0
530315,1,1,1990,0,0,0,0,0,0,0,0,0,0
530315,2,1,1990,0,0,0,0,0,0,0,0,0,0
530316,1,1,1990,0,0,0,0,0,0,0,0,0,0
530317,1,1,1990,0,0,0,0,0,0,0,0,0,0
530317,2,1,1990,0,0,0,0,0,0,0,0,0,0
530318,0,1,1990,0,0,0,0,0,0,0,0,0,0
530318,1,1,1990,0,0,0,0,0,0,0,0,0,0
530319,1,1,1990,0,0,0,0,0,0,0,0,0,0
530319,2,1,1990,0,0,0,0,0,0,0,0,0,0
530320,1,1,1990,19,19,19,19,19,19,19,19,19,19
530321,1,1,1990,6,6,6,6,6,6,6,6,6,6
530322,1,1,1990,10,10,10,10,10,10,10,10,10,10
530323,1,1,1990,16,16,16,16,16,16,16,16,16,16
530324,1,1,1990,8,8,8,8,8,8,8,8,8,8
530325,1,1,1990,26,0,0,13,32,0,10,0,0,0
530326,1,1,1990,0,0,0,0,0,0,0,0,0,0
530326,2,1,1990,10,7,11,17,0,7,9,0,0,0
530327,1,1,1990,20,20,20,20,20,20,20,20,20,20
530329,1,1,1990,0,0,0,0,0,0,0,0,0,0
530330,1,1,1990,0,0,0,0,0,0,0,0,0,0
530330,2,1,1990,0,0,0,0,0,0,0,0,0,0
530331,1,1,1990,19,19,19,19,19,19,19,19,19,19
530332,1,1,1990,0,0,0,0,0,0,0,0,0,0
530333,1,1,1990,0,0,0,0,0,0,0,0,0,0
530334,1,1,1990,8,8,8,8,8,8,8,8,8,8
530335,0,1,1990,0,0,0,0,0,0,0,0,0,0
530335,1,1,1990,0,0,0,0,0,0,0,0,0,0
530336,1,1,1990,0,0,0,0,0,0,0,0,0,0
530337,1,1,1990,0,0,0,0,0,0,0,0,0,0
530337,2,1,1990,0,0,0,0,0,0,0,0,0,0
530337,3,1,1990,0,0,0,0,0,0,0,0,0,0
530337,4,1,1990,0,0,0,0,0,0,0,0,0,0
530338,1,1,1990,13,13,13,13,13,13,13,13,13,13
530338,2,1,1990,0,12,8,0,0,0,0,0,0,0
530339,1,1,1990,0,0,0,0,0,0,0,0,0,0
530339,2,1,1990,0,0,0,0,0,0,0,0,0,0
530339,3,1,1990,0,0,0,0,0,0,0,0,0,0
530340,1,1,1990,15,15,15,15,15,15,15,15,15,15
530341,1,1,1990,0,0,0,0,0,0,0,0,0,0
530342,1,1,1990,22,22,22,22,22,22,22,22,22,22
530343,0,1,1990,28,28,28,28,28,28,28,28,28,28
530343,1,1,1990,0,0,0,0,0,0,0,0,0,0
530344,1,1,1990,28,28,28,28,28,28,28,28,28,28
530345,0,1,1990,16,16,16,16,16,16,16,16,16,16
530345,1,1,1990,0,0,0,0,0,0,0,0,0,0
530346,1,1,1990,22,22,22,22,22,22,22,22,22,22
530347,1,1,1990,11,11,11,11,11,11,11,11,11,11
530347,2,1,1990,0,0,0,0,0,0,0,0,0,0
530348,1,1,1990,0,0,0,0,0,0,0,0,0,0
530348,2,1,1990,0,0,0,0,0,0,0,0,0,0
530349,0,1,1990,0,0,0,0,0,0,0,0,0,0
530349,0,2,1990,32,7,31,9,0,32,21,27,0,0
530349,0,3,1990,29,14,24,18,16,14,18,12,11,0
530349,1,1,1990,0,0,0,0,0,0,0,0,0,33
530350,1,1,1990,0,0,0,0,0,0,0,0,0,0
530351,1,1,1990,14,14,14,14,14,14,14,14,14,14
530352,1,1,1990,0,0,0,0,0,0,0,0,0,0
530352,2,1,1990,17,0,0,0,0,0,0,0,0,0
530353,1,1,1990,21,21,21,21,21,21,21,21,21,21
530354,1,1,1990,0,0,0,0,0,0,0,0,0,0
530354,2,1,1990,0,0,0,0,0,0,0,0,0,0
530355,1,1,1990,0,0,0,0,0,0,0,0,0,0
530355,2,1,1990,0,0,0,0,0,0,0,0,0,0
530355,3,1,1990,0,0,0,0,0,0,0,0,0,0
530355,4,1,1990,0,0,0,0,0,0,0,0,0,0
530356,1,1,1990,0,0,0,0,0,0,0,0,0,0
530356,2,1,1990,0,0,0,0,0,0,0,0,0,0
530357,1,1,1990,2,2,2,2,2,2,2,2,2,2
530358,1,1,1990,0,0,7,0,0,0,0,8,0,0
530358,2,1,1990,27,27,27,27,27,27,27,27,27,27
530359,1,1,1990,0,0,0,0,0,0,6,0,0,0
530359,2,1,1990,4,4,4,4,4,4,4,4,4,4
530360,1,1,1990,0,0,0,0,0,0,0,0,0,0
530360,2,1,1990,0,0,0,0,0,0,0,0,0,0
530361,1,1,1990,0,0,0,0,0,0,0,0,0,0
530362,1,1,1990,30,30,30,30,30,30,30,30,30,30
530363,1,1,1990,0,0,0,0,0,0,0,0,0,0
530363,2,1,1990,0,0,0,0,0,0,0,0,0,0
530364,1,1,1990,2,2,2,2,2,2,2,2,2,2
530365,1,1,1990,0,0,19,0,0,0,0,0,0,0
530366,1,1,1990,22,22,22,22,22,22,22,22,22,22
530367,1,1,1990,21,21,21,21,21,21,21,21,21,21
530368,1,1,1990,18,18,18,18,18,18,18,18,18,18
530369,1,1,1990,16,16,16,16,16,16,16,16,16,16
530370,1,1,1990,21,21,21,21,21,21,21,21,21,21
530371,1,1,1990,26,26,26,26,26,26,26,26,26,26
530371,2,1,1990,0,0,0,0,0,0,0,0,0,0
530372,1,1,1990,0,0,0,0,0,0,0,0,0,0
530372,2,1,1990,0,0,0,0,0,0,0,0,0,0
530373,1,1,1990,14,14,14,14,14,14,14,14,14,14
530373,2,1,1990,0,0,0,0,0,0,0,0,0,0
530374,1,1,1990,0,0,0,0,0,0,0,0,0,0
530374,2,1,1990,0,0,23,0,7,0,0,0,7,0
530375,1,1,1990,9,9,9,9,9,9,9,9,9,9
530376,1,1,1990,8,8,8,8,8,8,8,8,8,8
530377,1,1,1990,0,7,0,0,0,0,0,0,0,0
530377,2,1,1990,0,0,0,0,0,0,0,0,0,0
530378,1,1,1990,0,0,0,0,0,0,0,0,0,0
530379,1,1,1990,0,0,0,0,0,0,0,0,0,0
530380,1,1,1990,0,0,0,0,0,0,0,0,0,0
530380,2,1,1990,0,0,0,0,0,0,0,0,0,0
530380,3,1,1990,0,0,0,0,0,0,0,0,10,0
530380,4,1,1990,0,0,0,0,0,0,0,0,0,0
530381,1,1,1990,9,9,9,9,9,9,9,9,9,9
530381,2,1,1990,0,0,0,0,0,0,0,0,0,0
530382,1,1,1990,20,20,20,20,20,20,20,20,20,20
530382,2,1,1990,0,12,17,13,8,13,19,17,21,1
530383,1,1,1990,0,0,0,0,0,0,0,0,0,0
530383,2,1,1990,0,0,0,0,0,0,0,0,0,0
530384,1,1,1990,36,12,6,14,15,7,24,5,1,16
530384,2,1,1990,0,0,0,0,0,0,0,0,0,0
530385,1,1,1990,24,24,24,24,24,24,24,24,24,24
530385,2,1,1990,0,0,0,0,0,0,19,0,0,0
530385,3,1,1990,0,0,0,0,0,0,0,0,0,0
530386,1,1,1990,24,24,24,24,24,24,24,24,24,24
530387,1,1,1990,13,13,13,13,13,13,13,13,13,13
530388,1,1,1990,0,0,0,0,0,0,0,0,0,0
530390,1,1,1990,13,13,13,13,13,13,13,13,13,13
530391,1,1,1990,23,23,23,23,23,23,23,23,23,23
530391,2,1,1990,0,0,0,0,0,0,0,0,0,0
530392,1,1,1990,28,28,28,28,28,28,28,28,28,28
530393,1,1,1990,13,13,13,13,13,13,13,13,13,13
530394,1,1,1990,5,5,5,5,5,5,5,5,5,5
530395,1,1,1990,0,0,0,0,0,0,0,0,0,0
530395,2,1,1990,15,0,0,0,0,0,0,0,19,0
530396,1,1,1990,18,18,18,18,18,18,18,18,18,18
530397,1,1,1990,14,14,14,14,14,14,14,14,14,14
530398,1,1,1990,0,0,0,0,0,0,0,0,0,0
530399,0,1,1990,23,23,23,23,23,23,23,23,23,23
530399,0,2,1990,15,15,15,15,15,15,15,15,15,15
530399,1,1,1990,5,5,5,5,5,5,5,5,5,5
530400,1,1,1990,0,0,0,0,0,0,0,0,0,0
530401,1,1,1990,0,0,0,0,0,0,0,0,0,0
530401,2,1,1990,0,0,0,0,0,0,0,0,0,0
530402,1,1,1990,0,0,0,0,0,0,0,0,0,0
530403,1,1,1990,21,21,21,21,21,21,21,21,21,21
530404,1,1,1990,0,0,0,0,0,0,0,17,0,0
530405,1,1,1990,8,8,8,8,8,8,8,8,8,8
530406,1,1,1990,18,18,18,18,18,18,18,18,18,18
530407,1,1,1990,15,15,15,15,15,15,15,15,15,15
530408,1,1,1990,20,20,20,20,20,20,20,20,20,20
530409,1,1,1990,0,0,0,0,0,0,0,0,0,0
530410,1,1,1990,0,0,0,0,0,0,0,0,0,0
530411,1,1,1990,0,0,0,0,0,0,0,0,0,0
530411,2,1,1990,12,0,0,0,0,0,0,0,0,0
530412,1,1,1990,2,2,2,2,2,2,2,2,2,2
530414,1,1,1990,19,19,19,19,19,19,19,19,19,19
530414,2,1,1990,0,0,0,0,0,0,0,0,0,0
530415,1,1,1990,0,0,0,0,0,0,0,0,0,0
530416,1,1,1990,0,0,0,0,0,0,0,0,0,0
530416,2,1,1990,0,0,0,0,0,0,0,0,0,0
530417,1,1,1990,0,0,0,0,0,0,0,0,0,0
530417,2,1,1990,0,0,0,0,0,0,0,0,0,0
530418,1,1,1990,2,2,2,2,2,2,2,2,2,2
530418,2,1,1990,0,0,0,0,0,0,0,0,0,0
530419,1,1,1990,3,3,3,3,3,3,3,3,3,3
530419,2,1,1990,0,0,0,0,0,0,0,0,0,0
530421,1,1,1990,0,0,0,0,0,0,0,0,0,0
530421,2,1,1990,0,0,0,0,0,0,0,0,0,0
530422,1,1,1990,0,0,0,0,0,0,0,0,0,0
530423,1,1,1990,25,25,25,25,25,25,25,25,25,25
530424,0,1,1990,0,0,0,0,0,0,0,0,0,0
530424,0,2,1990,31,14,6,24,35,15,26,14,0,13
530424,1,1,1990,0,0,0,0,0,0,0,0,0,0
530425,0,1,1990,0,0,0,0,0,0,0,0,0,0
530425,1,1,1990,0,0,0,0,0,0,0,0,0,0
530426,1,1,1990,0,0,0,0,0,0,0,0,0,0
530427,1,1,1990,22,22,22,22,22,22,22,22,22,22
530428,0,1,1990,25,25,25,25,25,25,25,25,25,25
530428,1,1,1990,0,0,0,0,0,0,0,0,0,0
530429,1,1,1990,0,0,0,0,0,0,0,0,0,0
530429,2,1,1990,0,0,13,0,0,0,0,0,0,0
530430,1,1,1990,19,19,19,19,19,19,19,19,19,19
530431,1,1,1990,0,0,0,0,0,0,0,0,0,0
530432,0,1,1990,21,21,21,21,21,21,21,21,21,21
530432,1,1,1990,0,0,0,0,0,0,0,0,0,0
530433,1,1,1990,0,0,0,0,0,0,0,0,0,0
530434,1,1,1990,0,0,0,0,0,0,0,0,0,0
530434,2,1,1990,0,0,0,0,0,0,0,0,0,0
530435,1,1,1990,13,13,13,13,13,13,13,13,13,13
530435,2,1,1990,0,0,0,0,0,0,0,0,0,0
530436,0,1,1990,0,0,0,0,0,0,0,0,0,0
530436,1,1,1990,13,0,0,0,0,0,0,12,0,0
530437,1,1,1990,0,0,0,0,0,0,0,0,0,0
530437,2,1,1990,0,0,0,0,0,0,0,0,0,0
530438,1,1,1990,0,0,0,0,0,0,0,0,0,0
530438,2,1,1990,0,0,0,0,0,0,0,0,0,0
530439,1,1,1990,13,13,13,13,13,13,13,13,13,13
530439,2,1,1990,0,0,0,0,0,0,0,0,0,0
530440,1,1,1990,0,0,0,0,0,0,0,0,0,0
530441,1,1,1990,0,0,0,0,0,0,0,0,0,0
530442,1,1,1990,0,0,0,0,0,0,0,0,0,0
530442,2,1,1990,0,0,0,0,0,0,0,0,0,0
530443,1,1,1990,0,0,0,0,0,0,0,0,0,0
530443,2,1,1990,0,0,24,14,0,0,0,16,0,0
530444,1,1,1990,37,9,12,8,0,23,30,20,16,8
530444,2,1,1990,0,0,0,0,0,0,0,0,0,27
530445,1,1,1990,2,2,2,2,2,2,2,2,2,2
530446,1,1,1990,18,18,18,18,18,18,18,18,18,18
530447,1,1,1990,2,2,2,2,2,2,2,2,2,2
530447,2,1,1990,0,0,0,0,0,0,0,0,0,0
530448,1,1,1990,8,0,28,15,0,4,18,14,25,21
530449,0,1,1990,19,19,19,19,19,19,19,19,19,19
530449,1,1,1990,0,0,0,0,0,0,0,0,0,0
530450,0,1,1990,0,0,0,0,0,0,0,0,0,0
530450,1,1,1990,11,11,11,11,11,11,11,11,11,11
530451,1,1,1990,13,13,13,13,13,13,13,13,13,13
530451,2,1,1990,0,0,0,0,0,0,0,0,0,0
530452,1,1,1990,0,0,0,0,0,0,0,0,0,0
530452,2,1,1990,15,15,15,15,15,15,15,15,15,15
530453,1,1,1990,23,23,23,23,23,23,23,23,23,23
530454,1,1,1990,14,14,14,14,14,14,14,14,14,14
530455,1,1,1990,0,0,0,0,0,0,0,0,0,0
530455,2,1,1990,0,5,0,0,8,17,6,0,0,0
530455,3,1,1990,0,0,0,0,0,0,0,0,0,0
530456,1,1,1990,0,0,0,0,0,0,0,0,0,0
530456,2,1,1990,0,0,0,0,0,0,0,0,0,0
530457,0,1,1990,0,0,0,0,0,0,0,0,0,0
530457,1,1,1990,0,0,0,0,0,0,0,0,0,0
530458,0,1,1990,20,20,20,20,20,20,20,20,20,20
530458,1,1,1990,0,15,0,0,0,0,0,0,0,0
530459,1,1,1990,0,0,0,0,0,0,0,0,0,0
530459,2,1,1990,0,0,0,0,0,0,0,20,0,0
530460,1,1,1990,0,0,0,0,0,0,0,0,0,12
530461,1,1,1990,6,6,6,6,6,6,6,6,6,6
530461,2,1,1990,0,0,0,0,0,0,0,0,0,0
530462,1,1,1990,26,26,26,26,26,26,26,26,26,26
530463,1,1,1990,30,30,30,30,30,30,30,30,30,30
530464,1,1,1990,0,0,0,0,0,0,0,0,0,0
530465,1,1,1990,6,6,6,6,6,6,6,6,6,6
530465,2,1,1990,0,0,0,0,0,0,0,3,0,0
530466,1,1,1990,16,16,16,16,16,16,16,16,16,16
530466,2,1,1990,0,0,0,0,0,0,0,0,0,0
530467,1,1,1990,0,0,0,0,0,0,0,0,0,0
530468,0,1,1990,8,8,8,8,8,8,8,8,8,8
530468,0,2,1990,0,29,0,0,0,0,0,0,13,0
530468,1,1,1990,23,18,12,22,10,0,0,16,15,19
530469,1,1,1990,0,0,0,0,0,0,0,0,0,0
530470,1,1,1990,16,9,38,15,16,6,22,26,7,14
530471,0,1,1990,22,22,22,22,22,22,22,22,22,22
530471,1,1,1990,0,0,0,0,0,0,0,0,0,11
530472,1,1,1990,0,0,0,0,0,0,0,0,0,0
530472,2,1,1990,0,0,0,0,0,0,0,0,0,0
530472,3,1,1990,0,0,0,0,0,0,0,0,0,0
530473,1,1,1990,20,20,20,20,20,20,20,20,20,20
530473,2,1,1990,0,0,0,0,0,0,0,0,0,5
530474,0,1,1990,18,27,12,10,0,0,0,0,10,23
530474,2,1,1990,0,0,0,0,0,0,0,0,0,0
530475,1,1,1990,17,17,17,17,17,17,17,17,17,17
530476,1,1,1990,0,0,0,0,0,0,0,0,0,0
530477,1,1,1990,0,0,0,0,0,0,0,0,0,0
530477,2,1,1990,0,0,0,0,0,0,0,0,0,0
530478,1,1,1990,21,21,21,21,21,21,21,21,21,21
530479,1,1,1990,12,12,12,12,12,12,12,12,12,12
530480,1,1,1990,19,20,0,2,0,0,4,0,15,16
530481,1,1,1990,13,13,13,13,13,13,13,13,13,13
530481,2,1,1990,0,0,0,10,0,0,0,0,22,0
530482,1,1,1990,3,0,0,0,0,0,0,0,0,0
530482,2,1,1990,0,0,0,0,0,0,0,0,0,0
530483,1,1,1990,0,0,0,0,0,0,0,0,0,0
530483,2,1,1990,0,0,0,0,0,0,0,0,0,0
530484,0,1,1990,0,0,0,0,0,0,0,0,0,0
530484,1,1,1990,0,0,0,0,0,0,0,0,0,0
530485,1,1,1990,25,25,25,25,25,25,25,25,25,25
530486,0,1,1990,13,13,13,13,13,13,13,13,13,13
530486,1,1,1990,0,0,0,0,0,0,0,0,0,0
530487,1,1,1990,22,22,22,22,22,22,22,22,22,22
530488,1,1,1990,21,21,21,21,21,21,21,21,21,21
530489,1,1,1990,11,11,11,11,11,11,11,11,11,11
530490,1,1,1990,14,14,14,14,14,14,14,14,14,14
530491,0,1,1990,0,0,0,0,0,0,0,0,0,0
530491,1,1,1990,0,8,0,18,13,0,17,2,12,19
530492,1,1,1990,0,0,0,0,0,0,0,0,0,0
530492,2,1,1990,0,0,0,0,0,0,0,0,0,0
530493,1,1,1990,0,0,0,0,0,0,0,0,0,0
530493,2,1,1990,0,0,0,0,0,0,0,0,0,0
530493,3,1,1990,0,0,0,0,0,0,0,0,0,8
530494,1,1,1990,0,0,0,0,0,0,0,0,0,0
530494,2,1,1990,0,0,0,0,0,0,0,0,0,0
530495,1,1,1990,0,0,0,0,0,0,0,0,0,0
530495,2,1,1990,0,0,0,0,0,0,0,0,0,0
530495,3,1,1990,4,0,0,0,0,0,0,0,0,0
530496,1,1,1990,0,0,0,0,0,0,0,0,0,0
530496,2,1,1990,0,0,0,0,0,0,0,0,0,0
530497,1,1,1990,0,0,0,0,0,0,0,0,0,0
530497,2,1,1990,0,0,0,0,0,0,0,0,0,0
530498,1,1,1990,13,13,13,13,13,13,13,13,13,13
530499,1,1,1990,13,13,13,13,13,13,13,13,13,13
530500,1,1,1990,0,0,0,0,0,0,0,0,0,0
530500,2,1,1990,0,0,0,0,0,0,0,0,0,0
530501,1,1,1990,19,19,19,19,19,19,19,19,19,19
530502,1,1,1990,16,16,16,16,16,16,16,16,16,16
530502,2,1,1990,3,3,3,3,3,3,3,3,3,3
530503,1,1,1990,0,0,0,0,0,0,0,0,0,0
530503,2,1,1990,0,0,0,0,0,0,0,0,0,0
530504,1,1,1990,0,0,0,0,0,0,0,0,0,0
530504,2,1,1990,0,0,0,0,0,0,0,0,0,0
530505,1,1,1990,27,27,27,27,27,27,27,27,27,27
530505,2,1,1990,0,0,0,0,0,0,0,0,0,0
530507,0,1,1990,0,0,0,0,0,0,0,0,0,0
530507,1,1,1990,0,0,0,0,0,0,0,0,0,0
530508,1,1,1990,23,23,23,23,23,23,23,23,23,23
530508,2,1,1990,0,0,0,0,0,0,0,0,0,0
530509,1,1,1990,3,3,3,3,3,3,3,3,3,3
530510,0,1,1990,0,0,0,0,0,0,0,0,0,0
530510,1,1,1990,0,0,0,0,0,0,0,0,0,0
530511,1,1,1990,31,31,31,31,31,31,31,31,31,31
530512,1,1,1990,0,0,0,0,0,0,0,0,0,0
530512,2,1,1990,0,0,0,0,0,0,0,0,0,0
530513,1,1,1990,31,31,31,31,31,31,31,31,31,31
530514,0,1,1990,0,0,0,0,0,0,0,0,0,0
530514,1,1,1990,0,0,0,0,0,0,0,0,0,0
530515,1,1,1990,0,0,0,0,0,0,0,0,0,0
530516,1,1,1990,15,0,0,21,17,0,0,0,0,0
530517,1,1,1990,22,22,22,22,22,22,22,22,22,22
530519,1,1,1990,0,0,0,0,0,0,0,0,0,0
530520,0,1,1990,0,0,0,0,0,0,0,0,0,0
530520,1,1,1990,0,0,0,0,0,0,0,0,0,0
530521,1,1,1990,0,0,0,0,0,0,0,0,0,0
530521,2,1,1990,0,0,0,0,0,0,0,0,0,0
530522,1,1,1990,0,0,0,0,0,0,0,0,0,0
530522,2,1,1990,23,27,11,15,12,12,13,10,10,11
530523,1,1,1990,6,6,6,6,6,6,6,6,6,6
530524,1,1,1990,0,0,0,0,0,0,0,0,0,0
530525,0,1,1990,0,0,0,18,0,0,0,0,0,0
530525,1,1,1990,0,0,0,0,0,0,0,0,0,0
530526,0,1,1990,17,18,25,27,30,14,14,27,24,0
530526,1,1,1990,0,0,0,0,0,0,0,0,0,0
530527,1,1,1990,18,18,18,18,18,18,18,18,18,18
530528,1,1,1990,23,23,23,23,23,23,23,23,23,23
530529,1,1,1990,0,0,0,16,0,0,0,17,0,0
530529,2,1,1990,0,0,9,0,0,0,0,27,0,5
530530,1,1,1990,0,0,0,0,0,0,0,0,0,0