ST_CASE,VEH_NO,PER_NO,YEAR,P1,P2,P3,P4,P5,P6,P7,P8,P9,P10
530530,2,1,1990,0,0,0,0,0,0,0,0,0,0
530531,1,1,1990,15,15,15,15,15,15,15,15,15,15
530532,1,1,1990,0,0,0,0,0,0,0,0,0,0
530533,1,1,1990,0,3,0,0,0,0,0,7,0,0
530533,2,1,1990,27,0,0,0,0,0,0,0,0,13
530534,1,1,1990,0,0,0,0,0,0,0,0,0,0
530535,1,1,1990,0,0,0,0,0,0,0,0,0,0
530535,2,1,1990,0,0,0,0,0,0,0,0,0,0
530536,1,1,1990,0,0,0,0,0,0,0,0,0,0
530537,1,1,1990,25,25,25,25,25,25,25,25,25,25
530537,2,1,1990,0,0,0,0,0,0,0,0,0,0
530538,0,1,1990,11,11,11,11,11,11,11,11,11,11
530538,1,1,1990,0,0,0,0,0,0,0,0,0,0
530539,1,1,1990,13,13,13,13,13,13,13,13,13,13
530540,1,1,1990,14,14,14,14,14,14,14,14,14,14
530541,1,1,1990,16,16,16,16,16,16,16,16,16,16
530542,1,1,1990,0,0,0,0,0,0,0,0,0,0
530543,1,1,1990,3,3,3,3,3,3,3,3,3,3
530544,1,1,1990,0,0,0,0,0,0,0,0,0,0
530544,2,1,1990,0,0,0,0,0,0,0,0,0,2
530545,1,1,1990,22,22,22,22,22,22,22,22,22,22
530546,1,1,1990,2,2,2,2,2,2,2,2,2,2
530546,2,1,1990,0,0,0,0,0,0,0,0,0,0
530547,1,1,1990,26,26,26,26,26,26,26,26,26,26
530548,1,1,1990,20,20,20,20,20,20,20,20,20,20
530549,1,1,1990,0,0,0,0,0,0,0,0,0,0
530549,2,1,1990,0,0,0,0,0,0,0,0,0,0
530550,0,1,1990,0,0,0,0,0,0,0,0,0,0
530550,1,1,1990,0,0,18,0,0,0,0,0,0,0
530551,1,1,1990,21,21,21,21,21,21,21,21,21,21
530552,1,1,1990,0,0,0,0,0,0,0,0,0,0
530552,2,1,1990,0,0,0,0,0,0,0,0,0,0
530553,0,1,1990,0,0,0,0,0,0,0,0,0,0
530553,1,1,1990,0,0,0,0,0,0,0,0,18,0
530554,1,1,1990,0,0,0,0,0,0,0,0,0,0
530554,2,1,1990,0,0,0,0,0,0,0,0,0,0
530555,0,1,1990,0,0,0,0,0,0,0,0,0,0
530555,1,1,1990,0,0,0,0,0,0,0,0,0,0
530556,1,1,1990,19,19,19,19,19,19,19,19,19,19
530556,2,1,1990,0,0,0,0,0,0,0,0,0,0
530557,1,1,1990,21,21,21,21,21,21,21,21,21,21
530557,2,1,1990,0,0,0,0,0,0,0,0,0,0
530558,1,1,1990,0,0,0,0,0,0,0,0,0,0
530559,1,1,1990,0,0,0,0,0,0,0,0,0,0
530559,2,1,1990,0,0,0,0,0,0,0,0,0,0
530559,3,1,1990,0,0,0,0,0,0,0,0,0,0
530560,1,1,1990,22,22,22,22,22,22,22,22,22,22
530560,2,1,1990,0,0,0,0,0,0,0,0,0,0
530561,1,1,1990,0,0,0,0,0,0,0,0,0,0
530561,2,1,1990,0,0,0,0,0,0,0,0,0,0
530562,1,1,1990,23,23,23,23,23,23,23,23,23,23
530563,1,1,1990,0,0,0,0,0,0,0,0,0,0
530563,2,1,1990,0,0,0,0,0,0,0,0,0,0
530564,1,1,1990,0,0,0,0,0,0,0,0,0,0
530564,2,1,1990,0,0,0,0,0,0,0,0,0,0
530564,3,1,1990,0,0,0,0,0,0,0,0,0,0
530564,4,1,1990,0,0,0,0,0,0,0,0,0,15
530565,1,1,1990,81,81,81,81,81,81,81,81,81,81
530566,1,1,1990,27,27,27,27,27,27,27,27,27,27
530566,2,1,1990,0,0,0,0,0,0,0,0,0,0
530567,1,1,1990,22,22,22,22,22,22,22,22,22,22
530568,0,1,1990,0,0,0,0,0,0,0,0,0,0
530568,1,1,1990,0,0,0,0,0,0,0,0,0,0
530569,1,1,1990,17,17,17,17,17,17,17,17,17,17
530569,2,1,1990,0,0,0,0,0,0,0,0,0,0
530570,1,1,1990,3,3,3,3,3,3,3,3,3,3
530570,2,1,1990,0,0,0,0,0,0,0,0,0,0
530570,3,1,1990,0,0,0,0,0,0,10,0,0,5
530571,1,1,1990,22,22,22,22,22,22,22,22,22,22
530572,0,1,1990,0,13,0,0,0,0,0,0,0,0
530572,1,1,1990,29,29,29,29,29,29,29,29,29,29
530573,1,1,1990,14,31,19,17,12,7,19,16,28,19
530574,1,1,1990,0,0,0,0,0,0,0,0,0,0
530574,2,1,1990,0,0,0,0,0,0,0,0,0,0
530574,3,1,1990,0,0,0,0,0,0,0,0,0,0
530574,4,1,1990,0,0,0,0,0,0,0,0,0,0
530574,5,1,1990,0,0,0,0,0,0,0,0,0,0
530574,6,1,1990,0,0,0,0,0,0,0,0,0,0
530575,1,1,1990,17,17,17,17,17,17,17,17,17,17
530576,1,1,1990,0,0,23,0,0,0,0,0,0,0
530577,1,1,1990,22,22,22,22,22,22,22,22,22,22
530578,1,1,1990,0,0,0,0,0,0,0,0,0,0
530579,1,1,1990,0,0,0,0,0,0,0,0,0,0
530580,1,1,1990,0,0,0,0,0,0,0,0,0,0
530581,0,1,1990,0,0,0,0,0,0,0,0,0,0
530581,1,1,1990,0,0,0,0,0,0,0,0,0,0
530582,1,1,1990,0,0,0,0,0,0,0,0,0,0
530582,2,1,1990,0,0,0,0,0,0,0,0,0,0
530583,1,1,1990,8,8,8,8,8,8,8,8,8,8
530583,2,1,1990,0,0,0,0,0,0,0,0,0,0
530584,1,1,1990,23,23,23,23,23,23,23,23,23,23
530585,1,1,1990,0,0,0,0,0,0,0,0,0,0
530585,2,1,1990,0,0,0,0,0,0,0,0,0,0
530586,1,1,1990,2,2,2,2,2,2,2,2,2,2
530587,1,1,1990,0,0,0,0,0,0,0,0,0,0
530587,2,1,1990,0,0,0,11,0,0,0,0,0,0
530588,1,1,1990,1,1,1,1,1,1,1,1,1,1
530588,2,1,1990,0,0,0,0,0,0,0,0,0,0
530588,3,1,1990,2,0,0,0,0,0,25,0,0,0
530588,4,1,1990,0,0,0,0,0,0,0,0,0,0
530589,1,1,1990,0,0,0,0,0,0,0,0,0,0
530589,2,1,1990,25,25,25,25,25,25,25,25,25,25
530590,1,1,1990,22,22,22,22,22,22,22,22,22,22
530591,1,1,1990,3,3,3,3,3,3,3,3,3,3
530592,0,1,1990,13,13,13,13,13,13,13,13,13,13
530592,1,1,1990,0,0,0,0,0,0,0,0,18,0
530593,1,1,1990,22,22,22,22,22,22,22,22,22,22
530593,2,1,1990,0,0,0,0,0,0,0,0,0,0
530594,0,1,1990,0,0,0,0,0,0,0,0,0,0
530594,1,1,1990,0,0,0,0,0,0,0,0,0,0
530595,1,1,1990,18,18,18,18,18,18,18,18,18,18
530596,1,1,1990,0,0,0,0,0,0,0,0,0,0
530596,2,1,1990,0,0,0,0,0,0,0,0,0,0
530597,1,1,1990,0,0,0,0,0,0,0,0,0,0
530597,2,1,1990,0,0,0,0,0,0,0,0,0,0
530598,1,1,1990,2,2,2,2,2,2,2,2,2,2
530599,1,1,1990,0,0,0,0,0,0,0,0,0,0
530599,2,1,1990,0,0,0,0,0,0,0,0,0,0
530600,1,1,1990,21,10,0,0,0,0,0,0,0,11
530601,0,1,1990,0,0,0,0,22,0,0,18,0,0
530601,1,1,1990,0,0,0,0,0,0,0,0,0,0
530602,1,1,1990,17,17,17,17,17,17,17,17,17,17
530603,1,1,1990,0,0,0,0,0,0,0,0,0,0
530603,2,1,1990,0,0,0,0,0,0,0,0,0,0
530603,3,1,1990,0,0,0,0,0,0,0,0,0,0
530604,1,1,1990,11,16,21,0,0,10,0,0,20,30
530604,2,1,1990,0,0,0,0,0,0,0,0,14,0
530605,1,1,1990,26,26,26,26,26,26,26,26,26,26
530606,0,1,1990,4,4,4,4,4,4,4,4,4,4
530606,1,1,1990,0,0,0,0,0,0,0,0,0,0
530607,1,1,1990,0,0,0,0,0,0,0,0,3,0
530607,2,1,1990,0,0,0,0,0,0,0,0,0,0
530608,1,1,1990,23,23,23,23,23,23,23,23,23,23
530609,1,1,1990,8,0,0,0,0,0,0,5,0,0
530610,1,1,1990,14,9,14,19,4,11,21,11,24,18
530610,2,1,1990,0,0,0,0,0,0,0,0,0,0
530611,1,1,1990,25,25,25,25,25,25,25,25,25,25
530611,2,1,1990,0,0,0,0,0,0,0,0,0,0
530612,1,1,1990,12,12,12,12,12,12,12,12,12,12
530612,2,1,1990,0,0,0,0,0,0,0,0,0,0
530613,1,1,1990,0,0,0,0,0,0,0,0,0,0
530613,2,1,1990,0,0,0,0,0,0,0,0,0,0
530614,0,1,1990,0,0,0,0,0,0,0,0,0,0
530614,1,1,1990,0,0,0,0,0,0,0,0,0,0
530615,1,1,1990,19,19,19,19,19,19,19,19,19,19
530616,1,1,1990,0,0,0,0,0,0,0,0,0,0
530617,1,1,1990,24,24,24,24,24,24,24,24,24,24
530618,1,1,1990,0,0,0,0,0,0,0,0,0,0
530618,2,1,1990,0,0,0,0,0,0,0,0,0,0
530619,1,1,1990,25,25,25,25,25,25,25,25,25,25
530619,2,1,1990,0,0,0,0,0,0,0,0,11,0
530620,1,1,1990,0,0,0,0,0,0,0,0,0,0
530621,1,1,1990,21,21,21,21,21,21,21,21,21,21
530622,1,1,1990,3,3,3,3,3,3,3,3,3,3
530623,1,1,1990,17,17,17,17,17,17,17,17,17,17
530624,1,1,1990,0,0,0,0,0,0,0,0,0,0
530624,2,1,1990,38,38,38,38,38,38,38,38,38,38
530625,1,1,1990,10,10,10,10,10,10,10,10,10,10
530626,1,1,1990,24,24,24,24,24,24,24,24,24,24
530628,1,1,1990,0,0,0,0,0,0,0,0,0,0
530628,2,1,1990,0,0,0,0,0,0,0,0,0,12
530629,1,1,1990,18,18,18,18,18,18,18,18,18,18
530630,1,1,1990,0,0,0,0,0,0,0,0,0,0
530631,1,1,1990,0,0,0,0,0,0,0,0,0,0
530632,1,1,1990,13,13,13,13,13,13,13,13,13,13
530633,1,1,1990,0,0,0,0,0,0,0,0,0,0
530634,1,1,1990,12,15,11,24,15,25,26,23,27,28
530635,0,1,1990,0,0,0,0,0,0,0,0,0,0
530635,1,1,1990,0,0,0,0,0,0,0,0,0,0
530636,1,1,1990,22,22,22,22,22,22,22,22,22,22
530636,2,1,1990,0,0,0,0,0,0,0,0,0,0
530637,1,1,1990,0,9,20,11,11,5,8,10,10,7
530638,1,1,1990,21,21,21,21,21,21,21,21,21,21
530638,2,1,1990,0,0,0,0,0,0,0,0,0,0
530638,3,1,1990,0,0,0,0,0,0,0,0,0,0
530639,1,1,1990,12,12,12,12,12,12,12,12,12,12
530639,2,1,1990,0,19,0,0,0,0,0,0,0,0
530640,0,1,1990,23,23,23,23,23,23,23,23,23,23
530640,1,1,1990,0,0,0,0,0,0,0,0,0,0
530641,1,1,1990,16,16,16,16,16,16,16,16,16,16
530642,1,1,1990,5,5,5,5,5,5,5,5,5,5
530642,2,1,1990,0,0,0,0,0,0,0,0,0,6
530643,1,1,1990,12,0,0,0,0,0,0,13,0,12
530643,2,1,1990,0,0,0,0,0,0,0,0,0,0
530644,0,1,1990,0,0,0,0,0,0,0,0,0,0
530644,1,1,1990,0,0,0,0,0,0,0,0,0,0
530645,0,1,1990,22,22,22,22,22,22,22,22,22,22
530645,1,1,1990,0,0,0,0,0,9,0,0,0,0
530646,1,1,1990,12,0,0,0,0,0,0,0,0,0
530646,2,1,1990,0,5,0,0,0,0,0,0,0,0
530646,3,1,1990,9,9,9,9,9,9,9,9,9,9
530647,1,1,1990,0,0,0,0,0,0,0,0,0,0
530647,2,1,1990,0,0,0,0,0,0,0,0,0,0
530648,1,1,1990,0,0,0,0,0,0,0,0,0,0
530649,1,1,1990,0,0,0,0,0,0,0,0,0,0
530649,2,1,1990,0,0,0,0,0,0,0,0,0,0
530650,0,1,1990,0,0,0,0,0,0,0,0,0,0
530650,1,1,1990,0,0,0,5,0,0,0,0,0,0
530651,1,1,1990,18,18,18,18,18,18,18,18,18,18
530651,2,1,1990,0,0,0,0,0,0,0,0,0,0
530652,1,1,1990,0,0,0,0,0,0,0,0,0,0
530652,2,1,1990,0,0,0,0,0,0,0,0,0,0
530653,1,1,1990,0,0,0,0,0,0,0,0,0,0
530654,1,1,1990,0,0,0,0,0,0,0,0,0,0
530654,2,1,1990,0,0,0,0,0,0,0,0,0,0
530654,3,1,1990,0,0,0,0,0,0,0,0,0,0
530654,4,1,1990,0,0,5,0,0,0,0,0,0,0
530655,1,1,1990,17,17,17,17,17,17,17,17,17,17
530655,2,1,1990,0,0,0,0,0,21,0,0,0,0
530656,1,1,1990,22,22,22,22,22,22,22,22,22,22
530657,1,1,1990,0,0,0,0,0,0,0,0,0,0
530658,1,1,1990,10,0,27,33,15,26,18,0,12,11
530659,1,1,1990,18,18,18,18,18,18,18,18,18,18
530660,1,1,1990,0,0,9,0,0,20,12,17,0,15
530661,1,1,1990,3,3,3,3,3,3,3,3,3,3
530662,0,1,1990,5,5,5,5,5,5,5,5,5,5
530662,1,1,1990,0,0,0,0,0,0,0,0,0,0
530663,1,1,1990,15,15,15,15,15,15,15,15,15,15
530663,2,1,1990,17,17,17,17,17,17,17,17,17,17
530664,1,1,1990,12,12,12,12,12,12,12,12,12,12
530665,1,1,1990,21,21,21,21,21,21,21,21,21,21
530666,1,1,1990,0,0,0,0,0,0,0,0,0,0
530666,2,1,1990,0,0,0,0,0,0,0,0,0,0
530667,1,1,1990,12,12,12,12,12,12,12,12,12,12
530668,1,1,1990,0,0,0,0,0,0,0,0,0,0
530668,2,1,1990,0,0,0,0,0,0,0,0,0,0
530669,1,1,1990,9,9,9,9,9,9,9,9,9,9
530669,2,1,1990,0,0,0,0,0,0,0,0,0,0
530670,1,1,1990,20,20,20,20,20,20,20,20,20,20
530670,2,1,1990,11,11,11,11,11,11,11,11,11,11
530671,1,1,1990,29,24,0,13,17,15,21,14,7,24
530671,2,1,1990,0,0,0,0,0,0,0,0,0,0
530672,1,1,1990,0,0,0,0,0,0,0,0,0,0
530672,2,1,1990,0,0,0,0,0,0,0,0,0,0
530673,0,1,1990,24,24,24,24,24,24,24,24,24,24
530673,1,1,1990,10,10,10,10,10,10,10,10,10,10
530674,1,1,1990,26,26,26,26,26,26,26,26,26,26
530675,1,1,1990,21,21,21,21,21,21,21,21,21,21
530677,0,1,1990,0,0,0,0,0,0,0,0,0,0
530677,1,1,1990,0,0,0,0,0,0,0,0,0,0
530678,1,1,1990,0,0,0,0,0,0,0,0,0,0
530679,1,1,1990,0,0,0,0,0,0,0,0,0,0
530679,2,1,1990,0,0,0,0,0,0,0,0,0,0
530680,1,1,1990,0,0,0,0,0,0,0,0,0,0
530680,2,1,1990,2,2,2,2,2,2,2,2,2,2
530680,3,1,1990,0,0,0,0,0,0,0,0,0,0
530681,1,1,1990,15,15,15,15,15,15,15,15,15,15
530682,1,1,1990,21,21,21,21,21,21,21,21,21,21
530682,2,1,1990,0,0,38,0,0,0,8,0,12,28
530683,1,1,1990,0,0,0,0,0,0,0,0,0,0
530683,2,1,1990,0,0,0,0,0,0,0,0,0,0
530684,1,1,1990,26,26,26,26,26,26,26,26,26,26
530686,1,1,1990,31,31,31,31,31,31,31,31,31,31
530686,2,1,1990,0,0,0,0,0,0,0,0,0,0
530687,1,1,1990,17,17,17,17,17,17,17,17,17,17
530687,2,1,1990,0,0,0,0,0,0,0,0,0,0
530688,0,1,1990,0,0,0,0,0,0,0,0,0,0
530688,1,1,1990,0,0,0,0,0,0,0,0,0,0
530689,1,1,1990,0,0,0,0,0,0,0,0,0,0
530689,2,1,1990,0,0,0,0,0,0,0,0,0,0
530690,1,1,1990,0,0,0,0,0,0,0,0,0,0
530691,1,1,1990,21,21,21,21,21,21,21,21,21,21
530692,1,1,1990,14,14,14,14,14,14,14,14,14,14
530693,1,1,1990,5,15,0,0,0,0,0,0,0,0
530694,1,1,1990,17,17,17,17,17,17,17,17,17,17
530694,2,1,1990,0,0,0,0,0,0,0,0,0,0
530695,1,1,1990,8,8,8,8,8,8,8,8,8,8
530696,1,1,1990,12,12,12,12,12,12,12,12,12,12
530697,1,1,1990,20,20,20,20,20,20,20,20,20,20
530698,0,1,1990,0,0,0,0,0,0,0,0,0,0
530698,1,1,1990,0,0,0,0,0,0,0,0,0,0
530699,1,1,1990,18,18,18,18,18,18,18,18,18,18
530700,1,1,1990,0,0,0,0,0,0,0,0,0,0
530700,2,1,1990,12,0,12,0,0,0,0,0,0,0
530701,1,1,1990,0,0,0,0,0,0,0,0,0,0
530701,2,1,1990,0,0,0,0,0,0,0,0,0,0
530702,1,1,1990,4,4,4,4,4,4,4,4,4,4
530702,2,1,1990,0,0,0,0,0,0,0,0,0,0
530702,3,1,1990,0,0,0,0,0,0,0,0,0,0
530702,4,1,1990,0,0,0,0,0,0,0,15,0,0
530703,1,1,1990,0,0,0,0,0,0,0,0,0,0
530703,2,1,1990,19,7,12,0,13,23,11,0,12,12
530706,0,1,1990,24,23,0,0,17,11,0,10,5,6
530706,0,2,1990,9,0,17,19,0,6,0,38,0,0
530706,3,1,1990,0,0,0,0,0,0,0,15,0,0
530707,1,1,1990,0,0,0,0,0,0,0,0,0,0
530707,2,1,1990,0,0,0,0,0,0,0,0,0,0
530708,1,1,1990,0,0,0,0,0,0,0,0,0,0
530708,2,1,1990,21,0,0,0,0,0,0,0,0,0
530709,1,1,1990,21,21,21,21,21,21,21,21,21,21
530710,1,1,1990,24,24,24,24,24,24,24,24,24,24
530711,1,1,1990,22,22,22,22,22,22,22,22,22,22
530712,1,1,1990,13,13,13,13,13,13,13,13,13,13
530713,0,1,1990,0,0,0,0,0,0,0,0,0,0
530713,1,1,1990,0,25,19,0,0,0,0,10,22,22
530714,1,1,1990,0,0,0,0,0,0,0,0,0,0
530715,1,1,1990,0,0,0,0,0,0,0,0,0,0
530715,2,1,1990,0,0,0,0,0,0,0,0,0,0
530716,1,1,1990,0,0,0,0,0,0,0,0,0,0
530716,2,1,1990,0,0,0,0,0,0,0,0,0,0
530717,1,1,1990,18,18,18,18,18,18,18,18,18,18
530718,1,1,1990,20,20,20,20,20,20,20,20,20,20
530719,1,1,1990,0,0,0,0,0,0,0,0,0,0
530719,2,1,1990,0,0,0,0,0,0,0,0,0,0
530720,1,1,1990,0,0,0,0,0,0,0,0,0,0
530720,2,1,1990,0,0,0,0,0,0,0,0,0,0
530721,0,1,1990,0,0,0,0,0,0,0,0,0,0
530721,1,1,1990,0,0,0,0,0,0,0,19,0,0
530722,1,1,1990,0,0,16,0,0,19,0,0,0,0
530722,2,1,1990,24,24,24,24,24,24,24,24,24,24
530723,1,1,1990,0,0,0,0,0,0,0,0,0,0
530724,1,1,1990,0,0,0,0,0,0,0,0,0,0
530724,2,1,1990,0,0,0,0,0,0,0,0,0,0
530725,1,1,1990,0,0,0,0,0,0,0,0,0,0
530725,2,1,1990,0,0,0,0,0,0,0,0,0,0
530726,1,1,1990,0,0,0,0,0,0,0,0,0,0
530727,0,1,1990,0,0,0,0,0,0,0,0,0,0
530727,1,1,1990,0,0,0,0,0,0,0,0,0,0
530728,1,1,1990,0,0,0,0,0,0,0,0,0,0
530728,2,1,1990,0,0,0,0,0,0,0,0,0,0
530729,1,1,1990,25,25,25,25,25,25,25,25,25,25
530730,1,1,1990,0,0,0,0,0,0,0,0,0,0
530730,2,1,1990,0,0,0,0,0,0,0,0,0,0
530731,1,1,1990,12,12,12,12,12,12,12,12,12,12
530731,2,1,1990,11,0,0,0,0,0,0,0,0,0
530732,1,1,1990,0,0,0,0,0,0,0,0,0,0
530732,2,1,1990,0,0,0,0,0,0,0,0,0,0
530733,1,1,1990,31,31,31,31,31,31,31,31,31,31
530734,1,1,1990,15,15,15,15,15,15,15,15,15,15
530736,1,1,1990,0,0,0,0,0,0,0,0,0,0
530736,2,1,1990,0,0,0,0,0,0,0,0,0,0
530737,1,1,1990,0,26,0,0,29,0,0,0,0,0
530738,1,1,1990,0,0,0,0,0,0,0,0,0,0
530738,2,1,1990,0,0,0,0,0,0,0,0,0,0
530740,1,1,1990,0,0,0,0,0,0,0,0,0,0
530740,2,1,1990,0,0,0,0,0,0,0,0,0,0
530741,1,1,1990,9,9,9,9,9,9,9,9,9,9
530742,1,1,1990,0,0,0,0,0,0,0,0,0,0
530742,2,1,1990,24,0,0,3,0,0,11,0,0,0
530743,1,1,1990,0,0,0,0,0,0,0,0,0,0
530743,2,1,1990,13,13,13,13,13,13,13,13,13,13
530744,0,1,1990,13,11,11,0,0,0,0,0,7,0
530744,0,2,1990,31,0,0,0,0,0,26,0,0,0
530744,1,1,1990,11,11,11,11,11,11,11,11,11,11
530746,1,1,1990,0,24,0,21,16,0,21,0,17,8
530747,1,1,1990,17,17,17,17,17,17,17,17,17,17
530747,2,1,1990,0,0,0,0,0,0,16,10,0,0
530748,1,1,1990,0,0,0,0,0,0,6,0,0,0
540001,1,1,1990,8,0,0,0,0,0,0,0,0,0
540001,2,1,1990,0,0,11,0,0,0,0,0,0,0
540002,1,1,1990,3,3,3,3,3,3,3,3,3,3
540003,1,1,1990,0,6,0,0,0,0,0,0,0,16
540004,0,1,1990,0,0,0,0,0,0,0,0,0,0
540004,1,1,1990,0,0,0,0,0,0,0,20,22,0
540005,1,1,1990,0,0,0,0,0,0,0,0,0,0
540005,2,1,1990,0,0,0,0,0,0,0,0,0,0
540005,3,1,1990,0,0,0,0,0,0,0,0,0,0
540005,4,1,1990,0,0,0,0,0,0,0,0,0,0
540005,5,1,1990,0,0,0,0,0,0,0,0,0,0
540005,6,1,1990,0,0,0,0,0,0,0,0,0,0
540005,7,1,1990,7,0,0,0,0,0,0,0,0,0
540005,8,1,1990,0,0,0,0,0,0,0,0,0,0
540005,9,1,1990,0,0,0,0,0,0,0,0,0,0
540005,10,1,1990,0,0,0,0,0,0,0,0,0,0
540006,1,1,1990,0,0,0,0,0,0,0,0,0,0
540006,2,1,1990,0,0,0,0,0,0,0,0,0,0
540007,0,1,1990,0,23,21,17,28,26,26,12,37,26
540007,1,1,1990,0,0,0,0,0,0,0,0,9,0
540008,1,1,1990,0,0,0,0,0,0,0,8,0,0
540009,1,1,1990,30,30,30,30,30,30,30,30,30,30
540010,1,1,1990,0,0,0,0,0,0,0,0,0,0
540010,2,1,1990,0,0,0,0,0,0,0,0,0,0
540011,1,1,1990,0,12,0,0,0,0,0,0,0,0
540012,1,1,1990,0,0,0,0,0,0,0,0,0,0
540012,2,1,1990,23,0,0,0,0,0,0,0,0,0
540012,3,1,1990,19,19,19,19,19,19,19,19,19,19
540013,0,1,1990,23,0,0,0,0,33,0,0,0,0
540014,0,1,1990,0,0,0,0,0,0,0,0,0,0
540014,1,1,1990,0,0,0,0,0,0,0,0,0,0
540015,1,1,1990,0,0,0,0,0,0,0,0,0,0
540015,2,1,1990,0,0,0,0,0,0,0,0,0,0
540016,1,1,1990,0,0,0,0,0,0,0,0,0,0
540017,1,1,1990,21,21,21,21,21,21,21,21,21,21
540018,1,1,1990,0,0,0,0,0,0,0,0,0,0
540019,1,1,1990,0,0,0,0,0,0,0,0,0,0
540020,1,1,1990,20,15,25,14,27,16,7,15,7,19
540021,1,1,1990,0,0,0,0,0,0,0,0,0,0
540022,1,1,1990,0,0,0,0,0,0,0,0,0,0
540023,1,1,1990,0,0,0,0,0,0,0,0,0,0
540023,2,1,1990,0,0,0,0,0,0,0,0,0,0
540024,1,1,1990,0,0,0,0,0,0,0,0,0,0
540024,2,1,1990,8,8,8,8,8,8,8,8,8,8
540025,1,1,1990,0,0,0,0,0,0,0,0,0,0
540026,1,1,1990,0,0,0,0,0,0,0,0,0,0
540026,2,1,1990,2,2,2,2,2,2,2,2,2,2
540027,1,1,1990,9,9,9,9,9,9,9,9,9,9
540028,1,1,1990,0,0,0,0,0,0,0,0,0,0
540029,1,1,1990,0,0,0,0,0,0,0,0,0,0
540030,1,1,1990,24,24,24,24,24,24,24,24,24,24
540031,1,1,1990,0,0,0,0,0,0,0,0,0,0
540032,1,1,1990,0,0,0,0,0,0,0,0,0,0
540032,2,1,1990,0,0,0,0,0,0,0,0,0,0
540033,0,1,1990,0,0,0,0,0,0,0,0,0,0
540033,0,2,1990,0,0,0,0,0,0,0,15,0,0
540033,1,1,1990,0,4,0,0,0,0,0,0,0,0
540033,2,1,1990,0,0,0,0,0,0,0,0,0,0
540034,1,1,1990,0,0,0,14,0,0,0,0,0,0
540035,1,1,1990,0,0,0,0,0,0,0,0,0,0
540035,2,1,1990,0,0,16,0,0,0,0,0,0,0
540036,1,1,1990,20,20,20,20,20,20,20,20,20,20
540037,0,1,1990,0,0,0,0,0,0,0,0,0,0
540037,1,1,1990,0,0,0,0,0,0,0,8,0,0
540038,0,1,1990,32,32,32,32,32,32,32,32,32,32
540038,1,1,1990,0,0,0,0,0,0,0,0,0,0
540039,1,1,1990,0,0,0,0,0,0,0,29,0,0
540039,2,1,1990,0,0,0,0,0,0,0,0,7,0
540040,1,1,1990,24,24,24,24,24,24,24,24,24,24
540041,1,1,1990,13,13,13,13,13,13,13,13,13,13
540042,1,1,1990,20,47,7,23,12,37,13,28,33,14
540043,1,1,1990,0,0,0,0,0,0,0,0,0,0
540043,2,1,1990,0,0,0,0,0,0,0,0,0,0
540043,3,1,1990,0,0,0,0,0,0,0,0,0,0
540044,0,1,1990,0,0,0,0,0,0,0,0,0,0
540044,1,1,1990,0,0,0,0,0,0,0,0,0,0
540045,0,1,1990,0,0,0,0,0,0,0,0,0,0
540045,1,1,1990,0,0,0,0,0,0,0,0,8,0
540046,1,1,1990,0,0,0,0,0,0,0,0,0,0
540047,1,1,1990,0,0,0,0,0,0,0,0,0,6
540047,2,1,1990,0,0,0,0,0,0,0,0,0,0
540048,1,1,1990,10,10,10,10,10,10,10,10,10,10
540048,2,1,1990,20,20,20,20,20,20,20,20,20,20
540049,0,1,1990,27,27,27,27,27,27,27,27,27,27
540049,1,1,1990,0,0,0,0,0,0,0,0,7,0
540050,1,1,1990,0,0,0,0,0,14,0,0,0,0
540051,1,1,1990,0,0,0,0,0,0,0,0,0,0
540052,1,1,1990,0,0,0,0,0,0,0,0,0,0
540052,2,1,1990,21,21,21,21,21,21,21,21,21,21
540053,1,1,1990,27,27,27,27,27,27,27,27,27,27
540054,1,1,1990,12,12,12,12,12,12,12,12,12,12
540054,2,1,1990,0,0,0,0,0,0,0,0,0,0
540055,1,1,1990,19,19,19,19,19,19,19,19,19,19
540056,1,1,1990,19,19,19,19,19,19,19,19,19,19
540057,1,1,1990,23,23,23,23,23,23,23,23,23,23
540058,1,1,1990,0,0,0,0,0,0,0,0,0,0
540058,2,1,1990,0,0,0,0,0,0,0,0,0,0
540059,1,1,1990,0,0,0,0,0,0,0,0,0,0
540059,2,1,1990,0,0,0,0,0,0,0,0,0,0
540059,3,1,1990,0,0,0,0,0,0,0,0,6,0
540059,4,1,1990,0,0,0,0,0,0,0,20,0,0
540060,1,1,1990,0,0,0,0,0,0,0,0,0,0
540060,2,1,1990,0,0,0,0,0,0,0,0,0,0
540061,1,1,1990,0,0,0,0,0,0,0,0,0,0
540061,2,1,1990,0,0,0,0,0,0,0,0,0,0
540062,1,1,1990,0,0,0,0,0,0,0,0,0,0
540063,1,1,1990,0,0,0,0,0,0,0,0,0,0
540063,2,1,1990,0,0,0,0,0,0,0,0,0,0
540064,1,1,1990,20,20,20,20,20,20,20,20,20,20
540065,1,1,1990,25,25,25,25,25,25,25,25,25,25
540066,1,1,1990,0,0,0,0,0,0,0,0,0,0