ST_CASE,VEH_NO,PER_NO,YEAR,P1,P2,P3,P4,P5,P6,P7,P8,P9,P10
540066,2,1,1990,0,0,0,0,0,0,0,0,0,0
540067,1,1,1990,0,0,0,0,0,0,0,0,0,0
540067,2,1,1990,0,0,0,0,0,0,0,0,0,0
540068,1,1,1990,8,8,8,8,8,8,8,8,8,8
540069,1,1,1990,19,19,19,19,19,19,19,19,19,19
540070,1,1,1990,15,15,15,15,15,15,15,15,15,15
540071,1,1,1990,0,0,0,0,0,0,0,0,0,0
540072,0,1,1990,0,0,0,0,0,0,0,0,0,0
540072,1,1,1990,0,0,0,16,0,0,0,0,0,0
540073,1,1,1990,19,19,19,19,19,19,19,19,19,19
540074,1,1,1990,15,15,15,15,15,15,15,15,15,15
540075,1,1,1990,0,0,0,0,0,0,0,0,0,0
540075,2,1,1990,23,23,23,23,23,23,23,23,23,23
540076,1,1,1990,0,0,0,0,0,0,0,0,0,0
540077,1,1,1990,0,0,0,0,0,0,0,0,0,0
540078,1,1,1990,0,0,0,4,0,0,3,0,0,0
540078,2,1,1990,0,0,0,0,0,0,0,11,0,0
540078,3,1,1990,0,0,0,0,0,0,0,0,0,0
540079,1,1,1990,0,0,0,0,0,0,0,0,0,0
540079,2,1,1990,0,0,0,0,0,0,0,0,0,0
540080,1,1,1990,29,29,29,29,29,29,29,29,29,29
540081,1,1,1990,3,5,13,20,14,20,18,9,17,19
540082,1,1,1990,7,7,7,7,7,7,7,7,7,7
540083,1,1,1990,0,0,0,0,0,0,0,0,0,0
540084,1,1,1990,0,0,0,0,0,0,0,0,0,0
540084,2,1,1990,0,0,0,0,0,0,0,0,0,0
540084,3,1,1990,0,0,0,0,0,0,0,0,0,0
540085,1,1,1990,0,0,0,0,0,0,0,0,0,0
540085,2,1,1990,21,21,21,21,21,21,21,21,21,21
540086,1,1,1990,18,18,18,18,18,18,18,18,18,18
540087,1,1,1990,14,14,14,14,14,14,14,14,14,14
540088,0,1,1990,3,3,3,3,3,3,3,3,3,3
540088,0,2,1990,0,13,0,24,20,23,10,21,15,0
540088,1,1,1990,0,0,10,0,0,28,0,16,0,0
540089,1,1,1990,18,18,18,18,18,18,18,18,18,18
540090,1,1,1990,0,0,0,0,0,0,0,0,0,0
540090,2,1,1990,16,16,16,16,16,16,16,16,16,16
540091,1,1,1990,0,0,0,0,0,0,0,0,0,0
540091,2,1,1990,0,0,0,0,0,0,0,0,0,0
540092,1,1,1990,0,0,0,0,0,0,0,0,0,0
540093,1,1,1990,0,0,0,0,0,0,0,0,0,0
540094,1,1,1990,9,8,16,19,28,26,0,11,15,13
540095,1,1,1990,28,15,9,21,17,27,14,13,31,14
540096,1,1,1990,0,0,0,0,0,0,0,0,0,0
540097,1,1,1990,0,0,0,0,0,0,0,0,0,0
540097,2,1,1990,0,0,0,0,0,0,0,0,0,0
540098,1,1,1990,0,0,0,0,0,0,0,0,0,0
540099,1,1,1990,0,0,0,0,0,0,0,0,0,0
540100,1,1,1990,18,18,18,18,18,18,18,18,18,18
540101,1,1,1990,10,0,0,0,0,0,14,0,0,6
540101,2,1,1990,0,0,0,0,0,0,29,0,0,0
540102,0,1,1990,0,10,17,0,11,17,22,0,19,0
540102,1,1,1990,0,0,0,0,16,0,0,0,0,0
540103,1,1,1990,13,13,13,13,13,13,13,13,13,13
540104,1,1,1990,0,0,0,0,0,0,0,0,0,0
540105,1,1,1990,0,0,0,0,0,0,0,0,0,0
540106,1,1,1990,0,0,0,0,0,0,0,0,0,0
540106,2,1,1990,0,0,0,0,0,0,0,0,0,0
540107,1,1,1990,0,0,0,0,0,0,0,0,0,0
540107,2,1,1990,0,0,0,11,0,0,0,0,0,0
540108,1,1,1990,0,0,0,0,0,0,0,0,0,6
540109,1,1,1990,0,0,0,0,0,0,0,0,0,0
540110,1,1,1990,0,7,0,24,0,0,0,17,15,0
540111,1,1,1990,7,7,7,7,7,7,7,7,7,7
540112,0,1,1990,31,8,17,7,11,30,5,23,13,16
540112,1,1,1990,17,0,0,0,0,0,0,0,0,0
540113,1,1,1990,0,0,0,0,0,0,0,0,0,0
540114,1,1,1990,11,11,11,11,11,11,11,11,11,11
540115,1,1,1990,0,0,0,0,0,0,0,0,0,0
540116,1,1,1990,0,0,0,0,0,0,0,0,0,0
540117,1,1,1990,0,23,0,0,0,0,0,0,0,0
540118,1,1,1990,0,13,0,9,0,22,12,19,0,0
540119,1,1,1990,0,0,0,0,0,0,0,12,0,0
540119,2,1,1990,0,0,0,0,0,0,0,0,0,0
540120,0,1,1990,0,0,0,0,0,0,0,0,0,0
540120,1,1,1990,0,0,0,0,0,11,0,0,0,0
540121,1,1,1990,0,0,0,0,0,0,0,0,0,0
540122,1,1,1990,0,0,20,0,0,20,0,0,0,0
540122,2,1,1990,8,0,15,11,0,0,0,8,0,14
540123,1,1,1990,19,19,19,19,19,19,19,19,19,19
540124,1,1,1990,0,0,0,0,0,0,0,0,0,0
540124,2,1,1990,0,0,0,0,0,0,0,0,0,0
540125,1,1,1990,17,17,17,17,17,17,17,17,17,17
540126,1,1,1990,44,44,44,44,44,44,44,44,44,44
540127,1,1,1990,0,0,0,0,0,0,0,0,0,0
540127,2,1,1990,0,0,0,10,0,0,0,0,0,0
540128,1,1,1990,22,22,22,22,22,22,22,22,22,22
540129,1,1,1990,0,0,0,0,0,0,0,0,0,0
540129,2,1,1990,0,0,0,0,0,0,0,0,0,0
540130,1,1,1990,0,0,0,0,0,0,0,0,0,0
540130,2,1,1990,0,0,0,0,0,0,0,0,0,0
540131,1,1,1990,16,16,16,16,16,16,16,16,16,16
540132,1,1,1990,0,0,0,0,0,0,0,0,0,0
540133,1,1,1990,0,0,0,0,0,0,0,0,0,0
540134,1,1,1990,31,31,31,31,31,31,31,31,31,31
540135,1,1,1990,26,26,26,26,26,26,26,26,26,26
540135,2,1,1990,0,0,0,0,0,0,0,0,0,0
540136,1,1,1990,26,26,26,26,26,26,26,26,26,26
540137,1,1,1990,9,9,9,9,9,9,9,9,9,9
540137,2,1,1990,0,0,0,0,0,0,0,0,0,0
540138,1,1,1990,16,16,16,16,16,16,16,16,16,16
540138,2,1,1990,0,0,0,0,0,0,0,0,0,0
540139,1,1,1990,0,0,0,0,0,0,0,0,0,0
540140,1,1,1990,11,11,11,11,11,11,11,11,11,11
540141,1,1,1990,0,0,0,0,0,0,0,0,0,0
540141,2,1,1990,0,0,0,0,0,0,0,0,0,0
540142,1,1,1990,0,0,0,0,0,0,0,0,0,0
540143,1,1,1990,31,31,31,31,31,31,31,31,31,31
540143,2,1,1990,0,0,0,0,0,0,0,0,0,0
540144,1,1,1990,1,1,1,1,1,1,1,1,1,1
540145,1,1,1990,16,0,0,0,0,0,0,0,0,0
540146,0,1,1990,6,6,6,6,6,6,6,6,6,6
540146,1,1,1990,15,15,15,15,15,15,15,15,15,15
540147,1,1,1990,34,34,34,34,34,34,34,34,34,34
540147,2,1,1990,0,0,0,0,0,0,0,0,0,13
540148,0,1,1990,6,6,6,6,6,6,6,6,6,6
540148,1,1,1990,0,0,0,0,0,0,0,0,0,0
540149,1,1,1990,0,0,0,0,0,0,0,16,0,0
540149,2,1,1990,0,0,0,0,0,0,0,0,0,0
540150,1,1,1990,19,37,16,13,24,39,19,25,18,0
540151,1,1,1990,12,12,12,12,12,12,12,12,12,12
540152,1,1,1990,0,0,0,0,0,0,0,0,0,0
540153,1,1,1990,9,9,9,9,9,9,9,9,9,9
540154,1,1,1990,30,30,30,30,30,30,30,30,30,30
540155,0,1,1990,8,8,8,8,8,8,8,8,8,8
540155,0,2,1990,10,10,10,10,10,10,10,10,10,10
540155,1,1,1990,0,0,0,0,0,32,0,0,0,0
540156,1,1,1990,0,0,0,0,0,0,0,0,0,0
540156,2,1,1990,7,7,7,7,7,7,7,7,7,7
540157,1,1,1990,0,0,0,0,0,0,0,0,0,0
540157,2,1,1990,35,22,8,15,8,12,11,27,26,15
540158,1,1,1990,4,4,4,4,4,4,4,4,4,4
540159,1,1,1990,17,17,17,17,17,17,17,17,17,17
540160,1,1,1990,15,15,15,15,15,15,15,15,15,15
540161,1,1,1990,21,32,12,19,25,7,30,15,0,8
540162,0,1,1990,6,6,6,6,6,6,6,6,6,6
540162,1,1,1990,0,0,0,0,0,0,0,0,0,0
540163,1,1,1990,0,0,0,0,0,0,0,0,0,0
540164,1,1,1990,12,10,16,9,6,0,9,6,30,16
540165,1,1,1990,2,2,2,2,2,2,2,2,2,2
540165,2,1,1990,0,0,0,0,0,0,0,0,0,0
540165,3,1,1990,0,0,0,0,4,0,0,0,0,0
540166,1,1,1990,0,16,0,2,0,10,0,18,13,20
540167,1,1,1990,0,0,0,0,0,0,0,0,0,0
540167,2,1,1990,0,0,0,0,0,0,0,0,0,0
540168,1,1,1990,0,0,0,0,0,0,0,24,0,0
540169,1,1,1990,9,9,9,9,9,9,9,9,9,9
540169,2,1,1990,16,16,16,16,16,16,16,16,16,16
540170,0,1,1990,6,6,6,6,6,6,6,6,6,6
540170,1,1,1990,0,15,0,10,0,0,13,0,12,14
540171,1,1,1990,26,26,26,26,26,26,26,26,26,26
540172,1,1,1990,0,0,0,0,0,0,0,0,0,0
540172,2,1,1990,0,0,0,0,0,0,0,0,0,0
540173,1,1,1990,12,0,0,0,3,0,0,8,0,19
540173,2,1,1990,11,11,11,11,11,11,11,11,11,11
540174,1,1,1990,35,35,35,35,35,35,35,35,35,35
540174,2,1,1990,0,0,0,0,0,0,0,15,0,0
540175,1,1,1990,9,9,9,9,9,9,9,9,9,9
540176,1,1,1990,0,0,0,0,0,0,0,0,0,0
540176,2,1,1990,14,14,14,14,14,14,14,14,14,14
540177,1,1,1990,0,0,0,0,0,0,0,0,0,0
540177,2,1,1990,0,0,0,0,0,0,0,0,0,0
540178,1,1,1990,0,0,0,0,0,0,0,0,0,0
540179,1,1,1990,26,26,26,26,26,26,26,26,26,26
540180,1,1,1990,29,29,29,29,29,29,29,29,29,29
540181,0,1,1990,23,23,23,23,23,23,23,23,23,23
540181,1,1,1990,0,0,0,23,0,0,0,0,0,0
540182,1,1,1990,0,25,0,4,22,28,12,18,12,9
540183,1,1,1990,0,0,0,0,0,0,0,0,0,0
540183,2,1,1990,0,0,0,0,0,0,0,0,0,0
540184,1,1,1990,0,0,0,0,0,0,0,0,0,0
540185,1,1,1990,0,0,0,0,0,0,0,0,0,0
540186,1,1,1990,0,0,0,0,22,0,0,0,0,8
540186,2,1,1990,19,19,19,19,19,19,19,19,19,19
540187,1,1,1990,0,0,0,0,0,0,0,0,0,0
540187,2,1,1990,0,0,0,0,0,0,0,0,0,0
540187,3,1,1990,0,0,0,0,0,0,0,0,0,0
540188,1,1,1990,15,15,15,15,15,15,15,15,15,15
540189,1,1,1990,0,0,0,0,0,0,0,0,0,0
540190,1,1,1990,0,0,0,0,0,0,0,0,0,0
540190,2,1,1990,0,0,0,0,0,0,0,0,0,0
540191,1,1,1990,21,21,21,21,21,21,21,21,21,21
540192,1,1,1990,0,0,0,0,0,0,0,0,0,0
540192,2,1,1990,0,0,0,0,0,0,0,0,0,0
540193,1,1,1990,11,11,11,11,11,11,11,11,11,11
540194,1,1,1990,0,0,0,0,0,0,0,0,0,0
540194,2,1,1990,8,0,6,0,0,0,0,0,0,15
540195,1,1,1990,0,0,0,0,0,0,0,0,0,0
540196,1,1,1990,20,20,20,20,20,20,20,20,20,20
540197,1,1,1990,14,14,14,14,14,14,14,14,14,14
540198,1,1,1990,0,0,0,0,0,0,0,0,0,0
540198,2,1,1990,0,0,0,0,9,0,0,0,0,0
540199,1,1,1990,0,0,0,0,0,0,0,0,0,0
540199,2,1,1990,0,0,0,0,0,0,0,0,0,0
540200,1,1,1990,0,0,0,0,0,0,0,0,0,0
540200,2,1,1990,0,0,0,0,0,0,0,0,0,0
540201,1,1,1990,0,0,0,0,0,0,0,0,0,0
540201,2,1,1990,0,0,0,0,0,0,0,0,0,0
540202,1,1,1990,0,0,0,0,0,0,0,0,0,0
540203,1,1,1990,13,30,12,19,13,13,0,25,12,9
540203,2,1,1990,0,0,0,0,0,0,24,0,0,0
540204,1,1,1990,0,0,0,0,0,0,0,0,0,0
540205,1,1,1990,12,12,12,12,12,12,12,12,12,12
540206,1,1,1990,8,8,8,8,8,8,8,8,8,8
540207,1,1,1990,12,17,14,6,20,11,14,19,27,0
540208,1,1,1990,0,0,0,0,0,0,0,0,0,0
540208,2,1,1990,25,25,25,25,25,25,25,25,25,25
540209,1,1,1990,0,0,0,0,0,0,0,0,0,0
540209,2,1,1990,0,0,25,0,0,0,0,0,0,0
540210,1,1,1990,0,0,0,0,0,0,0,0,0,0
540210,2,1,1990,11,11,11,11,11,11,11,11,11,11
540211,1,1,1990,9,9,9,9,9,9,9,9,9,9
540212,1,1,1990,0,0,0,0,0,0,0,0,0,0
540212,2,1,1990,0,0,0,0,13,0,0,0,11,11
540213,1,1,1990,0,0,0,0,0,0,0,0,0,0
540214,1,1,1990,0,0,0,0,0,0,0,0,0,0
540215,1,1,1990,0,0,0,0,0,0,0,0,0,0
540215,2,1,1990,0,0,0,0,0,0,0,0,0,0
540216,1,1,1990,36,36,36,36,36,36,36,36,36,36
540217,1,1,1990,24,24,24,24,24,24,24,24,24,24
540218,0,1,1990,60,60,60,60,60,60,60,60,60,60
540218,1,1,1990,0,0,0,0,0,0,22,0,6,0
540219,1,1,1990,0,0,0,0,0,0,0,0,0,0
540219,2,1,1990,0,0,0,0,0,0,0,0,0,0
540220,1,1,1990,22,22,22,22,22,22,22,22,22,22
540221,1,1,1990,11,11,11,11,11,11,11,11,11,11
540222,1,1,1990,7,0,0,0,0,0,0,0,0,0
540222,2,1,1990,0,15,0,0,0,0,0,0,0,0
540223,1,1,1990,0,0,0,0,0,0,0,0,0,0
540223,2,1,1990,0,0,0,0,0,0,0,0,0,0
540224,1,1,1990,27,27,27,27,27,27,27,27,27,27
540224,2,1,1990,3,3,3,3,3,3,3,3,3,3
540225,1,1,1990,11,11,11,11,11,11,11,11,11,11
540226,1,1,1990,17,17,17,17,17,17,17,17,17,17
540227,1,1,1990,17,17,17,17,17,17,17,17,17,17
540228,1,1,1990,0,0,0,0,0,0,0,0,0,0
540228,2,1,1990,0,0,0,0,0,0,0,0,0,0
540229,1,1,1990,27,0,0,0,0,0,0,0,0,0
540229,2,1,1990,0,0,0,0,0,0,0,0,0,0
540229,3,1,1990,0,0,0,0,0,0,0,0,0,0
540230,1,1,1990,24,24,24,24,24,24,24,24,24,24
540231,1,1,1990,0,0,0,0,0,0,0,0,0,0
540231,2,1,1990,0,0,0,0,0,0,0,0,0,0
540232,1,1,1990,0,0,0,0,0,0,0,0,0,0
540233,1,1,1990,0,0,0,0,0,0,0,0,17,0
540233,2,1,1990,18,18,18,18,18,18,18,18,18,18
540234,1,1,1990,0,0,0,0,0,0,0,0,0,0
540234,2,1,1990,0,0,0,0,0,0,0,0,0,0
540235,1,1,1990,19,19,19,19,19,19,19,19,19,19
540236,1,1,1990,29,29,29,29,29,29,29,29,29,29
540237,1,1,1990,0,0,0,0,0,0,0,0,0,0
540238,0,1,1990,8,8,8,8,8,8,8,8,8,8
540238,1,1,1990,0,0,0,0,0,0,0,0,0,0
540238,2,1,1990,0,0,15,0,0,0,0,5,0,0
540239,1,1,1990,14,16,15,17,18,16,12,28,20,15
540240,1,1,1990,26,26,26,26,26,26,26,26,26,26
540240,2,1,1990,0,0,0,0,0,0,9,0,0,0
540241,1,1,1990,15,15,15,15,15,15,15,15,15,15
540242,1,1,1990,0,0,0,0,0,0,0,0,0,0
540243,0,1,1990,4,4,4,4,4,4,4,4,4,4
540243,1,1,1990,0,0,0,0,0,0,0,0,0,0
540244,1,1,1990,0,0,0,0,0,0,0,0,0,0
540245,0,1,1990,19,19,19,19,19,19,19,19,19,19
540245,1,1,1990,21,21,21,21,21,21,21,21,21,21
540246,1,1,1990,0,0,0,0,0,0,0,0,0,0
540246,2,1,1990,15,0,0,14,0,0,0,0,0,0
540247,1,1,1990,13,13,13,13,13,13,13,13,13,13
540248,1,1,1990,15,15,15,15,15,15,15,15,15,15
540248,2,1,1990,0,0,0,0,0,0,0,0,0,0
540249,1,1,1990,0,0,0,0,0,0,0,0,0,0
540250,1,1,1990,15,15,15,15,15,15,15,15,15,15
540251,1,1,1990,20,20,20,20,20,20,20,20,20,20
540252,1,1,1990,0,0,0,0,0,0,0,0,0,0
540252,2,1,1990,0,0,0,0,0,0,0,0,19,0
540253,1,1,1990,19,19,19,19,19,19,19,19,19,19
540253,2,1,1990,0,0,0,0,0,0,0,0,0,0
540254,1,1,1990,18,18,18,18,18,18,18,18,18,18
540254,2,1,1990,0,0,0,0,0,0,0,0,0,0
540254,3,1,1990,0,0,13,0,0,0,0,0,0,0
540255,0,1,1990,29,29,29,29,29,29,29,29,29,29
540255,1,1,1990,0,15,21,0,0,0,0,0,0,0
540256,1,1,1990,24,24,24,24,24,24,24,24,24,24
540259,0,1,1990,14,14,14,14,14,14,14,14,14,14
540259,1,1,1990,29,0,21,0,0,0,6,0,7,4
540260,1,1,1990,0,0,0,0,0,0,0,0,7,0
540260,2,1,1990,0,0,0,0,0,0,0,0,0,0
540260,3,1,1990,0,0,0,0,0,0,0,0,0,0
540260,4,1,1990,0,0,0,0,0,0,0,0,0,0
540261,1,1,1990,20,27,12,29,13,20,16,14,11,28
540261,2,1,1990,0,0,0,0,0,0,0,0,0,0
540262,1,1,1990,22,0,30,7,8,35,9,23,18,29
540263,1,1,1990,4,4,4,4,4,4,4,4,4,4
540264,1,1,1990,0,0,0,0,0,0,0,0,20,0
540264,2,1,1990,0,0,0,0,0,0,0,0,0,0
540265,1,1,1990,11,11,11,11,11,11,11,11,11,11
540266,1,1,1990,0,0,0,0,0,0,0,0,0,0
540266,2,1,1990,0,0,0,0,0,0,0,0,0,0
540266,3,1,1990,0,0,0,0,0,0,0,0,0,0
540267,0,1,1990,0,0,0,0,0,0,0,0,0,0
540267,1,1,1990,17,17,17,17,17,17,17,17,17,17
540268,1,1,1990,23,23,23,23,23,23,23,23,23,23
540269,1,1,1990,31,13,27,18,33,18,13,24,27,17
540270,1,3,1990,12,12,12,12,12,12,12,12,12,12
540271,1,1,1990,0,0,0,0,0,0,0,0,0,0
540271,2,1,1990,0,0,0,0,0,0,0,0,0,11
540272,1,1,1990,18,15,18,0,0,25,22,19,16,14
540273,1,1,1990,25,25,25,25,25,25,25,25,25,25
540274,1,1,1990,0,0,0,0,0,0,0,0,0,0
540274,2,1,1990,0,0,0,0,0,0,0,0,0,0
540275,1,1,1990,0,0,0,15,0,0,0,0,0,0
540275,2,1,1990,0,0,0,0,0,0,0,0,0,0
540276,1,1,1990,11,11,11,11,11,11,11,11,11,11
540276,2,1,1990,0,0,0,0,0,0,0,0,0,0
540277,1,1,1990,4,0,0,0,0,15,0,6,0,15
540278,1,1,1990,14,14,14,14,14,14,14,14,14,14
540279,1,1,1990,0,0,0,0,0,0,0,0,0,0
540279,2,1,1990,0,0,0,0,0,0,0,0,0,0
540280,1,1,1990,0,30,0,0,38,0,0,0,0,0
540281,1,1,1990,0,0,0,0,0,0,0,0,0,0
540282,1,1,1990,0,0,0,0,0,0,0,0,0,0
540282,2,1,1990,0,0,0,0,0,0,0,0,0,0
540283,1,1,1990,0,0,0,0,0,0,0,0,0,0
540283,2,1,1990,0,0,0,0,0,0,0,11,0,0
540283,3,1,1990,0,0,0,0,0,0,0,0,0,0
540283,4,1,1990,25,0,0,0,0,0,0,0,0,0
540284,1,1,1990,11,0,0,26,15,25,20,12,8,16
540286,1,1,1990,0,0,0,0,0,0,0,0,0,0
540286,2,1,1990,15,15,15,15,15,15,15,15,15,15
540287,0,1,1990,0,0,0,0,0,0,0,0,0,0
540287,1,1,1990,0,0,0,0,0,0,0,0,0,0
540288,1,1,1990,18,18,18,18,18,18,18,18,18,18
540288,2,1,1990,0,0,0,0,0,0,0,0,0,0
540288,3,1,1990,0,22,7,0,21,0,0,36,26,0
540289,1,1,1990,0,0,0,0,0,0,0,0,0,0
540290,1,1,1990,0,0,0,0,0,0,0,0,0,0
540290,2,1,1990,0,0,0,0,0,0,0,0,0,0
540291,1,1,1990,0,0,0,0,0,0,0,0,0,0
540291,2,1,1990,0,0,0,0,0,0,0,0,0,0
540292,1,1,1990,0,0,0,0,0,0,0,0,0,0
540293,1,1,1990,0,0,0,0,0,0,0,0,0,0
540293,2,1,1990,0,0,0,0,0,0,0,0,16,0
540294,1,1,1990,0,0,0,0,0,0,0,0,0,0
540295,1,1,1990,0,0,0,0,0,0,0,0,0,0
540296,1,1,1990,0,0,0,0,0,0,0,0,0,0
540296,2,1,1990,0,0,0,0,0,0,0,0,0,0
540297,1,1,1990,0,0,0,0,0,0,0,0,0,0
540298,0,1,1990,25,25,25,25,25,25,25,25,25,25
540298,1,1,1990,0,0,0,0,0,0,0,0,0,0
540299,1,1,1990,15,23,21,23,19,40,16,43,33,19
540300,1,1,1990,40,40,40,40,40,40,40,40,40,40
540301,1,1,1990,0,0,7,0,0,0,0,0,0,0
540301,2,1,1990,0,0,0,0,0,0,0,0,0,0
540302,1,1,1990,0,0,0,0,0,0,0,0,0,0
540303,0,1,1990,0,0,0,0,0,0,0,0,0,0
540303,1,1,1990,0,0,7,0,0,0,0,0,0,6
540304,1,1,1990,28,28,28,28,28,28,28,28,28,28
540305,1,1,1990,19,19,19,19,19,19,19,19,19,19
540305,2,1,1990,9,9,9,9,9,9,9,9,9,9
540305,3,1,1990,0,0,0,0,0,0,0,0,0,0
540306,1,1,1990,0,0,0,0,0,0,0,0,0,0
540307,1,1,1990,0,0,23,0,0,14,0,0,0,0
540308,1,1,1990,0,0,0,0,0,0,0,0,0,0
540308,2,1,1990,25,25,25,25,25,25,25,25,25,25
540309,1,1,1990,21,8,12,19,7,8,9,29,29,14
540309,2,1,1990,15,15,15,15,15,15,15,15,15,15
540310,1,1,1990,0,0,0,0,0,0,0,0,0,0
540311,1,1,1990,24,24,24,24,24,24,24,24,24,24
540312,1,1,1990,0,0,0,0,0,0,0,0,0,0
540312,2,1,1990,0,0,0,0,0,0,0,0,40,0
540312,3,1,1990,3,3,3,3,3,3,3,3,3,3
540312,4,1,1990,0,0,0,0,0,0,0,0,0,0
540313,1,1,1990,0,21,11,0,0,20,0,0,0,12
540314,1,1,1990,18,0,0,0,0,0,0,0,0,0
540314,2,1,1990,0,0,0,0,0,0,0,0,0,0
540315,1,1,1990,2,2,2,2,2,2,2,2,2,2
540316,1,1,1990,15,15,15,15,15,15,15,15,15,15
540317,0,1,1990,0,0,0,0,0,0,0,0,0,0
540317,1,1,1990,0,0,0,0,0,0,0,0,0,0
540318,1,1,1990,12,12,12,12,12,12,12,12,12,12
540319,0,1,1990,0,0,0,0,0,0,0,0,0,0
540319,1,1,1990,0,0,0,0,0,16,0,0,0,0
540320,1,1,1990,25,25,25,25,25,25,25,25,25,25
540321,1,1,1990,24,24,24,24,24,24,24,24,24,24
540322,1,1,1990,0,0,24,0,0,0,0,0,11,0
540323,1,1,1990,0,0,0,0,0,0,0,0,0,19
540323,2,1,1990,0,0,0,0,0,0,0,0,0,0
540324,1,1,1990,0,0,0,0,0,0,0,0,0,0
540324,2,1,1990,34,34,34,34,34,34,34,34,34,34
540325,1,1,1990,0,0,0,0,0,0,0,0,0,0
540325,2,1,1990,9,0,0,0,0,46,0,0,0,0
540326,1,1,1990,15,0,0,0,0,0,0,3,0,0
540327,0,1,1990,0,0,0,0,0,0,0,0,0,0
540327,1,1,1990,0,0,0,0,0,18,0,0,0,0
540328,1,1,1990,12,12,12,12,12,12,12,12,12,12
540329,1,1,1990,25,25,25,25,25,25,25,25,25,25
540330,1,1,1990,22,22,22,22,22,22,22,22,22,22
540331,1,1,1990,5,5,5,5,5,5,5,5,5,5
540331,2,1,1990,0,0,0,0,0,0,0,0,0,0
540332,1,1,1990,14,14,14,14,14,14,14,14,14,14
540333,1,1,1990,0,0,0,0,0,0,0,0,7,0
540333,2,1,1990,19,19,19,19,19,19,19,19,19,19
540334,1,1,1990,0,0,0,0,0,0,0,0,0,0
540334,2,1,1990,0,0,11,0,0,0,0,0,0,0
540335,1,1,1990,0,0,0,0,0,0,0,0,0,0
540336,1,1,1990,0,0,0,0,0,0,0,0,0,0
540336,2,1,1990,0,0,0,0,0,0,0,0,0,0
540337,1,1,1990,0,0,0,0,0,0,0,0,0,0
540337,2,1,1990,0,0,5,0,0,0,0,0,0,19
540338,1,1,1990,6,6,6,6,6,6,6,6,6,6
540339,1,1,1990,0,0,0,0,0,0,0,0,0,0
540339,2,1,1990,19,19,19,19,19,19,19,19,19,19
540340,1,1,1990,0,0,0,0,0,0,0,0,0,0
540340,2,1,1990,0,0,0,0,0,0,15,0,0,0
540341,1,1,1990,0,0,0,0,0,0,0,0,0,0
540342,1,1,1990,0,0,0,7,0,0,0,0,0,0
540343,1,1,1990,0,0,0,0,0,0,0,0,0,0
540344,1,1,1990,23,23,23,23,23,23,23,23,23,23
540345,1,1,1990,0,0,0,0,0,0,0,0,0,0
540345,2,1,1990,0,0,0,10,0,0,0,0,0,0
540346,1,1,1990,0,0,0,4,0,13,11,0,0,0
540347,1,1,1990,0,0,0,0,0,0,0,0,0,0
540348,1,1,1990,0,0,18,0,0,0,0,0,0,0
540349,1,1,1990,0,0,0,0,0,0,0,0,0,0
540350,1,1,1990,18,18,18,18,18,18,18,18,18,18
540351,0,1,1990,0,0,0,0,0,0,0,0,0,0
540351,0,2,1990,0,0,0,0,0,0,0,0,0,0
540351,1,1,1990,0,0,0,0,0,0,0,0,0,0
540352,1,1,1990,24,24,24,24,24,24,24,24,24,24
540353,0,2,1990,0,0,0,0,16,0,25,0,21,0
540353,0,3,1990,0,0,0,0,18,0,0,0,0,21
540353,0,4,1990,0,3,0,29,9,34,0,0,0,25
540353,1,1,1990,0,0,11,4,16,5,0,0,0,0
540354,1,1,1990,0,0,0,0,0,0,0,0,0,0
540354,2,1,1990,22,22,22,22,22,22,22,22,22,22
540355,1,1,1990,0,0,0,0,0,17,0,11,0,2
540355,2,1,1990,0,0,0,0,0,0,0,0,0,0
540356,1,1,1990,0,0,0,0,0,0,0,0,0,0
540357,1,1,1990,0,0,0,0,0,0,0,0,0,0
540358,1,1,1990,15,15,15,15,15,15,15,15,15,15
540359,1,1,1990,0,0,0,0,0,0,0,0,0,0
540360,1,1,1990,0,0,0,0,0,0,0,0,0,0
540360,2,1,1990,0,0,0,0,0,0,0,0,0,0
540360,3,1,1990,0,0,0,0,0,0,0,0,0,0
540361,1,1,1990,16,16,16,16,16,16,16,16,16,16
540362,1,1,1990,0,0,0,0,0,0,0,0,0,0
540363,1,1,1990,0,0,0,0,23,0,0,19,0,0
540363,2,1,1990,0,0,0,0,0,0,0,0,0,0
540364,1,1,1990,20,20,20,20,20,20,20,20,20,20
540365,1,1,1990,10,10,10,10,10,10,10,10,10,10
540366,1,1,1990,0,0,0,0,0,0,0,0,0,0
540367,0,1,1990,0,0,0,0,0,0,0,0,0,0
540367,0,2,1990,0,0,0,0,0,0,0,0,0,0
540367,1,1,1990,0,0,0,0,0,0,0,0,0,0
540368,0,1,1990,14,14,14,14,14,14,14,14,14,14
540368,1,1,1990,0,0,0,0,0,0,0,0,0,0