ST_CASE,VEH_NO,PER_NO,YEAR,P1,P2,P3,P4,P5,P6,P7,P8,P9,P10
540369,1,1,1990,0,0,0,0,0,0,0,0,0,0
540369,2,1,1990,0,0,0,0,0,0,0,0,0,0
540370,0,1,1990,0,0,0,0,0,0,0,0,0,0
540370,1,1,1990,21,0,29,22,0,18,0,0,0,0
540371,1,1,1990,0,0,0,0,0,0,0,0,0,0
540372,1,1,1990,3,3,3,3,3,3,3,3,3,3
540373,1,1,1990,0,0,0,0,0,0,0,0,0,0
540374,1,1,1990,0,0,0,0,0,0,0,0,0,0
540374,2,1,1990,24,24,24,24,24,24,24,24,24,24
540374,3,1,1990,0,0,0,0,0,13,10,0,0,0
540375,0,1,1990,0,0,0,0,0,0,0,0,0,0
540375,1,1,1990,0,0,0,0,0,0,0,0,0,0
540376,1,1,1990,18,26,27,21,19,0,20,22,0,15
540377,1,1,1990,0,0,0,0,0,0,0,0,0,0
540377,2,1,1990,0,0,0,0,0,0,0,0,0,0
540378,1,1,1990,23,23,23,23,23,23,23,23,23,23
540379,1,1,1990,0,0,0,0,0,0,0,0,0,0
540379,2,1,1990,0,0,0,0,0,0,0,0,0,0
540380,1,1,1990,0,0,0,0,0,0,0,0,0,0
540380,2,1,1990,0,0,0,0,0,0,0,0,0,0
540381,1,1,1990,0,0,0,0,0,0,0,0,0,0
540381,2,1,1990,0,0,0,0,0,0,0,0,0,0
540382,1,1,1990,13,13,13,13,13,13,13,13,13,13
540383,1,1,1990,23,23,23,23,23,23,23,23,23,23
540384,1,1,1990,0,0,0,0,0,0,0,0,0,0
540385,1,1,1990,20,20,10,10,23,0,13,7,19,12
540385,2,1,1990,0,0,0,0,0,0,0,0,0,0
540386,1,1,1990,17,17,17,17,17,17,17,17,17,17
540387,1,1,1990,0,0,0,0,0,0,0,0,0,0
540387,2,1,1990,0,0,0,0,0,0,0,0,0,0
540388,1,1,1990,30,30,30,30,30,30,30,30,30,30
540389,1,1,1990,10,10,10,10,10,10,10,10,10,10
540390,1,1,1990,0,0,0,0,0,0,0,0,0,0
540390,2,1,1990,0,0,0,0,0,0,0,0,0,0
540391,1,1,1990,0,0,0,0,0,0,0,0,0,0
540391,2,1,1990,0,0,0,0,0,0,0,0,0,0
540392,1,1,1990,19,19,19,19,19,19,19,19,19,19
540392,2,1,1990,0,0,0,0,0,0,0,0,0,0
540393,1,1,1990,14,14,14,14,14,14,14,14,14,14
540394,1,1,1990,0,0,0,0,0,0,0,0,0,0
540394,2,1,1990,0,0,0,0,0,0,0,0,0,0
540395,1,1,1990,14,14,14,14,14,14,14,14,14,14
540396,1,1,1990,0,0,0,0,0,0,0,0,0,0
540396,2,1,1990,0,0,0,0,0,0,0,0,0,0
540397,1,1,1990,0,0,0,0,0,0,0,0,0,0
540397,2,1,1990,0,0,0,0,0,0,0,0,0,0
540398,1,1,1990,31,19,20,21,16,15,17,24,13,18
540398,2,1,1990,0,0,0,0,0,0,0,0,0,0
540399,1,1,1990,0,0,0,0,0,0,0,0,0,0
540399,2,1,1990,0,0,0,0,0,0,0,0,0,0
540399,3,1,1990,0,0,0,0,0,0,0,0,0,0
540399,4,1,1990,0,0,0,0,0,0,0,0,0,0
540399,5,1,1990,12,16,0,0,0,22,0,0,0,0
540400,1,1,1990,0,0,0,0,0,0,0,0,0,27
540400,2,1,1990,23,23,23,23,23,23,23,23,23,23
540400,3,1,1990,0,0,0,0,0,0,0,0,0,0
540400,4,1,1990,0,0,0,0,0,0,0,0,0,0
540401,1,1,1990,9,9,9,9,9,9,9,9,9,9
540401,2,1,1990,0,0,0,0,0,0,0,0,0,0
540401,3,1,1990,0,0,0,0,0,0,0,0,0,0
540402,1,1,1990,30,30,30,30,30,30,30,30,30,30
540403,1,1,1990,0,29,17,0,0,0,0,0,30,0
540404,1,1,1990,0,0,0,0,0,0,0,0,0,0
540405,1,1,1990,0,0,0,0,0,0,0,0,0,0
540405,2,1,1990,0,0,0,0,0,0,0,0,0,0
540406,1,1,1990,0,0,0,0,0,0,0,0,0,0
540406,2,1,1990,0,0,0,0,0,0,0,0,0,0
540407,1,1,1990,15,15,15,15,15,15,15,15,15,15
540408,1,1,1990,12,12,12,12,12,12,12,12,12,12
540409,1,1,1990,19,19,19,19,19,19,19,19,19,19
540410,1,1,1990,0,0,0,0,0,0,0,0,0,0
550001,1,1,1990,24,18,7,0,0,30,24,27,19,15
550002,1,1,1990,17,17,17,17,17,17,17,17,17,17
550003,1,1,1990,0,0,0,0,0,0,0,0,0,0
550003,2,1,1990,16,16,16,16,16,16,16,16,16,16
550004,0,1,1990,0,0,0,0,0,0,0,0,0,0
550004,1,1,1990,0,20,0,0,0,9,16,0,0,0
550005,1,1,1990,0,0,0,0,0,0,0,0,0,0
550006,0,1,1990,0,0,0,0,0,0,0,0,0,0
550006,1,1,1990,0,0,7,9,17,12,0,0,0,0
550007,1,1,1990,0,0,0,0,0,0,0,0,0,0
550007,2,1,1990,0,0,0,0,0,0,0,0,0,0
550008,1,1,1990,0,0,0,14,21,0,0,20,0,0
550008,2,1,1990,35,35,35,35,35,35,35,35,35,35
550009,1,6,1990,11,11,11,11,11,11,11,11,11,11
550010,1,1,1990,13,13,13,13,13,13,13,13,13,13
550011,1,1,1990,21,21,21,21,21,21,21,21,21,21
550012,1,1,1990,0,0,0,0,0,0,0,0,0,0
550012,2,1,1990,0,0,0,0,0,0,0,0,0,0
550013,1,1,1990,0,0,0,0,0,0,0,0,0,0
550013,2,1,1990,0,0,0,0,0,0,0,0,0,0
550013,3,1,1990,0,0,0,0,0,0,0,0,0,0
550014,1,1,1990,0,0,0,0,0,0,0,0,0,0
550015,0,1,1990,0,0,0,0,0,0,0,0,0,0
550015,1,1,1990,0,0,0,0,0,0,0,0,0,0
550016,1,1,1990,0,0,0,0,0,0,0,0,0,0
550016,2,1,1990,0,0,0,0,0,0,0,0,0,0
550017,0,1,1990,0,0,0,0,0,0,0,0,0,0
550017,1,1,1990,17,0,0,0,0,0,0,16,0,0
550018,1,1,1990,0,0,0,0,0,0,0,0,0,0
550019,1,1,1990,0,0,0,0,0,0,0,0,0,0
550019,2,1,1990,0,0,0,0,0,0,0,0,0,0
550019,3,1,1990,0,0,0,0,0,0,0,0,0,0
550019,4,1,1990,0,0,0,0,0,0,0,0,0,0
550020,1,1,1990,0,0,0,0,0,0,0,0,0,0
550021,1,1,1990,0,0,0,0,0,0,0,0,0,0
550021,2,1,1990,0,0,12,0,0,3,0,0,0,0
550022,0,1,1990,0,0,0,0,0,0,0,0,0,0
550022,1,1,1990,0,0,0,0,0,0,0,0,0,0
550023,1,1,1990,0,0,0,0,0,0,0,0,28,0
550023,2,1,1990,0,0,0,0,4,0,0,0,0,0
550024,1,1,1990,0,0,0,0,0,0,0,0,0,0
550024,2,1,1990,0,0,0,0,0,0,0,0,0,0
550025,1,1,1990,0,0,0,0,11,0,0,0,0,0
550025,2,2,1990,0,0,0,0,0,0,0,0,0,0
550026,1,1,1990,17,17,17,17,17,17,17,17,17,17
550027,1,1,1990,0,0,0,0,0,0,0,0,0,0
550027,2,1,1990,0,0,0,0,0,0,0,0,0,0
550028,1,1,1990,0,0,0,0,0,0,0,0,0,0
550028,2,1,1990,0,0,0,0,0,0,0,0,0,0
550029,0,1,1990,0,0,0,0,0,0,0,0,0,0
550029,1,1,1990,0,11,2,20,0,17,6,0,0,26
550030,1,1,1990,15,15,15,15,15,15,15,15,15,15
550031,1,1,1990,0,0,0,0,0,0,0,0,0,12
550031,2,1,1990,0,0,0,0,0,0,0,0,0,0
550032,1,1,1990,13,3,0,11,0,11,8,0,0,19
550033,1,1,1990,0,0,0,0,0,0,0,0,0,0
550034,1,1,1990,19,19,19,19,19,19,19,19,19,19
550035,1,1,1990,14,14,14,14,14,14,14,14,14,14
550036,1,1,1990,0,0,0,0,0,0,0,0,0,0
550036,2,1,1990,0,0,0,21,0,24,0,13,0,0
550037,1,1,1990,0,0,0,0,0,0,0,0,0,0
550037,2,1,1990,26,26,26,26,26,26,26,26,26,26
550038,1,1,1990,0,0,0,0,0,0,0,0,0,0
550039,1,1,1990,0,0,0,0,0,0,0,0,0,0
550039,2,1,1990,0,0,0,0,0,0,0,0,0,0
550040,1,1,1990,0,0,0,0,0,0,0,0,0,0
550040,2,1,1990,0,0,0,0,0,0,0,0,0,0
550041,1,1,1990,0,0,0,0,0,0,0,0,0,0
550041,2,1,1990,0,0,0,0,0,0,0,0,0,0
550042,1,1,1990,0,0,0,0,0,0,0,0,0,0
550042,2,1,1990,0,0,0,0,0,0,24,0,0,0
550043,0,1,1990,0,0,0,0,0,0,0,0,0,0
550043,0,2,1990,0,0,0,0,0,23,0,0,0,0
550043,1,1,1990,0,0,0,0,0,0,0,0,0,0
550044,1,1,1990,0,0,0,0,0,0,0,0,0,0
550044,2,1,1990,0,0,0,0,0,0,0,0,0,0
550045,1,1,1990,22,22,22,22,22,22,22,22,22,22
550045,2,1,1990,0,0,0,0,0,0,0,10,0,0
550046,1,1,1990,22,22,22,22,22,22,22,22,22,22
550046,2,1,1990,0,0,0,0,0,0,0,0,0,0
550046,3,1,1990,0,0,0,0,0,0,0,0,0,0
550047,1,1,1990,0,0,0,0,0,0,0,0,0,0
550047,2,1,1990,0,0,0,0,0,0,0,0,0,0
550048,1,1,1990,0,0,0,0,0,0,0,0,0,0
550049,1,1,1990,0,0,0,0,0,0,0,0,0,0
550049,2,1,1990,0,0,0,0,0,0,0,0,0,0
550050,1,1,1990,0,0,0,0,0,0,0,0,0,0
550050,2,1,1990,0,0,0,0,0,0,0,0,0,0
550051,1,1,1990,0,0,0,0,0,0,0,0,0,0
550051,2,1,1990,0,12,7,0,18,0,7,0,0,0
550052,1,1,1990,0,0,0,0,0,0,0,0,0,0
550052,2,1,1990,0,0,0,0,0,0,0,0,0,0
550052,3,1,1990,0,0,0,0,0,0,0,0,0,0
550053,0,1,1990,0,0,0,0,0,0,0,0,0,0
550053,1,1,1990,1,1,1,1,1,1,1,1,1,1
550054,1,1,1990,0,0,0,0,0,0,0,0,0,0
550054,2,1,1990,0,0,0,0,0,0,0,0,0,0
550055,1,1,1990,0,0,0,0,0,0,0,0,0,0
550055,2,1,1990,11,11,11,11,11,11,11,11,11,11
550056,1,1,1990,23,23,23,23,23,23,23,23,23,23
550056,2,1,1990,0,0,0,0,0,0,0,0,0,0
550057,1,1,1990,0,0,0,0,0,0,0,0,0,0
550057,2,1,1990,25,25,25,25,25,25,25,25,25,25
550058,1,1,1990,0,0,0,0,0,0,0,0,0,0
550059,0,1,1990,28,0,50,0,36,0,0,17,13,47
550059,1,1,1990,21,21,21,21,21,21,21,21,21,21
550060,1,1,1990,0,0,0,0,15,0,0,0,0,0
550061,0,1,1990,0,0,0,0,0,0,0,0,0,0
550061,1,1,1990,0,0,0,0,0,0,0,0,0,0
550062,1,1,1990,0,0,0,0,0,0,0,0,0,0
550062,2,1,1990,0,0,0,0,0,0,0,0,0,0
550063,1,1,1990,0,0,0,0,0,0,0,0,0,0
550063,2,1,1990,0,0,0,0,0,0,0,0,0,0
550064,1,1,1990,15,15,15,15,15,15,15,15,15,15
550065,1,1,1990,0,0,0,0,0,0,0,0,0,0
550065,2,1,1990,0,0,0,0,0,0,0,0,0,0
550066,1,1,1990,2,2,2,2,2,2,2,2,2,2
550066,2,1,1990,0,0,11,0,9,0,7,0,0,0
550067,1,1,1990,17,19,35,35,31,23,15,12,27,3
550068,1,1,1990,15,15,15,15,15,15,15,15,15,15
550068,2,1,1990,0,0,0,0,0,0,0,0,0,0
550069,1,1,1990,0,0,0,0,19,0,0,0,0,0
550070,1,1,1990,0,0,0,0,0,0,0,0,0,0
550070,2,1,1990,0,0,0,0,0,0,0,0,0,0
550071,1,1,1990,13,13,13,13,13,13,13,13,13,13
550072,1,1,1990,16,16,16,16,16,16,16,16,16,16
550073,1,1,1990,0,0,0,0,0,0,0,0,0,0
550073,2,1,1990,0,0,0,0,0,0,0,0,0,0
550074,0,1,1990,0,0,0,0,0,0,0,0,0,0
550074,1,1,1990,0,0,0,0,0,0,0,0,0,0
550075,1,1,1990,0,0,0,0,0,0,0,0,0,0
550076,1,1,1990,0,0,0,0,0,0,0,0,0,0
550076,2,1,1990,0,0,0,0,0,0,0,19,0,0
550077,1,1,1990,8,8,8,8,8,8,8,8,8,8
550077,2,1,1990,20,20,20,20,20,20,20,20,20,20
550078,0,1,1990,0,0,0,0,0,0,0,0,0,0
550078,1,1,1990,0,0,0,7,0,0,0,0,0,0
550079,1,1,1990,0,0,0,0,0,0,0,0,0,0
550079,2,1,1990,0,0,0,0,0,0,0,0,0,0
550080,1,1,1990,0,0,0,0,0,0,0,0,0,0
550080,2,1,1990,16,16,16,16,16,16,16,16,16,16
550081,0,1,1990,0,0,0,0,0,0,0,0,0,0
550081,1,1,1990,0,0,0,0,0,0,0,0,0,0
550082,1,1,1990,20,20,20,20,20,20,20,20,20,20
550082,2,1,1990,0,0,0,0,0,0,0,0,0,0
550083,1,1,1990,5,5,5,5,5,5,5,5,5,5
550084,1,1,1990,0,0,0,0,0,0,0,0,0,0
550084,2,1,1990,0,0,0,0,0,0,0,0,0,0
550085,0,1,1990,0,0,0,0,0,0,0,0,0,0
550085,1,1,1990,0,0,0,0,0,0,0,0,0,0
550086,1,1,1990,0,0,0,0,0,0,0,0,0,0
550086,2,1,1990,1,1,1,1,1,1,1,1,1,1
550087,1,1,1990,29,29,29,29,29,29,29,29,29,29
550088,1,1,1990,28,28,28,28,28,28,28,28,28,28
550088,2,1,1990,0,0,0,0,0,0,0,0,0,0
550089,1,1,1990,0,0,0,0,0,0,0,0,0,0
550089,2,1,1990,0,0,0,0,0,0,0,0,0,0
550090,0,1,1990,0,0,0,0,0,0,0,0,0,0
550090,1,1,1990,16,16,16,16,16,16,16,16,16,16
550091,1,1,1990,21,21,21,21,21,21,21,21,21,21
550092,1,1,1990,18,18,18,18,18,18,18,18,18,18
550093,1,1,1990,17,17,17,17,17,17,17,17,17,17
550093,2,1,1990,0,0,0,0,0,0,0,0,0,0
550094,1,1,1990,0,19,0,3,0,0,0,31,16,0
550094,2,2,1990,0,0,0,0,0,0,0,0,0,0
550096,1,1,1990,0,0,0,8,0,0,0,0,0,0
550096,2,1,1990,0,0,0,0,0,0,0,0,0,0
550096,3,1,1990,0,0,0,0,0,0,14,0,0,0
550097,1,1,1990,48,48,48,48,48,48,48,48,48,48
550098,0,1,1990,0,0,0,0,0,0,0,0,0,0
550098,1,1,1990,6,14,7,15,7,6,13,18,16,10
550099,1,1,1990,28,14,14,16,33,20,10,19,27,30
550100,1,1,1990,16,16,16,16,16,16,16,16,16,16
550100,2,1,1990,2,2,2,2,2,2,2,2,2,2
550101,1,1,1990,0,0,0,0,0,0,0,0,0,0
550101,2,1,1990,0,0,0,0,0,0,0,0,0,0
550102,1,1,1990,12,12,12,12,12,12,12,12,12,12
550103,1,1,1990,28,28,28,28,28,28,28,28,28,28
550104,1,1,1990,0,0,0,0,0,0,0,0,0,0
550105,1,1,1990,0,0,0,0,0,0,0,0,0,0
550105,2,1,1990,0,0,0,0,0,0,0,0,0,0
550106,1,1,1990,5,5,5,5,5,5,5,5,5,5
550106,2,1,1990,0,0,0,0,0,0,0,0,10,0
550106,3,1,1990,0,0,0,0,0,0,0,14,0,0
550107,1,1,1990,5,5,5,5,5,5,5,5,5,5
550107,2,1,1990,19,19,19,19,19,19,19,19,19,19
550108,1,1,1990,0,0,0,0,0,0,0,0,0,0
550108,2,1,1990,0,0,0,0,0,0,0,0,0,0
550109,1,1,1990,0,0,0,0,0,0,0,0,0,0
550109,2,1,1990,0,0,0,0,0,0,0,0,0,0
550110,0,1,1990,18,18,18,18,18,18,18,18,18,18
550110,1,1,1990,0,0,0,0,0,0,0,0,0,0
550111,1,1,1990,0,0,0,0,0,0,0,0,0,0
550111,2,1,1990,0,0,0,0,11,0,0,0,0,0
550112,1,1,1990,1,1,1,1,1,1,1,1,1,1
550112,2,1,1990,0,0,0,0,0,0,0,0,0,0
550113,1,1,1990,17,17,17,17,17,17,17,17,17,17
550114,1,1,1990,24,24,24,24,24,24,24,24,24,24
550114,2,1,1990,0,0,0,0,0,0,0,0,0,0
550115,1,1,1990,0,0,0,0,0,0,0,0,0,0
550115,2,1,1990,0,0,0,0,0,0,0,0,0,0
550116,1,1,1990,0,0,0,0,0,0,0,0,0,0
550117,1,1,1990,0,0,0,0,0,0,0,0,0,0
550118,1,1,1990,0,0,0,0,0,0,0,0,0,0
550118,2,1,1990,0,0,0,0,0,0,0,0,0,0
550119,1,1,1990,27,27,27,27,27,27,27,27,27,27
550120,1,1,1990,0,0,0,0,0,0,0,0,0,0
550120,2,1,1990,0,0,0,0,0,0,0,0,0,0
550121,1,1,1990,0,0,0,0,0,0,0,0,0,0
550121,2,1,1990,0,0,0,0,0,0,0,0,0,0
550122,1,1,1990,4,4,4,4,4,4,4,4,4,4
550122,2,1,1990,0,0,0,0,0,0,0,0,0,0
550123,0,1,1990,0,0,0,0,0,0,0,0,0,0
550123,1,1,1990,6,6,6,6,6,6,6,6,6,6
550124,1,1,1990,0,0,0,0,0,0,0,0,0,0
550124,2,1,1990,0,0,0,0,0,0,0,0,0,0
550125,1,1,1990,0,0,0,0,0,0,0,0,0,0
550125,2,1,1990,0,0,0,0,0,0,0,0,0,0
550126,1,1,1990,0,0,0,0,0,0,0,0,0,0
550127,1,1,1990,0,0,0,0,0,0,0,7,0,0
550127,2,1,1990,0,0,0,0,0,0,0,0,0,0
550128,1,1,1990,16,16,16,16,16,16,16,16,16,16
550129,1,1,1990,23,23,23,23,23,23,23,23,23,23
550130,0,1,1990,24,24,24,24,24,24,24,24,24,24
550130,1,1,1990,0,0,0,0,0,0,0,0,0,0
550131,1,1,1990,0,0,0,0,0,0,0,0,0,0
550131,2,1,1990,0,0,0,0,0,9,2,0,0,0
550132,1,1,1990,2,2,2,2,2,2,2,2,2,2
550133,1,1,1990,0,0,0,0,0,0,0,0,0,0
550134,1,1,1990,0,0,0,0,0,0,0,0,0,0
550134,2,1,1990,0,0,0,0,0,0,0,0,0,0
550134,3,1,1990,0,0,0,0,0,0,0,0,0,0
550135,0,1,1990,0,0,0,0,0,0,0,0,0,0
550135,1,1,1990,0,0,0,0,0,0,0,0,0,0
550137,0,1,1990,0,0,0,0,0,0,0,0,0,0
550137,0,2,1990,0,0,0,0,0,0,0,0,0,0
550137,0,3,1990,0,0,0,0,0,0,0,0,0,0
550137,1,1,1990,0,0,0,0,0,0,0,0,0,0
550138,0,1,1990,0,0,0,0,0,0,0,0,0,0
550138,1,1,1990,0,0,0,0,0,0,0,0,0,0
550139,1,1,1990,21,21,21,21,21,21,21,21,21,21
550139,2,1,1990,13,10,8,7,0,14,28,0,12,14
550139,3,1,1990,0,0,0,0,0,0,0,0,0,0
550140,1,1,1990,24,24,24,24,24,24,24,24,24,24
550141,1,1,1990,15,15,15,15,15,15,15,15,15,15
550142,1,1,1990,0,0,0,0,0,0,0,0,0,0
550142,2,1,1990,0,11,13,0,0,0,0,0,0,0
550143,0,1,1990,0,0,0,0,0,0,0,0,0,0
550143,1,1,1990,0,0,0,0,0,0,0,0,0,0
550144,1,1,1990,20,20,20,20,20,20,20,20,20,20
550144,2,1,1990,12,12,12,12,12,12,12,12,12,12
550144,3,1,1990,9,13,0,0,11,10,8,29,0,0
550144,4,1,1990,0,5,20,6,16,0,0,0,2,0
550145,1,1,1990,11,11,11,11,11,11,11,11,11,11
550146,1,1,1990,0,0,0,0,0,0,0,0,0,0
550146,2,1,1990,0,0,0,0,0,0,0,0,0,0
550147,1,1,1990,24,24,24,24,24,24,24,24,24,24
550148,1,1,1990,0,0,0,0,0,0,0,0,0,0
550148,2,1,1990,0,0,0,0,0,0,0,0,0,0
550149,1,1,1990,0,0,0,0,0,0,0,0,0,0
550150,1,1,1990,0,0,0,0,0,0,0,0,0,0
550151,1,1,1990,25,2,21,0,15,18,22,0,0,24
550152,1,1,1990,0,0,0,0,0,0,0,0,0,0
550153,1,1,1990,0,0,0,0,0,0,0,0,0,0
550153,2,1,1990,0,0,0,0,0,0,0,0,0,0
550155,1,1,1990,0,0,0,0,0,0,0,0,0,0
550156,0,1,1990,24,24,24,24,24,24,24,24,24,24
550156,1,1,1990,0,0,0,0,0,0,0,0,0,0
550157,1,1,1990,14,14,14,14,14,14,14,14,14,14
550158,1,1,1990,0,0,0,0,0,0,0,0,0,0
550158,2,1,1990,0,0,0,0,0,0,0,0,0,0
550159,1,1,1990,20,20,20,20,20,20,20,20,20,20
550160,0,1,1990,0,0,0,0,0,0,0,0,0,0
550160,1,1,1990,0,0,0,0,0,0,0,0,0,0
550161,1,1,1990,0,0,0,0,0,0,0,0,0,0
550161,2,1,1990,16,16,16,16,16,16,16,16,16,16
550162,1,1,1990,0,0,0,0,0,0,0,0,0,0
550162,2,1,1990,0,0,0,0,0,0,0,0,0,0
550163,1,1,1990,0,0,0,0,0,0,0,0,0,0
550163,2,1,1990,0,0,0,0,0,0,0,0,0,0
550163,3,1,1990,0,0,0,0,0,0,0,0,0,0
550163,4,1,1990,0,0,0,0,0,0,0,0,0,0
550163,5,1,1990,0,0,0,0,0,0,0,0,0,0
550163,6,1,1990,0,0,0,0,0,0,0,0,0,0
550163,7,1,1990,0,0,0,0,0,0,0,0,0,0
550163,8,1,1990,0,0,0,0,0,0,0,0,0,0
550163,9,1,1990,0,0,0,0,0,0,0,0,0,0
550164,1,1,1990,0,0,0,0,0,0,0,0,0,16
550164,2,1,1990,0,0,0,0,0,0,0,0,0,0
550164,3,1,1990,0,0,0,0,0,0,0,0,0,0
550164,4,1,1990,0,0,0,0,0,0,0,0,0,0
550164,5,1,1990,0,0,0,0,0,0,0,0,0,0
550165,1,1,1990,0,0,0,0,0,0,0,0,0,0
550166,1,1,1990,14,14,14,14,14,14,14,14,14,14
550166,2,1,1990,0,0,0,0,0,9,0,0,0,0
550167,1,1,1990,0,0,0,0,0,0,0,0,0,0
550167,2,1,1990,0,0,0,0,0,0,0,0,0,0
550168,1,1,1990,13,13,13,13,13,13,13,13,13,13
550169,1,1,1990,26,26,26,26,26,26,26,26,26,26
550169,2,1,1990,0,0,0,0,0,0,0,6,0,28
550170,0,1,1990,14,14,14,14,14,14,14,14,14,14
550170,1,1,1990,0,0,0,0,0,0,0,0,0,18
550171,1,1,1990,20,20,20,20,20,20,20,20,20,20
550172,1,1,1990,15,15,15,15,15,15,15,15,15,15
550174,1,1,1990,0,0,0,13,0,0,0,0,0,0
550174,2,1,1990,0,0,0,0,0,0,0,0,0,0
550175,1,1,1990,0,0,0,0,0,0,0,0,0,0
550175,2,1,1990,4,4,4,4,4,4,4,4,4,4
550176,0,1,1990,0,0,0,0,0,0,0,0,0,0
550176,1,1,1990,0,0,0,0,11,0,0,0,0,0
550177,1,1,1990,16,16,16,16,16,16,16,16,16,16
550177,2,1,1990,0,0,13,0,0,0,17,25,0,0
550178,1,1,1990,16,16,16,16,16,16,16,16,16,16
550179,1,1,1990,0,0,0,0,0,0,0,0,0,0
550180,1,1,1990,0,0,0,0,0,0,0,0,0,0
550180,2,1,1990,0,0,0,0,0,0,0,0,0,0
550181,0,1,1990,6,6,6,6,6,6,6,6,6,6
550181,0,2,1990,19,19,19,19,19,19,19,19,19,19
550181,0,3,1990,24,46,0,11,0,0,0,13,25,9
550181,0,4,1990,17,17,9,9,13,9,0,0,16,26
550181,0,5,1990,19,47,14,32,8,45,52,9,16,23
550181,0,6,1990,7,15,21,26,0,19,0,18,0,0
550181,0,7,1990,14,31,14,17,23,16,0,9,15,6
550181,1,1,1990,0,0,0,0,0,0,0,0,0,0
550182,1,1,1990,19,19,19,19,19,19,19,19,19,19
550182,2,1,1990,8,0,0,0,0,0,8,0,6,15
550183,1,1,1990,29,29,29,29,29,29,29,29,29,29
550183,2,1,1990,0,0,0,0,0,0,0,0,22,0
550184,1,1,1990,10,10,10,10,10,10,10,10,10,10
550184,2,1,1990,8,8,8,8,8,8,8,8,8,8
550185,1,1,1990,22,22,22,22,22,22,22,22,22,22
550186,1,1,1990,28,28,28,28,28,28,28,28,28,28
550187,1,2,1990,15,15,15,15,15,15,15,15,15,15
550188,1,1,1990,15,15,15,15,15,15,15,15,15,15
550189,1,1,1990,0,0,0,0,0,0,0,0,0,0
550189,2,1,1990,0,0,4,0,0,0,0,0,0,0
550190,1,1,1990,19,19,19,19,19,19,19,19,19,19
550191,1,1,1990,0,0,0,0,0,0,0,0,0,0
550191,2,1,1990,0,0,0,0,0,0,0,0,0,0
550191,3,1,1990,0,0,0,0,0,0,0,0,0,0
550192,0,1,1990,0,0,0,0,0,0,0,0,0,0
550192,1,1,1990,18,18,18,18,18,18,18,18,18,18
550193,1,1,1990,0,0,0,0,0,0,0,0,0,0
550193,2,1,1990,0,0,0,0,0,0,11,0,0,0
550193,3,1,1990,0,0,0,0,0,0,0,0,0,0
550194,1,1,1990,0,0,0,0,0,0,0,0,0,0
550194,2,1,1990,0,0,0,0,0,0,0,0,0,0
550195,1,1,1990,0,0,0,0,0,0,0,0,0,0
550196,0,1,1990,0,0,0,0,0,0,0,0,0,0
550196,1,1,1990,29,29,29,29,29,29,29,29,29,29
550197,1,1,1990,0,0,0,0,0,0,0,0,0,0
550197,2,1,1990,2,2,2,2,2,2,2,2,2,2
550197,3,1,1990,35,0,9,9,22,12,0,12,34,18
550198,1,1,1990,25,25,25,25,25,25,25,25,25,25
550199,1,1,1990,16,16,16,16,16,16,16,16,16,16
550200,1,1,1990,4,4,4,4,4,4,4,4,4,4
550200,2,1,1990,0,0,0,0,0,0,0,0,0,0
550202,1,1,1990,15,15,15,15,15,15,15,15,15,15
550203,1,1,1990,0,0,0,0,0,0,0,0,0,0
550203,2,1,1990,0,0,0,0,0,0,0,0,0,0
550203,3,1,1990,0,0,0,0,0,0,0,0,0,0
550203,4,1,1990,24,0,7,9,0,20,14,13,22,22
550204,0,1,1990,0,0,0,0,0,0,0,0,0,0
550205,1,1,1990,0,0,0,0,0,0,0,0,0,0
550205,2,1,1990,0,0,0,0,0,0,0,0,0,0
550206,1,1,1990,0,0,0,0,0,0,0,0,0,0
550206,2,1,1990,0,0,0,0,0,0,0,0,0,0
550207,1,1,1990,14,0,0,0,0,0,0,0,0,0
550207,2,1,1990,0,0,0,0,0,0,0,0,0,0
550207,3,1,1990,0,0,0,0,0,0,0,0,0,0
550208,1,1,1990,0,0,0,0,0,0,0,0,0,0
550208,2,1,1990,0,0,0,0,0,0,0,0,0,0
550209,1,1,1990,3,3,3,3,3,3,3,3,3,3
550209,2,1,1990,0,0,0,0,0,0,0,0,0,0
550209,3,1,1990,0,0,0,0,0,0,7,0,0,0
550210,1,1,1990,21,21,21,21,21,21,21,21,21,21
550211,1,1,1990,19,19,19,19,19,19,19,19,19,19
550212,1,1,1990,23,23,23,23,23,23,23,23,23,23
550213,1,1,1990,0,0,0,0,0,0,0,0,0,0
550213,2,1,1990,0,0,0,0,0,0,19,0,12,0
550214,1,1,1990,12,12,12,12,12,12,12,12,12,12
550215,0,1,1990,0,0,0,0,0,0,0,0,0,0
550215,1,1,1990,0,0,0,0,0,0,0,0,0,0
550216,1,1,1990,0,0,0,0,0,0,0,0,0,0
550217,1,1,1990,0,0,0,0,0,0,0,0,0,0
550217,2,1,1990,12,12,12,12,12,12,12,12,12,12
550218,0,1,1990,0,0,0,0,0,0,0,0,0,0
550218,1,1,1990,0,0,0,0,0,0,0,0,0,9
550219,1,1,1990,0,0,0,0,0,0,0,0,0,0
550220,1,1,1990,10,28,19,0,0,0,0,0,0,0