ST_CASE,VEH_NO,PER_NO,YEAR,P1,P2,P3,P4,P5,P6,P7,P8,P9,P10
550221,1,1,1990,0,0,0,0,0,0,0,0,0,0
550221,2,1,1990,0,0,0,0,0,0,0,0,0,0
550221,3,1,1990,9,17,0,0,0,0,13,8,0,0
550222,1,1,1990,0,0,0,0,0,0,0,0,0,0
550223,1,1,1990,19,19,19,19,19,19,19,19,19,19
550224,1,1,1990,0,0,0,0,0,0,0,0,0,0
550224,2,1,1990,0,0,0,0,0,0,0,0,0,0
550225,1,1,1990,0,0,0,0,0,0,0,0,0,0
550225,2,1,1990,0,0,0,0,0,0,0,0,0,0
550227,1,1,1990,0,0,0,0,0,0,0,0,0,0
550227,2,1,1990,0,0,0,0,0,0,0,0,0,0
550228,1,1,1990,0,0,0,0,0,0,0,0,0,0
550229,1,1,1990,27,27,27,27,27,27,27,27,27,27
550230,1,1,1990,0,0,0,0,0,0,0,0,0,0
550230,2,1,1990,0,0,0,0,0,0,0,0,0,0
550231,1,1,1990,13,18,6,9,14,10,17,19,8,12
550231,2,1,1990,0,0,0,0,0,0,4,0,0,0
550232,0,1,1990,23,23,23,23,23,23,23,23,23,23
550232,1,1,1990,0,0,0,0,0,0,0,0,0,0
550233,1,1,1990,0,0,0,0,0,0,0,0,0,0
550233,2,1,1990,0,0,0,0,0,0,0,0,2,0
550233,3,1,1990,0,0,0,0,0,0,0,0,0,0
550234,0,1,1990,0,0,0,0,0,0,0,0,0,0
550234,1,1,1990,0,0,0,0,0,0,0,0,0,0
550235,1,1,1990,0,0,0,0,0,0,0,0,0,0
550236,1,1,1990,0,0,0,0,6,0,0,0,0,0
550237,1,1,1990,20,20,20,20,20,20,20,20,20,20
550238,1,1,1990,0,0,14,0,0,0,0,0,0,0
550238,2,1,1990,0,0,0,0,0,0,0,0,0,0
550239,1,1,1990,15,15,15,15,15,15,15,15,15,15
550240,1,1,1990,0,0,0,0,0,0,0,0,0,0
550241,0,1,1990,0,0,0,0,0,0,0,0,0,0
550241,1,1,1990,0,0,0,0,0,0,0,0,0,0
550242,1,1,1990,4,4,4,4,4,4,4,4,4,4
550242,2,1,1990,0,0,0,0,0,0,0,0,0,0
550242,3,1,1990,0,10,0,13,12,0,0,0,0,0
550243,1,1,1990,0,0,0,0,13,0,12,0,0,10
550243,2,1,1990,0,0,0,0,0,0,0,0,0,0
550244,1,1,1990,0,0,0,0,0,0,0,0,0,0
550244,2,1,1990,0,0,0,0,21,0,0,0,0,22
550245,1,1,1990,0,0,0,0,0,0,0,0,0,0
550245,2,1,1990,0,0,0,0,0,0,0,0,0,0
550246,1,1,1990,28,28,28,28,28,28,28,28,28,28
550247,1,1,1990,0,0,0,0,0,0,0,0,0,0
550247,2,1,1990,0,0,0,0,9,0,0,0,0,0
550248,1,1,1990,16,16,16,16,16,16,16,16,16,16
550249,1,1,1990,0,0,0,9,0,0,12,14,0,0
550250,1,1,1990,27,34,16,15,22,11,18,21,12,18
550251,1,1,1990,12,12,12,12,12,12,12,12,12,12
550251,2,1,1990,0,0,0,0,0,0,0,0,0,0
550252,1,1,1990,20,20,20,20,20,20,20,20,20,20
550253,1,1,1990,22,22,22,22,22,22,22,22,22,22
550254,1,1,1990,0,0,0,0,0,0,0,0,0,0
550254,2,1,1990,0,0,0,0,0,0,0,0,0,0
550254,3,1,1990,0,0,0,0,0,0,0,0,0,0
550255,1,1,1990,0,0,0,0,0,0,0,0,0,0
550255,2,1,1990,0,0,0,0,0,0,0,0,0,0
550256,1,1,1990,0,0,0,0,0,0,12,0,0,0
550256,2,1,1990,0,0,0,0,0,0,0,0,0,0
550257,1,1,1990,0,0,0,0,0,0,0,0,0,0
550257,2,1,1990,0,0,0,0,0,0,0,0,0,13
550257,3,1,1990,0,0,0,0,0,0,0,0,0,0
550258,1,1,1990,0,0,27,0,0,0,0,0,16,0
550259,1,1,1990,0,0,0,0,0,0,0,0,0,0
550259,2,1,1990,0,0,0,0,0,0,0,0,0,0
550259,3,1,1990,0,0,0,0,0,0,0,0,0,0
550260,1,1,1990,0,0,0,0,0,0,0,0,0,0
550261,0,1,1990,0,0,0,0,0,0,0,0,0,0
550261,1,1,1990,0,0,0,0,0,0,0,0,0,0
550262,1,1,1990,0,0,0,0,0,0,0,0,0,0
550262,2,1,1990,0,0,0,0,0,0,0,0,0,0
550263,1,1,1990,19,19,19,19,19,19,19,19,19,19
550264,1,1,1990,0,0,0,0,0,0,0,0,0,0
550264,2,1,1990,0,0,0,0,0,0,0,0,0,0
550265,1,1,1990,0,0,0,0,0,0,0,0,0,0
550265,2,1,1990,10,10,10,10,10,10,10,10,10,10
550266,1,1,1990,0,0,0,0,0,0,0,0,0,0
550266,2,1,1990,0,0,0,0,0,0,0,0,0,0
550267,1,1,1990,17,17,17,17,17,17,17,17,17,17
550267,2,1,1990,0,0,0,0,0,0,0,0,0,0
550267,3,1,1990,2,2,2,2,2,2,2,2,2,2
550268,1,1,1990,0,0,0,0,0,0,0,0,0,0
550269,1,1,1990,0,0,0,0,0,0,0,0,0,0
550269,2,1,1990,10,0,0,0,0,0,0,0,0,0
550270,1,1,1990,0,0,0,0,0,0,0,0,0,0
550272,1,1,1990,0,0,0,0,0,0,0,0,0,0
550272,2,1,1990,0,0,0,0,0,0,0,0,0,0
550273,1,1,1990,0,0,0,0,0,0,0,0,0,0
550274,1,1,1990,14,14,14,14,14,14,14,14,14,14
550275,1,1,1990,19,19,19,19,19,19,19,19,19,19
550276,1,1,1990,0,0,0,17,0,0,0,16,10,0
550276,2,1,1990,0,0,0,0,0,0,0,0,0,0
550277,1,1,1990,0,0,0,0,0,0,0,0,0,0
550277,2,1,1990,0,0,0,0,0,0,0,0,0,0
550278,1,1,1990,21,21,21,21,21,21,21,21,21,21
550279,1,1,1990,0,0,0,0,0,0,0,0,0,0
550280,1,1,1990,15,15,15,15,15,15,15,15,15,15
550281,1,1,1990,0,0,0,0,0,0,0,0,0,0
550281,2,1,1990,0,0,0,0,0,0,0,0,0,0
550282,1,1,1990,0,0,0,0,0,0,0,0,0,0
550282,2,1,1990,0,0,0,0,0,0,0,0,0,0
550283,1,1,1990,0,0,0,0,0,0,0,0,0,0
550283,2,1,1990,0,0,0,0,0,0,0,0,0,0
550284,1,1,1990,0,0,0,0,0,0,0,0,0,0
550285,1,1,1990,0,0,0,0,0,0,0,0,0,0
550285,2,1,1990,1,1,1,1,1,1,1,1,1,1
550286,1,1,1990,0,0,0,0,0,0,0,0,0,0
550286,2,1,1990,13,13,13,13,13,13,13,13,13,13
550287,1,1,1990,0,0,0,0,0,0,0,0,0,0
550287,2,1,1990,0,0,0,0,0,0,0,0,0,0
550288,1,1,1990,25,25,25,25,25,25,25,25,25,25
550288,2,1,1990,0,0,0,0,0,0,0,0,0,0
550289,1,1,1990,0,0,0,0,0,0,0,0,10,0
550289,2,1,1990,0,0,0,0,0,0,0,0,0,0
550290,1,1,1990,0,0,0,0,0,0,0,0,0,0
550291,1,1,1990,0,0,0,0,0,0,0,0,0,0
550291,2,1,1990,0,0,15,0,0,0,0,0,0,0
550292,1,1,1990,10,10,10,10,10,10,10,10,10,10
550292,2,1,1990,0,0,0,0,0,0,0,0,0,0
550293,1,1,1990,0,0,0,0,0,0,0,0,0,0
550294,1,1,1990,0,0,0,0,0,0,0,8,0,0
550294,2,1,1990,4,4,4,4,4,4,4,4,4,4
550295,1,1,1990,0,0,0,0,0,0,0,0,0,0
550295,2,1,1990,0,0,0,0,0,0,0,0,0,0
550296,1,1,1990,0,0,0,0,0,0,0,0,0,0
550296,2,1,1990,0,0,0,0,0,0,0,0,0,0
550297,0,1,1990,0,0,0,0,0,0,0,0,0,0
550297,1,1,1990,0,0,0,0,0,0,0,0,0,0
550298,1,1,1990,19,19,19,19,19,19,19,19,19,19
550299,1,1,1990,18,18,18,18,18,18,18,18,18,18
550300,1,1,1990,21,21,21,21,21,21,21,21,21,21
550301,1,1,1990,5,5,5,5,5,5,5,5,5,5
550302,0,1,1990,0,0,0,0,0,0,0,0,0,0
550302,1,1,1990,7,7,7,7,7,7,7,7,7,7
550303,1,1,1990,0,0,0,0,0,0,0,0,0,0
550303,2,1,1990,0,0,0,0,0,0,0,0,0,0
550304,1,1,1990,14,14,14,14,14,14,14,14,14,14
550305,1,1,1990,20,20,20,20,20,20,20,20,20,20
550306,1,1,1990,0,0,0,0,0,0,0,0,0,0
550306,2,1,1990,0,0,0,0,0,0,0,0,0,24
550307,1,1,1990,0,0,0,0,0,0,0,0,0,0
550307,2,1,1990,0,0,0,25,0,0,0,0,0,0
550308,1,1,1990,0,0,0,0,0,21,0,0,0,0
550308,2,1,1990,0,0,0,0,0,0,0,0,0,0
550309,1,1,1990,17,17,17,17,17,17,17,17,17,17
550309,2,1,1990,0,0,0,0,0,0,0,0,0,0
550310,1,1,1990,0,0,0,0,0,0,0,0,0,0
550310,2,1,1990,0,0,0,0,0,0,0,0,0,0
550311,0,1,1990,0,0,0,0,0,0,0,0,0,0
550311,1,1,1990,9,0,0,19,0,0,0,7,0,0
550312,1,1,1990,0,0,0,0,0,0,0,0,0,0
550313,1,1,1990,22,22,22,22,22,22,22,22,22,22
550314,1,1,1990,0,0,0,0,0,0,0,0,0,0
550314,2,1,1990,0,0,0,0,0,0,0,0,0,0
550315,1,1,1990,24,0,10,11,0,0,0,0,5,23
550315,2,1,1990,13,13,13,13,13,13,13,13,13,13
550316,1,1,1990,0,0,0,0,0,0,0,0,0,0
550317,1,1,1990,0,0,0,0,0,0,0,0,0,0
550318,1,1,1990,31,31,31,31,31,31,31,31,31,31
550320,1,1,1990,0,0,0,0,0,0,0,0,0,0
550321,1,1,1990,4,4,4,4,4,4,4,4,4,4
550322,1,1,1990,0,0,0,0,0,0,0,0,0,0
550322,2,1,1990,0,0,0,0,0,0,0,0,0,0
550323,1,1,1990,0,0,0,0,0,0,0,0,0,0
550323,2,1,1990,0,0,0,0,0,0,0,0,0,0
550323,3,1,1990,0,0,0,0,0,0,0,0,0,12
550324,1,1,1990,0,0,0,0,0,0,0,0,0,0
550324,2,1,1990,0,0,0,0,0,0,0,0,0,0
550325,1,1,1990,22,22,22,22,22,22,22,22,22,22
550325,2,1,1990,0,0,0,0,0,0,0,0,0,0
550326,1,1,1990,0,0,0,0,0,0,0,0,0,0
550327,1,1,1990,17,17,17,17,17,17,17,17,17,17
550328,1,1,1990,0,0,0,0,0,0,0,0,0,0
550329,1,1,1990,23,23,23,23,23,23,23,23,23,23
550330,1,1,1990,0,0,0,0,0,0,0,0,0,0
550330,2,1,1990,5,5,5,5,5,5,5,5,5,5
550331,1,1,1990,32,13,24,28,11,12,0,23,27,6
550332,1,5,1990,0,0,0,0,0,0,0,0,0,0
550333,1,1,1990,0,0,0,0,0,0,0,0,0,0
550333,2,1,1990,0,0,0,0,0,0,0,0,0,0
550333,3,1,1990,0,0,0,0,0,0,0,0,0,0
550334,1,1,1990,0,0,0,0,0,0,0,0,0,0
550334,2,1,1990,0,0,0,0,0,0,0,0,0,0
550335,1,1,1990,0,0,0,0,0,0,0,0,0,0
550335,2,1,1990,0,0,0,0,0,0,0,0,0,0
550336,1,1,1990,13,13,13,13,13,13,13,13,13,13
550337,1,1,1990,0,0,0,0,0,0,0,0,0,0
550337,2,1,1990,0,0,0,0,0,0,0,0,0,0
550337,3,1,1990,0,0,0,0,0,0,0,0,0,0
550338,1,1,1990,0,0,0,0,0,0,0,0,0,0
550338,2,1,1990,0,0,0,0,17,0,0,0,0,10
550339,1,1,1990,24,24,24,24,24,24,24,24,24,24
550340,1,1,1990,0,0,0,0,0,0,0,0,0,0
550340,2,1,1990,0,0,0,0,0,0,0,0,0,0
550341,1,1,1990,21,21,21,21,21,21,21,21,21,21
550342,1,1,1990,0,0,0,0,0,0,0,0,0,0
550342,2,1,1990,0,0,0,0,0,0,0,0,0,0
550343,1,1,1990,0,0,0,0,0,0,0,0,0,0
550343,2,1,1990,0,0,0,0,0,0,0,0,0,0
550344,1,1,1990,0,0,0,0,0,0,0,0,0,0
550344,2,1,1990,0,0,0,0,0,0,0,0,27,0
550344,3,1,1990,6,0,0,0,0,0,0,0,0,0
550344,4,1,1990,0,7,0,0,0,0,0,0,0,0
550345,1,1,1990,28,28,28,28,28,28,28,28,28,28
550346,1,1,1990,0,0,0,0,0,0,0,0,0,0
550347,1,1,1990,24,24,24,24,24,24,24,24,24,24
550347,2,1,1990,0,0,0,0,0,28,0,16,0,6
550348,1,1,1990,23,23,23,23,23,23,23,23,23,23
550349,1,1,1990,0,0,0,0,0,0,0,0,0,0
550349,2,1,1990,0,0,0,0,0,0,0,0,0,0
550350,1,1,1990,1,1,1,1,1,1,1,1,1,1
550350,2,1,1990,9,9,9,9,9,9,9,9,9,9
550351,1,1,1990,0,0,0,0,0,11,0,0,0,0
550351,2,1,1990,0,0,0,0,0,0,0,0,0,0
550352,1,1,1990,5,5,5,5,5,5,5,5,5,5
550352,2,1,1990,0,0,0,0,0,0,0,0,0,0
550353,1,1,1990,5,5,5,5,5,5,5,5,5,5
550354,1,1,1990,0,0,0,0,0,0,0,0,0,0
550355,1,1,1990,0,0,0,0,0,0,0,0,0,0
550356,1,1,1990,7,7,7,7,7,7,7,7,7,7
550357,1,1,1990,4,4,4,4,4,4,4,4,4,4
550357,2,1,1990,17,14,0,0,0,0,9,0,0,0
550358,1,1,1990,24,24,24,24,24,24,24,24,24,24
550359,1,1,1990,0,0,0,0,0,0,0,0,0,0
550360,1,1,1990,13,13,13,13,13,13,13,13,13,13
550361,0,1,1990,0,0,0,0,0,0,0,0,0,0
550361,1,1,1990,0,0,0,0,0,0,0,0,0,0
550362,1,1,1990,0,0,0,0,0,0,0,0,0,0
550363,1,1,1990,0,0,0,0,0,0,0,0,0,0
550363,2,1,1990,0,0,0,0,0,0,0,0,0,0
550364,1,1,1990,0,0,0,0,0,0,0,0,0,0
550364,2,1,1990,0,0,0,0,0,0,0,0,0,0
550365,1,1,1990,0,0,0,0,0,0,0,0,0,0
550365,2,1,1990,0,0,0,0,0,0,0,0,0,0
550365,3,1,1990,0,0,0,0,0,0,0,0,0,0
550366,1,1,1990,2,2,2,2,2,2,2,2,2,2
550367,1,1,1990,18,18,18,18,18,18,18,18,18,18
550368,1,1,1990,18,18,18,18,18,18,18,18,18,18
550369,1,1,1990,24,24,24,24,24,24,24,24,24,24
550369,2,1,1990,0,0,0,0,0,0,0,0,0,0
550370,1,1,1990,20,20,20,20,20,20,20,20,20,20
550371,1,1,1990,8,8,8,8,8,8,8,8,8,8
550372,1,1,1990,0,0,0,0,0,0,0,0,0,0
550372,2,1,1990,0,0,0,0,0,0,0,0,0,0
550373,1,1,1990,28,28,28,28,28,28,28,28,28,28
550374,1,1,1990,0,0,0,0,0,0,0,0,0,0
550374,2,1,1990,0,0,0,0,0,0,0,0,0,0
550375,1,1,1990,0,0,0,0,0,0,0,0,0,0
550375,2,1,1990,0,0,0,0,0,0,0,0,0,0
550376,1,1,1990,0,15,0,0,0,0,0,0,0,0
550376,2,1,1990,0,0,0,0,0,0,0,0,0,0
550377,0,1,1990,4,4,4,4,4,4,4,4,4,4
550377,1,1,1990,0,0,0,0,0,0,0,0,0,0
550378,1,1,1990,10,10,10,10,10,10,10,10,10,10
550378,2,1,1990,1,1,1,1,1,1,1,1,1,1
550379,1,1,1990,0,0,0,0,0,0,0,0,0,0
550380,1,1,1990,13,13,13,13,13,13,13,13,13,13
550381,1,1,1990,18,18,18,18,18,18,18,18,18,18
550382,1,1,1990,29,29,29,29,29,29,29,29,29,29
550383,1,1,1990,16,5,24,13,15,15,14,13,12,14
550384,1,1,1990,16,16,16,16,16,16,16,16,16,16
550385,1,1,1990,0,0,0,0,0,0,0,0,0,0
550386,1,1,1990,0,0,0,0,0,0,0,0,0,0
550387,0,1,1990,0,0,0,0,0,0,0,0,0,0
550387,1,1,1990,0,10,0,0,0,0,0,0,0,0
550388,1,1,1990,30,30,30,30,30,30,30,30,30,30
550389,1,1,1990,19,19,19,19,19,19,19,19,19,19
550390,1,1,1990,25,25,25,25,25,25,25,25,25,25
550391,0,1,1990,0,0,0,0,0,0,0,0,0,0
550391,1,1,1990,0,0,0,0,0,0,0,0,0,0
550392,1,1,1990,0,0,0,0,0,0,0,0,0,0
550392,2,1,1990,0,0,0,0,0,0,0,0,0,0
550393,1,1,1990,18,18,18,18,18,18,18,18,18,18
550394,1,1,1990,0,0,0,0,0,0,0,0,0,0
550394,2,1,1990,0,0,0,0,0,0,0,0,0,0
550395,1,1,1990,1,1,1,1,1,1,1,1,1,1
550396,1,1,1990,0,0,10,0,0,0,0,0,0,0
550396,2,1,1990,0,0,0,0,0,14,0,12,0,0
550397,1,1,1990,10,10,10,10,10,10,10,10,10,10
550397,2,1,1990,0,0,0,0,0,0,0,7,0,0
550398,1,1,1990,18,18,18,18,18,18,18,18,18,18
550399,1,1,1990,0,0,0,0,0,0,0,0,0,0
550400,1,1,1990,0,0,0,0,0,0,0,0,0,0
550400,2,1,1990,0,0,0,3,0,0,0,0,0,0
550401,1,1,1990,0,0,0,0,0,0,0,0,0,0
550402,1,1,1990,19,19,19,19,19,19,19,19,19,19
550403,1,1,1990,14,14,14,14,14,14,14,14,14,14
550404,1,1,1990,15,15,15,15,15,15,15,15,15,15
550404,2,1,1990,13,0,0,14,0,0,20,0,19,0
550405,1,1,1990,0,0,0,0,0,0,0,0,0,0
550405,2,1,1990,0,0,0,0,0,0,0,0,0,0
550406,1,1,1990,0,0,0,0,0,0,0,0,0,0
550407,1,1,1990,16,16,16,16,16,16,16,16,16,16
550407,2,1,1990,0,0,0,0,0,0,0,23,0,0
550408,1,1,1990,0,0,0,0,0,0,0,0,0,0
550408,2,1,1990,18,0,0,0,0,0,0,0,0,0
550409,1,1,1990,22,22,22,22,22,22,22,22,22,22
550409,2,1,1990,0,0,0,0,0,0,0,0,19,0
550410,1,1,1990,23,23,23,23,23,23,23,23,23,23
550411,1,1,1990,16,16,16,16,16,16,16,16,16,16
550412,1,1,1990,27,27,27,27,27,27,27,27,27,27
550413,1,1,1990,0,0,0,0,0,0,0,0,0,0
550413,2,1,1990,0,0,0,0,0,0,0,0,0,0
550414,1,1,1990,22,22,22,22,22,22,22,22,22,22
550415,1,1,1990,0,0,0,0,0,0,0,0,0,0
550416,1,1,1990,15,15,15,15,15,15,15,15,15,15
550416,2,1,1990,9,9,9,9,9,9,9,9,9,9
550419,1,1,1990,0,0,0,0,0,0,0,0,0,0
550419,2,1,1990,26,26,26,26,26,26,26,26,26,26
550420,1,1,1990,0,0,0,5,0,0,28,0,0,17
550420,2,1,1990,30,30,30,30,30,30,30,30,30,30
550420,3,1,1990,18,18,18,18,18,18,18,18,18,18
550420,4,1,1990,0,0,0,0,0,0,0,0,0,0
550421,1,1,1990,0,0,0,0,0,0,0,0,0,0
550421,2,1,1990,0,0,0,0,0,0,0,0,0,0
550422,1,1,1990,16,16,16,16,16,16,16,16,16,16
550422,2,1,1990,0,0,0,0,0,0,0,0,0,0
550423,1,1,1990,0,0,0,0,0,0,0,0,0,0
550423,2,1,1990,9,9,9,9,9,9,9,9,9,9
550423,3,1,1990,0,0,0,0,0,0,0,22,12,3
550424,1,1,1990,0,0,0,0,0,0,0,0,0,0
550425,1,1,1990,35,35,35,35,35,35,35,35,35,35
550426,1,1,1990,0,0,0,0,0,0,0,0,0,0
550426,2,1,1990,0,0,0,0,0,0,0,0,0,0
550427,1,1,1990,0,15,0,0,0,14,17,11,13,20
550428,1,1,1990,0,0,0,19,16,0,0,0,9,0
550428,2,1,1990,0,0,0,0,0,0,0,0,0,0
550429,1,1,1990,0,0,0,0,0,0,0,0,0,0
550430,1,1,1990,0,0,0,11,0,0,0,0,0,0
550430,2,1,1990,0,0,0,0,0,0,0,0,0,0
550431,1,1,1990,16,16,16,16,16,16,16,16,16,16
550432,1,1,1990,0,0,0,0,0,0,0,0,0,0
550432,2,1,1990,0,0,0,0,24,0,0,0,0,0
550433,1,1,1990,0,0,0,0,0,0,0,0,0,0
550433,2,1,1990,0,0,0,0,0,0,0,0,0,0
550434,0,1,1990,34,34,34,34,34,34,34,34,34,34
550434,1,1,1990,0,0,0,0,0,0,0,0,0,0
550435,1,1,1990,7,7,7,7,7,7,7,7,7,7
550436,1,1,1990,0,0,0,0,0,0,0,0,0,0
550436,2,1,1990,0,0,0,0,0,0,0,0,0,0
550437,1,1,1990,0,0,0,0,0,0,0,0,0,0
550438,0,1,1990,0,0,0,0,0,0,0,0,0,0
550438,1,1,1990,0,0,0,0,0,0,0,0,0,0
550439,1,1,1990,0,0,0,0,0,0,0,0,0,0
550439,2,1,1990,0,0,0,0,19,0,0,0,0,0
550440,1,1,1990,13,13,13,13,13,13,13,13,13,13
550440,2,1,1990,13,13,13,13,13,13,13,13,13,13
550441,1,1,1990,22,22,22,22,22,22,22,22,22,22
550442,1,1,1990,0,0,0,0,0,0,0,0,15,0
550442,2,1,1990,0,0,0,0,0,0,0,0,0,0
550443,1,1,1990,11,11,11,11,11,11,11,11,11,11
550443,2,1,1990,0,0,0,0,0,0,0,0,0,0
550444,1,1,1990,7,0,0,0,18,0,0,0,0,15
550444,2,1,1990,0,0,0,0,0,0,0,0,0,0
550445,1,1,1990,0,0,0,0,0,0,0,0,0,0
550445,2,1,1990,0,0,0,0,0,0,0,0,0,0
550446,1,1,1990,0,0,0,0,0,0,0,0,0,0
550446,2,1,1990,0,0,0,0,0,5,0,0,0,0
550447,1,1,1990,0,0,0,0,0,0,0,0,0,0
550447,2,1,1990,0,0,0,0,0,0,0,0,0,0
550448,1,1,1990,6,6,6,6,6,6,6,6,6,6
550449,1,1,1990,0,0,0,0,0,0,0,0,0,0
550449,2,1,1990,1,1,1,1,1,1,1,1,1,1
550450,1,1,1990,0,0,0,0,0,0,0,0,17,0
550451,0,1,1990,24,15,28,0,18,32,0,31,0,0
550451,0,2,1990,0,25,0,0,0,21,0,18,0,0
550451,1,1,1990,13,13,13,13,13,13,13,13,13,13
550452,1,1,1990,23,23,23,23,23,23,23,23,23,23
550453,1,1,1990,11,11,11,11,11,11,11,11,11,11
550454,1,1,1990,17,17,17,17,17,17,17,17,17,17
550455,1,1,1990,17,17,17,17,17,17,17,17,17,17
550456,0,1,1990,0,0,0,0,0,0,17,0,0,0
550456,1,1,1990,0,0,0,0,0,0,0,0,0,0
550457,1,1,1990,18,18,18,18,18,18,18,18,18,18
550458,1,1,1990,0,0,0,0,0,0,0,0,0,0
550459,1,3,1990,16,16,16,16,16,16,16,16,16,16
550460,0,1,1990,25,25,25,25,25,25,25,25,25,25
550460,1,1,1990,20,20,20,20,20,20,20,20,20,20
550461,0,1,1990,0,0,0,0,0,0,0,0,0,0
550461,1,1,1990,0,0,0,17,0,0,0,0,0,0
550462,0,1,1990,0,0,0,0,0,0,0,0,0,0
550462,1,1,1990,0,0,0,0,0,0,0,0,0,0
550463,1,1,1990,12,12,12,12,12,12,12,12,12,12
550463,2,1,1990,0,0,13,0,0,0,8,0,0,7
550464,1,1,1990,0,0,0,0,0,0,0,0,0,0
550465,1,1,1990,0,0,0,0,0,0,0,0,0,0
550465,2,1,1990,20,20,20,20,20,20,20,20,20,20
550465,3,1,1990,5,5,5,5,5,5,5,5,5,5
550467,1,1,1990,19,19,19,19,19,19,19,19,19,19
550467,2,1,1990,0,0,0,0,0,0,0,0,0,0
550468,1,1,1990,0,0,0,0,0,0,0,0,0,0
550468,2,1,1990,29,29,29,29,29,29,29,29,29,29
550469,1,1,1990,0,0,0,0,0,0,0,0,0,19
550470,1,1,1990,14,14,14,14,14,14,14,14,14,14
550471,1,1,1990,0,0,0,0,0,0,0,0,0,0
550471,2,1,1990,0,0,0,0,0,0,0,0,0,0
550472,1,1,1990,19,19,19,19,19,19,19,19,19,19
550473,1,1,1990,0,0,0,0,0,0,0,0,0,0
550473,2,1,1990,0,0,0,0,0,0,0,0,0,0
550474,1,1,1990,17,17,17,17,17,17,17,17,17,17
550475,1,1,1990,0,0,0,0,0,0,0,0,0,0
550476,1,1,1990,24,24,24,24,24,24,24,24,24,24
550477,0,1,1990,0,0,0,0,0,0,0,0,0,0
550477,1,1,1990,23,23,23,23,23,23,23,23,23,23
550478,0,1,1990,0,0,0,0,0,0,0,0,0,0
550478,1,1,1990,0,0,0,0,0,0,0,0,0,0
550479,1,1,1990,0,0,0,0,0,0,0,0,0,0
550480,1,1,1990,20,20,20,20,20,20,20,20,20,20
550481,0,1,1990,0,0,0,0,0,0,0,0,0,0
550481,1,1,1990,18,0,0,0,13,0,19,3,11,0
550482,1,1,1990,12,12,12,12,12,12,12,12,12,12
550482,2,1,1990,0,0,0,0,0,0,0,0,0,0
550483,1,1,1990,0,0,0,0,0,0,0,0,0,0
550483,2,1,1990,0,0,0,0,0,0,0,0,0,0
550483,3,1,1990,0,0,0,0,0,0,0,0,0,3
550484,1,1,1990,18,18,18,18,18,18,18,18,18,18
550485,1,1,1990,0,0,0,0,0,0,0,0,0,0
550485,2,1,1990,0,0,0,0,0,0,0,0,0,0
550486,0,1,1990,0,32,0,0,0,0,0,0,0,23
550486,1,1,1990,0,0,0,0,0,0,0,0,0,0
550487,1,1,1990,16,16,16,16,16,16,16,16,16,16
550487,2,1,1990,0,0,0,0,0,6,0,0,0,0
550488,1,1,1990,0,0,0,0,0,0,0,0,0,0
550488,2,1,1990,0,0,0,0,0,0,0,0,0,0
550489,0,1,1990,17,17,17,17,17,17,17,17,17,17
550489,1,1,1990,16,16,16,16,16,16,16,16,16,16
550490,1,1,1990,0,0,0,0,0,0,0,0,0,0
550490,2,1,1990,0,0,0,0,0,0,0,0,0,0
550491,1,1,1990,0,0,0,0,0,0,0,0,0,0
550491,2,1,1990,0,0,0,0,0,0,0,0,0,0
550492,1,1,1990,17,17,17,17,17,17,17,17,17,17
550492,2,1,1990,10,0,13,0,0,18,23,10,0,0
550492,3,1,1990,8,0,6,0,13,0,12,13,26,0
550493,1,1,1990,0,0,0,0,0,0,0,0,0,0
550493,2,1,1990,0,0,0,0,0,0,0,0,0,0
550494,1,1,1990,0,0,0,0,0,0,0,0,0,0
550494,2,1,1990,0,0,0,0,0,0,0,0,0,0
550495,1,1,1990,0,0,0,0,0,0,0,0,0,0
550495,2,1,1990,0,0,0,0,0,0,0,0,0,0
550496,1,1,1990,17,17,17,17,17,17,17,17,17,17
550496,2,1,1990,0,0,0,0,0,0,0,0,0,0
550497,1,1,1990,0,0,0,0,0,0,0,0,0,0
550497,2,1,1990,0,0,0,0,0,0,0,0,0,0
550499,1,1,1990,10,10,10,10,10,10,10,10,10,10
550499,2,1,1990,0,6,0,8,0,0,7,7,22,15
550500,1,1,1990,10,10,10,10,10,10,10,10,10,10
550501,1,1,1990,16,16,16,16,16,16,16,16,16,16
550502,0,1,1990,0,0,0,0,0,0,0,0,0,0
550502,1,1,1990,0,0,0,0,0,0,0,0,0,13
550503,0,1,1990,0,0,0,0,0,0,0,0,0,0
550503,1,1,1990,0,0,0,0,0,0,0,0,0,0
550504,1,1,1990,0,0,0,0,0,0,0,0,0,0
550505,1,1,1990,0,0,0,0,0,0,0,0,0,0
550506,1,1,1990,0,0,0,0,0,0,0,0,0,0
550506,2,1,1990,0,0,0,0,0,0,0,0,0,0
550507,1,1,1990,16,16,16,16,16,16,16,16,16,16
550507,2,1,1990,0,0,0,0,0,0,0,0,0,0
550508,0,1,1990,0,0,0,0,0,0,0,0,0,0
550508,1,1,1990,0,0,0,0,0,0,0,0,0,13
550509,0,1,1990,0,0,0,0,0,0,0,0,0,0