ST_CASE,VEH_NO,PER_NO,YEAR,P1,P2,P3,P4,P5,P6,P7,P8,P9,P10
550509,1,1,1990,0,0,0,0,0,0,0,0,0,0
550510,0,1,1990,0,0,0,0,0,12,0,0,4,0
550510,1,1,1990,0,0,0,0,0,0,0,0,0,0
550511,1,1,1990,0,0,9,0,0,0,0,19,0,0
550511,2,1,1990,0,0,0,0,0,0,0,0,0,0
550512,1,1,1990,16,16,16,16,16,16,16,16,16,16
550513,1,1,1990,0,0,0,0,0,0,0,0,0,0
550513,2,1,1990,18,0,0,0,0,0,0,7,0,0
550513,3,1,1990,0,0,16,0,0,0,0,0,0,0
550514,1,1,1990,0,0,0,0,0,0,0,0,0,0
550514,2,1,1990,0,0,0,0,0,0,0,0,0,0
550515,1,1,1990,0,0,0,0,0,0,0,0,0,0
550515,2,1,1990,0,0,0,0,0,0,0,0,0,0
550516,1,1,1990,0,0,0,0,0,0,0,0,0,0
550516,2,1,1990,0,0,0,0,0,0,0,0,0,0
550517,1,1,1990,14,14,14,14,14,14,14,14,14,14
550518,1,1,1990,24,24,24,24,24,24,24,24,24,24
550518,2,1,1990,0,0,0,0,0,0,0,0,0,0
550519,1,1,1990,0,0,0,0,0,0,0,0,0,0
550519,2,1,1990,0,0,0,0,0,0,0,30,0,0
550520,1,1,1990,0,0,0,0,0,0,0,0,0,0
550521,1,1,1990,0,0,0,0,0,0,0,0,0,0
550521,2,1,1990,0,0,0,0,0,0,0,0,0,0
550522,1,1,1990,0,0,0,0,0,0,0,0,0,0
550522,2,1,1990,0,0,0,0,0,0,0,0,0,0
550523,1,1,1990,0,0,14,0,0,0,0,0,0,0
550523,2,1,1990,0,0,0,0,0,0,0,0,0,0
550523,3,1,1990,0,0,0,0,0,0,0,0,0,0
550523,4,1,1990,0,0,0,0,6,0,0,0,0,0
550524,1,1,1990,24,24,24,24,24,24,24,24,24,24
550524,2,1,1990,0,0,0,17,0,0,0,0,0,0
550525,1,1,1990,0,0,0,0,0,0,0,0,0,0
550525,2,1,1990,0,0,0,0,0,0,0,0,0,0
550526,1,1,1990,13,13,13,13,13,13,13,13,13,13
550526,2,1,1990,21,21,21,21,21,21,21,21,21,21
550527,1,1,1990,0,0,0,0,0,0,0,0,0,0
550527,2,1,1990,0,0,0,0,0,0,0,0,0,0
550528,1,1,1990,8,8,8,8,8,8,8,8,8,8
550529,0,1,1990,0,0,0,0,0,0,0,0,0,0
550529,1,1,1990,0,23,0,0,0,0,0,0,0,0
550530,1,1,1990,0,0,0,0,0,0,0,0,0,0
550530,2,1,1990,0,0,0,0,0,0,0,0,0,0
550531,1,1,1990,0,0,0,0,0,0,0,0,0,0
550531,2,10,1990,0,0,0,0,0,0,0,0,0,0
550532,1,1,1990,18,18,18,18,18,18,18,18,18,18
550533,1,1,1990,19,19,19,19,19,19,19,19,19,19
550534,1,2,1990,0,0,0,0,0,0,0,0,0,0
550534,2,1,1990,0,0,0,7,0,0,0,0,5,0
550535,1,1,1990,13,13,13,13,13,13,13,13,13,13
550536,1,1,1990,0,0,0,0,0,0,0,0,0,0
550536,2,1,1990,0,0,0,0,0,0,0,0,0,0
550537,1,1,1990,0,0,0,0,0,0,0,0,0,0
550538,1,1,1990,15,15,15,15,15,15,15,15,15,15
550538,2,1,1990,0,0,0,0,0,0,0,0,0,0
550538,3,1,1990,0,0,0,0,0,0,0,0,0,0
550539,1,1,1990,14,14,14,14,14,14,14,14,14,14
550540,1,1,1990,13,13,13,13,13,13,13,13,13,13
550541,1,1,1990,17,17,17,17,17,17,17,17,17,17
550542,1,1,1990,0,0,0,0,0,0,0,0,0,0
550542,2,1,1990,0,0,0,0,0,0,0,0,0,0
550543,1,1,1990,0,0,0,0,0,0,0,0,0,0
550543,2,1,1990,0,0,0,0,0,0,0,0,0,0
550544,1,1,1990,0,0,0,0,0,0,0,0,0,0
550544,2,1,1990,0,0,0,0,0,0,0,0,0,0
550544,3,1,1990,0,0,0,0,0,0,0,0,0,0
550545,0,1,1990,0,0,0,27,0,0,0,0,0,0
550545,0,2,1990,0,0,0,0,0,0,0,0,0,0
550545,1,1,1990,0,0,0,0,0,0,0,0,0,0
550546,1,1,1990,28,28,28,28,28,28,28,28,28,28
550547,1,1,1990,0,0,0,0,0,0,0,0,0,0
550547,2,1,1990,0,0,0,0,0,0,0,0,0,0
550548,1,1,1990,9,3,0,0,7,0,0,0,0,0
550548,2,1,1990,0,0,0,0,0,0,0,0,0,0
550549,1,1,1990,29,29,29,29,29,29,29,29,29,29
550550,1,1,1990,0,0,0,0,0,0,0,0,0,0
550550,2,1,1990,0,0,0,0,0,0,0,0,0,0
550551,1,1,1990,0,0,5,6,16,0,0,7,0,14
550551,2,1,1990,21,21,21,21,21,21,21,21,21,21
550552,1,1,1990,1,1,1,1,1,1,1,1,1,1
550553,1,1,1990,0,0,0,0,0,0,0,0,0,0
550553,2,1,1990,0,0,0,0,0,0,0,0,0,0
550553,3,1,1990,0,0,0,0,3,0,0,0,0,0
550554,1,1,1990,0,0,0,0,0,0,0,0,0,0
550554,2,1,1990,0,0,0,0,0,0,0,0,0,0
550555,1,1,1990,0,0,0,0,0,0,0,0,0,0
550555,2,1,1990,0,0,0,0,0,0,0,0,0,0
550556,1,1,1990,16,16,16,16,16,16,16,16,16,16
550556,2,1,1990,0,0,0,0,0,0,0,0,0,0
550557,1,1,1990,30,30,30,30,30,30,30,30,30,30
550558,1,1,1990,13,13,13,13,13,13,13,13,13,13
550559,1,1,1990,0,33,0,0,0,0,0,21,0,0
550560,1,1,1990,24,24,24,24,24,24,24,24,24,24
550560,2,1,1990,0,3,0,0,0,0,0,0,0,0
550561,1,1,1990,15,15,15,15,15,15,15,15,15,15
550562,1,1,1990,25,25,25,25,25,25,25,25,25,25
550563,1,1,1990,15,15,15,15,15,15,15,15,15,15
550563,2,1,1990,0,0,13,0,0,11,0,0,12,0
550565,1,1,1990,0,0,0,0,0,0,0,0,0,0
550566,1,1,1990,0,0,0,0,0,0,0,0,0,0
550567,1,1,1990,28,28,28,28,28,28,28,28,28,28
550567,2,1,1990,9,5,34,0,0,0,0,11,0,4
550568,1,1,1990,16,16,16,16,16,16,16,16,16,16
550569,0,1,1990,0,0,0,0,0,0,0,0,0,0
550569,1,1,1990,0,0,0,0,0,0,0,0,0,0
550570,1,1,1990,29,29,29,29,29,29,29,29,29,29
550571,1,1,1990,0,0,0,0,0,0,0,0,0,0
550571,2,1,1990,0,0,27,0,0,0,0,0,0,0
550572,1,1,1990,0,0,0,0,0,0,0,0,0,0
550573,1,1,1990,18,18,18,18,18,18,18,18,18,18
550574,1,1,1990,8,8,8,8,8,8,8,8,8,8
550575,1,1,1990,16,16,16,16,16,16,16,16,16,16
550576,1,1,1990,0,0,0,0,0,0,0,0,0,0
550577,1,1,1990,18,18,18,18,18,18,18,18,18,18
550578,1,1,1990,21,21,21,21,21,21,21,21,21,21
550579,1,1,1990,0,0,0,0,0,0,0,0,0,0
550579,2,1,1990,0,0,0,0,0,0,0,0,0,0
550580,1,1,1990,22,22,22,22,22,22,22,22,22,22
550581,0,1,1990,0,0,0,0,0,0,0,0,0,0
550581,1,1,1990,0,0,0,0,0,0,0,0,0,0
550582,1,1,1990,23,23,23,23,23,23,23,23,23,23
550582,2,1,1990,0,0,0,0,0,0,0,0,0,0
550583,1,1,1990,0,0,0,0,0,0,0,0,0,0
550583,2,1,1990,10,10,10,10,10,10,10,10,10,10
550584,0,1,1990,10,10,10,10,10,10,10,10,10,10
550584,1,1,1990,9,9,9,9,9,9,9,9,9,9
550585,1,1,1990,11,11,11,11,11,11,11,11,11,11
550586,1,1,1990,0,0,0,0,0,0,0,0,0,0
550587,1,1,1990,0,0,0,0,0,0,0,8,0,0
550587,2,1,1990,0,0,0,0,0,0,0,0,0,0
550588,1,2,1990,0,0,0,0,0,0,0,0,0,0
550589,1,1,1990,26,26,26,26,26,26,26,26,26,26
550590,0,1,1990,0,0,0,0,0,0,0,0,0,0
550590,1,1,1990,0,0,0,0,0,0,0,0,0,0
550591,0,1,1990,31,0,0,0,15,39,0,0,0,0
550591,1,1,1990,20,20,20,20,20,20,20,20,20,20
550592,1,1,1990,0,0,0,0,0,0,0,0,0,0
550593,1,1,1990,7,14,15,0,14,12,37,15,24,8
550593,2,1,1990,5,10,0,0,0,0,8,0,0,2
550594,1,1,1990,15,15,15,15,15,15,15,15,15,15
550595,1,1,1990,0,0,0,0,0,0,0,0,0,0
550596,1,1,1990,0,0,0,0,0,0,0,0,0,11
550596,2,1,1990,0,0,0,0,0,0,0,0,0,0
550597,1,1,1990,0,0,0,0,0,0,0,0,0,0
550597,2,1,1990,0,0,0,0,0,0,0,0,0,0
550598,1,1,1990,18,18,18,18,18,18,18,18,18,18
550598,2,1,1990,0,0,0,0,0,0,0,0,0,0
550599,1,1,1990,0,0,0,0,0,0,0,0,0,0
550599,2,1,1990,16,0,0,0,0,0,0,0,0,0
550600,1,1,1990,0,13,0,7,0,0,0,0,0,0
550600,2,1,1990,0,0,0,0,0,0,0,0,0,0
550601,1,1,1990,21,21,21,21,21,21,21,21,21,21
550602,0,1,1990,0,0,19,0,0,0,0,0,0,0
550602,1,1,1990,0,0,0,0,0,0,0,0,0,0
550602,2,1,1990,0,0,0,9,5,0,0,21,17,0
550603,1,1,1990,10,10,10,10,10,10,10,10,10,10
550604,1,1,1990,4,4,4,4,4,4,4,4,4,4
550604,2,1,1990,11,11,11,11,11,11,11,11,11,11
550605,1,1,1990,21,21,21,21,21,21,21,21,21,21
550606,0,1,1990,0,0,0,0,0,0,0,0,0,0
550606,1,1,1990,0,0,0,0,0,0,0,0,0,0
550607,1,1,1990,8,8,8,8,8,8,8,8,8,8
550608,1,1,1990,0,0,0,0,0,0,0,0,0,0
550608,2,1,1990,0,0,0,0,0,0,0,0,0,0
550609,1,1,1990,0,0,0,0,0,0,0,0,0,0
550609,2,1,1990,0,0,7,0,0,0,0,0,0,0
550610,1,1,1990,0,0,0,0,0,0,0,0,0,0
550610,2,1,1990,0,0,0,0,0,0,0,0,0,0
550611,1,1,1990,0,0,0,0,0,0,0,0,0,0
550612,1,1,1990,27,27,27,27,27,27,27,27,27,27
550613,0,1,1990,23,23,23,23,23,23,23,23,23,23
550613,1,1,1990,17,17,17,17,17,17,17,17,17,17
550614,1,1,1990,0,0,0,0,0,0,0,0,0,0
550614,2,1,1990,0,0,0,0,0,5,0,0,0,0
550615,0,1,1990,0,0,0,0,18,0,0,33,0,0
550615,0,2,1990,36,0,17,0,0,13,0,0,12,0
550615,1,1,1990,0,0,0,0,0,0,0,0,0,0
550616,1,1,1990,8,8,8,8,8,8,8,8,8,8
550616,2,1,1990,16,16,16,16,16,16,16,16,16,16
550617,0,1,1990,0,0,0,0,0,0,0,0,0,0
550617,1,1,1990,0,0,0,0,0,0,0,0,0,0
550618,1,1,1990,10,10,10,10,10,10,10,10,10,10
550619,1,1,1990,19,19,19,19,19,19,19,19,19,19
550619,2,1,1990,11,11,11,11,11,11,11,11,11,11
550620,1,2,1990,0,0,0,0,0,0,0,0,0,0
550621,1,1,1990,17,17,17,17,17,17,17,17,17,17
550622,1,1,1990,25,25,25,25,25,25,25,25,25,25
550623,1,1,1990,0,0,0,0,0,0,0,0,0,0
550623,2,1,1990,0,0,0,0,0,0,0,0,0,0
550623,3,1,1990,0,0,0,0,0,0,0,0,0,0
550624,1,1,1990,0,0,0,0,0,0,0,0,0,0
550624,2,1,1990,0,0,0,0,0,0,0,0,0,0
550625,1,1,1990,0,0,0,0,0,0,0,0,0,0
550625,2,1,1990,20,0,4,0,0,0,0,0,0,0
550626,1,1,1990,14,14,14,14,14,14,14,14,14,14
550627,1,1,1990,0,0,0,0,0,0,0,0,0,0
550627,2,1,1990,0,0,0,0,0,30,0,0,0,0
550627,3,1,1990,0,0,14,0,0,0,0,0,0,0
550628,1,1,1990,21,21,21,21,21,21,21,21,21,21
550628,2,1,1990,0,0,8,18,0,0,0,0,0,0
550629,1,1,1990,0,0,0,0,0,0,0,0,0,0
550629,2,1,1990,0,0,0,0,0,0,0,0,0,0
550630,1,1,1990,0,0,0,0,0,0,0,0,0,0
550630,2,1,1990,0,14,0,0,9,0,0,0,0,0
550631,1,1,1990,0,0,0,0,0,0,0,0,0,0
550631,2,1,1990,0,0,0,0,0,0,0,0,0,0
550632,1,1,1990,13,13,13,13,13,13,13,13,13,13
550634,1,1,1990,0,0,0,0,0,0,0,0,0,0
550634,2,1,1990,0,0,0,0,0,0,0,0,0,0
550635,1,1,1990,20,20,20,20,20,20,20,20,20,20
550635,2,1,1990,0,0,0,0,0,0,0,0,0,0
550636,1,1,1990,31,31,31,31,31,31,31,31,31,31
550638,1,1,1990,0,0,0,0,0,0,0,0,0,0
550639,1,1,1990,0,0,0,0,0,0,0,0,0,0
550639,2,1,1990,0,0,0,14,0,0,0,0,0,0
550640,1,1,1990,21,21,21,21,21,21,21,21,21,21
550641,0,1,1990,36,36,36,36,36,36,36,36,36,36
550641,1,1,1990,0,0,0,0,0,0,20,0,0,0
550642,1,1,1990,0,0,0,0,0,0,0,0,0,0
550643,1,1,1990,0,0,0,0,0,0,0,0,0,0
550643,2,1,1990,0,0,0,0,0,0,0,0,0,0
550644,0,1,1990,0,0,0,0,0,0,0,0,0,0
550644,1,1,1990,0,0,0,0,0,0,0,0,0,0
550645,1,1,1990,22,22,22,22,22,22,22,22,22,22
550646,1,1,1990,0,0,0,0,0,0,0,0,0,0
550646,2,1,1990,0,0,0,0,0,0,0,0,0,0
550647,1,1,1990,0,0,0,0,0,0,0,0,0,0
550647,2,1,1990,0,0,0,0,0,0,0,0,0,0
550648,1,1,1990,38,38,38,38,38,38,38,38,38,38
550648,2,1,1990,0,0,0,0,0,0,0,0,0,0
550648,3,1,1990,0,0,0,0,0,0,0,0,0,0
550649,1,1,1990,26,26,26,26,26,26,26,26,26,26
550650,0,1,1990,0,0,0,0,0,0,0,0,0,0
550650,1,1,1990,0,0,0,0,0,0,0,0,0,0
550651,1,1,1990,8,8,8,8,8,8,8,8,8,8
550652,1,1,1990,0,3,0,0,26,21,4,0,0,10
550654,1,1,1990,0,0,7,0,0,0,0,0,0,0
550654,2,1,1990,0,17,0,0,0,6,0,0,0,0
550655,1,1,1990,0,0,0,0,0,0,0,0,0,0
550655,2,1,1990,0,0,0,0,0,0,0,0,0,0
550656,1,1,1990,0,0,0,0,0,0,0,0,0,0
550656,2,1,1990,20,20,20,20,20,20,20,20,20,20
550657,1,1,1990,0,0,0,0,0,0,0,0,0,0
550657,2,1,1990,0,0,0,0,0,0,0,0,0,0
550658,1,1,1990,0,0,0,0,0,0,0,0,0,0
550658,2,1,1990,0,0,0,0,0,0,0,0,0,0
550659,1,1,1990,0,0,0,0,0,0,0,0,0,0
550659,2,1,1990,0,0,0,0,0,0,0,0,0,0
550660,1,1,1990,0,0,0,0,0,0,0,0,0,0
550660,2,1,1990,0,0,0,0,0,0,0,0,0,0
550661,1,1,1990,0,0,0,0,0,0,0,0,0,0
550662,1,1,1990,0,0,0,0,0,0,0,0,0,0
550662,2,1,1990,0,0,0,0,0,0,0,0,0,0
550663,2,1,1990,0,0,0,0,0,0,0,0,0,0
550663,3,1,1990,0,0,0,0,0,0,0,0,0,0
550664,1,1,1990,28,28,28,28,28,28,28,28,28,28
550666,0,1,1990,22,22,22,22,22,22,22,22,22,22
550666,1,1,1990,2,0,0,0,0,0,0,0,0,0
550667,1,1,1990,0,0,15,0,0,0,0,0,0,0
550667,2,1,1990,0,0,0,0,0,0,0,0,0,0
550668,1,1,1990,23,23,23,23,23,23,23,23,23,23
550669,1,1,1990,0,0,0,0,0,0,0,0,0,0
550670,1,1,1990,1,1,1,1,1,1,1,1,1,1
550671,1,1,1990,0,0,0,0,0,0,0,0,10,0
550671,2,1,1990,0,0,0,0,0,0,0,0,0,0
550672,1,1,1990,0,0,0,0,12,0,0,0,0,10
550672,2,1,1990,0,0,0,0,0,0,0,0,0,0
550673,1,1,1990,0,0,0,0,0,0,0,0,0,0
550674,1,1,1990,0,0,0,0,0,0,0,0,0,0
550674,2,1,1990,0,0,0,0,0,0,0,0,0,0
550675,1,1,1990,24,24,24,24,24,24,24,24,24,24
550675,2,1,1990,0,0,0,0,0,0,0,0,0,0
550676,1,1,1990,0,0,0,0,0,0,0,0,0,0
550676,2,1,1990,0,0,0,0,0,0,0,0,0,0
550676,3,1,1990,0,0,0,0,0,0,0,0,0,0
550676,4,1,1990,0,0,0,0,0,0,5,0,22,23
550677,1,1,1990,10,10,10,10,10,10,10,10,10,10
550677,2,1,1990,8,8,8,8,8,8,8,8,8,8
550678,1,1,1990,0,0,0,0,0,0,0,0,0,0
550678,2,1,1990,0,0,0,0,0,0,0,0,0,0
550679,1,1,1990,16,16,16,16,16,16,16,16,16,16
550679,2,1,1990,0,0,0,0,0,0,0,0,0,0
550680,1,1,1990,9,18,10,13,12,0,0,18,25,22
550681,1,1,1990,23,23,23,23,23,23,23,23,23,23
550682,1,1,1990,0,0,0,0,0,0,0,0,0,0
550682,2,1,1990,0,0,0,0,0,0,0,0,0,0
550683,0,1,1990,0,0,0,0,0,0,0,0,0,0
550683,1,1,1990,0,0,0,0,0,0,0,0,0,0
550684,1,1,1990,0,0,0,0,0,0,0,0,4,0
550685,1,1,1990,0,0,0,0,0,0,12,0,0,0
550685,2,1,1990,15,15,15,15,15,15,15,15,15,15
550686,1,1,1990,0,0,5,0,0,0,0,0,0,0
550686,2,1,1990,0,0,0,0,0,0,0,0,0,0
550687,1,1,1990,0,0,0,0,0,0,0,0,0,23
550687,2,1,1990,0,0,0,0,0,0,0,0,0,0
550688,1,1,1990,21,0,0,0,0,0,0,0,0,0
550689,1,1,1990,9,0,0,0,0,0,0,0,0,0
550689,2,1,1990,0,0,0,0,0,0,0,0,0,0
550690,1,1,1990,11,11,11,11,11,11,11,11,11,11
550691,1,1,1990,0,0,0,0,0,0,0,0,0,0
550691,2,1,1990,0,0,0,0,0,0,0,0,0,0
550692,0,1,1990,24,0,0,0,0,17,0,0,0,0
550692,1,1,1990,0,0,0,0,0,0,0,0,11,0
550692,2,1,1990,0,25,0,15,15,0,0,0,24,32
550693,1,1,1990,13,0,0,0,11,0,0,0,9,0
550693,2,1,1990,0,0,0,0,0,0,0,0,0,0
550694,1,1,1990,0,0,0,0,0,0,0,0,0,0
550695,1,1,1990,29,0,5,16,15,3,11,8,0,0
560001,1,1,1990,0,0,0,0,0,0,0,0,0,0
560002,1,1,1990,4,4,4,4,4,4,4,4,4,4
560002,2,1,1990,14,20,0,0,0,0,0,18,13,0
560003,1,1,1990,19,19,19,19,19,19,19,19,19,19
560004,1,1,1990,7,15,0,11,41,0,22,0,27,0
560005,1,1,1990,33,33,33,33,33,33,33,33,33,33
560005,2,1,1990,0,0,0,0,0,0,0,0,0,0
560006,1,1,1990,16,0,6,11,8,12,7,12,6,0
560007,1,1,1990,25,25,25,25,25,25,25,25,25,25
560008,1,1,1990,18,18,18,18,18,18,18,18,18,18
560009,0,1,1990,4,4,4,4,4,4,4,4,4,4
560009,1,1,1990,8,0,0,0,0,10,15,0,21,0
560010,1,1,1990,9,9,9,9,9,9,9,9,9,9
560011,1,1,1990,19,18,15,37,25,13,24,21,23,24
560012,1,1,1990,0,0,0,0,0,0,0,0,0,0
560012,2,1,1990,0,0,0,0,25,0,0,0,0,0
560013,1,1,1990,0,0,13,0,0,0,0,0,0,0
560014,1,1,1990,0,0,0,0,0,0,0,0,0,0
560015,1,1,1990,0,0,0,0,0,0,0,0,0,0
560015,2,1,1990,36,36,36,36,36,36,36,36,36,36
560015,3,1,1990,0,0,0,0,0,0,0,0,0,0
560016,1,1,1990,28,28,28,28,28,28,28,28,28,28
560017,1,1,1990,20,20,20,20,20,20,20,20,20,20
560017,2,1,1990,0,0,0,21,0,0,0,0,0,0
560018,1,1,1990,13,13,13,13,13,13,13,13,13,13
560018,2,1,1990,0,0,0,0,0,0,0,0,0,11
560019,1,1,1990,0,0,0,0,0,0,0,0,0,0
560019,2,1,1990,0,0,0,0,0,0,0,0,0,0
560020,1,1,1990,24,24,24,24,24,24,24,24,24,24
560021,1,1,1990,32,32,32,32,32,32,32,32,32,32
560021,2,1,1990,0,0,0,0,0,0,0,0,0,0
560022,1,1,1990,0,0,0,0,0,0,0,0,0,0
560022,2,1,1990,0,0,17,0,0,0,0,0,0,0
560023,1,1,1990,25,25,25,25,25,25,25,25,25,25
560024,1,1,1990,22,22,22,22,22,22,22,22,22,22
560025,1,1,1990,0,0,4,20,0,14,0,0,0,16
560026,1,1,1990,0,0,0,0,0,0,0,0,0,0
560027,1,1,1990,0,0,0,0,0,0,0,0,0,0
560028,1,1,1990,10,10,10,10,10,10,10,10,10,10
560029,1,1,1990,22,22,22,22,22,22,22,22,22,22
560029,2,1,1990,10,10,10,10,10,10,10,10,10,10
560030,1,1,1990,0,0,0,0,0,0,0,0,0,0
560032,1,1,1990,0,0,0,0,0,0,0,0,0,0
560032,2,1,1990,0,0,0,0,0,0,0,0,0,0
560032,3,1,1990,0,0,0,6,0,0,0,0,0,0
560033,1,1,1990,0,0,0,0,0,0,0,0,0,0
560034,1,1,1990,6,6,6,6,6,6,6,6,6,6
560035,1,1,1990,0,0,0,0,0,0,0,0,0,0
560036,1,1,1990,5,5,5,5,5,5,5,5,5,5
560036,2,1,1990,21,21,21,21,21,21,21,21,21,21
560037,1,1,1990,0,0,0,0,0,0,0,0,0,0
560038,1,1,1990,10,10,10,10,10,10,10,10,10,10
560038,2,1,1990,0,0,0,0,0,0,0,0,0,0
560039,1,1,1990,10,10,10,10,10,10,10,10,10,10
560040,1,1,1990,0,0,0,0,0,0,0,0,0,0
560041,1,1,1990,0,0,0,0,6,27,0,0,0,14
560042,0,1,1990,31,31,31,31,31,31,31,31,31,31
560042,0,2,1990,0,24,13,13,5,0,0,13,20,18
560042,0,3,1990,34,20,8,14,21,0,15,25,22,40
560042,1,1,1990,11,11,11,11,11,11,11,11,11,11
560043,1,1,1990,3,3,3,3,3,3,3,3,3,3
560043,2,1,1990,0,0,0,0,0,0,0,9,0,0
560044,1,1,1990,0,0,0,0,0,0,0,0,0,0
560045,1,1,1990,8,8,8,8,8,8,8,8,8,8
560045,2,1,1990,0,0,0,11,0,0,0,0,0,0
560046,1,1,1990,0,0,0,0,0,0,0,0,0,0
560047,1,1,1990,21,21,21,21,21,21,21,21,21,21
560048,1,1,1990,10,10,10,10,10,10,10,10,10,10
560049,1,1,1990,8,8,8,8,8,8,8,8,8,8
560050,1,1,1990,22,22,22,22,22,22,22,22,22,22
560051,1,1,1990,0,0,0,0,0,0,0,0,0,0
560051,2,1,1990,0,0,0,0,0,0,0,0,0,0
560052,1,1,1990,0,0,0,0,0,0,0,0,0,0
560052,2,1,1990,0,0,0,0,0,0,0,0,0,0
560053,1,1,1990,0,0,0,0,0,11,0,0,0,0
560053,2,1,1990,0,0,0,11,0,0,0,0,0,0
560054,1,1,1990,17,17,17,17,17,17,17,17,17,17
560055,0,1,1990,3,3,3,3,3,3,3,3,3,3
560055,1,1,1990,0,0,0,0,0,0,0,0,0,0
560056,1,1,1990,0,0,0,0,0,0,0,0,0,0
560057,1,1,1990,4,4,4,4,4,4,4,4,4,4
560057,2,1,1990,0,7,0,0,0,0,0,0,21,0
560058,1,1,1990,6,0,0,8,0,0,0,0,0,0
560058,2,1,1990,0,0,0,0,0,0,0,0,0,0
560059,1,1,1990,27,27,27,27,27,27,27,27,27,27
560060,0,1,1990,0,0,0,0,0,0,0,0,0,0
560060,1,1,1990,0,0,0,0,0,0,0,0,0,0
560061,1,1,1990,0,0,0,0,0,0,0,0,0,0
560062,1,1,1990,26,0,0,10,0,0,0,17,14,0
560063,1,1,1990,0,0,0,0,0,0,0,0,0,0
560064,1,1,1990,0,0,0,0,0,0,0,0,0,0
560065,1,1,1990,18,18,18,18,18,18,18,18,18,18
560065,2,1,1990,0,0,0,0,0,0,0,0,0,0
560066,0,1,1990,0,0,0,0,0,0,0,0,0,0
560066,1,1,1990,0,0,0,0,0,0,0,0,0,0
560067,1,1,1990,26,26,26,26,26,26,26,26,26,26
560067,2,1,1990,0,0,0,0,0,16,0,10,0,0
560068,1,1,1990,0,0,0,0,0,0,0,0,0,0
560069,1,1,1990,18,18,18,18,18,18,18,18,18,18
560070,1,1,1990,38,38,38,38,38,38,38,38,38,38
560071,1,1,1990,0,0,0,0,16,0,0,0,0,9
560072,1,1,1990,16,16,16,16,16,16,16,16,16,16
560073,1,1,1990,45,45,45,45,45,45,45,45,45,45
560074,1,1,1990,0,0,0,0,0,0,0,0,0,0
560075,1,1,1990,36,36,36,36,36,36,36,36,36,36
560076,1,1,1990,0,7,11,0,0,0,16,0,0,0
560077,1,1,1990,21,0,0,0,0,0,0,0,12,0
560078,1,1,1990,0,0,0,0,12,0,13,0,0,0
560079,1,1,1990,5,5,5,5,5,5,5,5,5,5
560080,1,1,1990,16,16,16,16,16,16,16,16,16,16
560081,1,1,1990,3,3,3,3,3,3,3,3,3,3
560081,2,1,1990,10,10,10,10,10,10,10,10,10,10
560082,0,1,1990,0,0,0,0,0,0,0,0,0,0
560082,1,1,1990,0,0,0,0,0,0,0,0,0,0
560083,1,1,1990,0,0,0,0,0,0,0,0,0,0
560083,2,1,1990,0,0,0,0,0,0,0,0,0,0
560084,1,1,1990,6,6,6,6,6,6,6,6,6,6
560085,1,1,1990,9,9,9,9,9,9,9,9,9,9
560086,1,1,1990,18,18,18,18,18,18,18,18,18,18
560086,2,1,1990,0,0,0,0,0,0,0,0,0,0
560087,1,1,1990,22,22,22,22,22,22,22,22,22,22
560088,1,1,1990,0,0,0,0,0,0,0,0,0,0
560088,2,1,1990,0,0,0,0,0,0,6,0,0,10
560088,3,1,1990,0,0,0,0,0,0,0,9,0,0
560089,1,1,1990,16,16,16,16,16,16,16,16,16,16
560090,1,1,1990,14,14,14,14,14,14,14,14,14,14
560092,1,1,1990,19,19,19,19,19,19,19,19,19,19
560093,1,1,1990,0,0,0,0,0,0,0,0,0,0
560094,1,1,1990,32,32,32,32,32,32,32,32,32,32
560095,1,1,1990,5,5,5,5,5,5,5,5,5,5
560096,1,1,1990,12,12,12,12,12,12,12,12,12,12
560096,2,1,1990,1,1,1,1,1,1,1,1,1,1
560097,0,1,1990,23,0,0,0,20,0,0,0,0,0
560097,1,1,1990,0,0,0,0,0,0,0,0,0,0
560098,1,1,1990,27,27,27,27,27,27,27,27,27,27
560099,1,1,1990,0,0,0,0,0,0,0,0,0,0
560099,2,1,1990,0,0,0,21,0,0,0,0,0,0
560099,3,1,1990,0,0,0,0,0,0,0,0,0,0
560100,1,1,1990,0,0,7,0,0,3,0,0,0,0
560101,0,1,1990,29,29,29,29,29,29,29,29,29,29
560101,1,1,1990,0,0,0,0,0,0,0,0,0,0
560102,1,1,1990,11,11,11,11,11,11,11,11,11,11
560103,1,1,1990,23,23,23,23,23,23,23,23,23,23
560104,1,1,1990,0,0,0,0,0,0,0,0,0,0
560105,1,1,1990,26,26,26,26,26,26,26,26,26,26
560106,1,1,1990,0,0,0,0,0,0,0,0,0,0
560106,2,1,1990,0,0,0,0,0,0,0,0,0,0
560107,1,1,1990,0,0,0,0,0,0,0,0,0,0
560107,2,1,1990,0,0,0,0,0,0,0,0,0,0