ST_CASE,VEH_NO,PER_NO,YEAR,P1,P2,P3,P4,P5,P6,P7,P8,P9,P10
60001,0,1,1990,0,9,0,10,0,0,0,0,0,0
60001,1,1,1990,0,10,0,0,0,0,0,0,0,0
60002,1,1,1990,20,20,20,20,20,20,20,20,20,20
60003,1,1,1990,19,19,19,19,19,19,19,19,19,19
60004,1,1,1990,13,13,13,13,13,13,13,13,13,13
60005,1,1,1990,0,0,0,0,0,0,0,0,0,0
60005,2,1,1990,0,0,0,0,0,0,0,0,0,0
60006,0,1,1990,0,0,0,0,0,0,0,0,0,0
60006,1,1,1990,0,0,0,0,0,0,0,0,0,0
60007,0,1,1990,0,0,0,0,0,0,0,0,0,0
60007,1,1,1990,0,0,0,0,0,0,0,0,0,0
60007,2,1,1990,0,0,0,0,0,0,0,0,0,0
60008,0,1,1990,5,5,5,5,5,5,5,5,5,5
60008,1,1,1990,0,0,0,0,0,0,0,0,0,0
60009,1,1,1990,0,0,0,0,0,0,0,0,0,0
60010,1,1,1990,15,15,15,15,15,15,15,15,15,15
60010,2,1,1990,21,21,21,21,21,21,21,21,21,21
60011,1,1,1990,13,13,13,13,13,13,13,13,13,13
60012,1,1,1990,9,9,9,9,9,9,9,9,9,9
60013,1,1,1990,12,6,14,8,25,29,10,23,25,10
60014,1,1,1990,15,15,15,15,15,15,15,15,15,15
60014,2,1,1990,12,12,11,0,16,16,0,0,0,17
60015,1,1,1990,12,12,12,12,12,12,12,12,12,12
60016,0,1,1990,0,0,0,0,0,0,0,0,0,0
60016,1,1,1990,0,0,0,0,0,0,0,0,0,0
60017,1,1,1990,0,0,0,10,0,0,0,0,0,0
60017,2,1,1990,0,7,0,0,0,9,0,0,0,0
60017,3,1,1990,0,0,0,0,0,0,0,0,0,0
60017,4,1,1990,0,0,0,0,0,0,0,0,0,0
60018,1,1,1990,20,20,20,20,20,20,20,20,20,20
60019,1,1,1990,2,2,2,2,2,2,2,2,2,2
60020,1,1,1990,4,4,4,4,4,4,4,4,4,4
60021,1,1,1990,0,0,0,0,0,0,0,0,0,0
60022,0,1,1990,0,0,0,0,0,0,0,0,0,0
60022,0,2,1990,0,9,17,11,30,0,0,0,17,0
60022,1,1,1990,24,24,24,24,24,24,24,24,24,24
60023,1,1,1990,19,19,19,19,19,19,19,19,19,19
60024,1,1,1990,11,11,11,11,11,11,11,11,11,11
60024,2,1,1990,7,5,22,7,9,9,23,16,0,0
60025,1,1,1990,28,28,28,28,28,28,28,28,28,28
60026,1,1,1990,0,0,0,0,0,0,0,0,0,0
60027,0,1,1990,24,24,24,24,24,24,24,24,24,24
60028,0,1,1990,0,0,0,0,0,0,0,0,0,0
60028,1,1,1990,0,0,0,0,0,0,0,0,0,0
60029,1,1,1990,11,11,11,11,11,11,11,11,11,11
60030,1,1,1990,0,0,0,0,0,0,0,0,0,0
60030,2,1,1990,0,0,0,0,0,0,0,0,0,0
60030,3,1,1990,0,0,0,0,0,0,0,0,0,0
60031,1,1,1990,0,0,0,0,0,0,0,0,0,0
60032,1,1,1990,16,16,16,16,16,16,16,16,16,16
60033,1,1,1990,0,31,0,23,21,0,0,24,0,11
60033,2,1,1990,0,0,0,0,0,0,0,0,0,0
60034,1,1,1990,0,0,0,0,0,0,0,0,0,0
60034,2,1,1990,0,0,0,0,0,0,0,0,0,0
60035,0,1,1990,0,0,0,0,10,0,0,0,0,0
60035,1,1,1990,0,0,0,0,0,0,10,0,0,13
60036,1,1,1990,0,0,0,0,0,0,0,0,0,0
60037,0,1,1990,0,0,0,0,0,0,0,0,0,0
60037,1,1,1990,0,0,0,0,0,0,0,6,0,0
60038,0,1,1990,26,26,26,26,26,26,26,26,26,26
60038,1,1,1990,8,0,0,0,0,6,0,0,19,10
60039,1,1,1990,0,0,0,0,0,0,0,0,0,0
60039,2,1,1990,0,0,0,0,0,0,0,0,0,0
60040,1,1,1990,0,0,0,0,0,0,0,0,0,0
60041,1,1,1990,26,26,26,26,26,26,26,26,26,26
60042,1,1,1990,0,0,0,0,0,0,0,0,0,0
60043,0,1,1990,37,37,37,37,37,37,37,37,37,37
60043,1,1,1990,0,0,0,0,0,0,0,0,0,0
60044,1,1,1990,35,35,35,35,35,35,35,35,35,35
60045,1,1,1990,0,0,0,0,0,0,0,0,0,0
60045,2,1,1990,0,0,0,0,0,0,0,0,0,0
60046,0,1,1990,0,0,0,0,0,0,0,0,0,0
60046,1,1,1990,0,0,0,0,0,0,0,0,0,10
60047,1,1,1990,0,0,0,0,0,0,0,0,0,0
60047,2,1,1990,0,0,0,0,0,0,0,0,0,0
60047,3,1,1990,0,0,0,0,0,0,0,0,0,0
60048,1,1,1990,22,22,22,22,22,22,22,22,22,22
60048,2,1,1990,0,0,0,0,0,0,0,0,0,0
60049,1,1,1990,26,26,26,26,26,26,26,26,26,26
60050,1,1,1990,18,18,18,18,18,18,18,18,18,18
60050,2,1,1990,0,0,0,0,0,0,25,0,0,0
60051,1,1,1990,0,0,0,0,0,0,0,0,0,0
60051,2,1,1990,5,5,5,5,5,5,5,5,5,5
60052,0,1,1990,0,0,0,0,0,0,0,0,0,0
60052,0,2,1990,0,0,0,0,0,0,0,0,0,0
60052,0,3,1990,23,0,25,0,18,0,0,0,0,0
60052,1,1,1990,0,0,0,0,0,0,0,0,0,0
60053,1,1,1990,0,0,0,0,0,0,0,0,0,0
60053,2,1,1990,0,0,0,0,0,0,0,0,0,0
60054,1,1,1990,0,0,0,0,0,0,0,0,0,0
60054,2,1,1990,0,0,0,0,0,0,0,0,0,0
60055,1,1,1990,0,0,0,0,0,0,0,0,0,0
60055,2,1,1990,0,0,0,0,0,0,0,0,0,0
60056,1,1,1990,0,0,0,0,0,0,0,0,0,0
60057,1,1,1990,18,18,18,18,18,18,18,18,18,18
60058,1,1,1990,8,0,0,0,0,0,0,0,0,0
60059,1,1,1990,0,0,0,0,0,0,0,0,0,0
60059,2,1,1990,0,0,0,0,0,0,0,0,0,0
60059,3,1,1990,0,0,0,0,0,0,0,18,0,0
60060,0,1,1990,0,0,0,0,0,0,0,0,0,0
60060,1,1,1990,0,0,0,0,0,0,0,0,0,0
60061,1,1,1990,25,25,25,25,25,25,25,25,25,25
60061,2,1,1990,0,0,0,0,0,0,0,0,0,0
60062,1,1,1990,19,19,19,19,19,19,19,19,19,19
60062,2,1,1990,0,0,0,0,0,0,0,0,0,0
60063,1,1,1990,0,0,0,0,0,0,0,0,0,0
60063,2,1,1990,0,0,0,0,0,0,0,0,0,0
60064,1,1,1990,0,0,0,0,0,0,0,0,0,0
60065,1,1,1990,0,0,0,0,0,0,0,0,0,0
60065,2,1,1990,0,0,0,0,0,0,0,0,0,0
60066,0,1,1990,0,0,0,0,0,0,0,0,0,0
60066,1,1,1990,0,0,0,0,0,0,0,0,0,0
60067,1,1,1990,30,30,30,30,30,30,30,30,30,30
60067,2,1,1990,0,0,0,0,0,0,0,0,0,0
60068,1,1,1990,19,19,19,19,19,19,19,19,19,19
60069,1,1,1990,2,2,2,2,2,2,2,2,2,2
60070,0,1,1990,18,18,18,18,18,18,18,18,18,18
60070,1,1,1990,0,0,0,0,0,0,0,0,0,0
60071,1,1,1990,0,0,0,0,0,0,0,0,0,0
60071,2,1,1990,0,0,0,0,0,0,0,0,0,0
60072,1,1,1990,0,0,0,0,0,0,0,0,0,0
60073,0,1,1990,0,0,0,0,0,0,0,0,0,0
60073,1,1,1990,0,0,0,0,0,0,0,0,0,0
60074,1,1,1990,0,0,0,0,0,0,0,0,0,0
60074,2,1,1990,0,0,0,0,0,0,0,0,0,0
60075,0,1,1990,0,0,0,0,0,0,0,0,0,0
60075,1,1,1990,0,0,0,0,0,0,0,0,0,0
60076,1,1,1990,0,0,0,0,0,0,0,0,0,0
60077,1,1,1990,0,0,0,0,0,0,0,0,0,0
60077,2,1,1990,2,2,2,2,2,2,2,2,2,2
60078,1,1,1990,0,0,0,0,13,0,0,0,0,0
60078,2,1,1990,0,0,0,3,0,0,0,0,0,0
60079,1,1,1990,0,10,0,0,0,0,0,0,0,0
60079,2,1,1990,0,0,0,0,0,0,0,0,0,0
60080,1,1,1990,0,0,0,0,0,0,0,0,0,0
60080,2,1,1990,0,0,0,0,0,0,0,34,0,0
60081,1,1,1990,0,0,0,0,0,0,0,0,0,0
60081,2,1,1990,0,0,0,0,0,0,0,0,0,0
60082,1,1,1990,29,29,29,29,29,29,29,29,29,29
60082,2,1,1990,0,0,0,0,0,0,0,0,0,0
60083,1,1,1990,0,0,0,0,0,0,0,0,0,0
60083,2,1,1990,0,0,0,0,0,0,0,0,0,0
60084,0,1,1990,0,0,0,0,0,0,0,0,0,0
60084,1,1,1990,0,0,0,0,0,0,0,0,0,0
60085,1,1,1990,6,6,6,6,6,6,6,6,6,6
60086,0,1,1990,0,0,10,0,0,0,0,0,0,4
60086,1,1,1990,0,0,0,0,0,0,0,0,0,0
60086,2,1,1990,0,8,0,0,0,0,0,0,0,0
60087,0,1,1990,17,0,34,0,9,17,0,19,16,0
60087,1,1,1990,0,0,0,5,0,0,0,0,0,0
60088,1,1,1990,0,0,0,0,0,0,0,0,0,0
60088,2,1,1990,0,0,0,0,0,0,0,0,0,0
60089,1,1,1990,0,0,0,0,0,0,0,0,0,0
60089,2,1,1990,0,0,0,0,0,0,0,0,0,0
60090,1,1,1990,0,0,0,0,0,0,0,0,0,0
60090,2,1,1990,0,8,0,0,0,0,0,7,0,0
60091,1,1,1990,0,0,0,0,0,0,0,0,0,0
60091,2,1,1990,0,0,0,0,0,0,0,0,0,0
60092,0,1,1990,0,0,0,14,0,23,23,31,0,23
60092,1,1,1990,0,0,0,0,0,0,0,0,0,0
60093,1,1,1990,0,0,0,0,0,0,0,0,0,0
60093,2,1,1990,0,0,0,0,0,0,0,0,0,0
60093,3,1,1990,0,0,0,0,0,0,0,0,0,0
60094,1,1,1990,0,0,0,0,0,0,0,0,0,0
60094,2,1,1990,0,0,2,0,0,0,0,0,0,0
60095,1,1,1990,0,0,0,0,0,0,0,0,0,0
60095,2,1,1990,0,0,0,0,0,0,0,0,0,0
60096,1,1,1990,7,8,0,0,11,0,3,6,18,5
60097,0,1,1990,0,0,0,0,0,0,0,0,0,0
60098,0,1,1990,0,0,0,0,0,0,0,0,0,0
60098,1,1,1990,0,0,0,11,0,0,0,0,0,0
60099,0,1,1990,18,18,18,18,18,18,18,18,18,18
60099,1,1,1990,0,0,0,0,0,0,0,0,0,0
60100,1,1,1990,18,18,18,18,18,18,18,18,18,18
60101,1,1,1990,16,28,0,11,16,3,16,9,0,0
60101,2,1,1990,0,0,0,0,5,0,0,0,0,0
60102,1,1,1990,0,0,0,0,0,0,0,0,0,0
60102,2,1,1990,0,0,0,0,0,0,0,0,0,0
60102,3,1,1990,0,0,0,0,0,0,0,0,0,0
60103,1,1,1990,0,0,0,0,0,0,0,0,0,0
60103,2,1,1990,0,11,17,0,17,0,1,0,15,0
60104,1,1,1990,0,0,0,0,0,0,0,0,0,0
60104,2,1,1990,0,0,0,0,0,0,0,0,0,0
60105,1,1,1990,0,0,0,0,0,0,0,0,0,0
60106,1,1,1990,0,0,0,0,0,0,0,0,0,0
60107,0,1,1990,0,0,0,0,0,0,0,0,0,0
60107,1,1,1990,0,0,0,0,0,0,0,0,0,0
60108,1,1,1990,0,0,0,0,0,0,0,0,0,0
60108,2,1,1990,0,0,0,0,0,0,0,0,0,0
60109,1,1,1990,0,0,0,0,0,0,0,0,0,0
60109,2,1,1990,0,0,0,0,0,0,0,0,0,0
60110,1,1,1990,16,16,16,16,16,16,16,16,16,16
60110,2,1,1990,0,0,0,0,0,0,0,0,0,0
60111,1,1,1990,0,0,0,0,0,0,0,0,0,0
60112,1,1,1990,0,0,0,0,0,0,0,0,0,0
60113,1,1,1990,16,16,16,16,16,16,16,16,16,16
60114,0,1,1990,30,30,30,30,30,30,30,30,30,30
60114,1,1,1990,0,0,0,0,0,0,0,0,0,0
60114,2,1,1990,0,0,0,0,0,0,0,0,0,0
60115,1,1,1990,5,12,3,0,0,11,0,14,0,0
60116,0,1,1990,0,0,0,0,0,0,0,0,0,0
60116,1,1,1990,10,0,0,0,0,0,0,0,0,0
60117,1,1,1990,0,0,0,0,0,0,0,0,0,0
60117,2,1,1990,0,0,0,0,0,0,0,0,0,0
60117,3,1,1990,0,0,0,0,0,0,0,0,0,0
60118,1,1,1990,17,13,22,12,22,39,44,24,18,29
60119,1,1,1990,22,22,22,22,22,22,22,22,22,22
60120,1,1,1990,17,17,17,17,17,17,17,17,17,17
60121,1,1,1990,23,23,23,23,23,23,23,23,23,23
60122,1,1,1990,0,0,0,0,0,0,0,0,0,0
60123,1,1,1990,0,0,0,0,0,0,0,0,0,0
60123,2,1,1990,0,0,0,0,0,0,0,0,0,0
60123,3,1,1990,17,0,0,12,0,0,21,0,20,12
60124,1,1,1990,0,0,0,0,0,0,0,0,0,0
60124,2,1,1990,36,0,0,0,20,0,6,0,0,0
60125,1,1,1990,0,0,0,0,0,0,0,0,0,0
60126,1,1,1990,0,0,0,0,0,0,0,0,0,0
60126,2,1,1990,0,0,0,0,0,0,0,0,0,0
60127,1,1,1990,0,0,0,0,0,0,0,0,0,0
60127,2,1,1990,0,0,0,0,0,0,0,0,11,0
60128,0,1,1990,26,26,26,26,26,26,26,26,26,26
60128,1,1,1990,0,0,11,0,8,0,0,0,25,0
60129,1,1,1990,22,22,22,22,22,22,22,22,22,22
60130,1,1,1990,0,0,0,0,0,0,0,0,0,0
60131,0,1,1990,0,0,0,0,0,0,0,0,0,0
60131,1,1,1990,0,17,0,0,0,0,0,0,0,0
60132,0,1,1990,0,0,0,0,0,0,0,0,0,0
60132,0,2,1990,0,0,0,0,0,0,0,0,0,0
60132,1,1,1990,0,0,0,0,0,0,0,0,0,0
60132,2,1,1990,0,0,0,0,0,0,0,0,0,0
60133,1,1,1990,0,0,0,0,0,0,0,0,0,0
60133,2,1,1990,0,0,0,0,0,0,0,0,0,0
60133,3,1,1990,0,0,0,0,0,0,0,0,0,0
60134,0,1,1990,24,24,24,24,24,24,24,24,24,24
60134,1,1,1990,0,0,0,0,0,0,0,0,0,0
60135,1,1,1990,17,17,17,17,17,17,17,17,17,17
60135,2,1,1990,0,0,6,0,0,0,0,0,0,0
60136,1,1,1990,0,0,0,0,0,0,0,0,0,0
60136,2,1,1990,0,0,0,0,0,0,0,0,0,0
60137,1,1,1990,0,0,0,0,0,0,0,0,0,0
60137,2,1,1990,0,0,0,0,0,0,0,0,0,0
60138,0,1,1990,0,0,0,0,0,0,0,0,0,0
60138,1,1,1990,0,0,0,0,0,0,0,0,0,0
60139,0,1,1990,0,0,0,0,0,0,0,0,0,0
60139,1,1,1990,0,0,0,0,0,0,0,0,0,0
60140,1,1,1990,0,0,0,0,0,0,0,0,0,0
60140,2,1,1990,0,0,0,0,0,0,0,0,0,0
60141,1,1,1990,0,0,0,0,0,0,0,0,0,0
60141,2,1,1990,0,0,0,0,0,0,0,0,0,0
60142,1,1,1990,0,0,0,0,0,0,0,0,0,0
60143,0,1,1990,0,0,0,0,0,0,0,0,0,0
60143,1,1,1990,0,36,0,0,0,0,15,0,0,0
60144,1,1,1990,20,20,20,20,20,20,20,20,20,20
60145,1,1,1990,0,0,0,0,0,0,0,0,0,0
60145,2,1,1990,0,0,0,0,0,0,0,0,0,0
60146,1,1,1990,27,27,27,27,27,27,27,27,27,27
60146,2,1,1990,0,18,0,0,0,14,0,0,0,0
60147,0,1,1990,11,11,11,11,11,11,11,11,11,11
60147,1,1,1990,18,11,8,7,11,14,0,16,9,13
60148,1,1,1990,17,17,17,17,17,17,17,17,17,17
60148,2,1,1990,22,22,22,22,22,22,22,22,22,22
60149,1,1,1990,11,25,20,6,34,26,20,15,0,0
60149,2,1,1990,0,0,0,0,0,0,0,0,0,0
60150,1,1,1990,16,16,16,16,16,16,16,16,16,16
60151,1,1,1990,34,34,34,34,34,34,34,34,34,34
60151,2,1,1990,9,11,2,13,12,10,10,0,8,10
60152,1,1,1990,15,15,15,15,15,15,15,15,15,15
60153,1,1,1990,11,11,11,11,11,11,11,11,11,11
60153,2,1,1990,0,0,0,0,0,0,0,0,0,0
60154,0,1,1990,0,0,0,0,0,0,0,0,0,0
60154,1,1,1990,0,0,0,0,0,0,0,0,0,0
60155,1,1,1990,21,0,0,0,0,0,0,0,0,0
60156,1,1,1990,0,0,0,0,0,0,0,6,0,0
60156,2,1,1990,0,0,0,0,0,0,0,0,0,0
60157,1,1,1990,0,0,0,0,0,0,0,0,0,0
60158,0,1,1990,0,0,0,0,0,0,0,0,0,0
60158,1,1,1990,0,0,5,0,0,0,0,0,0,0
60159,1,1,1990,0,0,0,0,0,0,0,0,0,7
60160,1,1,1990,0,0,0,0,0,0,0,0,0,0
60160,2,1,1990,0,0,0,0,0,0,0,0,0,0
60161,1,1,1990,0,0,0,0,0,0,0,0,0,0
60161,2,1,1990,0,0,0,0,0,0,0,0,18,0
60161,3,1,1990,0,0,9,0,7,0,0,0,0,0
60161,4,1,1990,0,26,0,0,0,0,0,0,0,0
60162,0,1,1990,22,22,22,22,22,22,22,22,22,22
60162,1,1,1990,0,0,0,0,0,0,0,0,0,0
60163,1,1,1990,6,6,6,6,6,6,6,6,6,6
60163,2,1,1990,0,0,0,0,0,0,0,0,0,0
60164,1,1,1990,0,0,0,0,0,0,0,0,0,0
60165,1,1,1990,24,24,24,24,24,24,24,24,24,24
60166,1,1,1990,23,23,23,23,23,23,23,23,23,23
60167,1,1,1990,0,0,0,0,0,0,0,0,0,0
60168,0,1,1990,0,0,0,0,0,0,0,0,0,0
60168,1,1,1990,0,0,0,0,0,0,0,0,0,0
60169,1,1,1990,0,0,0,0,0,0,0,0,0,0
60170,1,1,1990,0,0,5,0,0,0,7,0,0,0
60170,2,1,1990,0,0,0,0,0,0,0,0,0,0
60171,1,1,1990,0,0,0,0,0,0,0,0,0,0
60172,1,1,1990,14,14,14,14,14,14,14,14,14,14
60173,0,1,1990,34,34,34,34,34,34,34,34,34,34
60173,1,1,1990,0,0,0,0,0,0,18,0,0,0
60174,1,1,1990,0,0,0,0,0,0,0,0,0,0
60175,0,1,1990,5,5,5,5,5,5,5,5,5,5
60175,1,1,1990,0,0,0,0,0,0,0,0,0,0
60176,1,1,1990,0,0,0,0,0,0,0,0,0,0
60176,2,1,1990,0,0,0,0,0,0,0,0,0,0
60177,1,1,1990,0,0,0,0,0,0,0,0,0,0
60177,2,1,1990,0,0,0,0,0,0,0,0,0,0
60178,1,1,1990,0,0,0,0,0,0,17,0,0,21
60179,1,1,1990,30,30,30,30,30,30,30,30,30,30
60180,1,1,1990,18,18,18,18,18,18,18,18,18,18
60181,1,1,1990,16,16,16,16,16,16,16,16,16,16
60182,0,1,1990,15,15,15,15,15,15,15,15,15,15
60182,1,1,1990,0,24,17,25,0,23,8,0,9,14
60183,1,1,1990,17,17,17,17,17,17,17,17,17,17
60183,2,1,1990,0,0,0,0,0,0,0,0,0,0
60184,1,1,1990,13,13,13,13,13,13,13,13,13,13
60185,1,1,1990,9,9,9,9,9,9,9,9,9,9
60185,2,1,1990,0,0,0,0,0,0,0,3,0,0
60186,0,1,1990,0,0,0,0,0,0,0,0,0,0
60186,1,1,1990,0,0,0,0,0,0,0,0,0,0
60187,1,1,1990,0,14,0,0,0,0,9,0,0,4
60188,1,1,1990,9,9,9,9,9,9,9,9,9,9
60188,2,1,1990,0,0,0,0,0,0,0,0,0,0
60189,1,1,1990,0,16,0,14,14,0,6,23,0,0
60189,2,1,1990,8,8,8,8,8,8,8,8,8,8
60190,1,1,1990,8,8,8,8,8,8,8,8,8,8
60191,1,1,1990,10,10,10,10,10,10,10,10,10,10
60191,2,1,1990,0,0,0,0,0,0,0,0,0,0
60192,2,1,1990,0,0,0,0,0,0,0,0,0,0
60192,3,1,1990,0,0,0,0,0,0,0,0,0,0
60193,0,1,1990,0,0,0,0,0,0,0,0,0,0
60193,1,1,1990,0,0,0,0,0,0,0,0,0,0
60194,0,1,1990,0,0,0,0,0,0,0,0,0,0
60194,0,2,1990,0,0,0,0,0,0,0,0,0,0
60194,0,3,1990,0,0,0,0,0,0,0,0,0,0
60194,0,4,1990,0,0,0,0,0,0,0,0,0,0
60194,0,5,1990,0,0,0,0,0,0,0,0,0,0
60194,0,6,1990,0,0,0,0,0,0,0,0,0,0
60194,1,1,1990,16,16,16,16,16,16,16,16,16,16
60195,0,1,1990,0,0,0,0,0,0,0,0,0,0
60195,1,1,1990,0,0,8,0,0,0,0,0,0,0
60196,0,1,1990,0,39,0,0,0,6,15,0,0,0
60196,1,1,1990,0,0,0,0,0,0,0,0,0,0
60197,1,1,1990,8,8,8,8,8,8,8,8,8,8
60197,2,1,1990,13,0,0,0,0,0,0,0,0,0
60198,0,1,1990,0,0,28,21,0,0,0,0,0,0
60198,1,1,1990,3,3,3,3,3,3,3,3,3,3
60199,1,1,1990,20,20,20,20,20,20,20,20,20,20
60199,2,1,1990,0,0,0,0,0,0,0,0,0,0
60200,1,1,1990,0,0,0,0,0,0,0,0,0,0
60200,2,1,1990,0,0,0,0,0,0,0,0,0,0
60201,1,1,1990,0,0,0,0,0,0,0,0,0,0
60202,1,1,1990,0,0,0,0,0,0,0,0,0,0
60202,2,1,1990,0,0,0,0,0,0,0,0,0,0
60202,3,1,1990,0,0,0,0,0,0,0,0,0,0
60203,0,1,1990,0,0,0,0,0,0,0,0,0,0
60203,1,1,1990,18,18,18,18,18,18,18,18,18,18
60204,1,1,1990,0,0,0,0,0,0,0,0,0,0
60205,1,1,1990,0,0,0,0,0,0,0,0,0,0
60205,2,1,1990,0,0,0,0,0,0,0,0,0,0
60206,1,1,1990,23,23,23,23,23,23,23,23,23,23
60206,2,1,1990,0,0,0,0,0,0,0,20,0,0
60207,0,1,1990,17,35,25,40,32,29,5,30,25,26
60207,1,1,1990,0,20,15,13,0,0,0,0,0,13
60208,1,1,1990,13,13,13,13,13,13,13,13,13,13
60209,1,1,1990,0,0,0,0,0,0,0,0,0,0
60209,2,1,1990,0,0,0,0,0,0,0,0,0,0
60210,1,1,1990,0,0,0,0,0,0,0,0,0,0
60210,2,1,1990,0,0,0,0,0,0,0,0,0,0
60211,1,1,1990,14,14,14,14,14,14,14,14,14,14
60211,2,1,1990,0,0,0,0,0,0,0,0,0,26
60212,1,1,1990,0,0,0,0,0,0,0,0,0,0
60213,0,1,1990,0,0,0,0,0,0,0,0,0,0
60213,0,2,1990,0,14,21,0,0,0,0,0,21,0
60213,1,1,1990,31,31,31,31,31,31,31,31,31,31
60213,2,1,1990,0,0,10,0,0,0,0,0,0,0
60213,3,1,1990,0,0,17,0,0,0,0,0,0,0
60214,0,1,1990,0,0,0,0,0,0,0,0,0,0
60214,1,1,1990,0,0,0,0,0,0,0,0,0,0
60215,0,1,1990,35,35,35,35,35,35,35,35,35,35
60215,1,1,1990,0,0,0,0,0,0,0,0,0,0
60215,2,1,1990,0,3,0,0,20,0,0,0,9,11
60215,3,1,1990,0,0,6,0,0,0,0,0,4,0
60216,1,1,1990,22,22,22,22,22,22,22,22,22,22
60216,2,1,1990,0,0,0,0,0,0,0,0,0,0
60217,1,1,1990,13,13,13,13,13,13,13,13,13,13
60217,2,1,1990,0,0,0,0,0,0,0,0,0,0
60218,1,1,1990,19,19,19,19,19,19,19,19,19,19
60218,2,1,1990,17,5,0,5,18,0,20,8,4,21
60219,1,1,1990,7,0,13,0,0,14,0,0,0,0
60219,2,1,1990,0,0,0,0,0,0,0,0,0,0
60220,1,1,1990,0,0,0,0,0,0,0,0,0,0
60221,0,1,1990,0,0,0,0,0,0,0,0,0,0
60221,1,1,1990,0,0,0,0,0,8,0,0,0,0
60222,0,1,1990,0,0,0,0,0,0,0,0,0,0
60222,1,1,1990,19,19,19,19,19,19,19,19,19,19
60223,1,1,1990,0,0,0,0,0,0,0,0,0,0
60223,2,1,1990,0,0,0,0,0,0,0,0,0,0
60224,0,1,1990,25,25,25,25,25,25,25,25,25,25
60224,1,1,1990,0,0,0,0,0,0,0,0,0,0
60225,0,1,1990,0,0,0,0,0,0,0,0,0,0
60226,1,1,1990,0,0,0,0,0,0,0,0,0,0
60226,2,1,1990,0,0,0,0,0,0,0,0,0,0
60227,1,1,1990,0,0,0,0,0,0,0,0,0,0
60227,2,1,1990,0,0,16,0,0,0,0,11,0,0
60228,1,1,1990,9,9,9,9,9,9,9,9,9,9
60229,1,1,1990,21,0,7,0,0,0,0,0,0,0
60229,2,1,1990,0,0,0,0,0,0,0,0,0,0
60230,1,1,1990,0,0,0,0,0,0,0,0,0,0
60230,2,1,1990,0,0,0,0,0,0,0,0,0,0
60231,0,1,1990,0,0,0,0,0,0,0,0,0,0
60231,0,2,1990,0,0,0,0,0,0,0,0,0,0
60231,1,1,1990,0,0,0,0,20,0,0,0,0,0
60232,1,1,1990,31,31,31,31,31,31,31,31,31,31
60233,1,1,1990,0,0,0,0,0,0,0,0,0,0
60233,2,1,1990,0,0,0,0,0,0,0,0,0,0
60234,1,1,1990,0,0,0,0,7,0,0,0,0,0
60234,2,1,1990,0,0,0,0,0,0,0,0,0,0
60235,0,1,1990,0,0,0,0,0,0,0,0,0,0
60235,1,1,1990,0,0,0,24,0,0,0,0,0,15
60235,2,1,1990,0,0,0,0,0,0,0,0,0,0
60236,1,1,1990,0,0,0,0,0,0,0,0,0,0
60236,2,1,1990,0,0,0,0,0,0,0,0,0,0
60237,0,1,1990,0,0,0,0,0,0,0,0,0,0
60237,1,1,1990,0,0,0,0,0,0,0,0,0,0
60238,1,1,1990,8,33,31,17,38,0,13,0,19,0
60239,0,1,1990,13,13,13,13,13,13,13,13,13,13
60239,1,1,1990,0,0,0,0,0,0,0,0,15,0
60240,0,1,1990,0,0,0,0,0,0,0,0,0,0
60240,0,2,1990,19,7,20,14,12,15,0,0,23,23
60240,1,1,1990,17,24,0,25,10,0,30,18,11,22
60241,0,1,1990,0,0,0,0,0,0,0,0,0,0
60241,1,1,1990,19,0,0,0,0,0,0,0,0,0
60242,0,1,1990,0,0,0,0,0,0,0,0,0,0
60242,1,1,1990,0,0,0,0,0,0,0,0,0,0
60242,2,1,1990,9,0,11,0,0,0,0,0,0,0
60242,3,1,1990,0,0,0,0,0,0,0,0,22,0
60242,4,1,1990,0,0,0,0,0,0,0,0,0,0
60243,1,1,1990,5,5,5,5,5,5,5,5,5,5
60243,2,1,1990,6,15,2,0,8,17,24,25,8,9
60244,0,1,1990,14,14,14,14,14,14,14,14,14,14
60244,1,1,1990,19,9,0,0,21,8,11,21,19,33
60245,0,1,1990,0,0,0,0,0,0,0,0,0,0
60245,1,1,1990,0,0,0,0,0,0,0,0,0,0
60246,1,1,1990,19,19,19,19,19,19,19,19,19,19
60247,1,1,1990,5,16,12,11,8,19,18,10,13,13
60247,2,1,1990,0,0,0,0,0,0,0,0,0,0
60248,0,1,1990,0,0,0,0,0,0,0,0,0,0
60248,1,1,1990,0,0,0,0,0,0,0,0,0,0
60249,0,1,1990,0,0,0,0,0,0,0,0,0,0
60249,1,1,1990,0,0,0,0,0,0,0,0,0,0
60250,0,1,1990,18,0,0,0,0,0,0,0,30,0
60250,1,1,1990,0,0,0,0,0,0,0,0,24,0