ST_CASE,VEH_NO,PER_NO,YEAR,P1,P2,P3,P4,P5,P6,P7,P8,P9,P10
60251,0,1,1990,0,0,0,0,0,0,0,0,0,0
60251,1,1,1990,0,0,0,0,0,0,0,0,0,0
60252,1,1,1990,19,19,19,19,19,19,19,19,19,19
60253,1,1,1990,0,15,15,20,0,0,0,0,0,0
60253,2,1,1990,0,0,0,0,0,0,0,0,0,0
60254,2,1,1990,0,0,0,0,0,0,0,0,0,0
60255,0,1,1990,0,0,0,0,0,0,0,0,0,0
60255,1,1,1990,17,18,15,0,0,11,0,0,0,0
60256,1,1,1990,0,0,0,0,0,0,0,0,0,0
60257,1,1,1990,2,0,0,0,0,0,0,0,0,0
60257,2,1,1990,0,0,0,0,0,0,0,0,0,0
60258,0,1,1990,0,0,0,0,0,0,0,0,0,0
60258,1,1,1990,0,0,12,10,30,14,27,13,0,0
60259,1,1,1990,0,0,0,0,0,0,0,0,0,0
60259,2,1,1990,19,0,0,0,0,0,0,0,21,0
60260,1,1,1990,0,0,0,9,0,12,0,0,0,17
60261,1,1,1990,0,0,0,0,0,0,0,0,0,0
60262,0,1,1990,0,0,0,13,0,0,0,0,0,0
60262,0,2,1990,17,2,17,15,33,0,23,0,18,0
60262,1,1,1990,0,0,0,13,0,0,0,0,15,17
60263,0,1,1990,0,0,0,0,0,0,0,0,0,0
60263,1,1,1990,0,0,0,0,0,0,0,0,0,0
60264,1,1,1990,0,0,0,0,0,0,0,0,0,0
60264,2,1,1990,0,0,0,0,0,12,0,0,0,0
60265,1,1,1990,22,22,22,22,22,22,22,22,22,22
60266,1,1,1990,32,32,32,32,32,32,32,32,32,32
60266,2,1,1990,0,0,0,0,0,0,0,0,0,0
60267,1,1,1990,24,18,0,10,16,12,0,21,0,0
60268,1,1,1990,0,0,0,0,0,0,0,0,0,0
60268,2,1,1990,0,0,0,0,0,0,0,0,0,0
60268,3,1,1990,0,0,0,0,0,0,0,0,0,0
60269,0,1,1990,1,1,1,1,1,1,1,1,1,1
60269,1,1,1990,0,0,0,0,0,0,0,0,0,0
60270,1,1,1990,18,18,18,18,18,18,18,18,18,18
60271,1,1,1990,8,0,20,0,15,17,0,0,13,14
60272,1,1,1990,0,0,0,0,0,0,0,0,0,0
60273,1,1,1990,0,0,0,0,0,0,0,0,0,0
60273,2,1,1990,0,0,0,0,0,0,0,0,0,0
60274,1,1,1990,0,0,0,0,0,0,0,0,0,0
60275,1,1,1990,0,0,0,0,0,0,0,0,0,0
60275,2,1,1990,0,0,0,0,0,0,0,0,0,0
60276,1,1,1990,0,0,0,0,0,6,0,0,0,0
60276,2,1,1990,0,0,0,0,0,15,0,0,0,0
60277,1,1,1990,0,0,0,0,0,14,0,0,0,0
60277,2,1,1990,0,0,17,0,0,0,0,0,0,0
60278,1,1,1990,0,0,0,0,2,0,0,0,0,0
60279,1,1,1990,0,0,0,0,0,0,0,0,0,0
60279,2,1,1990,0,0,0,0,0,0,0,0,0,0
60279,3,1,1990,0,0,0,0,0,0,0,0,0,0
60280,1,1,1990,2,2,2,2,2,2,2,2,2,2
60281,1,1,1990,8,8,8,8,8,8,8,8,8,8
60282,1,1,1990,18,18,18,18,18,18,18,18,18,18
60282,2,1,1990,0,0,0,0,0,0,0,0,0,0
60283,1,1,1990,19,19,19,19,19,19,19,19,19,19
60283,2,1,1990,0,0,0,0,0,0,0,0,0,0
60284,0,1,1990,0,0,0,0,0,0,0,0,0,0
60284,1,1,1990,0,0,0,0,0,0,0,0,0,0
60285,1,1,1990,0,22,20,3,7,24,22,33,4,38
60285,2,1,1990,0,0,0,0,0,0,0,0,0,0
60286,1,1,1990,0,0,0,0,0,0,0,0,0,0
60286,2,1,1990,0,0,0,0,0,0,0,0,0,0
60287,1,1,1990,0,0,0,0,0,0,0,0,0,0
60287,2,1,1990,0,0,0,0,0,0,0,0,0,0
60288,0,1,1990,0,20,20,31,25,25,26,8,22,16
60288,1,1,1990,0,0,0,0,0,0,0,0,0,0
60289,1,1,1990,23,23,23,23,23,23,23,23,23,23
60289,2,1,1990,0,0,0,0,0,0,0,0,0,0
60290,0,1,1990,0,0,0,0,0,0,0,0,0,0
60290,1,1,1990,0,0,0,0,0,0,0,0,0,0
60291,1,1,1990,0,0,0,0,0,0,0,0,0,0
60291,2,1,1990,0,0,0,0,0,0,0,0,0,0
60291,3,1,1990,0,0,0,0,0,0,0,0,0,0
60292,1,1,1990,0,0,9,0,0,0,0,0,0,0
60292,2,1,1990,0,0,0,0,0,0,0,0,0,0
60293,0,1,1990,38,38,38,38,38,38,38,38,38,38
60293,1,1,1990,0,0,0,0,0,0,0,0,0,0
60294,1,1,1990,10,10,10,10,10,10,10,10,10,10
60294,2,1,1990,0,0,0,0,0,0,0,0,0,0
60295,0,1,1990,22,22,22,22,22,22,22,22,22,22
60295,1,1,1990,0,0,0,0,0,0,0,0,0,0
60296,0,1,1990,0,0,0,0,0,0,0,0,0,0
60296,1,1,1990,0,0,0,0,0,31,0,0,0,0
60297,1,1,1990,12,12,12,12,12,12,12,12,12,12
60298,1,1,1990,0,8,10,20,0,6,16,0,10,0
60298,2,1,1990,0,0,0,0,0,0,0,0,0,0
60299,1,1,1990,0,0,0,0,0,0,0,0,0,0
60300,1,1,1990,0,0,0,0,0,0,0,0,0,0
60300,2,1,1990,0,0,0,0,0,0,0,0,0,0
60301,0,1,1990,0,0,0,0,0,0,0,0,0,0
60301,1,1,1990,0,0,0,0,0,10,0,0,0,0
60302,0,1,1990,22,22,22,22,22,22,22,22,22,22
60302,1,1,1990,0,0,0,0,0,0,0,0,0,0
60303,1,1,1990,0,0,0,0,0,0,0,0,0,0
60303,2,1,1990,0,0,0,0,0,0,0,0,0,0
60304,1,1,1990,24,24,24,24,24,24,24,24,24,24
60305,1,1,1990,7,7,7,7,7,7,7,7,7,7
60305,2,1,1990,0,0,0,0,0,0,0,0,0,0
60306,1,1,1990,0,0,0,0,0,0,0,0,0,0
60306,2,1,1990,0,0,0,0,0,0,0,0,0,0
60307,1,1,1990,0,0,0,0,0,0,0,0,0,0
60307,2,1,1990,0,11,16,23,13,0,24,0,17,0
60308,0,1,1990,23,23,23,23,23,23,23,23,23,23
60308,1,1,1990,15,15,15,15,15,15,15,15,15,15
60309,0,1,1990,14,14,14,14,14,14,14,14,14,14
60309,1,1,1990,18,0,0,0,0,15,29,24,0,25
60310,1,1,1990,0,15,9,15,21,0,18,12,18,30
60310,2,1,1990,0,0,0,0,0,0,0,0,0,0
60311,1,1,1990,9,9,9,9,9,9,9,9,9,9
60311,2,1,1990,0,0,0,0,0,0,0,0,0,0
60312,1,1,1990,11,11,11,11,11,11,11,11,11,11
60313,1,1,1990,0,0,0,0,0,0,0,0,0,0
60313,2,1,1990,0,0,0,0,0,0,0,0,0,0
60314,1,1,1990,19,19,19,19,19,19,19,19,19,19
60314,2,1,1990,0,0,0,0,0,0,0,0,0,0
60314,3,1,1990,0,0,0,0,0,0,0,0,0,0
60315,1,1,1990,0,0,0,0,0,0,0,0,0,0
60315,2,1,1990,0,0,0,0,0,0,0,0,0,0
60316,1,1,1990,25,25,25,25,25,25,25,25,25,25
60316,2,1,1990,0,0,0,0,0,0,0,0,0,0
60317,0,1,1990,2,2,2,2,2,2,2,2,2,2
60317,1,1,1990,0,0,0,0,0,0,0,0,0,0
60318,1,1,1990,13,13,13,13,13,13,13,13,13,13
60319,1,1,1990,23,23,23,23,23,23,23,23,23,23
60319,2,1,1990,7,7,7,7,7,7,7,7,7,7
60320,1,1,1990,17,17,17,17,17,17,17,17,17,17
60321,1,1,1990,0,0,0,0,0,0,0,0,0,0
60322,0,1,1990,0,0,0,0,0,0,0,19,0,0
60322,1,1,1990,23,5,16,0,2,13,14,13,0,13
60323,1,1,1990,24,52,21,18,8,22,24,14,17,11
60324,1,1,1990,26,26,26,26,26,26,26,26,26,26
60325,0,1,1990,0,0,0,0,0,0,0,0,0,0
60325,1,1,1990,0,0,0,0,0,0,0,0,0,0
60326,0,1,1990,0,0,0,0,0,0,0,0,0,0
60326,1,1,1990,0,0,0,0,0,0,0,0,0,0
60327,0,1,1990,0,0,0,0,0,0,0,0,0,0
60327,1,1,1990,0,0,0,0,0,0,0,0,0,0
60328,1,1,1990,21,21,21,21,21,21,21,21,21,21
60329,1,1,1990,32,32,32,32,32,32,32,32,32,32
60330,1,1,1990,14,14,14,14,14,14,14,14,14,14
60331,1,1,1990,22,22,22,22,22,22,22,22,22,22
60331,2,1,1990,0,0,0,0,0,7,0,0,0,0
60332,1,1,1990,19,19,19,19,19,19,19,19,19,19
60333,0,1,1990,0,0,0,0,0,0,0,0,0,0
60333,1,1,1990,13,18,19,0,0,22,8,0,7,0
60334,1,1,1990,5,5,5,5,5,5,5,5,5,5
60335,1,1,1990,0,0,0,0,0,0,0,0,0,0
60336,1,1,1990,0,0,0,0,0,0,0,0,0,0
60336,2,1,1990,13,13,13,13,13,13,13,13,13,13
60337,0,1,1990,17,17,17,17,17,17,17,17,17,17
60337,1,1,1990,0,0,0,0,0,0,0,0,0,0
60338,1,1,1990,0,0,0,0,0,0,0,0,0,0
60338,2,1,1990,9,9,9,9,9,9,9,9,9,9
60339,1,1,1990,18,18,18,18,18,18,18,18,18,18
60340,0,1,1990,0,0,0,0,0,0,0,0,0,0
60340,1,1,1990,0,0,0,0,0,0,0,0,0,0
60341,1,1,1990,0,0,0,0,0,0,0,0,0,0
60341,2,1,1990,0,0,0,0,0,0,0,0,0,0
60342,1,1,1990,13,13,13,13,13,13,13,13,13,13
60343,1,1,1990,0,0,0,0,0,0,0,0,0,0
60343,2,1,1990,0,0,0,0,0,0,0,6,0,0
60343,3,1,1990,0,0,0,0,0,0,0,0,0,0
60344,1,1,1990,18,18,18,18,18,18,18,18,18,18
60344,2,1,1990,26,0,0,22,0,0,0,29,8,0
60345,1,1,1990,0,0,0,0,0,0,0,0,0,0
60345,2,1,1990,0,0,0,0,0,0,0,0,0,0
60346,1,1,1990,12,7,17,15,0,12,6,21,16,17
60347,1,1,1990,10,10,10,10,10,10,10,10,10,10
60348,1,1,1990,0,0,0,0,0,0,0,0,0,0
60348,2,1,1990,0,0,0,0,0,0,0,0,0,0
60348,3,1,1990,0,0,0,0,0,0,0,0,0,0
60349,1,1,1990,14,14,14,14,14,14,14,14,14,14
60350,1,1,1990,0,0,0,0,0,0,0,0,0,0
60350,2,1,1990,0,0,0,0,0,0,0,0,0,0
60350,3,1,1990,0,0,0,0,0,0,0,0,0,0
60351,1,1,1990,0,0,0,0,0,0,0,0,0,0
60351,2,1,1990,0,0,0,0,0,0,0,0,0,0
60351,3,1,1990,26,0,0,0,0,0,0,0,0,13
60352,1,1,1990,18,18,18,18,18,18,18,18,18,18
60352,2,1,1990,23,0,0,0,0,0,0,0,0,0
60353,1,1,1990,11,11,11,11,11,11,11,11,11,11
60354,0,1,1990,0,0,0,0,0,0,0,0,0,0
60354,0,2,1990,0,0,0,11,0,0,0,0,0,0
60354,1,1,1990,0,0,0,0,0,0,0,0,0,0
60355,1,1,1990,31,31,31,31,31,31,31,31,31,31
60355,2,1,1990,0,0,0,0,0,0,0,0,0,0
60356,1,1,1990,7,7,7,7,7,7,7,7,7,7
60357,0,1,1990,0,0,0,0,0,0,0,0,0,0
60357,1,1,1990,0,0,0,0,40,0,26,0,0,0
60358,0,1,1990,0,0,0,0,0,0,0,0,0,0
60358,1,1,1990,0,0,0,0,0,0,0,0,0,0
60359,1,1,1990,12,0,10,12,0,0,0,0,0,23
60359,2,1,1990,0,0,0,0,0,0,0,0,0,0
60360,0,1,1990,0,0,0,0,0,0,0,0,0,0
60360,1,1,1990,0,0,0,0,0,0,0,0,0,0
60361,0,1,1990,22,8,26,0,0,31,29,42,20,15
60361,1,1,1990,0,0,0,0,0,0,0,0,0,0
60362,1,1,1990,0,0,0,0,0,0,0,0,0,0
60363,1,1,1990,16,16,16,16,16,16,16,16,16,16
60364,0,1,1990,34,0,0,0,0,37,0,0,19,0
60364,1,1,1990,0,0,0,0,0,14,0,0,0,0
60365,0,1,1990,0,0,0,0,0,0,0,0,0,0
60365,1,1,1990,6,0,0,0,3,22,0,0,0,0
60366,0,1,1990,0,0,0,0,0,0,0,0,0,0
60366,1,1,1990,0,0,0,0,0,0,0,0,0,0
60367,1,1,1990,0,0,0,0,0,0,0,0,0,0
60367,2,1,1990,0,0,0,0,0,0,0,0,0,0
60368,1,1,1990,0,0,0,0,0,0,0,0,0,0
60369,1,1,1990,0,0,0,0,0,0,0,0,0,0
60370,1,1,1990,0,0,11,0,0,0,0,13,0,0
60371,0,1,1990,0,0,0,0,0,0,0,0,0,0
60371,1,1,1990,0,0,0,0,0,0,0,0,0,0
60372,1,1,1990,0,0,0,0,0,0,0,0,0,0
60372,2,1,1990,9,0,0,3,0,0,0,0,0,0
60373,0,1,1990,0,0,0,0,0,0,0,0,0,0
60373,1,1,1990,0,0,0,11,0,0,0,0,0,0
60374,1,1,1990,0,0,0,0,0,0,0,0,0,0
60375,0,1,1990,0,0,0,0,0,0,0,0,0,0
60376,1,1,1990,0,0,0,0,0,0,0,0,0,0
60376,2,1,1990,0,0,0,0,0,0,0,0,0,0
60376,3,1,1990,0,0,0,0,0,0,0,0,0,0
60377,1,1,1990,0,0,0,0,0,0,0,0,0,0
60377,2,1,1990,0,0,0,0,0,0,0,0,0,0
60378,1,1,1990,15,15,15,15,15,15,15,15,15,15
60378,2,1,1990,0,0,0,0,11,0,0,0,0,0
60379,0,1,1990,0,0,0,0,0,0,0,0,0,0
60380,1,1,1990,0,0,0,0,0,0,9,0,0,0
60381,1,1,1990,21,21,21,21,21,21,21,21,21,21
60382,1,1,1990,31,31,31,31,31,31,31,31,31,31
60383,1,1,1990,8,8,8,8,8,8,8,8,8,8
60383,2,1,1990,0,0,0,0,0,0,0,0,10,0
60384,1,1,1990,0,0,0,0,0,0,0,0,0,0
60384,2,1,1990,0,0,22,0,9,0,0,0,0,0
60385,0,1,1990,26,26,26,26,26,26,26,26,26,26
60385,1,1,1990,19,0,0,0,0,5,0,4,0,0
60386,1,1,1990,0,0,0,0,0,0,0,16,0,0
60386,2,1,1990,0,0,0,0,0,0,0,22,0,0
60387,1,1,1990,0,0,0,0,18,1,13,0,0,0
60387,2,1,1990,0,0,0,0,0,0,0,0,0,0
60388,0,1,1990,0,0,0,0,0,0,0,0,0,0
60388,1,1,1990,0,0,0,0,0,0,0,14,0,0
60389,1,1,1990,22,22,22,22,22,22,22,22,22,22
60390,1,1,1990,0,0,0,0,0,0,0,0,0,0
60391,1,1,1990,0,0,0,0,0,0,0,0,0,0
60392,1,1,1990,10,10,10,10,10,10,10,10,10,10
60393,1,1,1990,0,0,0,0,0,0,0,0,0,0
60394,0,1,1990,0,0,0,0,0,0,0,0,0,0
60394,1,1,1990,20,0,0,0,0,0,12,14,0,0
60395,0,1,1990,0,0,0,0,0,0,0,0,0,0
60395,1,1,1990,27,0,0,0,0,0,0,16,0,0
60396,1,1,1990,3,3,3,3,3,3,3,3,3,3
60396,2,1,1990,18,18,18,18,18,18,18,18,18,18
60397,1,1,1990,16,16,16,16,16,16,16,16,16,16
60397,2,1,1990,0,0,0,19,0,9,10,0,0,3
60398,1,1,1990,12,12,12,12,12,12,12,12,12,12
60398,2,1,1990,0,0,0,0,0,0,0,0,0,0
60399,0,1,1990,21,21,21,21,21,21,21,21,21,21
60399,1,1,1990,0,0,0,0,0,0,0,0,0,0
60400,1,1,1990,14,0,0,0,0,8,0,0,5,11
60401,1,1,1990,32,32,32,32,32,32,32,32,32,32
60401,2,1,1990,0,0,0,0,0,0,0,0,0,0
60401,3,1,1990,0,0,0,0,0,0,0,0,0,0
60401,4,1,1990,0,0,0,0,0,0,0,0,0,0
60402,1,1,1990,0,0,0,0,0,0,0,0,0,0
60402,2,1,1990,0,0,0,0,0,0,0,0,0,0
60403,0,1,1990,0,0,0,0,0,0,0,0,0,0
60403,0,2,1990,0,0,0,0,0,0,0,0,0,0
60403,1,1,1990,0,0,0,0,0,0,0,0,0,0
60404,1,1,1990,15,0,29,0,25,34,25,20,14,14
60405,0,1,1990,0,0,0,0,0,0,0,0,0,0
60405,1,1,1990,0,0,0,0,0,0,0,0,0,0
60406,1,1,1990,6,4,40,26,33,26,9,23,17,14
60407,1,1,1990,0,0,0,0,0,0,0,0,0,0
60407,2,1,1990,0,0,0,0,0,0,0,0,0,0
60408,1,1,1990,0,0,0,0,0,0,0,0,0,0
60409,0,1,1990,5,5,5,5,5,5,5,5,5,5
60409,1,1,1990,0,0,0,21,0,0,0,0,0,0
60410,1,1,1990,9,9,9,9,9,9,9,9,9,9
60411,0,1,1990,7,0,0,0,6,0,0,0,0,16
60411,1,1,1990,0,6,0,0,0,0,0,0,0,0
60412,0,1,1990,23,23,23,23,23,23,23,23,23,23
60412,1,1,1990,0,0,0,0,0,0,0,0,0,0
60413,1,1,1990,0,0,0,0,0,0,0,0,0,0
60413,2,1,1990,0,0,0,0,0,7,0,0,0,0
60414,0,1,1990,0,0,0,0,0,0,0,0,0,0
60414,1,1,1990,0,0,0,0,0,0,0,0,0,0
60415,0,1,1990,22,22,22,22,22,22,22,22,22,22
60415,1,1,1990,0,0,21,0,0,0,0,0,7,0
60416,1,1,1990,6,6,6,6,6,6,6,6,6,6
60416,2,1,1990,0,0,0,0,0,0,0,0,11,0
60417,0,1,1990,0,0,0,0,0,0,0,0,0,0
60417,0,2,1990,0,0,0,0,0,0,0,0,0,0
60417,0,3,1990,14,0,0,18,0,22,0,0,0,21
60417,0,4,1990,0,0,0,0,0,0,0,0,0,0
60417,0,5,1990,0,0,0,0,0,0,0,0,0,0
60417,1,1,1990,0,0,0,0,0,0,0,0,0,0
60417,2,1,1990,0,0,0,9,0,0,0,0,0,0
60417,3,1,1990,0,0,0,0,3,0,0,0,8,10
60418,1,1,1990,0,0,0,0,0,0,0,0,0,0
60418,2,1,1990,0,0,0,0,0,0,0,0,0,0
60419,1,1,1990,0,0,0,0,0,0,0,0,0,0
60419,2,1,1990,0,0,0,0,0,0,0,0,0,0
60419,3,1,1990,0,0,0,0,0,0,0,0,0,0
60420,1,1,1990,0,0,0,0,0,0,0,0,0,0
60420,2,1,1990,0,0,10,0,0,0,0,0,0,0
60421,1,1,1990,20,20,20,20,20,20,20,20,20,20
60422,1,1,1990,0,0,0,0,0,5,0,0,12,0
60422,2,1,1990,0,0,0,0,0,0,0,0,0,0
60422,3,1,1990,0,0,0,0,0,0,0,0,0,0
60423,1,1,1990,0,0,0,0,0,0,0,0,0,0
60423,2,1,1990,0,0,0,0,0,0,0,0,0,0
60423,3,1,1990,0,0,0,0,0,0,0,0,0,0
60424,0,1,1990,0,0,0,0,0,0,0,0,0,0
60424,0,2,1990,0,0,0,0,0,0,0,0,0,0
60424,1,1,1990,0,0,0,0,0,0,0,0,0,0
60425,0,1,1990,0,0,0,0,0,0,0,0,0,0
60425,1,1,1990,0,0,0,0,0,0,0,0,0,0
60426,1,1,1990,0,0,0,0,0,0,0,0,0,0
60426,2,1,1990,0,0,0,0,0,0,0,0,0,0
60427,1,1,1990,0,0,0,0,0,0,0,0,0,0
60427,2,1,1990,0,0,0,0,0,0,0,0,0,0
60428,1,1,1990,0,0,8,0,0,0,0,8,0,0
60428,2,1,1990,0,0,0,0,0,0,18,0,0,0
60429,1,1,1990,0,0,0,0,0,0,0,0,0,0
60430,1,1,1990,0,0,0,0,0,0,0,0,0,0
60430,2,1,1990,0,0,0,0,0,0,0,0,0,0
60431,0,1,1990,0,0,0,0,0,0,0,0,0,0
60431,1,1,1990,0,19,0,0,0,0,7,9,0,0
60432,0,1,1990,0,0,0,0,0,0,0,0,0,0
60432,1,1,1990,0,0,0,0,0,0,0,0,16,0
60433,1,1,1990,0,0,10,0,9,0,0,0,0,0
60433,2,1,1990,3,3,3,3,3,3,3,3,3,3
60433,3,1,1990,0,0,0,0,0,0,0,0,0,0
60434,0,1,1990,0,0,0,0,0,0,0,0,0,0
60434,1,1,1990,0,0,0,0,0,0,0,0,0,0
60435,1,1,1990,0,0,0,0,0,0,3,0,0,29
60435,2,1,1990,0,0,0,0,0,0,0,0,0,0
60436,0,1,1990,0,0,0,0,0,0,0,0,0,0
60436,1,1,1990,0,0,0,0,0,0,0,0,0,0
60437,1,1,1990,0,0,0,0,0,0,0,0,0,0
60437,2,1,1990,0,0,0,0,0,0,0,0,2,0
60439,1,1,1990,0,0,0,0,0,0,0,10,0,0
60440,1,1,1990,0,0,0,0,0,0,0,0,0,0
60441,1,1,1990,12,12,12,12,12,12,12,12,12,12
60442,1,1,1990,22,22,22,22,22,22,22,22,22,22
60443,1,1,1990,22,0,0,0,0,0,0,0,0,0
60444,1,1,1990,14,14,14,14,14,14,14,14,14,14
60445,1,1,1990,0,0,0,26,30,0,26,0,0,0
60446,1,1,1990,36,36,36,36,36,36,36,36,36,36
60447,1,1,1990,16,16,16,16,16,16,16,16,16,16
60448,1,1,1990,0,0,0,0,0,0,0,0,0,0
60449,1,1,1990,20,20,20,20,20,20,20,20,20,20
60450,1,1,1990,0,0,0,0,0,0,0,0,0,0
60451,1,1,1990,19,19,19,19,19,19,19,19,19,19
60452,1,1,1990,26,26,26,26,26,26,26,26,26,26
60453,1,1,1990,0,0,22,0,0,0,0,0,30,0
60454,1,1,1990,16,16,16,16,16,16,16,16,16,16
60455,1,1,1990,0,0,0,0,0,0,0,0,0,0
60456,1,1,1990,0,0,0,0,0,0,0,0,0,0
60457,1,1,1990,0,0,0,0,0,0,0,0,0,0
60458,1,1,1990,18,18,18,18,18,18,18,18,18,18
60459,1,1,1990,0,0,0,0,0,0,0,0,0,0
60460,1,1,1990,0,10,0,0,0,0,7,0,0,12
60461,1,1,1990,24,24,24,24,24,24,24,24,24,24
60462,1,1,1990,17,14,10,13,16,0,11,18,11,20
60462,2,1,1990,0,0,0,0,0,0,0,0,0,0
60463,1,1,1990,0,0,0,0,0,0,0,0,0,0
60463,2,1,1990,0,0,0,0,0,0,0,0,0,0
60464,0,1,1990,13,13,13,13,13,13,13,13,13,13
60464,1,1,1990,0,0,0,0,0,0,0,20,0,0
60465,0,1,1990,0,0,0,0,0,0,0,0,0,0
60465,1,1,1990,22,22,22,22,22,22,22,22,22,22
60466,0,1,1990,0,0,0,0,15,6,0,0,24,32
60466,1,1,1990,0,0,0,0,0,0,0,0,0,0
60467,0,1,1990,0,0,0,0,0,0,0,0,0,0
60467,1,1,1990,0,0,0,0,0,0,0,0,0,0
60468,1,1,1990,18,18,18,18,18,18,18,18,18,18
60469,1,1,1990,27,27,27,27,27,27,27,27,27,27
60470,1,1,1990,0,0,0,15,0,0,0,0,0,0
60471,0,1,1990,0,0,0,0,0,0,0,0,0,0
60471,1,1,1990,0,0,0,0,0,0,0,0,0,0
60472,1,1,1990,34,10,17,10,13,0,11,19,0,29
60473,1,1,1990,0,0,0,0,0,0,0,0,0,0
60473,2,1,1990,4,4,4,4,4,4,4,4,4,4
60474,0,1,1990,0,0,0,0,0,0,0,0,0,0
60474,1,1,1990,0,0,0,0,0,0,0,26,0,0
60475,1,1,1990,7,7,7,7,7,7,7,7,7,7
60475,2,1,1990,0,0,0,0,0,0,0,0,0,0
60476,1,1,1990,20,20,20,20,20,20,20,20,20,20
60477,1,1,1990,16,0,0,0,22,0,23,21,0,18
60477,2,1,1990,0,0,0,0,0,25,0,0,0,0
60478,1,1,1990,11,11,11,11,11,11,11,11,11,11
60478,2,1,1990,0,0,0,0,0,0,16,0,0,0
60478,3,1,1990,0,0,0,0,0,0,0,0,0,0
60479,1,1,1990,17,17,17,17,17,17,17,17,17,17
60479,2,1,1990,0,0,0,0,0,0,0,0,0,0
60480,1,1,1990,0,0,0,0,0,0,0,0,0,0
60480,2,1,1990,0,0,0,0,0,0,0,0,0,0
60481,0,1,1990,23,23,23,23,23,23,23,23,23,23
60481,1,1,1990,0,25,17,0,0,0,0,15,11,0
60482,1,1,1990,0,0,0,0,0,0,0,0,0,0
60482,2,1,1990,0,0,0,0,0,0,0,0,0,0
60483,0,1,1990,28,28,28,28,28,28,28,28,28,28
60483,1,1,1990,0,7,0,0,0,0,0,0,0,0
60484,1,1,1990,23,23,23,23,23,23,23,23,23,23
60485,1,1,1990,27,27,27,27,27,27,27,27,27,27
60486,1,1,1990,19,19,19,19,19,19,19,19,19,19
60487,1,1,1990,7,7,7,7,7,7,7,7,7,7
60488,1,1,1990,20,20,20,20,20,20,20,20,20,20
60489,1,1,1990,13,13,13,13,13,13,13,13,13,13
60490,1,1,1990,6,6,6,6,6,6,6,6,6,6
60491,1,1,1990,4,4,4,4,4,4,4,4,4,4
60492,1,1,1990,12,3,0,0,0,0,30,17,7,23
60493,1,1,1990,0,0,0,0,0,0,0,0,0,0
60493,2,1,1990,0,0,0,0,0,0,0,0,0,0
60494,1,1,1990,0,0,0,0,0,0,0,0,0,0
60494,2,1,1990,0,0,0,0,0,0,0,0,0,0
60495,0,1,1990,0,0,0,0,0,0,0,0,0,0
60495,1,1,1990,0,0,0,0,0,0,0,0,0,0
60496,1,1,1990,0,0,0,0,0,0,0,0,0,0
60496,2,1,1990,0,0,0,0,0,0,0,0,0,0
60497,1,1,1990,0,0,0,0,0,0,0,0,0,0
60498,0,1,1990,0,0,0,0,0,0,0,0,0,0
60498,1,1,1990,20,0,19,0,0,0,0,0,0,17
60499,1,1,1990,0,0,0,0,24,0,0,0,0,0
60499,2,1,1990,13,13,13,13,13,13,13,13,13,13
60500,1,1,1990,0,0,0,0,0,0,0,0,0,0
60500,2,1,1990,0,0,0,25,22,13,13,13,13,0
60501,1,1,1990,0,0,0,0,0,0,0,0,0,0
60502,1,1,1990,11,4,26,12,22,21,24,0,11,20
60503,0,1,1990,0,0,0,0,0,0,0,0,0,0
60503,0,2,1990,0,0,0,0,0,0,0,0,0,0
60503,1,1,1990,0,0,0,0,0,0,0,0,12,0
60504,1,1,1990,0,0,0,0,0,0,0,0,0,0
60505,1,1,1990,0,0,0,0,0,0,0,0,0,0
60505,2,1,1990,0,0,0,0,0,0,0,0,23,0
60505,3,1,1990,0,0,0,0,0,0,0,0,0,0
60506,1,1,1990,19,19,19,19,19,19,19,19,19,19
60507,0,1,1990,0,0,0,0,0,0,0,0,0,0
60507,1,1,1990,0,0,0,0,0,0,0,0,0,8
60508,0,1,1990,23,23,23,23,23,23,23,23,23,23
60508,1,1,1990,0,0,0,0,11,0,0,0,0,0
60509,0,1,1990,11,11,11,11,11,11,11,11,11,11
60509,1,1,1990,0,18,0,19,0,0,0,0,0,0
60510,1,1,1990,4,4,4,4,4,4,4,4,4,4
60511,0,1,1990,0,0,0,0,0,0,0,0,0,0
60511,1,1,1990,0,0,0,0,0,0,0,0,0,0
60512,1,1,1990,0,0,0,0,0,0,0,0,0,0
60513,0,1,1990,0,0,0,0,0,0,0,0,0,0
60513,1,1,1990,0,0,0,0,0,0,0,0,0,0
60514,0,1,1990,26,26,26,26,26,26,26,26,26,26
60514,1,1,1990,0,0,0,0,0,0,0,0,0,0
60515,0,1,1990,0,0,0,0,0,0,0,0,0,0