ST_CASE,VEH_NO,PER_NO,YEAR,P1,P2,P3,P4,P5,P6,P7,P8,P9,P10
60515,1,1,1990,0,0,0,15,0,0,0,0,16,0
60516,1,1,1990,0,0,0,0,0,0,0,0,0,0
60516,2,1,1990,3,3,3,3,3,3,3,3,3,3
60517,1,1,1990,0,0,0,0,0,0,0,0,0,0
60517,2,1,1990,0,0,0,0,0,0,0,0,0,7
60518,1,1,1990,0,0,0,0,0,0,0,0,0,0
60518,2,1,1990,0,0,0,0,0,0,0,0,0,0
60518,3,1,1990,0,0,0,0,0,0,0,0,0,0
60519,1,1,1990,0,0,0,0,0,0,0,0,0,0
60519,2,1,1990,0,0,0,0,0,0,0,0,0,0
60520,1,1,1990,24,24,24,24,24,24,24,24,24,24
60521,1,1,1990,0,0,0,0,0,0,0,0,0,0
60521,2,1,1990,6,6,6,6,6,6,6,6,6,6
60522,1,1,1990,0,0,0,0,0,0,0,0,0,0
60522,2,1,1990,0,0,0,0,0,0,0,0,0,0
60523,0,1,1990,0,0,0,0,0,0,0,0,0,0
60523,1,1,1990,0,0,0,0,0,7,0,0,0,10
60524,1,1,1990,0,0,0,0,0,0,0,0,0,0
60524,2,1,1990,13,0,12,0,0,0,0,0,0,0
60525,1,1,1990,25,25,25,25,25,25,25,25,25,25
60526,1,1,1990,0,0,0,0,0,0,0,0,0,0
60527,1,1,1990,0,0,0,0,0,0,0,0,0,0
60528,1,1,1990,0,0,0,5,0,0,0,0,0,0
60528,2,1,1990,0,0,0,0,0,0,0,0,0,0
60528,3,1,1990,0,12,0,0,0,0,0,0,0,0
60529,0,1,1990,0,0,0,0,0,0,16,0,13,18
60529,1,1,1990,18,0,0,0,0,0,0,0,0,0
60530,1,1,1990,0,0,0,0,0,0,0,17,0,0
60530,2,1,1990,0,0,0,0,0,0,0,0,0,0
60531,1,1,1990,0,0,0,0,0,0,0,0,0,0
60531,2,1,1990,0,0,0,0,0,0,0,0,0,0
60532,1,1,1990,0,0,0,0,0,0,0,0,0,0
60533,1,1,1990,17,11,16,10,9,9,4,0,20,15
60533,2,1,1990,0,0,0,0,0,0,0,0,0,0
60534,0,1,1990,0,0,0,0,0,0,0,0,0,0
60534,1,1,1990,0,0,0,0,0,0,0,0,0,0
60535,1,1,1990,23,23,23,23,23,23,23,23,23,23
60536,0,1,1990,0,0,0,0,0,0,0,0,0,0
60536,1,1,1990,0,0,0,0,0,0,0,0,0,0
60537,0,1,1990,0,0,0,0,0,0,0,0,0,0
60537,1,1,1990,0,0,0,0,0,0,0,0,0,0
60538,1,1,1990,10,10,10,10,10,10,10,10,10,10
60539,1,1,1990,0,0,0,0,0,0,0,0,0,0
60539,2,1,1990,0,0,0,0,0,0,0,0,0,0
60540,1,1,1990,24,24,24,24,24,24,24,24,24,24
60540,2,1,1990,0,0,0,0,0,0,0,0,0,0
60541,0,1,1990,0,0,0,0,0,0,0,0,0,0
60541,1,1,1990,0,0,0,18,0,0,0,0,0,0
60542,1,1,1990,0,0,0,0,0,0,0,0,0,0
60542,2,1,1990,0,0,0,0,0,0,0,0,0,0
60542,3,1,1990,0,0,0,0,0,0,0,0,0,0
60543,1,1,1990,29,29,29,29,29,29,29,29,29,29
60543,2,1,1990,0,0,0,0,0,0,0,2,0,0
60544,1,1,1990,29,29,29,29,29,29,29,29,29,29
60545,1,1,1990,0,0,0,0,0,0,0,0,0,0
60546,1,1,1990,21,18,0,17,9,0,10,0,0,7
60546,2,1,1990,21,21,21,21,21,21,21,21,21,21
60547,0,1,1990,0,0,0,0,0,0,0,0,0,0
60547,0,2,1990,24,24,24,24,24,24,24,24,24,24
60547,1,1,1990,17,0,13,0,15,28,0,0,11,17
60548,0,1,1990,0,0,0,0,0,0,0,0,0,0
60548,1,1,1990,0,0,0,0,0,0,0,0,0,0
60549,1,1,1990,0,0,0,0,0,0,0,0,0,0
60550,0,1,1990,4,4,4,4,4,4,4,4,4,4
60550,1,1,1990,0,0,0,0,0,0,0,0,0,0
60551,0,1,1990,0,0,0,0,0,0,0,0,0,0
60551,1,1,1990,0,0,0,0,0,0,0,0,0,0
60552,1,1,1990,0,18,0,0,0,0,0,0,6,0
60552,2,1,1990,0,0,0,0,0,0,0,0,0,0
60553,1,1,1990,0,0,0,10,0,0,0,0,0,17
60553,2,1,1990,0,0,0,0,0,0,0,0,0,0
60554,0,1,1990,11,11,11,11,11,11,11,11,11,11
60554,1,1,1990,0,0,0,0,0,0,0,0,16,0
60554,2,1,1990,49,17,12,0,0,0,19,0,17,14
60555,1,1,1990,0,0,0,0,0,0,0,0,0,0
60555,2,1,1990,0,0,0,0,0,0,0,0,0,0
60556,0,1,1990,0,0,0,0,0,0,0,0,0,0
60556,1,1,1990,0,0,0,0,0,0,0,0,0,0
60556,2,1,1990,0,0,8,16,0,9,0,0,12,6
60557,1,1,1990,0,0,0,0,0,0,0,0,0,0
60558,1,1,1990,0,0,0,0,0,0,0,0,0,0
60559,1,1,1990,0,0,0,0,0,0,0,0,0,0
60560,1,1,1990,0,6,7,0,0,0,0,0,0,0
60561,1,1,1990,24,24,24,24,24,24,24,24,24,24
60562,1,1,1990,24,24,24,24,24,24,24,24,24,24
60563,1,1,1990,0,0,0,0,0,0,0,0,0,0
60564,0,1,1990,0,0,0,0,0,0,0,0,0,0
60564,1,1,1990,34,34,34,34,34,34,34,34,34,34
60565,0,1,1990,1,1,1,1,1,1,1,1,1,1
60565,1,1,1990,0,0,0,0,0,0,0,0,0,0
60566,1,1,1990,12,12,12,12,12,12,12,12,12,12
60567,1,1,1990,16,16,16,16,16,16,16,16,16,16
60568,1,1,1990,0,0,0,0,0,0,0,0,0,0
60569,1,1,1990,0,0,0,0,0,0,0,0,0,0
60570,1,1,1990,0,0,0,0,0,0,0,0,0,0
60571,1,1,1990,0,0,0,0,0,0,0,0,0,0
60572,1,1,1990,14,14,14,14,14,14,14,14,14,14
60572,2,1,1990,0,0,0,0,0,9,0,0,0,0
60572,3,1,1990,0,0,0,0,0,0,0,0,0,0
60573,1,1,1990,4,4,4,4,4,4,4,4,4,4
60573,2,1,1990,0,0,0,0,0,0,0,0,0,0
60574,1,1,1990,31,31,31,31,31,31,31,31,31,31
60575,1,1,1990,0,0,0,0,0,0,0,0,0,0
60575,2,1,1990,0,0,0,0,0,0,0,0,0,0
60576,0,1,1990,0,0,0,0,0,0,0,0,0,0
60576,1,1,1990,0,0,0,0,0,0,0,0,0,0
60577,1,1,1990,14,14,14,14,14,14,14,14,14,14
60578,0,1,1990,0,0,0,0,0,0,0,0,0,0
60578,1,1,1990,0,0,0,0,0,0,0,0,0,0
60579,0,1,1990,0,0,0,0,0,0,0,0,0,0
60579,1,1,1990,4,21,0,14,20,0,12,15,10,30
60580,0,1,1990,0,0,0,0,0,0,0,0,0,0
60580,1,1,1990,0,0,0,0,0,0,0,0,0,0
60581,1,1,1990,0,0,0,0,0,0,0,0,0,0
60581,2,1,1990,0,0,0,0,0,0,0,0,0,0
60581,3,1,1990,7,0,0,0,0,0,0,0,0,0
60581,4,1,1990,0,0,0,0,0,0,0,0,0,0
60582,0,1,1990,0,0,0,0,0,0,0,0,0,0
60583,1,1,1990,15,11,14,0,21,9,9,8,2,8
60583,2,1,1990,0,11,8,16,17,0,0,9,0,0
60584,1,1,1990,0,0,0,0,0,0,0,0,0,0
60584,2,1,1990,0,0,0,0,0,0,0,0,0,0
60585,0,1,1990,0,0,0,0,0,0,0,0,0,0
60585,1,1,1990,0,0,0,0,0,0,0,0,0,0
60586,0,1,1990,0,0,0,0,0,0,0,0,0,0
60586,1,1,1990,18,18,18,18,18,18,18,18,18,18
60587,0,1,1990,0,0,0,0,0,0,0,0,0,0
60587,1,1,1990,17,17,17,17,17,17,17,17,17,17
60588,1,1,1990,22,22,22,22,22,22,22,22,22,22
60588,2,1,1990,0,0,0,0,0,0,0,0,0,0
60589,1,1,1990,0,0,0,0,0,0,0,0,0,0
60590,1,1,1990,0,0,0,0,0,0,0,0,0,0
60591,1,1,1990,0,0,0,0,0,0,0,0,0,0
60592,1,1,1990,24,24,24,24,24,24,24,24,24,24
60592,2,1,1990,0,0,0,0,0,0,0,0,0,0
60592,3,1,1990,0,0,0,0,0,0,0,0,0,0
60593,1,1,1990,14,14,14,14,14,14,14,14,14,14
60594,1,1,1990,22,22,22,22,22,22,22,22,22,22
60595,1,1,1990,0,0,0,0,0,0,0,0,0,0
60595,2,1,1990,0,0,0,0,0,0,0,0,0,0
60596,0,1,1990,0,0,0,0,0,0,0,0,0,0
60596,1,1,1990,0,0,0,0,0,0,0,0,0,0
60597,0,1,1990,0,0,0,0,0,0,0,0,0,0
60597,1,1,1990,0,0,0,0,0,0,0,0,0,0
60598,1,1,1990,3,3,3,3,3,3,3,3,3,3
60599,1,1,1990,0,22,21,4,0,0,11,15,11,14
60599,2,1,1990,0,0,0,0,0,0,0,0,0,0
60600,1,1,1990,23,23,23,23,23,23,23,23,23,23
60600,2,1,1990,0,7,0,0,0,0,0,0,0,0
60601,1,1,1990,27,27,27,27,27,27,27,27,27,27
60602,1,1,1990,0,0,0,0,0,0,0,0,0,0
60602,2,1,1990,0,0,0,0,0,0,0,10,0,0
60603,1,1,1990,21,21,21,21,21,21,21,21,21,21
60603,2,1,1990,0,20,33,0,0,0,0,0,19,11
60603,3,1,1990,6,0,0,0,0,4,0,0,0,0
60604,1,1,1990,0,0,0,0,0,0,0,0,0,0
60604,2,1,1990,0,27,16,18,8,18,12,28,13,16
60605,1,1,1990,0,0,0,0,0,0,0,0,0,0
60605,2,1,1990,0,0,0,0,0,0,0,0,0,0
60606,1,1,1990,37,16,23,29,11,33,0,9,19,26
60606,2,1,1990,0,0,0,0,0,0,0,0,0,0
60606,3,1,1990,0,0,0,0,0,0,0,0,0,0
60607,0,1,1990,25,25,25,25,25,25,25,25,25,25
60607,1,1,1990,2,2,2,2,2,2,2,2,2,2
60608,1,1,1990,0,0,0,0,0,0,0,0,0,0
60608,2,1,1990,0,0,0,0,0,0,0,0,0,0
60609,0,1,1990,33,9,0,22,7,0,14,0,0,0
60609,1,1,1990,0,0,0,0,19,0,0,0,0,0
60610,1,1,1990,0,0,0,0,0,0,0,0,0,0
60610,2,1,1990,0,0,0,0,0,0,0,0,0,0
60611,1,1,1990,0,0,0,0,0,0,11,0,10,12
60611,2,1,1990,0,0,0,0,0,0,0,0,0,0
60612,1,1,1990,2,2,2,2,2,2,2,2,2,2
60612,2,1,1990,0,0,0,0,0,0,0,0,0,0
60613,0,1,1990,0,0,0,0,0,0,0,0,0,0
60613,1,1,1990,0,0,0,0,0,0,0,0,0,0
60614,1,1,1990,29,29,29,29,29,29,29,29,29,29
60615,1,1,1990,0,0,0,0,0,0,0,0,0,0
60616,1,1,1990,0,0,0,0,0,0,0,0,0,0
60616,2,1,1990,0,0,0,0,0,0,0,0,0,0
60617,0,1,1990,0,0,0,0,0,0,0,0,0,0
60617,1,1,1990,0,0,0,0,0,0,0,0,0,0
60618,1,1,1990,7,0,0,0,0,0,0,0,0,0
60619,0,1,1990,0,0,0,0,0,0,0,0,0,0
60619,1,1,1990,0,0,0,0,0,0,0,0,0,0
60620,1,1,1990,28,28,28,28,28,28,28,28,28,28
60620,2,1,1990,0,0,0,0,0,0,0,0,0,0
60621,1,1,1990,0,0,0,0,0,0,0,0,23,0
60622,0,1,1990,0,0,0,0,0,0,0,0,0,0
60622,1,1,1990,0,11,0,5,0,0,0,4,0,0
60623,1,1,1990,0,0,0,0,0,0,0,0,0,0
60623,2,1,1990,0,0,0,0,0,0,0,0,0,0
60624,1,1,1990,17,17,17,17,17,17,17,17,17,17
60625,1,1,1990,0,0,0,0,0,0,0,0,0,4
60625,2,1,1990,0,0,0,0,0,0,0,0,0,0
60625,3,1,1990,0,0,0,0,0,0,0,0,0,21
60626,1,1,1990,14,14,14,14,14,14,14,14,14,14
60627,1,1,1990,0,0,0,0,0,0,0,0,0,0
60628,1,1,1990,7,12,9,22,23,0,14,25,5,4
60628,2,1,1990,0,0,0,0,0,0,0,0,0,0
60629,1,1,1990,0,0,0,0,0,0,0,0,0,0
60629,2,1,1990,11,16,35,17,8,22,6,12,9,13
60630,0,1,1990,23,23,23,23,23,23,23,23,23,23
60630,1,1,1990,0,0,0,0,0,0,0,0,0,0
60631,1,1,1990,0,0,0,0,0,0,0,0,0,0
60631,2,1,1990,0,0,0,0,0,0,0,0,0,6
60631,3,1,1990,0,0,0,0,0,0,0,0,0,0
60632,1,1,1990,0,0,0,0,0,0,0,0,0,0
60633,0,1,1990,0,0,0,0,0,0,0,0,0,0
60634,0,1,1990,0,0,0,0,0,0,0,0,0,0
60634,0,2,1990,0,0,0,0,0,0,0,0,0,0
60634,1,1,1990,0,28,0,17,0,0,0,0,0,0
60635,1,1,1990,0,0,0,0,0,0,0,0,0,0
60635,2,1,1990,0,0,0,0,0,0,0,0,0,0
60636,1,1,1990,17,17,17,17,17,17,17,17,17,17
60637,1,1,1990,22,22,22,22,22,22,22,22,22,22
60638,1,1,1990,0,0,0,0,0,0,0,0,0,0
60639,0,1,1990,0,0,0,0,0,10,0,0,0,0
60639,1,1,1990,0,0,0,0,0,0,0,0,0,0
60639,2,1,1990,0,0,0,0,0,0,0,0,0,0
60639,3,1,1990,0,11,0,0,0,0,0,0,0,0
60640,1,1,1990,0,0,0,0,0,0,0,0,0,0
60640,2,1,1990,0,0,0,0,0,0,0,0,0,0
60641,1,1,1990,18,18,18,18,18,18,18,18,18,18
60642,1,1,1990,0,0,0,0,0,0,22,0,0,0
60642,2,1,1990,0,0,0,0,0,0,12,0,0,0
60643,1,1,1990,0,0,0,0,0,0,0,0,0,0
60643,2,1,1990,13,13,13,13,13,13,13,13,13,13
60643,3,1,1990,0,0,0,0,0,0,0,0,0,0
60644,1,1,1990,0,0,0,0,0,0,0,0,0,0
60645,1,1,1990,0,0,0,0,0,0,0,0,0,0
60645,2,1,1990,0,0,0,0,0,0,0,0,0,0
60646,1,1,1990,16,16,16,16,16,16,16,16,16,16
60647,0,1,1990,0,0,0,0,0,0,0,0,0,0
60647,1,1,1990,0,0,0,0,0,0,0,0,0,0
60648,1,1,1990,0,0,0,0,0,0,0,0,0,0
60649,1,1,1990,0,0,0,0,0,0,0,0,0,0
60650,0,1,1990,0,0,0,0,0,0,0,0,0,0
60650,1,1,1990,0,0,0,0,0,0,0,0,0,0
60651,0,1,1990,0,0,0,0,0,0,0,0,0,0
60651,1,1,1990,0,0,0,0,0,0,0,0,0,0
60652,1,1,1990,0,0,0,0,0,0,0,0,0,0
60652,2,1,1990,0,0,0,0,0,0,0,0,0,0
60653,0,1,1990,0,0,0,0,0,0,0,0,0,0
60653,1,1,1990,0,0,0,0,0,0,0,0,0,0
60654,1,1,1990,0,0,0,0,0,0,0,4,0,0
60654,2,1,1990,0,0,0,0,0,0,0,0,0,0
60654,3,1,1990,0,0,0,0,0,16,0,0,0,0
60655,1,1,1990,10,10,10,10,10,10,10,10,10,10
60655,2,1,1990,0,0,0,0,0,0,0,0,0,11
60656,1,1,1990,0,0,0,0,0,0,0,0,0,0
60656,2,1,1990,0,0,0,0,0,0,0,0,0,0
60657,1,1,1990,5,5,5,5,5,5,5,5,5,5
60658,1,1,1990,0,0,0,0,0,0,0,0,0,0
60658,2,1,1990,0,0,0,0,0,0,0,0,0,0
60659,1,1,1990,0,0,0,0,11,0,0,0,0,0
60659,2,1,1990,10,0,0,0,0,0,0,0,0,0
60660,1,1,1990,0,0,0,0,0,0,0,0,0,0
60660,2,1,1990,0,0,0,0,0,0,0,0,0,0
60661,1,1,1990,16,15,21,30,9,26,6,34,10,15
60662,1,1,1990,16,16,16,16,16,16,16,16,16,16
60663,1,1,1990,20,20,20,20,20,20,20,20,20,20
60664,1,1,1990,16,16,16,16,16,16,16,16,16,16
60664,2,1,1990,0,0,0,0,0,0,0,0,0,0
60665,1,1,1990,21,21,21,21,21,21,21,21,21,21
60666,1,1,1990,24,24,24,24,24,24,24,24,24,24
60667,1,1,1990,0,0,0,0,0,0,0,0,0,0
60668,1,1,1990,6,0,11,0,0,0,0,0,0,12
60668,2,1,1990,0,0,0,0,0,0,0,0,10,0
60669,1,1,1990,0,0,0,7,0,0,0,0,0,0
60669,2,1,1990,0,0,0,0,0,0,0,0,0,0
60670,1,1,1990,5,5,5,5,5,5,5,5,5,5
60671,0,1,1990,11,11,11,11,11,11,11,11,11,11
60671,1,1,1990,0,0,0,0,0,0,0,17,0,0
60672,0,1,1990,31,31,31,31,31,31,31,31,31,31
60672,1,1,1990,0,0,0,0,0,0,0,0,0,0
60673,1,1,1990,0,0,0,0,0,0,0,0,0,0
60673,2,1,1990,0,0,0,0,0,0,0,0,0,0
60674,0,1,1990,14,14,14,14,14,14,14,14,14,14
60674,1,1,1990,0,0,0,16,0,0,6,0,0,0
60675,1,1,1990,0,0,0,0,0,0,0,0,0,0
60675,2,1,1990,0,0,0,0,0,0,0,0,0,0
60676,1,1,1990,16,16,16,16,16,16,16,16,16,16
60677,0,1,1990,10,0,36,9,31,0,6,18,12,6
60677,1,1,1990,16,16,16,16,16,16,16,16,16,16
60678,0,1,1990,18,18,18,18,18,18,18,18,18,18
60678,1,1,1990,0,0,0,0,0,0,10,0,0,0
60679,1,1,1990,9,9,9,9,9,9,9,9,9,9
60679,2,1,1990,0,0,0,0,0,0,0,0,0,0
60680,1,1,1990,12,0,0,0,0,0,0,0,0,0
60680,2,1,1990,2,2,2,2,2,2,2,2,2,2
60680,3,1,1990,0,9,0,11,5,0,12,0,19,13
60680,4,1,1990,0,0,1,0,0,0,0,0,0,0
60681,0,1,1990,13,13,13,13,13,13,13,13,13,13
60681,1,1,1990,0,0,0,11,0,0,0,0,0,0
60682,1,1,1990,18,18,18,18,18,18,18,18,18,18
60683,1,1,1990,33,33,33,33,33,33,33,33,33,33
60684,0,1,1990,21,21,21,21,21,21,21,21,21,21
60684,1,1,1990,0,0,0,0,0,0,0,0,0,0
60685,1,1,1990,0,0,0,0,0,0,0,0,0,0
60686,1,1,1990,0,0,0,0,0,0,0,0,0,0
60686,2,1,1990,0,0,0,0,0,0,0,0,0,0
60687,1,1,1990,28,28,28,28,28,28,28,28,28,28
60687,2,1,1990,0,0,0,0,0,0,0,0,0,0
60688,1,1,1990,0,0,0,0,0,0,0,0,0,0
60689,1,1,1990,20,20,20,20,20,20,20,20,20,20
60690,1,1,1990,21,21,21,21,21,21,21,21,21,21
60690,2,1,1990,0,0,0,0,0,0,0,0,0,0
60691,1,1,1990,23,23,23,23,23,23,23,23,23,23
60692,0,1,1990,0,0,0,0,0,0,0,0,0,0
60692,1,1,1990,0,0,0,0,0,0,0,0,0,0
60693,1,1,1990,18,18,18,18,18,18,18,18,18,18
60694,0,1,1990,0,0,0,0,0,0,0,0,0,0
60694,1,1,1990,0,0,0,0,0,0,0,0,0,0
60695,1,1,1990,0,0,0,0,0,0,0,0,0,0
60695,2,1,1990,0,0,0,0,0,0,0,0,0,8
60696,1,1,1990,37,37,37,37,37,37,37,37,37,37
60697,1,1,1990,0,0,0,0,0,0,0,0,0,0
60697,2,1,1990,0,0,0,0,0,0,0,0,0,0
60698,1,1,1990,0,0,0,0,0,0,0,0,0,0
60699,1,1,1990,28,28,28,28,28,28,28,28,28,28
60699,2,1,1990,0,0,0,0,0,0,0,0,0,0
60699,3,1,1990,0,0,0,0,0,0,0,0,0,0
60700,0,1,1990,0,0,0,0,0,0,0,0,0,0
60700,1,1,1990,0,15,0,0,0,0,0,15,0,23
60701,1,1,1990,20,20,20,20,20,20,20,20,20,20
60702,1,1,1990,0,0,0,0,0,0,0,0,0,0
60703,1,1,1990,12,12,12,12,12,12,12,12,12,12
60703,2,1,1990,0,0,0,0,0,0,0,0,0,0
60704,0,1,1990,0,0,0,0,0,0,0,0,0,0
60704,1,1,1990,0,0,0,0,0,0,0,0,0,0
60705,1,1,1990,0,0,0,0,0,0,0,0,0,0
60705,2,1,1990,28,28,28,28,28,28,28,28,28,28
60706,0,1,1990,0,0,0,0,0,0,0,0,0,0
60706,1,1,1990,0,0,24,0,16,0,0,0,0,0
60707,1,1,1990,0,0,0,23,0,0,0,0,0,0
60707,2,1,1990,0,0,0,0,0,0,0,0,0,0
60708,1,1,1990,32,32,32,32,32,32,32,32,32,32
60709,1,1,1990,0,0,0,0,0,0,0,0,0,0
60709,2,1,1990,0,0,0,0,0,0,0,0,0,0
60710,1,1,1990,15,15,15,15,15,15,15,15,15,15
60710,2,1,1990,0,0,0,0,0,0,15,0,0,0
60711,1,1,1990,0,0,0,0,0,0,0,0,0,0
60711,2,1,1990,0,0,0,0,0,0,0,0,0,0
60711,3,1,1990,0,0,0,0,0,0,0,0,0,0
60712,1,1,1990,3,3,3,3,3,3,3,3,3,3
60713,1,1,1990,9,9,9,9,9,9,9,9,9,9
60714,1,1,1990,6,6,6,6,6,6,6,6,6,6
60715,1,1,1990,10,10,10,10,10,10,10,10,10,10
60716,1,1,1990,21,21,21,21,21,21,21,21,21,21
60717,1,1,1990,29,29,29,29,29,29,29,29,29,29
60718,1,1,1990,0,0,0,0,0,0,0,0,0,0
60719,1,1,1990,0,0,0,0,0,0,0,0,0,0
60720,1,1,1990,17,17,17,17,17,17,17,17,17,17
60721,1,1,1990,0,0,0,0,0,0,0,0,0,0
60722,1,1,1990,18,18,18,18,18,18,18,18,18,18
60723,1,1,1990,11,11,11,11,11,11,11,11,11,11
60724,1,1,1990,0,0,0,0,0,0,0,0,0,0
60724,2,1,1990,6,6,6,6,6,6,6,6,6,6
60725,1,1,1990,15,15,15,15,15,15,15,15,15,15
60725,2,1,1990,0,0,0,0,0,12,0,0,0,0
60725,3,1,1990,0,12,0,0,0,12,0,0,0,0
60725,4,1,1990,0,0,0,0,0,0,0,0,0,0
60726,1,1,1990,10,10,10,10,10,10,10,10,10,10
60727,1,1,1990,25,25,25,25,25,25,25,25,25,25
60727,2,1,1990,23,23,23,23,23,23,23,23,23,23
60728,1,1,1990,6,6,6,6,6,6,6,6,6,6
60729,1,1,1990,0,0,22,17,12,0,20,0,9,0
60729,2,1,1990,0,0,0,0,0,0,0,0,0,0
60730,1,1,1990,19,19,19,19,19,19,19,19,19,19
60730,2,1,1990,0,0,0,0,0,0,0,0,0,0
60731,1,1,1990,9,9,9,9,9,9,9,9,9,9
60731,2,1,1990,11,11,11,11,11,11,11,11,11,11
60732,0,1,1990,0,0,0,0,0,0,0,0,0,0
60732,2,1,1990,0,0,0,0,0,0,0,0,0,0
60733,0,1,1990,9,9,9,9,9,9,9,9,9,9
60733,1,1,1990,0,0,7,7,11,10,21,6,23,18
60734,1,1,1990,0,0,0,0,0,0,0,0,0,0
60734,2,1,1990,5,5,5,5,5,5,5,5,5,5
60735,1,1,1990,12,12,12,12,12,12,12,12,12,12
60735,2,1,1990,0,0,0,0,0,0,0,0,0,0
60735,3,1,1990,0,0,23,0,0,18,0,0,0,10
60736,1,1,1990,23,23,23,23,23,23,23,23,23,23
60737,1,1,1990,0,0,0,0,0,0,0,0,0,0
60737,2,1,1990,0,0,0,0,0,0,0,0,0,0
60738,1,1,1990,0,0,0,0,0,0,0,0,0,0
60739,1,1,1990,15,15,15,15,15,15,15,15,15,15
60739,2,1,1990,0,0,0,0,0,0,22,0,0,0
60739,3,1,1990,0,0,0,0,0,0,0,0,0,0
60740,1,1,1990,6,6,6,6,6,6,6,6,6,6
60740,2,1,1990,6,6,6,6,6,6,6,6,6,6
60741,1,1,1990,7,7,7,7,7,7,7,7,7,7
60741,2,1,1990,0,0,0,0,0,0,0,0,0,0
60742,1,1,1990,43,43,43,43,43,43,43,43,43,43
60742,2,1,1990,0,0,0,0,2,0,0,0,0,0
60743,0,1,1990,27,27,27,27,27,27,27,27,27,27
60743,1,1,1990,17,17,17,17,17,17,17,17,17,17
60744,1,1,1990,4,4,4,4,4,4,4,4,4,4
60744,2,1,1990,0,0,0,0,0,0,0,0,0,0
60745,1,1,1990,21,21,21,21,21,21,21,21,21,21
60746,1,1,1990,0,0,0,0,0,0,0,0,0,0
60747,1,1,1990,27,27,27,27,27,27,27,27,27,27
60748,1,1,1990,6,6,6,6,6,6,6,6,6,6
60748,2,1,1990,0,0,0,0,0,0,0,0,0,0
60749,1,1,1990,17,17,17,17,17,17,17,17,17,17
60750,1,1,1990,0,0,0,0,0,0,0,0,0,0
60751,0,1,1990,0,0,0,0,0,0,0,0,0,0
60751,1,1,1990,0,0,0,0,0,0,0,0,0,0
60751,2,1,1990,0,0,0,0,0,0,0,0,0,0
60752,0,1,1990,0,23,18,12,0,19,28,0,4,4
60752,1,1,1990,0,0,0,0,0,0,0,0,0,0
60752,3,1,1990,0,11,21,9,19,12,19,8,13,20
60753,1,1,1990,0,0,0,0,0,0,0,0,0,0
60753,2,1,1990,0,0,0,0,0,0,0,0,0,0
60754,0,1,1990,0,0,0,0,0,0,0,0,0,0
60754,1,1,1990,0,0,0,0,0,0,0,0,0,0
60755,1,1,1990,0,0,0,0,0,0,0,0,0,0
60756,1,1,1990,0,0,0,0,0,0,0,0,0,0
60756,2,1,1990,0,0,0,16,0,20,0,0,4,0
60757,0,1,1990,0,0,0,0,0,0,0,0,0,0
60757,1,1,1990,0,0,0,0,14,0,0,0,0,0
60758,1,1,1990,0,0,0,0,0,0,0,0,0,0
60758,2,1,1990,0,0,0,0,0,0,0,0,0,0
60759,0,1,1990,0,0,0,0,0,0,0,0,0,0
60759,1,1,1990,0,0,0,3,0,0,0,0,17,0
60760,1,1,1990,0,0,0,0,0,0,0,0,0,0
60760,2,1,1990,2,2,2,2,2,2,2,2,2,2
60761,1,1,1990,17,17,17,17,17,17,17,17,17,17
60761,2,1,1990,25,25,25,25,25,25,25,25,25,25
60762,1,1,1990,9,9,9,9,9,9,9,9,9,9
60763,1,1,1990,0,0,0,0,0,0,0,0,0,0
60763,2,1,1990,0,0,0,0,0,0,0,0,0,0
60764,0,1,1990,0,0,0,0,0,0,0,0,0,0
60764,1,1,1990,0,0,0,0,0,0,0,0,0,0
60765,1,1,1990,14,14,14,14,14,14,14,14,14,14
60765,2,1,1990,0,0,0,0,0,0,0,0,0,0
60766,1,1,1990,26,26,26,26,26,26,26,26,26,26
60767,1,1,1990,22,22,22,22,22,22,22,22,22,22
60768,1,1,1990,0,0,0,0,0,0,0,0,0,0
60769,1,1,1990,20,20,20,20,20,20,20,20,20,20
60769,2,1,1990,0,0,0,0,0,0,0,0,0,0
60770,1,1,1990,0,0,0,0,0,0,0,0,0,0
60771,0,1,1990,0,0,0,0,0,0,0,0,0,0
60771,1,1,1990,0,0,0,0,0,0,0,6,0,0
60772,1,1,1990,0,0,0,0,0,0,0,0,0,16
60772,2,1,1990,0,0,0,0,0,0,0,0,0,0
60773,0,1,1990,0,0,0,0,0,0,0,0,0,0
60773,1,1,1990,0,0,0,0,20,13,18,12,0,12
60774,0,1,1990,0,17,16,0,0,0,14,18,0,0
60774,1,1,1990,23,23,23,23,23,23,23,23,23,23
60775,1,1,1990,0,0,0,0,0,0,0,0,0,0