ST_CASE,VEH_NO,PER_NO,YEAR,P1,P2,P3,P4,P5,P6,P7,P8,P9,P10
60776,1,1,1990,0,0,0,0,0,0,0,7,13,13
60777,0,1,1990,16,16,16,16,16,16,16,16,16,16
60777,1,1,1990,0,0,0,0,0,0,0,0,0,0
60777,2,1,1990,15,0,0,0,0,0,0,0,0,0
60778,1,1,1990,0,0,0,0,0,0,0,0,0,0
60778,2,1,1990,0,0,0,0,0,0,0,0,0,0
60779,0,1,1990,0,0,0,0,0,0,0,0,0,0
60779,1,1,1990,0,0,0,0,0,0,0,0,13,0
60779,2,1,1990,0,0,0,0,0,0,0,0,0,0
60780,1,1,1990,0,7,32,20,12,9,21,18,0,16
60780,2,1,1990,0,0,0,0,0,0,0,0,0,0
60781,0,1,1990,16,16,16,16,16,16,16,16,16,16
60781,1,1,1990,0,0,0,0,0,0,0,0,0,0
60782,1,1,1990,7,7,7,7,7,7,7,7,7,7
60782,2,1,1990,0,0,0,0,0,0,0,0,4,0
60783,0,1,1990,19,0,17,40,0,0,0,14,15,45
60783,1,1,1990,0,0,0,0,0,0,0,0,0,0
60784,0,1,1990,0,0,0,0,0,0,0,0,0,0
60784,1,1,1990,0,0,0,0,0,0,0,13,0,0
60785,0,1,1990,0,0,0,0,0,0,0,0,0,0
60785,1,1,1990,22,22,22,22,22,22,22,22,22,22
60785,2,1,1990,21,21,21,21,21,21,21,21,21,21
60786,1,1,1990,0,0,0,0,0,0,0,0,0,0
60787,1,1,1990,25,25,25,25,25,25,25,25,25,25
60788,0,1,1990,0,0,0,0,0,0,0,0,0,0
60788,1,1,1990,13,13,13,13,13,13,13,13,13,13
60789,1,1,1990,18,18,18,18,18,18,18,18,18,18
60790,1,1,1990,0,0,0,0,0,0,0,0,0,0
60790,2,1,1990,0,0,0,0,0,0,0,0,0,0
60791,1,1,1990,22,22,22,22,22,22,22,22,22,22
60791,2,1,1990,0,0,0,24,0,0,0,0,0,0
60793,0,1,1990,27,27,27,27,27,27,27,27,27,27
60793,1,1,1990,0,0,0,0,0,0,0,0,0,0
60794,0,1,1990,0,0,0,0,0,0,0,0,0,0
60794,1,1,1990,0,0,0,0,0,0,0,0,0,0
60795,1,1,1990,10,10,10,10,10,10,10,10,10,10
60796,1,1,1990,6,6,6,6,6,6,6,6,6,6
60797,1,1,1990,0,0,0,0,0,0,0,0,0,0
60797,2,1,1990,0,0,0,0,0,0,0,0,0,0
60797,3,1,1990,0,0,0,0,0,0,0,0,0,0
60797,4,1,1990,0,0,0,0,0,0,0,0,0,0
60798,0,1,1990,0,0,0,0,0,0,0,0,0,0
60798,1,1,1990,0,0,0,0,0,0,0,0,0,0
60799,1,1,1990,0,0,0,0,0,0,0,0,0,0
60799,2,1,1990,0,0,0,0,0,0,0,0,0,0
60799,3,1,1990,0,0,0,0,0,0,0,0,0,0
60800,1,1,1990,0,0,0,0,0,0,0,0,0,0
60800,2,1,1990,0,0,0,0,0,29,0,13,14,0
60801,0,1,1990,0,0,0,0,0,0,0,0,0,0
60801,1,1,1990,0,0,0,0,0,0,0,0,0,0
60802,1,1,1990,0,0,0,0,0,0,0,0,0,0
60802,2,1,1990,0,0,0,0,0,0,0,0,0,0
60803,1,1,1990,0,0,0,0,0,0,0,0,0,0
60803,2,1,1990,0,0,0,0,0,0,0,0,0,0
60804,1,1,1990,18,18,18,18,18,18,18,18,18,18
60805,1,1,1990,27,27,27,27,27,27,27,27,27,27
60806,0,1,1990,0,0,0,0,0,0,0,0,0,0
60806,1,1,1990,0,0,0,0,0,0,0,0,0,0
60807,0,1,1990,27,27,27,27,27,27,27,27,27,27
60807,0,2,1990,13,33,0,23,9,13,0,22,17,0
60807,1,1,1990,28,0,0,4,6,0,24,27,22,15
60807,2,1,1990,0,34,12,0,0,19,3,10,0,0
60808,1,1,1990,0,0,0,0,0,0,0,0,0,0
60808,2,1,1990,3,3,3,3,3,3,3,3,3,3
60809,1,1,1990,23,23,23,23,23,23,23,23,23,23
60810,1,1,1990,0,0,0,0,0,0,0,0,0,0
60810,2,1,1990,0,0,0,0,0,0,0,0,0,0
60810,3,1,1990,0,0,0,0,0,11,0,0,0,0
60811,1,1,1990,27,27,27,27,27,27,27,27,27,27
60812,1,1,1990,0,0,0,0,0,0,0,4,0,0
60812,2,1,1990,0,0,0,0,0,0,0,0,0,0
60813,1,1,1990,0,0,0,0,0,0,0,0,0,0
60813,2,1,1990,0,0,0,0,0,0,0,0,0,0
60814,1,1,1990,0,0,0,0,0,0,0,0,0,0
60814,2,1,1990,0,0,10,0,0,0,0,0,0,0
60815,0,1,1990,0,0,0,0,0,0,0,0,0,0
60815,1,1,1990,0,18,17,0,18,0,6,39,17,25
60816,1,1,1990,10,10,10,10,10,10,10,10,10,10
60816,2,1,1990,0,0,0,0,0,0,0,0,0,0
60817,1,1,1990,0,0,0,0,0,0,0,0,0,0
60817,2,1,1990,0,0,0,0,0,0,0,0,0,0
60818,0,1,1990,0,0,0,0,0,0,0,0,0,0
60818,1,1,1990,22,0,0,0,0,0,0,0,0,0
60819,1,1,1990,33,33,33,33,33,33,33,33,33,33
60820,1,1,1990,0,0,0,0,0,0,0,0,0,0
60820,2,1,1990,0,0,0,0,0,0,0,0,0,0
60821,1,1,1990,22,22,22,22,22,22,22,22,22,22
60822,1,1,1990,5,5,5,5,5,5,5,5,5,5
60823,0,1,1990,0,0,0,0,0,0,0,0,0,0
60823,1,1,1990,0,0,0,0,0,0,0,0,0,0
60824,0,1,1990,0,0,0,0,0,0,0,0,0,0
60824,1,1,1990,0,0,0,0,0,0,0,0,0,0
60825,1,1,1990,0,2,0,0,0,10,0,0,0,0
60825,2,1,1990,0,0,5,0,0,0,0,0,0,0
60826,1,1,1990,0,0,0,0,0,0,0,0,0,0
60826,2,1,1990,9,0,0,0,0,34,0,0,20,0
60827,1,1,1990,0,0,0,0,7,0,0,0,0,0
60827,2,1,1990,0,0,0,0,0,0,0,0,0,0
60828,1,1,1990,0,6,0,0,0,0,0,0,0,0
60828,2,1,1990,0,0,0,0,0,0,0,0,0,0
60829,1,1,1990,17,0,0,0,0,0,0,0,0,0
60830,1,1,1990,19,19,19,19,19,19,19,19,19,19
60831,0,1,1990,50,50,50,50,50,50,50,50,50,50
60831,1,1,1990,0,0,0,0,0,0,0,0,0,0
60832,0,1,1990,0,0,0,0,0,0,8,0,27,0
60832,1,1,1990,9,9,9,9,9,9,9,9,9,9
60833,1,1,1990,30,30,30,30,30,30,30,30,30,30
60833,2,1,1990,16,13,7,21,26,13,11,21,19,14
60833,3,1,1990,0,0,0,0,0,0,0,0,0,0
60834,0,1,1990,6,0,0,0,0,0,0,0,0,0
60834,1,1,1990,0,0,19,0,4,0,0,0,0,13
60835,0,1,1990,0,0,0,0,0,0,0,0,0,0
60835,1,1,1990,0,0,0,0,0,0,0,0,0,0
60836,1,1,1990,2,2,2,2,2,2,2,2,2,2
60836,2,1,1990,0,0,0,0,0,0,0,0,0,0
60837,1,1,1990,16,16,16,16,16,16,16,16,16,16
60837,2,1,1990,0,0,0,18,0,0,0,10,0,0
60838,1,1,1990,0,0,0,0,0,0,0,0,0,0
60838,2,1,1990,8,0,10,0,0,8,0,17,0,8
60838,3,1,1990,0,0,0,0,0,0,0,0,0,0
60839,1,1,1990,0,0,0,0,0,0,0,0,0,0
60839,2,1,1990,0,0,0,0,0,0,0,0,0,0
60840,1,1,1990,21,21,21,21,21,21,21,21,21,21
60840,2,1,1990,17,0,13,38,12,0,19,40,14,9
60841,1,1,1990,0,0,27,17,0,16,30,11,26,0
60841,2,1,1990,0,0,0,0,0,0,0,0,0,0
60842,1,1,1990,10,19,0,9,20,0,21,5,0,14
60843,1,1,1990,23,23,23,23,23,23,23,23,23,23
60844,1,1,1990,11,11,11,11,11,11,11,11,11,11
60845,0,1,1990,0,0,0,0,0,0,0,0,0,0
60845,1,1,1990,0,0,0,0,0,0,0,0,0,0
60846,1,1,1990,0,0,0,0,26,0,0,0,0,0
60846,2,1,1990,0,0,0,0,0,0,0,0,0,0
60847,1,1,1990,0,0,0,0,0,0,0,0,0,0
60847,2,1,1990,0,0,0,0,0,0,0,0,0,0
60848,1,1,1990,10,10,10,10,10,10,10,10,10,10
60849,1,1,1990,15,15,15,15,15,15,15,15,15,15
60850,1,1,1990,24,24,24,24,24,24,24,24,24,24
60851,1,1,1990,0,0,0,0,0,0,0,0,0,0
60851,2,1,1990,0,0,0,0,0,0,0,0,0,0
60851,3,1,1990,0,0,0,0,0,0,0,19,0,0
60852,1,1,1990,0,0,0,0,0,0,0,0,0,0
60853,0,1,1990,31,31,31,31,31,31,31,31,31,31
60853,1,1,1990,11,2,3,0,0,0,0,0,0,0
60853,2,1,1990,0,0,0,46,10,11,6,12,0,0
60853,3,1,1990,0,0,0,0,0,11,0,0,0,0
60854,1,1,1990,17,17,17,17,17,17,17,17,17,17
60855,0,1,1990,0,0,0,0,0,0,0,0,0,0
60855,1,1,1990,0,0,0,0,0,0,0,0,0,0
60856,1,1,1990,0,0,0,0,0,0,0,0,0,0
60857,0,1,1990,0,0,0,0,0,0,0,0,0,0
60857,1,1,1990,12,12,12,12,12,12,12,12,12,12
60858,1,1,1990,15,15,15,15,15,15,15,15,15,15
60859,1,1,1990,0,0,0,0,0,0,0,0,0,0
60859,2,1,1990,0,0,0,0,0,0,0,0,0,0
60860,1,1,1990,0,0,0,0,0,0,0,0,0,0
60860,2,1,1990,0,0,0,0,0,0,0,0,0,0
60861,1,1,1990,0,0,0,0,0,0,0,0,0,0
60861,2,1,1990,0,0,0,0,0,0,0,0,0,0
60862,1,1,1990,0,0,0,0,0,0,0,0,0,0
60862,2,1,1990,0,0,0,0,0,0,0,0,0,0
60863,1,1,1990,0,0,0,0,0,0,0,0,0,0
60864,0,1,1990,11,11,11,11,11,11,11,11,11,11
60864,1,1,1990,0,0,0,0,0,0,0,0,0,0
60865,0,1,1990,26,26,26,26,26,26,26,26,26,26
60865,1,1,1990,12,12,12,12,12,12,12,12,12,12
60866,1,1,1990,0,0,0,0,0,0,0,0,0,0
60866,2,1,1990,15,0,0,0,0,0,0,0,0,0
60867,1,1,1990,0,0,0,0,0,0,0,0,0,0
60867,2,1,1990,0,0,0,0,0,0,0,0,0,0
60868,0,1,1990,9,9,9,9,9,9,9,9,9,9
60868,1,1,1990,0,0,0,0,0,0,0,0,0,0
60869,0,1,1990,0,0,26,6,0,20,23,0,0,15
60869,1,1,1990,32,32,32,32,32,32,32,32,32,32
60870,1,1,1990,0,0,0,0,0,0,0,0,0,0
60871,1,1,1990,0,0,0,0,0,0,14,0,0,0
60871,2,1,1990,0,0,0,0,0,0,0,0,0,0
60871,3,1,1990,0,0,0,0,0,0,0,0,0,0
60871,4,1,1990,0,0,0,0,0,0,0,0,0,0
60871,5,1,1990,0,0,0,0,0,0,0,0,0,0
60871,6,1,1990,0,0,0,0,0,0,0,0,0,0
60872,1,1,1990,0,0,0,0,0,0,0,0,0,0
60872,2,1,1990,8,0,0,0,0,8,5,13,10,0
60873,0,1,1990,0,0,11,0,19,0,0,0,0,0
60873,1,1,1990,0,0,0,0,0,0,0,0,0,0
60874,1,1,1990,6,6,6,6,6,6,6,6,6,6
60874,2,1,1990,0,0,0,0,0,0,0,0,0,0
60875,1,1,1990,1,1,1,1,1,1,1,1,1,1
60875,2,1,1990,0,0,0,3,25,0,0,0,0,0
60876,1,1,1990,0,0,0,0,0,0,0,0,0,0
60876,2,1,1990,9,0,0,0,0,16,0,0,7,0
60877,1,1,1990,0,0,0,0,0,0,0,0,0,0
60878,0,1,1990,32,32,32,32,32,32,32,32,32,32
60878,1,1,1990,0,0,0,9,0,0,0,0,0,0
60879,1,1,1990,10,10,10,10,10,10,10,10,10,10
60880,1,1,1990,10,10,10,10,10,10,10,10,10,10
60880,2,1,1990,0,0,0,0,0,0,0,0,0,0
60880,3,1,1990,0,0,0,0,0,0,0,0,0,0
60880,4,1,1990,0,0,0,0,0,0,0,0,0,0
60881,1,1,1990,19,7,0,0,0,0,0,0,0,0
60882,1,1,1990,0,0,0,0,0,0,0,0,0,0
60882,2,1,1990,0,0,0,0,0,0,0,0,0,0
60883,1,1,1990,0,0,0,0,0,0,0,0,0,0
60884,1,1,1990,11,23,9,6,17,14,17,25,15,19
60884,2,1,1990,0,0,0,0,0,0,0,0,0,0
60885,0,1,1990,11,4,0,45,0,0,0,29,15,0
60885,0,2,1990,25,0,0,14,0,0,5,0,0,0
60885,0,3,1990,0,0,0,0,0,0,0,0,0,0
60885,0,4,1990,0,29,0,0,0,7,0,0,0,0
60885,1,1,1990,0,0,0,0,0,0,0,0,0,0
60885,2,1,1990,0,0,0,0,0,0,17,0,0,0
60886,0,1,1990,18,18,18,18,18,18,18,18,18,18
60886,1,1,1990,11,11,11,11,11,11,11,11,11,11
60887,0,1,1990,21,20,17,9,12,14,13,29,17,10
60887,1,1,1990,0,0,0,0,0,0,0,0,0,0
60888,1,1,1990,0,0,0,0,8,0,0,0,0,0
60888,2,1,1990,0,0,0,0,0,0,0,0,4,0
60889,1,1,1990,15,15,15,15,15,15,15,15,15,15
60889,2,1,1990,0,0,0,0,0,0,0,0,0,0
60890,1,1,1990,8,8,8,8,8,8,8,8,8,8
60891,1,1,1990,20,20,20,20,20,20,20,20,20,20
60891,2,1,1990,0,0,14,13,0,0,0,0,0,0
60892,0,1,1990,20,20,20,20,20,20,20,20,20,20
60892,1,1,1990,0,0,0,0,0,0,0,0,0,0
60893,0,1,1990,24,24,24,24,24,24,24,24,24,24
60893,1,1,1990,0,0,0,12,0,0,10,0,0,0
60894,0,1,1990,0,0,0,0,0,0,0,0,0,0
60894,1,1,1990,0,0,0,0,0,0,0,0,0,0
60895,1,1,1990,0,0,0,0,0,0,0,0,0,0
60895,2,1,1990,0,0,0,0,0,0,0,0,0,0
60896,1,1,1990,29,29,29,29,29,29,29,29,29,29
60897,1,1,1990,0,0,0,0,0,0,0,0,0,0
60897,2,1,1990,0,0,0,0,0,0,0,0,0,0
60898,1,1,1990,19,19,19,19,19,19,19,19,19,19
60898,2,1,1990,0,0,0,0,0,0,0,0,0,0
60899,1,1,1990,17,17,17,17,17,17,17,17,17,17
60899,2,1,1990,21,18,10,9,13,26,22,28,15,21
60900,1,1,1990,14,14,14,14,14,14,14,14,14,14
60901,1,1,1990,10,10,10,10,10,10,10,10,10,10
60902,1,1,1990,0,0,0,0,0,0,0,0,0,0
60902,2,1,1990,0,0,0,0,0,0,0,0,0,0
60903,0,1,1990,0,0,0,0,0,0,0,0,0,0
60903,1,1,1990,5,5,5,5,5,5,5,5,5,5
60904,1,1,1990,2,2,2,2,2,2,2,2,2,2
60904,2,1,1990,0,0,0,0,0,0,0,0,0,0
60904,3,1,1990,0,0,0,7,0,0,0,0,0,0
60905,1,1,1990,0,0,0,0,0,0,0,0,5,3
60905,2,1,1990,0,0,0,0,0,0,0,0,0,0
60906,1,1,1990,0,0,0,0,23,0,0,0,0,0
60906,2,1,1990,0,0,0,0,0,0,0,0,0,0
60906,3,1,1990,0,0,0,0,0,0,0,0,0,0
60906,4,1,1990,0,0,0,0,0,0,0,0,0,0
60907,1,1,1990,0,0,0,0,0,0,0,0,0,0
60908,1,1,1990,0,11,8,0,0,20,0,10,0,0
60908,2,1,1990,0,0,0,0,0,0,0,0,0,0
60909,1,1,1990,9,9,0,0,0,0,0,0,0,0
60909,2,1,1990,0,0,0,0,0,0,0,0,0,0
60910,1,1,1990,9,0,0,0,4,0,0,10,0,0
60911,0,1,1990,0,0,0,0,0,0,0,0,0,0
60911,1,1,1990,0,0,0,0,0,0,0,0,0,0
60912,1,1,1990,0,0,0,0,0,0,0,0,0,30
60912,2,1,1990,0,0,0,0,0,0,0,0,0,0
60913,0,1,1990,0,0,0,0,0,0,0,0,0,0
60913,1,1,1990,0,0,0,0,0,0,0,0,0,0
60914,1,1,1990,0,0,0,0,0,0,0,0,0,0
60914,2,1,1990,0,0,0,0,0,0,0,0,0,0
60915,1,1,1990,19,19,19,19,19,19,19,19,19,19
60916,1,1,1990,0,0,0,0,0,0,0,0,0,0
60917,1,1,1990,0,0,0,0,0,0,0,0,0,0
60917,2,1,1990,0,0,0,0,0,0,0,0,0,0
60918,1,1,1990,0,0,0,0,0,0,0,0,0,0
60918,2,1,1990,0,0,0,0,0,0,0,0,0,0
60919,1,1,1990,0,0,0,0,0,0,0,0,0,0
60920,1,1,1990,0,0,0,0,0,0,0,0,0,0
60921,1,1,1990,0,0,0,0,0,0,0,0,0,0
60922,1,1,1990,0,0,0,0,0,0,0,0,0,0
60922,2,1,1990,0,10,0,0,0,11,14,0,0,0
60923,1,1,1990,0,0,0,0,0,0,0,0,0,0
60923,2,1,1990,0,0,0,0,0,0,0,0,0,0
60924,1,1,1990,23,23,23,23,23,23,23,23,23,23
60925,1,1,1990,8,8,8,8,8,8,8,8,8,8
60926,1,1,1990,0,0,0,0,0,0,0,0,0,0
60927,0,1,1990,0,0,0,0,0,0,0,0,0,0
60927,1,1,1990,21,0,0,0,0,0,0,0,0,24
60928,1,1,1990,0,2,13,0,0,0,0,11,0,0
60929,0,1,1990,0,0,0,0,0,0,0,0,0,0
60929,1,1,1990,0,0,0,0,0,13,0,0,0,0
60930,1,1,1990,0,0,0,0,0,9,0,0,0,11
60931,1,1,1990,0,0,0,0,0,0,0,0,0,0
60931,2,1,1990,0,0,0,0,0,0,0,0,0,0
60932,1,1,1990,0,0,0,0,0,0,0,0,0,0
60932,2,1,1990,0,0,0,0,0,0,0,0,0,0
60933,1,1,1990,0,0,0,0,0,0,0,0,0,0
60934,1,1,1990,0,0,0,0,0,0,0,0,0,0
60935,1,1,1990,37,37,37,37,37,37,37,37,37,37
60936,1,1,1990,19,19,19,19,19,19,19,19,19,19
60937,1,1,1990,25,25,25,25,25,25,25,25,25,25
60938,1,1,1990,21,23,0,30,0,24,20,7,18,11
60939,1,1,1990,1,1,1,1,1,1,1,1,1,1
60940,1,1,1990,0,0,0,0,0,0,0,0,0,0
60941,1,1,1990,0,0,0,0,0,0,0,0,0,0
60942,1,1,1990,0,0,0,0,0,0,0,0,0,0
60943,1,1,1990,27,27,27,27,27,27,27,27,27,27
60944,1,1,1990,0,0,0,0,0,0,0,0,0,0
60945,1,1,1990,0,0,0,0,0,0,0,0,12,0
60946,1,1,1990,0,0,5,0,0,0,0,0,0,0
60947,1,1,1990,32,32,32,32,32,32,32,32,32,32
60948,1,1,1990,0,0,0,0,0,28,0,0,0,0
60949,1,1,1990,0,0,0,0,0,0,0,0,0,0
60950,1,1,1990,0,0,0,0,0,0,0,0,0,0
60951,1,1,1990,26,26,26,26,26,26,26,26,26,26
60952,1,1,1990,0,0,0,0,0,0,0,0,0,0
60953,1,1,1990,8,8,8,8,8,8,8,8,8,8
60954,1,1,1990,1,1,1,1,1,1,1,1,1,1
60955,1,1,1990,1,1,1,1,1,1,1,1,1,1
60956,1,1,1990,0,0,0,0,0,0,13,0,0,0
60957,1,1,1990,0,0,0,0,0,0,0,0,0,0
60958,1,1,1990,19,19,19,19,19,19,19,19,19,19
60959,1,1,1990,24,24,24,24,24,24,24,24,24,24
60960,1,1,1990,19,19,19,19,19,19,19,19,19,19
60961,1,1,1990,0,0,0,0,0,0,0,0,0,0
60962,1,1,1990,16,16,16,16,16,16,16,16,16,16
60963,1,1,1990,19,19,19,19,19,19,19,19,19,19
60964,1,1,1990,21,21,21,21,21,21,21,21,21,21
60965,1,1,1990,0,9,29,0,27,0,0,13,11,0
60966,1,1,1990,5,5,5,5,5,5,5,5,5,5
60967,1,1,1990,0,0,0,0,0,0,0,0,0,0
60968,1,1,1990,0,0,0,0,0,0,0,0,0,0
60969,1,1,1990,16,16,16,16,16,16,16,16,16,16
60970,1,1,1990,0,0,0,0,0,0,0,0,0,0
60971,1,1,1990,0,0,0,0,0,0,0,0,0,0
60972,1,1,1990,22,22,22,22,22,22,22,22,22,22
60973,1,1,1990,18,18,18,18,18,18,18,18,18,18
60973,2,1,1990,25,0,0,0,0,0,0,0,8,0
60974,1,1,1990,26,26,26,26,26,26,26,26,26,26
60975,1,1,1990,20,20,20,20,20,20,20,20,20,20
60976,1,1,1990,0,0,0,0,0,0,0,0,0,0
60976,2,1,1990,0,0,0,0,0,0,0,0,0,0
60977,0,1,1990,0,0,0,0,0,0,0,0,0,0
60977,1,1,1990,0,0,0,0,0,0,0,0,0,0
60978,1,1,1990,0,0,0,0,0,0,0,0,0,0
60978,2,1,1990,0,0,0,0,0,0,0,0,0,0
60979,1,1,1990,0,0,0,0,8,0,0,30,0,0
60980,1,1,1990,0,0,0,0,0,0,0,7,0,0
60980,2,1,1990,0,0,0,0,0,0,0,0,0,0
60980,3,1,1990,22,22,22,22,22,22,22,22,22,22
60981,1,1,1990,0,0,0,0,0,0,0,0,0,0
60981,2,1,1990,0,0,0,0,0,0,0,0,0,0
60982,1,1,1990,22,22,22,22,22,22,22,22,22,22
60982,2,1,1990,19,19,19,19,19,19,19,19,19,19
60983,0,1,1990,0,0,0,0,0,0,0,0,0,0
60983,1,1,1990,19,19,19,19,19,19,19,19,19,19
60984,1,1,1990,26,26,26,26,26,26,26,26,26,26
60984,2,1,1990,3,3,3,3,3,3,3,3,3,3
60985,1,1,1990,0,0,0,0,0,0,0,0,0,0
60986,1,1,1990,0,0,0,0,0,0,0,0,0,0
60987,1,1,1990,0,0,0,0,0,0,0,0,0,0
60987,2,1,1990,0,0,0,0,0,0,0,0,0,0
60988,1,1,1990,0,0,0,0,0,9,0,0,0,0
60988,2,1,1990,0,0,0,0,0,0,0,0,0,0
60989,1,1,1990,24,0,0,0,0,0,0,0,0,0
60989,2,1,1990,0,0,0,0,0,0,0,0,0,0
60990,1,1,1990,19,19,19,19,19,19,19,19,19,19
60991,1,1,1990,4,4,4,4,4,4,4,4,4,4
60991,2,1,1990,0,0,0,0,0,0,3,0,0,0
60992,0,1,1990,53,0,24,0,22,0,0,0,0,6
60992,1,1,1990,23,0,14,0,19,0,0,13,0,0
60993,1,1,1990,0,16,0,0,0,0,0,0,0,0
60993,2,1,1990,0,0,0,0,8,0,0,0,0,0
60994,1,1,1990,0,0,0,0,0,0,0,0,0,0
60995,0,1,1990,12,12,12,12,12,12,12,12,12,12
60995,1,1,1990,7,0,0,0,0,0,0,0,0,0
60996,1,1,1990,0,0,0,0,0,0,0,0,0,0
60996,2,1,1990,0,0,0,0,0,0,0,0,0,0
60997,1,1,1990,13,13,13,13,13,13,13,13,13,13
60998,1,1,1990,6,6,6,6,6,6,6,6,6,6
60998,2,1,1990,0,0,0,0,0,0,0,0,0,0
60998,3,1,1990,0,0,0,0,0,0,0,0,0,0
60999,1,1,1990,0,0,0,0,0,19,0,26,0,0
61000,0,1,1990,0,0,0,0,0,0,0,16,0,0
61000,1,1,1990,0,0,0,0,0,0,0,0,0,17
61001,1,1,1990,21,21,21,21,21,21,21,21,21,21
61001,2,1,1990,0,0,0,0,0,0,0,0,0,0
61002,1,1,1990,0,10,22,34,16,16,6,21,10,24
61003,1,1,1990,0,0,4,0,11,0,0,0,24,0
61003,2,1,1990,0,0,0,0,0,0,0,0,0,0
61004,1,1,1990,0,0,0,0,0,0,0,0,0,0
61004,2,1,1990,0,0,0,0,0,0,0,0,0,0
61005,1,1,1990,0,0,0,0,0,0,0,24,0,0
61005,2,1,1990,35,35,35,35,35,35,35,35,35,35
61006,0,1,1990,23,23,23,23,23,23,23,23,23,23
61006,1,1,1990,0,0,0,0,0,0,0,0,0,0
61007,1,1,1990,0,0,0,0,0,0,0,0,0,0
61008,0,1,1990,0,0,0,0,0,0,0,0,0,0
61008,1,1,1990,0,0,0,0,0,0,0,0,0,0
61009,1,1,1990,0,0,0,0,0,0,0,0,0,0
61009,2,1,1990,0,0,0,0,0,0,0,0,0,0
61010,1,1,1990,0,0,0,0,0,0,0,0,0,0
61010,2,1,1990,0,0,0,0,0,0,0,0,0,0
61011,0,1,1990,13,0,21,0,24,9,14,0,11,0
61011,0,2,1990,0,0,0,0,0,0,0,0,0,0
61011,2,1,1990,0,0,0,0,0,0,0,0,0,0
61012,1,1,1990,0,0,0,0,0,0,0,0,0,0
61012,2,1,1990,0,0,0,0,0,0,0,0,0,0
61013,1,1,1990,0,0,0,0,0,0,0,0,0,0
61013,2,1,1990,10,0,0,0,0,0,0,0,0,0
61014,1,1,1990,13,0,0,0,14,0,0,0,0,0
61015,1,1,1990,0,0,0,0,0,0,0,0,0,0
61016,1,1,1990,0,8,0,0,0,16,0,0,0,0
61016,2,1,1990,0,0,0,0,0,0,0,0,0,0
61017,1,1,1990,25,25,25,25,25,25,25,25,25,25
61018,1,1,1990,0,0,0,0,0,0,0,0,0,0
61018,2,1,1990,0,0,0,0,0,0,0,0,0,0
61018,3,1,1990,0,0,0,0,0,0,0,0,0,0
61018,4,1,1990,0,0,0,0,0,0,0,0,0,0
61019,0,1,1990,0,0,0,0,0,0,0,0,0,0
61019,1,1,1990,8,8,8,8,8,8,8,8,8,8
61020,1,1,1990,28,28,28,28,28,28,28,28,28,28
61021,1,1,1990,24,24,24,24,24,24,24,24,24,24
61021,2,1,1990,0,0,0,0,0,0,0,19,0,0
61022,1,1,1990,0,0,0,0,0,0,0,0,0,0
61022,2,1,1990,0,0,0,0,4,0,0,0,0,0
61023,1,1,1990,0,0,0,0,0,0,0,0,0,0
61023,2,1,1990,0,0,0,0,0,0,0,0,0,0
61024,1,1,1990,0,0,0,0,0,0,0,0,0,0
61024,2,1,1990,0,0,0,0,3,0,19,0,0,0
61025,1,1,1990,26,26,26,26,26,26,26,26,26,26
61027,0,1,1990,0,0,0,0,0,0,0,0,0,0
61027,1,1,1990,0,0,0,0,0,0,11,5,0,0
61028,1,1,1990,4,4,4,4,4,4,4,4,4,4
61029,1,1,1990,9,9,9,9,9,9,9,9,9,9
61030,1,1,1990,14,14,14,14,14,14,14,14,14,14
61030,2,1,1990,0,0,0,16,12,0,18,0,0,0
61031,0,1,1990,0,28,17,17,20,19,0,36,15,0
61031,0,2,1990,12,12,12,12,12,12,12,12,12,12
61031,1,1,1990,0,0,0,0,0,11,0,0,14,29
61031,2,1,1990,16,13,19,9,0,0,16,2,0,0
61032,1,1,1990,19,19,19,19,19,19,19,19,19,19
61033,1,1,1990,20,20,20,20,20,20,20,20,20,20
61033,2,1,1990,29,29,29,29,29,29,29,29,29,29
61034,0,1,1990,7,7,7,7,7,7,7,7,7,7
61034,1,1,1990,0,0,9,0,11,0,0,0,0,0
61034,2,1,1990,0,0,0,0,0,0,0,0,0,0
61035,1,1,1990,0,0,0,0,0,0,0,0,0,0
61035,2,1,1990,0,0,0,0,0,0,0,0,0,0
61035,3,1,1990,0,0,0,0,0,0,0,0,0,0
61036,1,1,1990,11,11,11,11,11,11,11,11,11,11
61037,0,1,1990,0,0,0,0,0,0,0,0,0,0
61037,1,1,1990,0,0,0,0,0,0,0,0,0,0
61038,0,1,1990,0,0,0,0,0,0,0,0,0,0
61038,0,2,1990,0,0,0,0,0,0,0,0,0,0