ST_CASE,VEH_NO,PER_NO,YEAR,P1,P2,P3,P4,P5,P6,P7,P8,P9,P10
61038,0,3,1990,0,0,0,0,0,0,0,0,0,0
61038,1,1,1990,13,13,13,13,13,13,13,13,13,13
61039,1,1,1990,30,13,45,13,6,34,11,32,13,18
61040,0,1,1990,0,0,0,0,0,0,0,0,0,0
61040,1,1,1990,8,19,13,0,8,15,14,22,8,10
61041,0,1,1990,4,4,4,4,4,4,4,4,4,4
61041,1,1,1990,0,0,0,0,12,0,11,0,0,0
61041,2,1,1990,0,0,0,0,0,0,0,0,0,0
61042,0,1,1990,7,7,7,7,7,7,7,7,7,7
61042,1,1,1990,0,0,0,0,0,0,0,0,0,0
61043,1,1,1990,0,0,0,0,0,0,0,0,0,0
61043,2,1,1990,0,0,0,0,0,0,0,0,0,0
61044,1,1,1990,0,0,0,0,0,0,0,0,0,0
61044,2,1,1990,0,0,0,0,0,0,0,0,0,0
61045,0,1,1990,19,19,19,19,19,19,19,19,19,19
61045,1,1,1990,0,0,0,0,0,17,0,0,0,8
61046,1,1,1990,5,5,5,5,5,5,5,5,5,5
61047,1,1,1990,0,0,14,0,0,0,0,0,0,6
61047,2,1,1990,0,0,0,0,0,0,0,0,0,0
61048,0,1,1990,0,0,0,0,0,0,0,0,0,0
61048,1,1,1990,0,0,0,0,0,0,0,0,0,0
61049,1,1,1990,15,15,15,15,15,15,15,15,15,15
61050,0,1,1990,0,0,0,0,0,0,0,0,0,0
61050,1,1,1990,22,22,22,22,22,22,22,22,22,22
61051,0,1,1990,0,0,0,0,0,0,0,0,0,0
61051,1,1,1990,21,0,0,2,13,0,0,0,0,0
61052,1,1,1990,0,0,0,0,0,0,0,0,0,0
61052,2,1,1990,0,0,0,0,0,0,0,0,0,0
61053,1,1,1990,0,0,0,0,0,0,0,0,0,0
61054,1,1,1990,0,0,0,0,0,0,0,0,0,0
61054,2,1,1990,0,0,0,0,0,0,0,0,0,0
61055,1,1,1990,0,0,0,0,0,0,0,0,0,0
61055,2,1,1990,0,0,0,0,0,0,0,0,0,0
61056,1,1,1990,0,0,0,0,0,0,0,0,0,11
61056,2,1,1990,0,0,0,0,0,0,0,0,0,0
61057,1,1,1990,0,0,0,0,0,0,0,0,0,0
61057,2,1,1990,0,0,0,0,0,0,0,0,0,0
61058,1,1,1990,0,0,0,0,0,0,0,0,0,0
61058,2,1,1990,0,0,0,18,0,0,0,0,0,0
61059,0,1,1990,0,0,0,0,0,0,0,0,0,0
61059,1,1,1990,0,0,0,0,0,0,0,0,0,0
61060,1,1,1990,4,4,4,4,4,4,4,4,4,4
61061,0,1,1990,0,0,0,0,0,0,0,0,0,22
61061,1,1,1990,18,18,18,18,18,18,18,18,18,18
61062,1,1,1990,0,0,0,0,0,0,0,0,0,0
61062,2,1,1990,0,0,0,0,0,0,0,0,0,0
61062,3,1,1990,0,0,0,0,0,0,0,0,15,0
61063,0,1,1990,20,20,20,20,20,20,20,20,20,20
61063,0,2,1990,0,15,22,18,13,30,21,18,0,18
61063,2,1,1990,0,0,0,0,0,0,0,0,0,12
61063,3,1,1990,0,0,0,0,0,0,0,0,0,0
61063,4,1,1990,0,0,0,0,0,0,0,0,0,0
61064,1,1,1990,8,8,8,8,8,8,8,8,8,8
61065,1,1,1990,0,0,0,0,0,0,0,0,0,0
61066,1,1,1990,0,0,0,0,0,0,0,0,0,0
61066,2,1,1990,0,0,0,0,0,0,14,0,0,0
61066,3,1,1990,0,0,0,0,0,0,0,0,0,0
61067,1,1,1990,0,0,0,0,0,0,0,0,0,0
61067,2,1,1990,0,0,0,0,0,0,0,0,0,0
61068,0,1,1990,0,0,0,0,0,0,0,0,0,0
61068,1,1,1990,0,0,0,0,0,0,0,0,15,0
61069,1,1,1990,5,5,5,5,5,5,5,5,5,5
61069,2,1,1990,0,0,0,0,0,0,0,0,0,0
61070,1,1,1990,29,29,29,29,29,29,29,29,29,29
61071,1,1,1990,4,4,4,4,4,4,4,4,4,4
61072,1,1,1990,0,0,0,0,0,0,0,0,0,0
61073,1,1,1990,26,26,26,26,26,26,26,26,26,26
61074,1,1,1990,13,13,13,13,13,13,13,13,13,13
61074,2,1,1990,20,8,22,0,32,0,11,0,0,0
61075,0,1,1990,20,20,20,20,20,20,20,20,20,20
61075,1,1,1990,10,0,18,12,20,13,0,29,14,7
61076,1,1,1990,10,10,10,10,10,10,10,10,10,10
61077,0,1,1990,17,17,17,17,17,17,17,17,17,17
61077,1,1,1990,0,0,0,0,0,0,0,0,0,0
61078,1,1,1990,24,15,22,8,32,18,15,16,30,22
61079,0,1,1990,0,0,0,0,0,0,0,0,0,0
61079,1,1,1990,0,0,0,0,0,0,0,0,0,0
61080,1,1,1990,0,0,0,0,0,0,0,0,0,0
61080,2,1,1990,0,0,0,6,0,0,0,0,0,0
61081,1,1,1990,0,0,0,0,0,0,0,0,0,0
61082,0,1,1990,0,0,0,0,0,0,0,0,0,0
61082,1,1,1990,0,0,0,0,0,15,0,0,0,0
61083,1,1,1990,0,0,0,0,0,0,0,0,0,0
61083,2,1,1990,0,0,0,0,4,14,0,0,0,0
61084,1,1,1990,24,24,24,24,24,24,24,24,24,24
61085,1,1,1990,22,22,22,22,22,22,22,22,22,22
61085,2,1,1990,0,0,0,0,0,0,0,0,0,0
61086,1,1,1990,0,5,0,0,0,0,0,0,0,0
61086,2,1,1990,0,0,0,0,0,0,0,0,0,0
61086,3,1,1990,0,5,0,0,16,0,0,0,9,0
61087,1,1,1990,0,0,0,0,0,0,0,0,0,0
61087,2,1,1990,0,0,0,0,0,0,0,0,0,0
61088,1,1,1990,8,5,11,15,21,8,21,12,13,18
61089,1,1,1990,0,0,0,0,0,0,0,0,0,0
61089,2,1,1990,0,0,0,0,0,0,0,0,0,0
61090,1,1,1990,8,8,8,8,8,8,8,8,8,8
61090,2,1,1990,0,0,0,0,0,0,0,0,0,0
61091,0,1,1990,0,0,0,0,0,0,0,0,0,0
61091,1,1,1990,0,0,0,0,0,0,0,0,0,0
61092,0,1,1990,0,0,0,0,0,0,0,0,0,0
61092,0,2,1990,0,0,0,0,0,0,0,0,0,0
61092,1,1,1990,17,17,17,17,17,17,17,17,17,17
61093,1,1,1990,28,0,0,7,0,13,0,0,0,0
61093,2,1,1990,0,0,0,0,0,0,0,0,15,0
61094,1,1,1990,10,10,10,10,10,10,10,10,10,10
61095,1,1,1990,11,11,11,11,11,11,11,11,11,11
61095,2,1,1990,0,0,0,0,0,0,0,0,0,0
61096,1,1,1990,0,0,0,0,0,0,0,0,0,0
61097,1,1,1990,14,14,14,14,14,14,14,14,14,14
61098,0,1,1990,38,38,38,38,38,38,38,38,38,38
61098,1,1,1990,11,0,0,0,0,0,0,0,0,0
61099,1,1,1990,9,9,9,9,9,9,9,9,9,9
61099,2,1,1990,0,0,0,0,0,13,0,0,0,0
61100,0,1,1990,0,0,0,0,0,0,0,0,0,0
61100,0,2,1990,0,0,0,0,0,0,0,0,0,18
61100,0,3,1990,18,0,17,0,0,0,19,0,0,22
61100,0,4,1990,0,0,0,0,17,0,0,18,0,0
61100,0,5,1990,0,13,25,0,32,27,28,0,0,0
61100,1,1,1990,0,0,0,0,0,0,0,0,0,0
61100,2,1,1990,0,0,0,0,0,0,0,0,0,0
61101,1,1,1990,12,12,12,12,12,12,12,12,12,12
61101,2,1,1990,15,15,15,15,15,15,15,15,15,15
61102,1,1,1990,8,8,8,8,8,8,8,8,8,8
61102,2,1,1990,0,0,0,0,0,0,0,0,0,0
61103,1,1,1990,0,12,0,0,16,0,7,18,0,0
61104,1,1,1990,0,0,0,0,0,0,0,0,0,0
61104,2,1,1990,0,0,0,0,0,0,0,0,0,0
61105,0,1,1990,0,0,0,0,0,0,0,0,0,0
61105,1,1,1990,19,19,19,19,19,19,19,19,19,19
61106,1,1,1990,7,7,7,7,7,7,7,7,7,7
61106,2,1,1990,0,0,0,0,0,0,0,0,0,0
61107,1,1,1990,0,0,0,0,0,0,0,0,0,0
61108,1,1,1990,13,13,13,13,13,13,13,13,13,13
61108,2,1,1990,9,9,9,9,9,9,9,9,9,9
61109,0,1,1990,0,0,0,0,0,0,0,0,0,0
61109,1,1,1990,5,0,16,0,17,0,0,33,21,15
61110,0,1,1990,0,0,0,0,0,0,0,0,0,0
61110,1,1,1990,7,19,10,8,0,14,14,23,13,25
61111,0,1,1990,0,0,0,0,0,0,0,0,0,0
61111,1,1,1990,18,18,18,18,18,18,18,18,18,18
61112,1,1,1990,0,0,0,0,0,0,0,0,0,0
61112,2,1,1990,0,0,0,0,0,0,0,0,0,0
61113,0,1,1990,0,0,0,0,0,0,0,0,0,0
61113,1,1,1990,0,0,0,13,23,0,0,0,0,0
61114,1,1,1990,17,17,17,17,17,17,17,17,17,17
61115,1,1,1990,0,0,0,0,0,0,0,0,0,0
61115,2,1,1990,0,0,0,0,0,0,0,0,0,0
61116,1,1,1990,0,0,0,0,0,0,0,0,0,0
61117,0,1,1990,19,19,19,19,19,19,19,19,19,19
61117,1,1,1990,0,0,18,0,0,0,0,0,0,0
61118,1,1,1990,25,10,13,3,0,5,7,11,16,6
61118,2,1,1990,3,3,3,3,3,3,3,3,3,3
61119,1,1,1990,0,0,0,0,0,0,0,0,0,0
61120,1,1,1990,0,0,0,0,0,0,0,0,0,0
61121,1,1,1990,11,11,11,11,11,11,11,11,11,11
61122,0,1,1990,27,27,27,27,27,27,27,27,27,27
61122,1,1,1990,0,0,0,0,0,0,0,20,0,0
61123,0,1,1990,0,0,0,0,0,0,0,0,0,0
61123,1,1,1990,0,15,45,14,20,10,0,0,0,24
61124,0,1,1990,26,26,26,26,26,26,26,26,26,26
61124,1,1,1990,0,0,0,0,0,0,0,0,0,0
61125,1,1,1990,21,21,21,21,21,21,21,21,21,21
61125,2,1,1990,0,0,0,0,0,0,0,0,0,0
61126,0,1,1990,0,17,17,0,16,0,4,0,0,33
61126,2,1,1990,0,0,0,0,0,0,0,0,0,15
61127,1,1,1990,0,0,0,0,0,0,0,0,0,0
61127,2,1,1990,0,0,0,0,0,0,0,0,0,0
61128,1,1,1990,0,0,0,0,0,0,0,0,0,0
61128,2,1,1990,0,0,0,0,0,0,0,0,0,0
61128,3,1,1990,0,0,0,0,0,0,0,0,0,0
61129,0,1,1990,0,0,0,0,0,0,0,0,0,0
61129,1,1,1990,0,0,0,0,0,0,0,0,0,0
61130,1,1,1990,24,24,24,24,24,24,24,24,24,24
61130,2,1,1990,0,0,3,3,18,0,3,0,0,11
61131,1,1,1990,14,14,14,14,14,14,14,14,14,14
61132,0,1,1990,0,0,0,0,0,0,0,0,0,0
61132,1,1,1990,0,0,0,0,0,0,0,0,0,0
61132,2,1,1990,0,0,0,0,0,0,0,0,0,0
61132,3,1,1990,0,0,0,0,0,0,0,7,0,0
61132,4,1,1990,14,28,0,0,0,0,0,0,0,0
61133,1,1,1990,0,0,0,0,0,0,0,0,0,0
61133,2,1,1990,0,0,0,0,0,0,0,0,0,0
61134,1,1,1990,0,0,11,0,28,0,0,0,0,0
61134,2,1,1990,0,0,14,0,0,0,0,0,0,0
61135,1,1,1990,0,0,0,0,0,0,0,0,0,0
61135,2,1,1990,0,0,0,0,0,0,0,0,0,0
61136,1,1,1990,0,0,0,0,0,0,0,0,0,0
61136,2,1,1990,5,5,5,5,5,5,5,5,5,5
61136,3,1,1990,0,35,0,0,0,0,0,0,0,12
61137,1,1,1990,21,21,21,21,21,21,21,21,21,21
61138,1,1,1990,17,17,17,17,17,17,17,17,17,17
61138,2,1,1990,0,0,0,0,0,0,0,0,0,0
61139,0,1,1990,16,16,16,16,16,16,16,16,16,16
61139,1,1,1990,11,0,0,0,0,0,9,0,0,10
61139,2,1,1990,0,0,0,0,0,15,0,0,0,0
61140,1,1,1990,0,5,0,0,0,0,0,0,0,0
61142,1,1,1990,0,0,0,0,0,0,0,0,0,0
61142,2,1,1990,0,0,0,0,0,0,0,0,0,0
61143,0,1,1990,0,0,0,0,0,0,0,0,0,0
61143,0,2,1990,0,0,0,0,0,0,0,0,0,0
61143,1,1,1990,0,0,0,0,0,0,0,0,0,0
61144,1,1,1990,0,0,0,0,0,0,0,0,0,0
61144,2,1,1990,0,0,0,0,0,0,0,0,0,0
61145,1,1,1990,0,0,0,0,0,0,0,0,0,0
61146,1,1,1990,0,0,0,0,0,0,0,0,0,0
61146,2,1,1990,0,0,0,0,0,0,0,12,0,0
61146,3,1,1990,0,0,0,0,0,0,0,0,0,11
61147,1,1,1990,13,13,13,13,13,13,13,13,13,13
61147,2,1,1990,19,19,19,19,19,19,19,19,19,19
61148,1,1,1990,19,19,19,19,19,19,19,19,19,19
61148,2,1,1990,0,0,0,0,0,0,0,0,0,0
61148,3,1,1990,0,0,0,0,0,0,0,0,0,0
61149,0,1,1990,0,0,0,0,0,0,0,0,0,0
61149,1,1,1990,0,0,0,0,0,0,7,0,0,0
61150,1,1,1990,12,12,12,12,12,12,12,12,12,12
61150,2,1,1990,0,0,0,0,0,0,0,0,0,0
61151,1,1,1990,14,14,14,14,14,14,14,14,14,14
61151,2,1,1990,24,4,0,0,0,16,25,9,0,0
61152,0,1,1990,0,0,0,0,0,0,0,0,0,0
61152,1,1,1990,0,0,0,0,0,0,0,0,0,0
61153,0,1,1990,0,0,0,0,0,0,0,0,0,0
61153,1,1,1990,0,0,0,0,0,0,0,0,0,0
61154,1,1,1990,0,0,0,0,0,0,0,0,0,0
61154,2,1,1990,0,0,0,0,0,0,0,0,0,0
61155,0,1,1990,0,0,0,0,11,0,0,0,0,0
61155,1,1,1990,0,0,0,0,0,0,0,0,0,0
61156,1,1,1990,19,19,19,19,19,19,19,19,19,19
61157,1,1,1990,23,23,23,23,23,23,23,23,23,23
61157,2,1,1990,0,15,0,0,0,19,0,0,0,0
61158,1,1,1990,0,0,0,0,0,0,0,0,0,0
61158,2,1,1990,0,0,0,0,0,0,0,0,0,0
61159,1,1,1990,14,14,14,14,14,14,14,14,14,14
61159,2,1,1990,0,0,0,0,0,0,0,0,0,0
61160,1,1,1990,0,0,0,0,0,9,0,0,0,0
61161,1,1,1990,15,0,18,0,24,0,0,19,11,0
61161,2,1,1990,0,0,0,0,0,0,0,0,0,0
61162,1,1,1990,0,0,0,0,0,0,0,0,0,0
61162,2,1,1990,0,0,0,0,0,0,0,0,0,0
61162,3,1,1990,0,0,0,0,0,0,0,0,0,0
61163,1,1,1990,15,15,15,15,15,15,15,15,15,15
61164,1,1,1990,15,15,15,15,15,15,15,15,15,15
61165,1,1,1990,23,23,23,23,23,23,23,23,23,23
61166,1,1,1990,0,0,0,0,0,0,0,0,0,0
61167,1,1,1990,23,13,17,0,0,17,0,11,9,0
61168,1,1,1990,18,0,0,0,0,0,0,9,0,0
61169,1,1,1990,12,12,12,12,12,12,12,12,12,12
61170,1,1,1990,0,0,0,0,0,0,0,17,0,0
61171,1,1,1990,0,0,0,0,0,0,0,0,0,0
61172,0,1,1990,17,17,17,17,17,17,17,17,17,17
61172,1,1,1990,24,0,0,0,0,0,0,0,0,19
61173,0,1,1990,9,9,9,9,9,9,9,9,9,9
61173,1,1,1990,26,26,26,26,26,26,26,26,26,26
61174,1,1,1990,13,13,13,13,13,13,13,13,13,13
61175,1,1,1990,0,0,0,12,0,0,0,0,16,0
61176,0,1,1990,21,21,21,21,21,21,21,21,21,21
61176,1,1,1990,0,0,0,0,0,0,0,0,0,0
61177,0,1,1990,0,0,0,0,0,0,0,0,0,0
61177,1,1,1990,0,0,0,0,0,0,0,0,0,0
61178,1,1,1990,0,0,0,0,0,0,0,0,0,0
61179,1,1,1990,23,23,23,23,23,23,23,23,23,23
61180,1,1,1990,0,0,0,0,0,0,0,0,0,0
61181,1,1,1990,19,19,19,19,19,19,19,19,19,19
61182,0,1,1990,22,22,22,22,22,22,22,22,22,22
61182,1,1,1990,0,0,12,0,16,0,0,0,0,13
61183,0,1,1990,37,37,37,37,37,37,37,37,37,37
61183,1,1,1990,0,0,16,0,0,0,0,0,0,0
61184,1,1,1990,6,6,6,6,6,6,6,6,6,6
61185,1,1,1990,15,15,15,15,15,15,15,15,15,15
61186,1,1,1990,14,14,14,14,14,14,14,14,14,14
61187,1,1,1990,9,9,9,9,9,9,9,9,9,9
61188,1,1,1990,28,28,28,28,28,28,28,28,28,28
61189,1,1,1990,0,0,0,0,0,0,0,0,0,0
61190,0,1,1990,0,0,0,0,0,0,0,0,0,0
61190,1,1,1990,0,15,0,0,0,0,0,0,0,0
61191,1,1,1990,16,16,16,16,16,16,16,16,16,16
61192,1,1,1990,0,0,0,0,0,0,0,13,0,13
61193,1,1,1990,22,22,22,22,22,22,22,22,22,22
61194,1,1,1990,0,0,0,0,0,0,0,0,0,0
61195,1,1,1990,13,13,13,13,13,13,13,13,13,13
61196,1,1,1990,6,6,6,6,6,6,6,6,6,6
61197,1,1,1990,18,18,18,18,18,18,18,18,18,18
61198,1,1,1990,25,25,25,25,25,25,25,25,25,25
61199,1,1,1990,10,10,10,10,10,10,10,10,10,10
61200,0,1,1990,24,24,24,24,24,24,24,24,24,24
61200,1,1,1990,0,0,0,16,0,0,0,11,0,0
61201,0,1,1990,0,16,2,0,0,0,0,0,0,6
61201,1,1,1990,0,0,0,0,0,0,0,0,0,0
61202,1,1,1990,0,0,0,0,0,0,0,0,0,0
61203,1,1,1990,0,0,0,0,0,0,0,0,0,0
61204,1,1,1990,15,15,15,15,15,15,15,15,15,15
61205,1,1,1990,18,18,18,18,18,18,18,18,18,18
61206,0,1,1990,19,19,19,19,19,19,19,19,19,19
61206,1,1,1990,38,6,22,28,16,19,10,7,17,17
61207,1,1,1990,23,11,30,22,13,22,7,6,28,0
61208,0,1,1990,0,0,0,0,0,0,0,0,0,0
61208,1,1,1990,0,0,0,0,0,0,0,0,0,0
61209,0,1,1990,0,0,0,0,0,0,0,0,0,0
61209,0,2,1990,0,0,0,0,0,0,0,0,0,0
61209,0,3,1990,0,0,0,0,0,0,0,0,0,0
61209,0,4,1990,0,0,0,0,0,0,0,6,0,0
61209,1,1,1990,24,0,32,33,4,23,32,0,24,0
61210,1,1,1990,8,8,8,8,8,8,8,8,8,8
61210,2,1,1990,0,0,0,0,0,0,0,0,0,0
61211,1,1,1990,0,0,0,0,0,0,0,0,0,0
61211,2,1,1990,0,0,0,0,0,0,0,0,0,0
61212,1,1,1990,0,0,0,0,0,0,0,0,0,0
61212,2,1,1990,0,0,0,0,0,0,0,0,0,0
61213,1,1,1990,0,0,0,0,0,0,0,0,0,0
61213,2,1,1990,0,0,0,0,0,0,0,0,0,0
61214,0,1,1990,0,0,0,0,0,0,0,0,0,0
61214,1,1,1990,0,0,6,0,0,0,15,0,0,0
61215,0,1,1990,0,0,0,0,0,0,0,0,0,0
61215,1,1,1990,6,15,9,4,0,0,16,0,3,12
61216,1,1,1990,0,0,0,0,0,0,0,0,0,0
61217,1,1,1990,0,0,15,0,0,0,0,0,0,12
61218,0,1,1990,0,0,0,0,0,0,0,0,0,0
61218,1,1,1990,0,0,0,0,0,0,0,0,0,0
61219,1,1,1990,0,0,5,0,19,0,0,0,0,0
61219,2,1,1990,5,5,5,5,5,5,5,5,5,5
61220,0,1,1990,26,26,26,26,26,26,26,26,26,26
61220,1,1,1990,16,16,16,16,16,16,16,16,16,16
61221,1,1,1990,2,2,2,2,2,2,2,2,2,2
61222,1,1,1990,18,18,18,18,18,18,18,18,18,18
61222,2,1,1990,0,0,0,0,0,0,0,0,12,0
61223,1,1,1990,15,15,15,15,15,15,15,15,15,15
61224,0,1,1990,0,0,0,0,0,0,0,0,0,0
61224,0,2,1990,0,9,0,0,0,0,0,0,0,0
61224,1,1,1990,22,22,22,22,22,22,22,22,22,22
61225,1,1,1990,7,7,7,7,7,7,7,7,7,7
61226,1,1,1990,14,14,14,14,14,14,14,14,14,14
61227,0,1,1990,0,0,0,0,0,0,0,0,0,0
61227,1,1,1990,0,0,12,0,0,0,0,0,11,0
61228,0,1,1990,0,0,0,0,0,0,0,0,0,0
61228,1,1,1990,0,0,0,0,0,0,0,0,0,0
61229,0,1,1990,0,0,0,0,0,0,0,0,0,0
61229,1,1,1990,0,0,0,0,0,0,0,0,0,0
61230,1,1,1990,0,0,0,0,0,0,0,0,0,0
61230,2,1,1990,0,0,0,0,0,0,0,0,0,0
61231,0,1,1990,0,0,0,0,0,0,0,0,0,0
61231,1,1,1990,0,0,0,0,0,0,0,0,0,20
61231,2,1,1990,42,0,0,0,0,0,0,0,0,0
61232,1,1,1990,0,0,0,0,0,0,0,0,0,0
61232,2,1,1990,0,0,0,0,0,0,0,0,0,0
61233,1,1,1990,0,0,0,14,0,0,0,0,0,0
61233,2,1,1990,0,0,0,0,0,0,0,0,0,0
61234,1,1,1990,12,12,12,12,12,12,12,12,12,12
61235,0,1,1990,24,24,24,24,24,24,24,24,24,24
61235,1,1,1990,0,0,19,0,21,0,0,0,0,0
61236,1,1,1990,3,3,3,3,3,3,3,3,3,3
61237,0,1,1990,10,33,22,58,15,24,14,20,15,8
61237,1,1,1990,0,0,0,6,12,0,0,0,0,0
61238,0,1,1990,0,0,0,0,0,0,0,0,0,0
61238,1,1,1990,0,0,0,0,0,0,0,0,0,0
61239,1,1,1990,7,7,7,7,7,7,7,7,7,7
61240,1,1,1990,0,0,0,0,0,0,0,0,0,0
61241,1,1,1990,25,25,25,25,25,25,25,25,25,25
61241,2,1,1990,3,3,3,3,3,3,3,3,3,3
61242,1,1,1990,5,33,16,16,16,12,42,19,12,0
61242,2,1,1990,0,0,0,0,0,0,0,0,0,0
61242,3,1,1990,0,0,0,0,0,0,0,0,0,0
61243,0,1,1990,0,0,0,0,0,0,0,0,0,0
61243,1,1,1990,27,27,27,27,27,27,27,27,27,27
61244,1,1,1990,17,17,17,17,17,17,17,17,17,17
61244,2,1,1990,21,21,21,21,21,21,21,21,21,21
61245,1,1,1990,8,8,8,8,8,8,8,8,8,8
61246,0,1,1990,24,24,24,24,24,24,24,24,24,24
61246,1,1,1990,0,0,23,0,0,16,0,0,0,7
61247,1,1,1990,23,23,23,23,23,23,23,23,23,23
61248,1,1,1990,0,0,0,0,0,0,0,0,0,0
61248,2,1,1990,0,0,0,0,0,0,0,0,0,0
61249,1,1,1990,6,0,0,0,0,0,0,0,0,0
61249,2,1,1990,0,0,0,0,0,0,0,0,0,0
61250,1,1,1990,3,0,0,0,0,0,0,0,0,0
61250,2,1,1990,0,0,0,0,0,0,0,0,0,0
61251,1,1,1990,4,4,4,4,4,4,4,4,4,4
61251,2,1,1990,0,0,0,0,0,0,0,11,0,0
61252,0,1,1990,0,0,0,0,0,0,0,0,0,0
61252,1,1,1990,0,0,0,0,0,0,0,0,0,0
61253,1,1,1990,12,12,12,12,12,12,12,12,12,12
61253,2,1,1990,0,0,0,0,0,0,0,0,0,0
61254,1,1,1990,13,8,12,23,14,8,11,10,11,16
61254,2,1,1990,0,0,0,0,0,0,0,0,0,0
61255,1,1,1990,29,0,0,0,27,0,13,0,0,0
61255,2,1,1990,0,0,0,0,0,0,0,0,0,0
61256,1,1,1990,12,12,12,12,12,12,12,12,12,12
61257,1,1,1990,0,0,0,0,0,0,0,0,0,0
61257,2,1,1990,0,0,0,0,0,0,0,0,0,0
61257,3,1,1990,0,0,0,0,0,0,0,0,0,0
61258,1,1,1990,0,0,0,0,0,0,0,0,0,0
61258,2,1,1990,0,0,0,0,0,0,0,0,0,0
61259,1,1,1990,0,0,0,0,0,0,0,0,0,0
61259,2,1,1990,0,0,0,0,0,0,0,16,0,0
61260,1,1,1990,18,18,18,18,18,18,18,18,18,18
61261,1,1,1990,0,0,0,0,0,0,0,0,0,0
61261,2,1,1990,0,0,0,0,0,0,0,0,0,0
61262,1,1,1990,0,0,0,0,0,0,0,0,0,0
61262,2,1,1990,0,0,0,0,0,0,0,0,0,0
61263,0,1,1990,15,15,15,15,15,15,15,15,15,15
61263,1,1,1990,0,13,17,26,18,0,37,18,8,0
61264,0,1,1990,12,12,12,12,12,12,12,12,12,12
61264,1,1,1990,16,0,0,7,28,26,17,0,18,22
61265,1,1,1990,19,19,19,19,19,19,19,19,19,19
61266,1,1,1990,11,11,11,11,11,11,11,11,11,11
61266,2,1,1990,0,0,0,0,0,8,0,0,0,0
61266,3,1,1990,0,3,0,0,0,0,0,0,0,0
61267,1,1,1990,24,24,24,24,24,24,24,24,24,24
61268,1,1,1990,20,20,20,20,20,20,20,20,20,20
61269,1,1,1990,25,25,25,25,25,25,25,25,25,25
61270,1,1,1990,25,25,25,25,25,25,25,25,25,25
61271,1,1,1990,0,0,0,0,0,0,0,0,0,0
61271,2,1,1990,0,0,0,0,0,0,0,0,0,0
61271,3,1,1990,0,0,0,0,0,0,0,0,0,0
61272,1,1,1990,0,0,0,0,0,0,0,0,0,0
61273,0,1,1990,0,0,0,0,0,0,0,0,0,0
61273,1,1,1990,0,0,0,0,0,0,0,0,0,18
61274,1,1,1990,0,0,0,0,0,0,0,0,0,10
61274,2,1,1990,0,0,0,0,0,0,0,0,0,0
61275,0,1,1990,0,0,0,0,0,0,0,0,0,0
61275,1,1,1990,0,14,0,0,0,0,0,0,0,0
61276,1,1,1990,0,0,0,0,0,0,0,0,0,0
61277,0,1,1990,0,0,0,0,0,0,0,0,0,0
61277,1,1,1990,0,0,0,0,0,0,0,12,0,0
61278,1,1,1990,9,9,9,9,9,9,9,9,9,9
61279,1,1,1990,0,5,0,0,0,0,0,0,0,0
61279,2,1,1990,0,0,0,0,0,0,0,0,0,0
61280,1,1,1990,10,10,10,10,10,10,10,10,10,10
61280,2,1,1990,0,0,0,0,4,0,0,0,0,0
61281,1,1,1990,0,0,0,0,0,0,0,0,0,0
61281,2,1,1990,0,0,0,0,0,0,0,0,0,0
61281,3,1,1990,0,0,0,0,0,0,0,0,0,0
61281,4,1,1990,0,0,0,0,9,0,0,0,0,0
61282,0,1,1990,0,0,0,0,0,0,0,0,0,0
61282,1,1,1990,0,0,0,0,0,0,0,0,0,0
61283,0,1,1990,0,0,0,0,0,0,0,0,0,0
61283,1,1,1990,0,0,0,0,0,0,0,0,0,0
61284,1,1,1990,0,0,0,0,0,0,0,0,0,0
61284,2,1,1990,0,0,0,0,0,0,0,4,0,0
61285,1,1,1990,0,0,0,0,0,0,0,0,0,0
61285,2,1,1990,0,0,0,0,0,0,0,0,0,0
61286,0,1,1990,0,0,0,0,0,0,0,0,0,0
61286,1,1,1990,0,0,0,0,0,0,0,0,0,0
61287,1,1,1990,0,0,0,0,0,0,0,0,0,0
61287,2,1,1990,0,0,0,0,0,0,0,0,0,0
61288,0,1,1990,0,17,0,0,0,0,0,0,0,26
61288,0,2,1990,0,0,0,0,0,0,0,0,0,0
61288,1,1,1990,0,0,0,0,0,0,0,0,0,0
61289,0,1,1990,0,0,0,0,0,0,0,0,0,0
61289,1,1,1990,0,0,0,0,0,0,0,0,0,0
61290,1,1,1990,0,0,0,0,0,0,0,0,0,0
61290,2,1,1990,0,0,0,0,0,0,0,0,0,0