ST_CASE,VEH_NO,PER_NO,YEAR,P1,P2,P3,P4,P5,P6,P7,P8,P9,P10
61291,1,1,1990,0,0,0,9,0,0,0,0,0,0
61291,2,1,1990,18,12,22,6,19,0,16,0,0,0
61292,1,1,1990,25,25,25,25,25,25,25,25,25,25
61293,0,1,1990,0,0,0,0,0,0,0,0,0,0
61293,1,1,1990,2,2,2,2,2,2,2,2,2,2
61294,1,1,1990,0,0,0,11,0,0,0,0,0,0
61294,2,1,1990,0,0,0,0,0,0,0,0,0,0
61295,1,1,1990,0,0,0,0,0,0,0,0,0,0
61295,2,1,1990,0,0,0,0,0,0,0,0,0,0
61296,0,1,1990,25,25,25,25,25,25,25,25,25,25
61296,1,1,1990,24,24,24,24,24,24,24,24,24,24
61297,1,1,1990,13,13,13,13,13,13,13,13,13,13
61298,0,1,1990,0,0,0,0,0,0,0,0,0,0
61298,1,1,1990,11,15,0,0,18,0,0,12,21,0
61299,1,1,1990,0,12,0,0,31,0,0,0,0,31
61299,2,1,1990,0,0,0,0,0,0,0,0,0,0
61300,0,1,1990,32,32,32,32,32,32,32,32,32,32
61300,1,1,1990,0,0,0,0,0,0,0,0,0,0
61300,2,1,1990,0,0,0,0,0,0,0,0,0,0
61301,1,1,1990,0,0,0,0,0,0,0,0,0,0
61302,1,1,1990,25,25,25,25,25,25,25,25,25,25
61303,0,1,1990,25,25,25,25,25,25,25,25,25,25
61303,1,1,1990,0,0,0,0,0,0,0,0,0,0
61304,0,1,1990,0,0,0,0,0,0,0,0,0,0
61304,0,2,1990,3,23,32,31,0,28,33,0,11,13
61304,0,3,1990,3,0,0,0,34,0,0,0,0,0
61304,0,4,1990,34,0,0,0,33,0,0,0,0,0
61304,1,1,1990,0,0,0,0,0,0,0,0,0,0
61305,0,1,1990,0,0,0,0,0,0,0,0,0,0
61305,1,1,1990,0,0,0,0,0,0,16,8,15,0
61306,1,1,1990,26,26,26,26,26,26,26,26,26,26
61307,0,1,1990,0,0,0,0,0,0,0,0,0,0
61307,1,1,1990,0,0,0,0,0,0,0,0,0,0
61308,1,1,1990,0,0,0,0,0,0,0,0,0,0
61308,2,1,1990,0,0,0,0,0,0,0,0,0,0
61308,3,1,1990,0,0,0,0,0,13,0,0,0,0
61309,1,1,1990,0,0,0,0,0,0,0,0,0,0
61309,2,1,1990,0,0,0,12,0,0,0,0,0,0
61309,3,1,1990,0,0,0,0,0,0,0,0,0,0
61310,0,1,1990,23,23,23,23,23,23,23,23,23,23
61310,1,1,1990,0,9,0,10,0,13,0,18,12,0
61311,1,1,1990,13,13,13,13,13,13,13,13,13,13
61312,1,1,1990,0,0,0,0,0,0,0,0,0,0
61312,2,1,1990,0,0,0,0,0,0,0,0,0,0
61313,1,1,1990,0,0,0,0,0,0,0,0,0,0
61314,1,1,1990,0,0,3,0,0,0,0,0,0,0
61315,1,1,1990,10,10,10,10,10,10,10,10,10,10
61316,0,1,1990,0,0,0,0,0,0,0,0,0,0
61316,1,1,1990,0,0,0,0,0,0,0,0,0,0
61317,1,1,1990,0,0,0,0,0,0,0,0,0,0
61318,1,1,1990,20,20,20,20,20,20,20,20,20,20
61319,1,1,1990,24,24,24,24,24,24,24,24,24,24
61320,1,1,1990,0,0,0,0,17,0,0,0,0,0
61321,0,1,1990,0,0,10,0,0,0,0,13,32,0
61321,1,1,1990,0,0,0,0,0,0,13,0,0,0
61322,1,1,1990,0,0,0,0,0,0,0,0,0,0
61323,1,1,1990,6,28,24,0,0,22,16,17,16,9
61324,1,1,1990,0,0,0,0,0,0,0,0,0,0
61324,2,1,1990,0,0,0,13,0,0,0,8,0,0
61324,3,1,1990,27,0,0,0,0,0,0,8,19,0
61324,4,1,1990,0,0,0,0,0,0,0,0,0,0
61325,1,1,1990,9,9,9,9,9,9,9,9,9,9
61325,2,1,1990,0,0,0,0,0,0,0,0,0,0
61326,0,1,1990,0,0,0,0,0,0,0,0,0,0
61326,0,2,1990,0,13,22,13,4,0,2,25,0,11
61326,1,1,1990,25,25,25,25,25,25,25,25,25,25
61327,1,1,1990,0,0,0,0,0,0,0,0,0,0
61327,2,1,1990,0,0,0,0,0,0,0,0,0,0
61328,1,1,1990,0,0,0,0,0,0,0,0,0,0
61328,2,1,1990,0,0,0,0,0,0,0,0,0,0
61328,3,1,1990,0,0,0,0,0,0,0,0,0,0
61329,1,1,1990,0,0,0,0,7,33,22,0,19,0
61330,0,1,1990,0,0,0,0,0,0,0,0,0,0
61330,1,1,1990,0,0,25,0,0,0,0,0,0,0
61331,0,1,1990,0,0,0,0,0,0,0,0,0,0
61331,1,1,1990,0,0,0,0,0,0,0,0,0,0
61332,1,1,1990,9,9,9,9,9,9,9,9,9,9
61333,1,1,1990,0,0,0,0,0,0,0,0,0,0
61334,0,1,1990,0,0,0,0,0,0,0,0,0,0
61334,1,1,1990,0,0,0,0,0,0,0,0,0,0
61335,0,1,1990,0,0,0,0,0,0,0,0,0,0
61335,1,1,1990,0,0,0,0,0,0,0,0,0,0
61336,1,1,1990,16,16,16,16,16,16,16,16,16,16
61337,0,1,1990,18,18,18,18,18,18,18,18,18,18
61337,1,1,1990,24,24,24,24,24,24,24,24,24,24
61338,1,1,1990,14,14,14,14,14,14,14,14,14,14
61339,1,1,1990,0,0,0,0,0,0,0,0,0,0
61339,2,1,1990,0,0,0,0,0,0,0,0,0,0
61340,1,1,1990,6,6,6,6,6,6,6,6,6,6
61340,2,1,1990,0,0,0,0,0,0,0,0,0,0
61341,1,1,1990,0,0,0,0,0,0,0,0,0,0
61341,2,1,1990,0,0,0,0,8,0,0,0,0,0
61342,1,1,1990,0,0,0,0,0,0,0,0,0,0
61342,2,1,1990,0,0,0,0,0,0,0,0,0,0
61343,1,1,1990,7,7,7,7,7,7,7,7,7,7
61343,2,1,1990,0,0,0,0,0,0,0,0,0,0
61344,1,1,1990,0,0,0,0,0,0,0,0,0,0
61344,2,1,1990,0,0,0,0,0,0,0,0,0,0
61344,3,1,1990,0,0,0,0,0,0,0,0,0,0
61345,1,1,1990,0,0,0,0,0,0,0,0,0,0
61345,2,1,1990,0,0,0,0,0,0,0,0,0,0
61346,1,1,1990,7,7,7,7,7,7,7,7,7,7
61347,0,1,1990,39,39,39,39,39,39,39,39,39,39
61347,1,1,1990,0,0,0,0,0,0,0,0,0,0
61348,1,1,1990,0,0,0,0,0,0,0,0,0,0
61348,2,1,1990,0,0,0,0,0,0,0,0,0,0
61348,3,1,1990,0,0,0,0,0,0,0,0,0,0
61349,1,1,1990,0,0,0,0,0,0,0,0,0,0
61350,1,1,1990,0,0,0,0,0,0,0,0,0,0
61350,2,1,1990,0,0,0,0,0,0,0,0,0,0
61351,1,1,1990,0,0,0,0,0,0,0,0,0,0
61351,2,1,1990,0,0,0,5,0,13,0,0,0,0
61352,0,1,1990,0,0,0,0,0,0,0,0,0,0
61352,1,1,1990,0,0,0,0,0,0,0,0,0,0
61353,1,1,1990,16,16,16,16,16,16,16,16,16,16
61354,0,1,1990,0,0,0,0,0,0,0,0,0,0
61354,1,1,1990,0,0,0,0,0,0,0,0,0,0
61354,2,1,1990,0,0,0,12,0,20,0,0,0,0
61354,3,1,1990,0,0,0,0,0,0,0,0,0,0
61355,1,1,1990,16,16,16,16,16,16,16,16,16,16
61355,2,1,1990,15,20,9,10,26,23,25,9,0,10
61355,3,1,1990,22,15,8,15,14,16,0,20,3,13
61356,1,1,1990,16,16,16,16,16,16,16,16,16,16
61357,1,1,1990,8,8,8,8,8,8,8,8,8,8
61358,1,1,1990,14,14,14,14,14,14,14,14,14,14
61358,2,1,1990,0,0,0,0,0,21,0,5,0,0
61359,1,1,1990,3,3,3,3,3,3,3,3,3,3
61360,1,1,1990,0,0,0,0,0,0,0,0,0,0
61360,2,1,1990,0,0,0,0,0,0,0,0,0,0
61361,1,1,1990,13,13,13,13,13,13,13,13,13,13
61361,2,1,1990,0,0,0,0,0,0,0,0,0,0
61362,1,1,1990,22,22,22,22,22,22,22,22,22,22
61363,0,1,1990,21,0,0,0,18,23,40,18,8,0
61363,1,1,1990,0,0,0,0,0,0,0,0,0,0
61363,2,1,1990,0,0,0,0,0,0,0,0,0,0
61363,3,1,1990,0,0,0,0,0,0,0,0,0,0
61364,1,1,1990,0,0,0,0,0,0,0,0,0,0
61364,2,1,1990,9,9,9,9,9,9,9,9,9,9
61365,1,1,1990,15,15,15,15,15,15,15,15,15,15
61366,1,1,1990,0,0,0,0,0,0,0,0,0,0
61367,1,1,1990,38,38,38,38,38,38,38,38,38,38
61367,2,1,1990,0,0,0,0,0,0,0,0,0,0
61368,1,1,1990,0,0,0,0,0,0,0,0,0,0
61369,0,1,1990,0,0,0,0,0,0,0,0,0,0
61369,1,1,1990,28,14,27,11,20,0,0,21,0,14
61370,1,1,1990,24,24,24,24,24,24,24,24,24,24
61371,1,1,1990,21,21,21,21,21,21,21,21,21,21
61372,1,1,1990,20,20,20,20,20,20,20,20,20,20
61372,2,1,1990,0,0,0,0,0,0,0,0,0,0
61373,1,1,1990,27,27,27,27,27,27,27,27,27,27
61374,1,1,1990,0,0,0,0,0,0,0,0,0,0
61375,1,1,1990,30,30,30,30,30,30,30,30,30,30
61375,2,1,1990,8,8,8,8,8,8,8,8,8,8
61376,0,1,1990,0,0,0,0,0,0,0,0,0,0
61376,0,2,1990,0,0,0,0,0,5,0,0,0,8
61376,0,3,1990,17,0,0,0,0,0,0,0,0,0
61376,0,4,1990,0,0,0,0,0,0,0,0,0,5
61376,1,1,1990,18,18,18,18,18,18,18,18,18,18
61377,0,1,1990,12,12,12,12,12,12,12,12,12,12
61377,1,1,1990,0,0,0,0,0,0,0,0,0,0
61378,1,1,1990,12,12,12,12,12,12,12,12,12,12
61379,1,1,1990,26,26,26,26,26,26,26,26,26,26
61380,1,1,1990,0,0,0,0,0,0,0,0,0,0
61380,2,1,1990,0,0,0,0,0,0,0,0,0,0
61381,1,1,1990,20,20,20,20,20,20,20,20,20,20
61382,0,1,1990,0,0,0,0,0,0,0,0,0,0
61382,1,1,1990,0,0,0,0,0,0,0,0,0,0
61383,1,1,1990,18,18,18,18,18,18,18,18,18,18
61383,2,1,1990,0,0,0,0,0,0,0,0,0,0
61383,3,1,1990,0,0,0,0,0,0,0,0,0,0
61383,4,1,1990,0,0,10,0,0,0,0,0,0,0
61384,1,1,1990,7,7,7,7,7,7,7,7,7,7
61385,1,1,1990,15,15,15,15,15,15,15,15,15,15
61386,0,1,1990,0,0,0,0,0,0,0,0,0,0
61386,1,1,1990,0,0,0,0,0,0,0,0,0,0
61387,0,1,1990,0,0,0,0,0,0,0,0,0,0
61387,1,1,1990,0,0,0,0,0,0,0,0,0,0
61388,1,1,1990,0,0,0,0,0,0,0,0,0,0
61388,2,1,1990,0,0,0,0,0,0,0,0,0,0
61388,3,1,1990,0,0,0,0,0,19,0,0,0,0
61389,1,1,1990,20,20,20,20,20,20,20,20,20,20
61390,0,1,1990,0,23,2,0,15,19,30,6,11,28
61390,1,1,1990,0,0,0,0,0,0,0,0,0,0
61391,1,1,1990,0,0,21,0,0,0,17,15,13,0
61392,1,1,1990,0,0,0,0,0,0,0,0,0,0
61392,2,1,1990,0,0,0,0,0,4,0,0,0,0
61393,1,1,1990,15,15,15,15,15,15,15,15,15,15
61393,2,1,1990,0,0,0,0,0,0,0,0,0,0
61393,3,1,1990,0,0,0,0,0,0,0,0,0,0
61394,0,1,1990,0,0,0,0,0,0,0,0,0,0
61394,1,1,1990,0,0,0,0,0,0,0,0,0,0
61395,0,1,1990,0,0,0,0,0,0,0,0,0,0
61395,1,1,1990,0,0,0,0,0,0,0,0,0,0
61396,1,1,1990,14,14,14,14,14,14,14,14,14,14
61396,2,1,1990,0,0,0,0,0,0,0,0,0,0
61396,3,1,1990,0,0,0,0,0,0,0,0,0,0
61397,1,1,1990,0,0,0,0,14,0,0,0,0,0
61398,0,1,1990,0,0,0,0,0,0,0,0,0,0
61398,1,1,1990,21,21,21,21,21,21,21,21,21,21
61399,1,1,1990,3,3,3,3,3,3,3,3,3,3
61399,2,1,1990,0,0,0,0,0,0,0,0,0,0
61400,1,1,1990,0,0,0,0,0,0,0,0,0,0
61401,0,1,1990,18,18,18,18,18,18,18,18,18,18
61401,1,1,1990,0,0,0,0,0,0,0,0,0,0
61402,1,1,1990,18,18,18,18,18,18,18,18,18,18
61402,2,1,1990,0,25,0,0,0,0,0,0,0,0
61403,1,1,1990,2,2,2,2,2,2,2,2,2,2
61404,1,1,1990,0,0,0,0,0,0,0,0,0,0
61404,2,1,1990,0,0,0,0,0,0,0,0,0,0
61405,1,1,1990,0,0,0,0,0,0,0,0,0,0
61405,2,1,1990,0,0,0,0,0,0,0,0,0,0
61406,1,1,1990,13,0,0,0,0,0,0,0,0,0
61406,2,1,1990,0,0,0,0,0,0,0,0,0,0
61406,3,1,1990,0,0,0,0,0,0,0,0,0,0
61406,4,1,1990,7,0,0,0,17,0,0,0,0,0
61407,0,1,1990,0,0,0,0,0,0,0,0,0,0
61407,1,1,1990,0,0,0,0,0,0,0,0,0,0
61408,0,1,1990,8,8,8,8,8,8,8,8,8,8
61408,1,1,1990,0,0,0,0,10,0,4,0,0,0
61409,0,1,1990,0,0,0,0,0,0,0,0,0,0
61410,0,1,1990,0,0,0,0,0,0,0,0,0,0
61410,0,2,1990,2,0,0,26,0,0,0,0,0,20
61410,1,1,1990,20,20,20,20,20,20,20,20,20,20
61411,1,1,1990,0,0,0,0,0,0,0,0,0,0
61411,2,1,1990,0,0,0,0,0,0,0,0,0,0
61412,1,1,1990,0,0,0,0,0,0,0,0,0,0
61413,1,1,1990,0,0,0,0,0,0,0,0,0,0
61413,2,1,1990,0,0,0,0,0,18,0,0,0,0
61414,1,1,1990,0,0,0,11,0,0,0,0,10,0
61415,1,1,1990,14,14,14,14,14,14,14,14,14,14
61416,1,1,1990,4,4,4,4,4,4,4,4,4,4
61416,2,1,1990,24,0,4,0,0,0,0,0,12,31
61417,1,1,1990,0,0,0,0,0,0,0,0,0,0
61418,1,1,1990,14,14,14,14,14,14,14,14,14,14
61419,1,1,1990,18,3,0,35,0,9,23,0,0,0
61419,2,1,1990,0,0,0,0,0,0,0,0,0,0
61420,1,1,1990,0,0,0,0,0,0,0,0,0,0
61420,2,1,1990,0,0,0,0,0,0,0,0,0,0
61421,1,1,1990,11,0,0,0,24,14,14,16,22,14
61422,1,1,1990,0,0,0,0,0,0,0,0,0,0
61422,2,1,1990,0,0,0,0,0,0,0,0,0,0
61423,1,1,1990,25,25,25,25,25,25,25,25,25,25
61423,2,1,1990,0,0,9,0,0,0,0,0,0,0
61424,1,1,1990,0,0,0,0,0,0,0,0,0,0
61424,2,1,1990,0,0,0,0,0,0,0,0,0,0
61425,1,1,1990,0,0,0,0,0,0,0,0,0,0
61425,2,1,1990,0,0,10,22,11,26,0,5,17,20
61426,1,1,1990,0,0,0,0,0,0,0,0,0,0
61426,2,1,1990,0,0,0,16,0,0,0,0,0,0
61427,0,1,1990,7,7,7,7,7,7,7,7,7,7
61427,1,1,1990,0,4,0,0,0,0,0,14,0,0
61427,2,1,1990,0,0,0,12,0,0,0,0,0,0
61428,1,1,1990,13,13,13,13,13,13,13,13,13,13
61428,2,1,1990,0,0,0,0,0,0,0,0,0,0
61429,1,1,1990,0,0,7,0,10,0,0,0,0,0
61429,2,1,1990,0,0,0,0,0,0,0,0,0,0
61430,1,1,1990,0,0,0,0,0,0,0,0,0,0
61430,2,1,1990,0,0,0,0,0,0,0,0,0,0
61431,0,1,1990,0,0,0,0,0,0,0,0,0,0
61431,1,1,1990,0,0,0,0,0,0,0,0,0,0
61432,0,1,1990,16,16,16,16,16,16,16,16,16,16
61432,1,1,1990,4,4,4,4,4,4,4,4,4,4
61433,1,1,1990,12,12,12,12,12,12,12,12,12,12
61434,1,1,1990,0,0,0,0,0,0,0,0,0,0
61435,1,1,1990,39,39,39,39,39,39,39,39,39,39
61435,2,1,1990,0,0,0,0,0,0,0,0,0,0
61436,0,1,1990,0,0,0,0,0,0,0,0,0,0
61436,1,1,1990,0,0,0,0,0,0,0,0,0,0
61437,1,1,1990,0,0,0,0,0,0,0,0,0,0
61437,2,1,1990,0,0,0,0,0,0,0,0,0,0
61438,1,1,1990,0,0,0,0,0,0,0,0,0,0
61438,2,1,1990,0,0,0,0,0,0,0,0,0,0
61439,1,1,1990,3,3,3,3,3,3,3,3,3,3
61440,1,1,1990,5,5,5,5,5,5,5,5,5,5
61441,1,1,1990,23,23,23,23,23,23,23,23,23,23
61442,0,1,1990,0,0,0,0,0,0,0,0,0,0
61442,1,1,1990,0,0,0,0,0,0,0,0,0,0
61443,1,1,1990,0,0,0,0,0,0,0,0,0,0
61443,2,1,1990,0,0,0,0,0,0,0,0,0,0
61444,1,1,1990,0,0,22,0,0,0,0,0,0,0
61445,1,1,1990,0,0,0,0,0,0,0,0,0,0
61446,1,1,1990,23,23,23,23,23,23,23,23,23,23
61447,1,1,1990,0,0,0,0,0,0,0,0,0,0
61448,0,1,1990,0,0,0,0,0,0,0,0,0,0
61448,1,1,1990,11,0,0,0,0,0,23,0,11,0
61449,0,1,1990,18,18,18,18,18,18,18,18,18,18
61449,0,2,1990,22,0,0,10,0,17,10,0,0,11
61449,2,1,1990,0,0,0,0,0,0,0,0,0,0
61450,1,1,1990,0,0,0,0,0,0,0,0,0,0
61450,2,1,1990,0,0,0,0,0,0,0,0,0,0
61451,1,1,1990,0,0,0,0,0,0,0,0,0,0
61451,2,1,1990,0,0,0,0,0,0,0,0,0,0
61451,3,1,1990,0,0,0,0,0,0,0,0,0,6
61452,0,1,1990,0,0,0,0,0,0,0,0,0,0
61452,1,1,1990,0,13,0,0,0,0,0,0,0,0
61453,1,1,1990,15,15,15,15,15,15,15,15,15,15
61455,1,1,1990,0,0,0,0,0,0,0,0,0,0
61456,1,1,1990,0,0,0,0,0,0,0,0,0,0
61457,0,1,1990,0,0,0,0,0,0,0,0,0,0
61457,1,1,1990,0,7,0,0,0,0,0,0,0,0
61458,1,1,1990,0,0,0,0,0,0,4,0,0,0
61458,2,1,1990,0,0,0,0,11,0,0,0,0,0
61459,1,1,1990,0,0,0,0,14,0,0,0,14,0
61459,2,1,1990,16,16,16,16,16,16,16,16,16,16
61460,1,1,1990,22,22,22,22,22,22,22,22,22,22
61461,0,1,1990,0,0,0,0,0,0,0,0,0,0
61461,1,1,1990,0,0,0,0,0,8,0,0,0,0
61462,1,1,1990,0,0,0,0,0,0,0,0,0,0
61463,1,1,1990,0,0,0,0,0,0,0,0,0,0
61464,1,1,1990,6,6,6,6,6,6,6,6,6,6
61464,2,1,1990,0,0,0,0,0,0,0,0,0,0
61465,1,1,1990,0,0,0,19,30,0,0,7,0,0
61465,2,1,1990,0,0,0,0,0,0,0,0,0,0
61466,1,1,1990,24,24,24,24,24,24,24,24,24,24
61467,1,1,1990,14,0,0,0,0,12,0,0,0,0
61468,1,1,1990,0,0,0,8,0,0,0,0,0,0
61468,2,1,1990,0,0,0,0,0,0,0,0,13,0
61469,1,1,1990,4,4,4,4,4,4,4,4,4,4
61470,1,1,1990,8,8,8,8,8,8,8,8,8,8
61470,2,1,1990,0,0,0,0,14,0,0,0,0,0
61471,1,1,1990,0,0,0,0,0,0,0,0,0,0
61471,2,1,1990,0,0,0,0,0,0,0,0,0,0
61472,1,1,1990,0,12,0,0,0,0,0,0,0,7
61472,2,1,1990,0,0,0,0,0,0,0,0,0,0
61473,1,1,1990,0,0,0,0,0,0,0,0,0,0
61473,2,1,1990,0,0,0,0,0,0,0,0,0,0
61474,0,1,1990,0,0,0,0,0,0,0,0,0,0
61474,1,1,1990,0,0,0,0,0,0,0,0,0,0
61475,1,1,1990,23,23,23,23,23,23,23,23,23,23
61476,1,1,1990,0,0,10,15,0,0,0,0,0,0
61476,2,1,1990,0,0,0,0,0,0,0,0,0,0
61477,1,1,1990,19,19,19,19,19,19,19,19,19,19
61477,2,1,1990,0,0,22,10,0,14,21,49,0,0
61478,1,1,1990,0,0,0,0,0,0,0,0,0,0
61478,2,1,1990,0,0,0,10,0,0,0,0,0,0
61479,0,1,1990,0,0,0,0,0,0,0,0,0,0
61479,1,1,1990,0,0,0,0,0,18,0,0,0,0
61480,1,1,1990,22,22,22,22,22,22,22,22,22,22
61481,1,1,1990,10,10,10,10,10,10,10,10,10,10
61482,1,1,1990,0,0,0,0,0,0,0,0,0,0
61483,1,1,1990,0,0,0,0,0,0,0,0,0,0
61484,1,1,1990,5,5,5,5,5,5,5,5,5,5
61485,1,1,1990,0,0,0,0,0,0,0,0,0,0
61486,1,1,1990,0,0,0,0,0,0,0,4,0,0
61487,1,1,1990,0,0,0,0,0,0,0,0,0,0
61487,2,1,1990,0,0,0,0,0,0,0,0,0,0
61487,3,1,1990,0,0,0,0,0,0,0,0,0,0
61487,4,1,1990,0,0,0,0,0,0,0,0,0,0
61488,0,1,1990,0,0,0,0,0,0,0,0,0,0
61488,1,1,1990,0,0,0,0,0,0,0,0,0,0
61489,1,1,1990,17,17,17,17,17,17,17,17,17,17
61490,1,1,1990,0,0,0,0,0,0,0,0,0,0
61491,1,1,1990,15,15,15,15,15,15,15,15,15,15
61492,1,1,1990,0,0,0,0,0,0,0,0,0,0
61492,2,1,1990,0,5,0,0,0,0,0,0,0,0
61493,1,1,1990,26,26,26,26,26,26,26,26,26,26
61495,1,1,1990,22,27,23,22,27,26,18,22,10,38
61496,1,1,1990,8,8,8,8,8,8,8,8,8,8
61497,0,1,1990,0,0,0,0,0,0,0,0,0,0
61497,1,1,1990,9,9,9,9,9,9,9,9,9,9
61498,1,1,1990,4,4,4,4,4,4,4,4,4,4
61498,2,1,1990,0,0,0,0,0,0,0,0,0,0
61499,1,1,1990,0,0,0,0,0,0,0,0,0,0
61499,2,1,1990,14,14,14,14,14,14,14,14,14,14
61500,0,1,1990,7,7,7,7,7,7,7,7,7,7
61500,0,2,1990,4,4,4,4,4,4,4,4,4,4
61500,1,1,1990,0,0,0,0,0,0,0,0,0,0
61501,1,1,1990,14,14,14,14,14,14,14,14,14,14
61501,2,1,1990,0,0,0,0,0,0,0,0,0,0
61502,0,1,1990,14,14,14,14,14,14,14,14,14,14
61502,0,2,1990,0,0,0,0,0,0,0,0,0,0
61502,0,3,1990,13,17,29,0,23,28,31,18,6,0
61502,1,1,1990,20,20,20,20,20,20,20,20,20,20
61503,1,1,1990,20,20,20,20,20,20,20,20,20,20
61504,1,1,1990,0,0,0,0,0,0,0,0,0,0
61505,1,1,1990,12,12,12,12,12,12,12,12,12,12
61506,1,1,1990,13,13,13,13,13,13,13,13,13,13
61506,2,1,1990,0,0,0,0,0,0,0,0,0,0
61506,3,1,1990,0,0,0,0,0,0,8,8,0,13
61507,1,1,1990,17,17,17,17,17,17,17,17,17,17
61508,1,1,1990,22,22,22,22,22,22,22,22,22,22
61508,2,1,1990,0,0,23,0,0,0,0,0,0,0
61509,0,1,1990,21,21,21,21,21,21,21,21,21,21
61509,1,1,1990,0,0,0,0,0,0,0,0,0,0
61510,0,1,1990,0,0,0,0,0,0,0,0,0,0
61510,1,1,1990,0,26,0,18,0,0,0,0,0,0
61511,1,1,1990,0,0,0,0,9,0,0,0,0,0
61511,2,1,1990,0,0,8,14,0,0,8,0,0,0
61512,1,1,1990,10,22,11,0,13,13,13,9,11,0
61512,2,1,1990,0,9,21,18,0,0,16,0,0,0
61513,1,1,1990,2,2,2,2,2,2,2,2,2,2
61514,1,1,1990,0,0,0,0,0,0,0,0,0,0
61515,1,1,1990,7,7,7,7,7,7,7,7,7,7
61516,1,1,1990,5,5,5,5,5,5,5,5,5,5
61517,1,1,1990,0,0,0,0,4,0,32,0,0,0
61517,2,1,1990,0,0,0,0,0,0,0,0,0,0
61518,1,1,1990,14,0,0,0,13,0,26,19,0,9
61519,1,1,1990,19,19,19,19,19,19,19,19,19,19
61520,0,1,1990,13,13,13,13,13,13,13,13,13,13
61520,1,1,1990,18,4,0,0,0,0,0,19,0,22
61521,1,1,1990,19,19,19,19,19,19,19,19,19,19
61522,0,1,1990,33,33,33,33,33,33,33,33,33,33
61522,1,1,1990,0,0,13,16,0,0,0,2,0,0
61523,1,1,1990,0,26,0,0,0,0,0,0,0,0
61524,1,1,1990,0,0,7,0,0,0,0,0,0,0
61525,1,1,1990,0,0,0,0,0,0,0,0,0,0
61525,2,1,1990,0,0,0,0,0,0,0,0,0,0
61527,1,1,1990,16,16,16,16,16,16,16,16,16,16
61527,2,1,1990,21,21,21,21,21,21,21,21,21,21
61528,1,1,1990,0,0,0,0,0,0,7,0,0,19
61528,2,1,1990,0,0,0,0,0,0,0,0,0,0
61529,1,1,1990,15,15,15,15,15,15,15,15,15,15
61529,2,1,1990,0,0,0,0,0,0,0,0,0,0
61529,3,1,1990,0,6,0,0,0,0,0,3,0,0
61530,1,1,1990,9,9,9,9,9,9,9,9,9,9
61531,0,1,1990,0,0,0,0,0,0,0,0,0,0
61531,1,1,1990,6,0,14,28,0,0,12,8,0,0
61532,0,1,1990,0,0,0,0,0,0,0,0,0,0
61532,0,2,1990,0,0,0,0,0,0,0,0,0,0
61532,1,1,1990,0,0,0,0,0,0,0,0,0,0
61532,2,1,1990,0,0,0,0,0,0,0,0,0,0
61532,3,1,1990,0,0,0,0,0,0,0,0,0,0
61533,1,1,1990,7,7,7,7,7,7,7,7,7,7
61534,1,1,1990,7,7,7,7,7,7,7,7,7,7
61535,1,1,1990,18,18,18,18,18,18,18,18,18,18
61535,2,1,1990,0,0,0,0,0,0,0,0,0,0
61536,1,1,1990,12,12,12,12,12,12,12,12,12,12
61536,2,1,1990,0,0,0,11,0,0,0,0,0,0
61536,3,1,1990,0,0,0,0,0,0,0,0,0,0
61537,1,1,1990,19,19,19,19,19,19,19,19,19,19
61538,0,1,1990,0,0,0,0,0,0,0,0,0,0
61538,1,1,1990,0,0,0,0,0,0,0,0,0,0
61539,1,1,1990,0,0,0,0,0,0,0,0,0,0
61540,0,1,1990,0,0,0,18,16,27,9,41,17,24
61540,1,1,1990,10,0,0,32,0,0,0,9,0,0
61541,1,1,1990,15,17,8,9,13,10,19,6,15,20
61542,1,1,1990,22,22,22,22,22,22,22,22,22,22
61543,1,1,1990,23,23,23,23,23,23,23,23,23,23
61544,1,1,1990,0,0,0,0,0,0,0,0,0,0
61545,1,1,1990,19,19,19,19,19,19,19,19,19,19
61546,1,1,1990,7,7,7,7,7,7,7,7,7,7
61547,1,1,1990,0,0,0,0,30,0,0,6,0,0
61548,1,1,1990,16,18,4,21,0,0,0,0,0,20
61549,0,1,1990,0,0,0,0,0,0,0,0,0,0
61549,1,1,1990,0,0,0,0,0,0,0,0,0,0
61550,1,1,1990,0,0,0,0,0,0,0,0,0,0
61551,1,1,1990,0,0,0,0,0,0,0,0,0,0
61552,1,1,1990,0,0,0,0,0,0,0,0,0,0
61552,2,1,1990,0,0,0,0,0,0,0,0,0,0
61553,1,1,1990,17,24,0,20,16,12,20,0,16,8