ST_CASE,VEH_NO,PER_NO,YEAR,P1,P2,P3,P4,P5,P6,P7,P8,P9,P10
61554,1,1,1990,18,18,18,18,18,18,18,18,18,18
61554,2,1,1990,20,0,16,0,0,0,0,0,0,17
61555,0,1,1990,0,0,0,0,0,0,0,0,0,0
61555,1,1,1990,0,10,0,0,23,28,0,0,0,0
61556,1,1,1990,0,0,0,0,0,0,0,0,0,0
61556,2,1,1990,20,20,20,20,20,20,20,20,20,20
61556,3,1,1990,0,35,0,0,0,0,0,0,0,3
61557,1,1,1990,0,0,0,0,0,0,0,0,0,0
61558,1,1,1990,0,0,0,0,0,0,0,0,0,0
61559,1,1,1990,0,0,0,0,0,0,0,3,15,0
61559,2,1,1990,0,0,0,0,0,0,0,0,0,0
61560,1,1,1990,22,22,22,22,22,22,22,22,22,22
61561,1,1,1990,20,20,20,20,20,20,20,20,20,20
61562,1,1,1990,0,0,0,8,0,0,4,0,0,0
61562,2,1,1990,0,0,0,0,0,0,0,26,12,0
61563,1,1,1990,0,33,0,26,0,20,9,10,0,27
61564,1,1,1990,23,23,23,23,23,23,23,23,23,23
61565,0,1,1990,24,24,24,24,24,24,24,24,24,24
61565,1,1,1990,0,20,0,18,30,0,0,0,38,0
61566,1,1,1990,8,18,28,28,15,17,19,14,12,17
61566,2,1,1990,0,0,0,0,0,0,0,0,17,0
61567,1,1,1990,0,0,0,0,0,0,0,0,0,0
61567,2,1,1990,0,0,0,0,0,0,0,0,5,0
61568,1,1,1990,0,0,0,0,0,0,0,0,0,0
61568,2,1,1990,0,0,0,0,0,0,0,0,0,0
61568,3,1,1990,0,0,0,0,0,0,0,0,0,0
61568,4,1,1990,0,0,0,0,0,0,0,0,0,0
61569,1,1,1990,0,0,0,0,0,0,0,0,0,0
61570,1,1,1990,24,24,24,24,24,24,24,24,24,24
61570,2,1,1990,0,0,0,0,0,0,0,0,0,0
61571,1,1,1990,0,0,0,0,0,0,0,0,0,0
61571,2,1,1990,0,0,0,0,0,0,0,0,0,13
61571,3,1,1990,0,0,0,0,0,0,0,0,0,0
61572,1,1,1990,0,0,0,0,0,0,0,0,0,0
61572,2,1,1990,0,0,0,0,0,0,0,0,0,0
61573,1,1,1990,0,0,0,0,0,0,0,0,0,0
61573,2,1,1990,0,0,0,0,0,0,0,0,0,0
61574,1,1,1990,0,0,0,0,0,0,0,0,0,0
61574,2,1,1990,0,0,0,0,0,0,0,0,0,0
61575,1,1,1990,0,0,0,0,0,0,0,0,0,0
61575,2,1,1990,0,0,0,0,0,0,0,0,0,0
61575,3,1,1990,0,0,0,0,0,0,0,0,0,0
61575,4,1,1990,0,0,0,0,0,12,0,0,0,0
61575,5,1,1990,0,0,0,0,0,0,0,0,0,0
61575,6,1,1990,0,0,0,0,0,0,0,0,6,0
61576,1,1,1990,0,0,0,0,0,0,0,0,0,0
61576,2,1,1990,0,0,0,0,0,0,0,0,0,0
61577,1,1,1990,0,0,0,0,0,0,0,0,0,0
61577,2,1,1990,0,0,0,0,0,0,0,0,0,0
61577,3,1,1990,0,0,0,0,0,0,0,0,0,0
61578,1,1,1990,0,0,0,0,0,0,0,0,0,0
61579,1,1,1990,0,0,0,0,0,14,0,0,24,15
61580,1,1,1990,8,8,8,8,8,8,8,8,8,8
61580,2,1,1990,0,0,0,0,0,0,0,0,0,0
61581,0,1,1990,7,7,7,7,7,7,7,7,7,7
61581,1,1,1990,0,0,0,0,0,0,0,0,0,0
61582,1,1,1990,0,0,0,0,0,0,0,0,0,0
61583,1,1,1990,0,0,0,0,0,0,0,0,0,0
61583,2,1,1990,0,0,0,0,0,0,0,0,0,0
61584,1,1,1990,0,0,0,0,0,0,0,0,0,0
61585,1,1,1990,0,0,0,0,0,0,0,0,0,0
61586,1,1,1990,6,6,6,6,6,6,6,6,6,6
61586,2,1,1990,0,0,0,0,0,0,0,0,0,0
61587,1,1,1990,0,0,20,0,0,0,0,0,0,0
61587,2,1,1990,0,0,0,0,0,0,0,0,0,0
61588,1,1,1990,0,0,0,0,0,0,0,0,0,0
61589,1,1,1990,16,16,16,16,16,16,16,16,16,16
61590,1,1,1990,19,19,19,19,19,19,19,19,19,19
61590,2,1,1990,3,3,3,3,3,3,3,3,3,3
61590,3,1,1990,0,0,0,0,0,0,0,0,0,0
61591,1,1,1990,22,22,22,22,22,22,22,22,22,22
61592,0,1,1990,0,0,0,0,0,0,0,0,0,0
61592,1,1,1990,14,14,14,14,14,14,14,14,14,14
61593,1,1,1990,8,8,8,8,8,8,8,8,8,8
61593,2,1,1990,0,0,0,0,0,0,0,0,0,0
61594,0,1,1990,0,0,0,0,0,0,0,0,0,0
61594,1,1,1990,23,23,23,23,23,23,23,23,23,23
61595,1,1,1990,9,9,9,9,9,9,9,9,9,9
61596,1,1,1990,8,8,8,8,8,8,8,8,8,8
61596,2,1,1990,0,9,0,0,0,0,0,0,0,0
61597,1,1,1990,14,14,14,14,14,14,14,14,14,14
61597,2,1,1990,0,0,0,0,0,0,0,0,0,0
61598,1,1,1990,36,36,36,36,36,36,36,36,36,36
61599,0,1,1990,0,0,0,0,0,0,0,0,0,0
61599,1,1,1990,7,0,0,12,0,16,10,12,13,21
61600,1,1,1990,0,0,21,13,15,0,7,0,7,0
61600,2,1,1990,22,22,22,22,22,22,22,22,22,22
61601,1,1,1990,0,0,0,0,0,0,0,0,0,0
61601,2,1,1990,0,0,0,0,0,0,0,0,0,0
61602,1,1,1990,19,34,0,0,22,17,7,14,7,17
61602,2,1,1990,0,38,13,13,13,13,14,0,24,6
61602,3,1,1990,0,0,0,12,0,0,4,0,8,0
61603,1,1,1990,5,5,5,5,5,5,5,5,5,5
61604,1,1,1990,0,9,0,0,0,24,0,0,0,0
61604,2,1,1990,0,0,0,0,0,0,0,0,0,0
61605,1,1,1990,16,16,16,16,16,16,16,16,16,16
61606,1,1,1990,16,16,16,16,16,16,16,16,16,16
61606,2,1,1990,30,30,30,30,30,30,30,30,30,30
61607,1,1,1990,13,13,13,13,13,13,13,13,13,13
61608,1,1,1990,16,16,16,16,16,16,16,16,16,16
61608,2,1,1990,0,0,0,0,0,0,0,0,0,10
61609,0,1,1990,27,27,27,27,27,27,27,27,27,27
61609,1,1,1990,0,0,0,0,0,0,0,0,0,0
61610,1,1,1990,0,0,0,0,0,0,0,0,0,0
61611,1,1,1990,0,0,0,0,0,0,0,0,0,0
61611,2,1,1990,0,0,0,0,0,0,0,0,19,0
61612,1,1,1990,7,7,7,7,7,7,7,7,7,7
61613,1,1,1990,22,22,22,22,22,22,22,22,22,22
61614,0,1,1990,10,10,10,10,10,10,10,10,10,10
61614,1,1,1990,0,0,0,0,0,0,0,0,0,0
61615,1,1,1990,36,36,36,36,36,36,36,36,36,36
61616,0,1,1990,24,24,24,24,24,24,24,24,24,24
61616,1,1,1990,10,0,0,0,0,0,0,0,0,0
61617,1,1,1990,18,18,18,18,18,18,18,18,18,18
61618,0,1,1990,0,0,0,0,0,0,0,0,0,0
61618,1,1,1990,0,0,0,0,0,0,0,0,0,0
61619,0,1,1990,18,18,18,18,18,18,18,18,18,18
61619,1,1,1990,0,0,0,0,6,0,0,0,0,12
61620,0,1,1990,22,22,22,22,22,22,22,22,22,22
61620,1,1,1990,16,0,0,0,0,0,0,0,0,0
61621,1,1,1990,20,20,20,20,20,20,20,20,20,20
61622,1,1,1990,19,19,19,19,19,19,19,19,19,19
61622,2,1,1990,14,9,0,0,2,17,0,0,14,18
61623,0,1,1990,0,0,0,0,0,0,0,0,0,0
61623,1,1,1990,0,4,0,0,0,0,0,4,0,0
61624,0,1,1990,0,0,0,0,0,0,0,0,0,0
61624,1,1,1990,0,0,0,0,0,10,0,0,0,0
61625,0,1,1990,0,0,0,0,0,0,0,0,0,0
61625,1,1,1990,0,0,0,0,0,0,0,0,0,0
61626,1,1,1990,9,6,3,8,13,6,2,12,12,18
61627,1,1,1990,0,0,0,0,0,0,0,0,0,0
61628,1,1,1990,25,25,25,25,25,25,25,25,25,25
61629,1,1,1990,0,0,15,0,0,0,0,0,0,0
61629,2,1,1990,0,0,0,0,0,0,0,0,0,0
61630,1,1,1990,21,6,7,15,15,19,25,13,18,20
61631,0,1,1990,0,0,0,0,0,0,0,0,0,0
61631,0,2,1990,28,39,36,20,30,18,39,46,0,25
61631,1,1,1990,0,0,0,0,0,0,0,0,0,0
61632,1,1,1990,0,0,0,0,0,0,0,0,0,0
61632,2,1,1990,11,0,0,0,0,0,0,17,0,0
61632,3,1,1990,0,0,0,0,0,0,0,0,6,0
61632,4,1,1990,0,0,0,0,0,0,0,0,0,0
61633,1,1,1990,0,0,0,0,0,0,0,0,0,0
61633,2,1,1990,0,0,0,0,0,0,0,0,0,0
61633,3,1,1990,0,0,0,0,0,0,0,0,0,0
61633,4,1,1990,0,0,0,0,0,0,0,0,0,0
61633,5,1,1990,0,0,0,0,0,0,0,0,0,0
61634,0,1,1990,0,0,0,0,0,0,0,0,0,0
61634,1,1,1990,0,0,5,0,0,0,0,0,0,0
61635,1,1,1990,0,0,0,0,0,0,0,0,0,0
61636,1,1,1990,0,0,0,0,0,0,0,0,0,0
61637,1,3,1990,0,0,12,13,0,0,0,13,0,5
61638,1,1,1990,0,0,0,0,0,0,0,0,0,0
61638,2,1,1990,0,0,0,0,0,0,0,0,0,0
61639,1,1,1990,4,4,4,4,4,4,4,4,4,4
61640,1,1,1990,0,0,0,0,0,0,0,0,0,0
61640,2,1,1990,0,0,0,0,0,0,0,0,0,0
61641,1,1,1990,0,0,0,0,0,0,0,0,0,0
61641,2,1,1990,0,0,0,0,0,0,0,0,0,0
61642,0,1,1990,0,0,0,0,0,0,0,0,0,0
61642,1,1,1990,5,5,5,5,5,5,5,5,5,5
61643,1,1,1990,0,22,0,0,0,0,0,0,0,9
61644,1,1,1990,11,11,11,11,11,11,11,11,11,11
61645,1,1,1990,0,0,0,0,0,0,0,0,0,0
61645,2,1,1990,12,12,12,12,12,12,12,12,12,12
61646,1,1,1990,24,24,24,24,24,24,24,24,24,24
61647,0,1,1990,21,21,21,21,21,21,21,21,21,21
61647,1,1,1990,0,0,0,0,17,0,0,9,8,0
61648,1,1,1990,0,0,0,0,0,0,0,0,0,0
61648,2,1,1990,0,0,0,0,0,0,0,0,0,0
61648,3,1,1990,0,0,0,0,0,0,0,0,0,0
61648,4,1,1990,0,0,0,0,0,0,0,0,0,0
61648,5,1,1990,0,0,0,0,0,0,0,0,0,0
61649,0,1,1990,0,0,0,0,0,0,0,0,0,0
61649,1,1,1990,0,0,0,0,0,16,0,0,0,0
61650,0,1,1990,0,0,0,0,0,0,0,0,0,0
61650,1,1,1990,0,0,0,0,0,0,0,0,0,0
61651,1,1,1990,0,0,0,0,0,0,0,0,0,8
61651,2,1,1990,0,0,0,0,0,0,0,0,0,0
61651,3,1,1990,0,0,0,0,0,0,0,0,0,0
61651,4,1,1990,12,0,0,0,15,0,0,0,0,0
61651,5,1,1990,0,0,0,0,0,0,0,0,0,0
61652,1,1,1990,0,0,0,0,0,0,0,0,0,0
61652,2,1,1990,0,0,0,0,0,0,0,0,0,0
61653,1,1,1990,16,16,16,16,16,16,16,16,16,16
61653,3,1,1990,0,0,11,0,0,0,4,17,0,0
61653,4,1,1990,0,0,0,0,0,0,0,0,0,0
61654,1,1,1990,16,16,16,16,16,16,16,16,16,16
61655,1,1,1990,11,11,11,11,11,11,11,11,11,11
61655,2,1,1990,0,0,0,0,0,0,0,0,0,0
61656,0,1,1990,10,10,10,10,10,10,10,10,10,10
61656,1,1,1990,13,13,13,13,13,13,13,13,13,13
61657,1,1,1990,16,16,16,16,16,16,16,16,16,16
61658,1,1,1990,21,21,21,21,21,21,21,21,21,21
61658,2,1,1990,0,0,0,0,0,0,0,0,0,0
61659,1,1,1990,0,0,0,0,0,0,0,0,0,0
61659,2,1,1990,0,0,22,19,0,0,0,0,0,23
61660,1,1,1990,30,30,30,30,30,30,30,30,30,30
61661,1,1,1990,15,15,15,15,15,15,15,15,15,15
61661,2,1,1990,0,0,0,0,0,0,0,0,0,0
61662,1,1,1990,0,0,0,0,0,0,0,0,0,0
61662,2,1,1990,0,0,0,0,0,0,0,0,0,0
61663,1,1,1990,0,0,0,0,0,0,0,0,0,0
61664,1,1,1990,0,0,0,0,0,0,0,0,0,0
61664,2,1,1990,0,0,0,0,0,0,0,0,0,0
61665,1,1,1990,0,0,0,0,0,0,0,0,0,0
61665,2,1,1990,0,0,0,0,0,0,0,0,0,0
61666,1,1,1990,0,0,0,0,0,0,0,0,0,0
61666,2,1,1990,0,0,0,0,0,0,0,0,0,0
61667,1,1,1990,16,16,16,16,16,16,16,16,16,16
61668,1,1,1990,0,0,0,0,0,0,0,0,0,0
61669,1,1,1990,9,9,9,9,9,9,9,9,9,9
61669,2,1,1990,0,0,0,0,0,0,0,0,0,0
61670,0,1,1990,5,5,5,5,5,5,5,5,5,5
61670,1,1,1990,0,0,0,0,0,0,0,24,0,0
61671,1,1,1990,0,0,0,0,0,0,0,0,0,0
61671,2,1,1990,0,0,0,0,0,0,0,0,0,0
61672,1,1,1990,0,0,0,0,0,0,0,0,0,0
61673,1,1,1990,0,0,0,0,0,0,0,0,0,0
61674,1,1,1990,0,0,23,0,0,0,0,15,0,0
61674,2,1,1990,0,0,0,0,0,7,0,0,0,0
61674,3,1,1990,0,0,0,0,0,0,0,0,0,0
61675,1,1,1990,0,0,0,0,0,0,0,0,0,0
61675,2,1,1990,0,0,0,0,0,0,0,0,0,0
61676,1,1,1990,0,0,0,0,0,0,0,0,0,0
61677,1,1,1990,18,30,5,4,9,27,22,30,19,29
61677,2,1,1990,14,0,0,0,0,3,0,0,21,0
61677,3,1,1990,18,0,16,0,0,0,0,0,17,0
61677,4,1,1990,0,0,0,0,12,0,18,0,0,16
61678,1,1,1990,0,14,0,0,31,22,0,0,0,0
61679,0,1,1990,0,0,0,0,0,0,0,0,0,0
61679,1,1,1990,0,0,0,0,0,0,0,0,0,0
61680,0,1,1990,0,0,0,0,0,0,0,0,0,0
61680,1,1,1990,0,0,0,0,0,0,0,0,0,0
61681,1,1,1990,0,0,0,0,0,0,0,0,0,0
61681,2,1,1990,0,0,0,0,0,0,0,0,0,0
61682,1,1,1990,0,0,0,0,0,0,0,0,0,0
61682,2,1,1990,0,0,0,0,0,0,0,0,0,0
61683,1,1,1990,13,13,13,13,13,13,13,13,13,13
61683,2,1,1990,0,0,0,0,0,0,0,0,9,0
61684,1,1,1990,7,7,7,7,7,7,7,7,7,7
61685,1,1,1990,0,8,0,0,0,0,0,0,0,0
61686,0,1,1990,0,0,0,0,0,0,0,0,0,0
61686,1,1,1990,12,12,12,12,12,12,12,12,12,12
61687,1,1,1990,0,0,0,0,0,0,0,0,0,0
61687,2,1,1990,0,0,0,0,0,0,0,0,0,0
61688,1,1,1990,0,0,0,0,0,0,0,0,0,0
61689,0,1,1990,0,0,0,0,0,0,0,0,0,0
61689,1,1,1990,0,0,0,0,0,0,0,0,0,0
61690,1,1,1990,4,4,4,4,4,4,4,4,4,4
61691,0,1,1990,0,0,0,0,0,0,0,0,0,0
61691,1,1,1990,0,0,0,0,0,0,0,0,0,0
61692,1,1,1990,0,0,0,0,0,0,0,0,0,0
61692,2,1,1990,0,0,0,0,0,0,0,0,0,0
61693,0,1,1990,0,0,0,0,0,0,0,0,0,0
61693,1,1,1990,0,0,0,0,0,0,0,0,0,0
61694,1,1,1990,18,18,18,18,18,18,18,18,18,18
61694,2,1,1990,0,0,0,0,0,0,0,0,0,6
61695,1,1,1990,0,0,0,0,0,0,0,0,0,0
61696,1,1,1990,0,12,7,0,0,0,0,0,0,0
61696,2,1,1990,0,0,0,0,0,0,0,0,0,0
61696,3,1,1990,0,0,0,0,0,4,17,0,0,0
61696,4,1,1990,13,0,0,0,0,0,0,0,0,0
61697,1,1,1990,0,0,0,0,0,0,0,0,0,0
61697,2,1,1990,0,0,0,0,0,0,0,0,0,0
61697,3,1,1990,0,0,0,0,0,0,0,0,0,0
61697,4,1,1990,0,0,0,0,0,0,0,0,0,0
61697,5,1,1990,0,0,0,0,0,0,0,0,0,0
61698,1,1,1990,0,0,0,0,0,0,0,0,0,0
61699,1,1,1990,21,21,21,21,21,21,21,21,21,21
61700,1,1,1990,23,23,23,23,23,23,23,23,23,23
61700,2,1,1990,0,0,0,0,0,0,0,0,0,0
61701,0,1,1990,0,0,0,0,0,0,0,0,0,0
61701,1,1,1990,13,0,0,0,0,0,0,12,15,0
61702,1,1,1990,18,18,18,18,18,18,18,18,18,18
61703,1,1,1990,0,0,0,0,0,0,0,0,0,0
61704,1,1,1990,0,0,0,0,0,3,0,0,21,0
61704,2,1,1990,0,0,0,0,0,0,0,0,0,0
61705,1,1,1990,0,0,0,0,0,17,0,36,0,0
61706,1,1,1990,0,0,0,0,0,0,0,0,0,0
61707,1,1,1990,20,20,20,20,20,20,20,20,20,20
61708,0,1,1990,14,0,0,15,18,13,26,12,9,12
61708,1,1,1990,0,0,0,0,0,12,0,0,0,22
61709,1,1,1990,15,15,15,15,15,15,15,15,15,15
61710,1,1,1990,17,0,0,0,20,0,16,23,0,22
61711,1,1,1990,0,3,0,0,0,0,0,0,19,0
61712,0,1,1990,0,0,0,0,0,0,0,0,0,0
61712,1,1,1990,0,0,0,25,16,0,0,0,0,0
61713,1,1,1990,12,12,12,12,12,12,12,12,12,12
61714,1,1,1990,0,0,0,0,0,0,0,0,0,0
61715,1,1,1990,15,15,15,15,15,15,15,15,15,15
61716,0,1,1990,0,0,0,0,0,0,0,0,0,0
61716,1,1,1990,19,0,13,0,14,0,0,0,0,0
61717,1,1,1990,0,0,0,0,0,12,0,0,0,0
61718,1,1,1990,0,0,0,0,0,0,0,0,0,0
61718,2,1,1990,0,0,0,0,0,0,0,0,0,0
61718,3,1,1990,0,0,0,0,0,0,0,0,0,0
61719,1,1,1990,0,0,0,0,0,0,0,0,0,28
61719,2,1,1990,0,0,0,0,0,0,0,0,0,11
61720,1,1,1990,0,0,0,0,0,0,0,0,0,0
61720,2,1,1990,0,0,0,0,0,0,0,0,0,0
61721,1,1,1990,21,21,21,21,21,21,21,21,21,21
61722,1,1,1990,0,0,9,0,0,0,0,0,0,0
61723,1,1,1990,0,0,0,0,0,0,0,0,0,0
61724,0,1,1990,0,0,0,0,0,0,0,0,0,0
61724,1,1,1990,0,0,0,0,0,0,0,0,0,0
61725,1,1,1990,0,0,0,0,0,0,0,0,0,0
61725,2,1,1990,0,0,0,0,0,0,0,0,0,0
61726,1,1,1990,12,12,12,12,12,12,12,12,12,12
61726,2,1,1990,0,0,0,0,0,0,0,0,0,0
61727,0,1,1990,0,0,0,0,0,0,0,0,0,0
61727,1,1,1990,0,0,0,0,6,0,0,0,0,21
61728,1,1,1990,0,0,0,0,0,0,0,0,0,0
61728,2,1,1990,0,1,0,0,0,0,0,0,0,0
61729,1,1,1990,0,0,0,0,0,0,0,0,0,0
61730,1,1,1990,0,0,0,0,25,0,0,0,0,0
61731,1,1,1990,8,8,8,8,8,8,8,8,8,8
61732,0,1,1990,14,14,14,14,14,14,14,14,14,14
61732,1,1,1990,0,0,0,0,0,0,0,0,0,0
61733,1,1,1990,0,0,0,0,0,0,0,0,0,8
61733,2,1,1990,0,9,21,21,22,18,18,14,0,16
61735,1,1,1990,0,0,0,0,0,0,0,0,0,0
61736,1,1,1990,0,0,0,0,0,0,0,0,0,0
61736,2,1,1990,0,0,0,0,0,0,0,0,0,0
61737,1,1,1990,0,0,0,12,0,4,0,0,0,0
61738,0,1,1990,8,8,8,8,8,8,8,8,8,8
61738,1,1,1990,0,0,0,0,9,0,8,0,0,23
61739,1,1,1990,21,21,21,21,21,21,21,21,21,21
61740,0,1,1990,0,0,0,0,0,0,0,0,0,0
61740,1,1,1990,0,0,0,0,0,0,0,0,6,0
61741,1,1,1990,0,0,0,0,0,0,0,0,0,0
61742,1,1,1990,0,0,0,0,0,0,0,0,0,0
61742,2,1,1990,0,0,0,0,0,0,0,0,0,0
61743,1,1,1990,18,18,18,18,18,18,18,18,18,18
61744,1,1,1990,31,31,31,31,31,31,31,31,31,31
61745,1,1,1990,6,6,6,6,6,6,6,6,6,6
61746,1,1,1990,20,20,20,20,20,20,20,20,20,20
61747,1,1,1990,8,8,8,8,8,8,8,8,8,8
61748,0,1,1990,28,28,28,28,28,28,28,28,28,28
61748,1,1,1990,0,0,0,2,0,0,0,0,0,0
61749,1,1,1990,0,0,0,0,0,0,0,0,0,0
61749,2,1,1990,0,0,0,14,0,0,0,0,0,0
61750,1,1,1990,9,9,9,9,9,9,9,9,9,9
61750,2,1,1990,0,0,0,0,0,0,0,0,0,0
61751,1,1,1990,14,14,14,14,14,14,14,14,14,14
61751,2,1,1990,0,0,0,0,0,0,0,0,0,0
61752,0,1,1990,41,41,41,41,41,41,41,41,41,41
61752,1,1,1990,0,0,0,0,0,0,0,0,0,0
61753,1,1,1990,12,12,12,12,12,12,12,12,12,12
61754,1,1,1990,0,0,0,0,0,0,0,0,0,0
61755,1,1,1990,0,0,0,0,0,0,0,0,0,0
61756,1,1,1990,0,0,0,0,0,0,0,0,0,0
61756,2,1,1990,0,0,0,0,0,0,0,13,0,13
61757,1,1,1990,0,0,0,0,0,0,0,0,0,0
61757,2,1,1990,0,0,0,0,0,0,0,0,0,0
61758,1,1,1990,0,0,0,0,0,0,0,0,0,0
61758,2,1,1990,0,0,0,18,0,0,0,0,0,0
61759,1,1,1990,0,0,0,0,0,0,0,0,0,0
61760,1,1,1990,0,0,0,0,0,0,0,0,0,0
61761,1,1,1990,24,24,24,24,24,24,24,24,24,24
61762,1,1,1990,8,8,8,8,8,8,8,8,8,8
61762,2,1,1990,0,0,0,0,0,0,0,0,10,0
61763,1,1,1990,20,20,20,20,20,20,20,20,20,20
61764,1,1,1990,6,6,6,6,6,6,6,6,6,6
61764,2,1,1990,0,0,0,0,0,0,0,0,0,0
61765,1,1,1990,22,22,22,22,22,22,22,22,22,22
61765,2,1,1990,0,0,0,0,0,0,2,0,0,0
61766,1,1,1990,14,14,14,14,14,14,14,14,14,14
61767,1,1,1990,6,6,6,6,6,6,6,6,6,6
61767,2,1,1990,0,0,0,0,0,0,0,0,0,0
61768,1,1,1990,25,25,25,25,25,25,25,25,25,25
61768,2,1,1990,0,0,0,0,0,0,0,0,0,0
61769,1,1,1990,26,26,26,26,26,26,26,26,26,26
61769,2,1,1990,0,0,0,0,0,0,0,0,0,0
61770,1,1,1990,1,1,1,1,1,1,1,1,1,1
61770,2,1,1990,0,0,0,0,0,0,0,0,0,0
61771,0,1,1990,0,0,0,0,0,0,0,0,0,0
61771,1,1,1990,0,0,0,0,0,0,0,0,0,0
61772,1,1,1990,0,0,0,0,0,0,0,0,0,0
61773,1,1,1990,0,0,0,0,0,0,0,0,0,0
61773,2,1,1990,29,29,29,29,29,29,29,29,29,29
61774,1,1,1990,0,0,0,0,0,0,0,0,0,0
61774,2,1,1990,0,0,0,0,0,0,0,0,0,0
61775,0,1,1990,0,0,0,0,0,0,0,0,0,0
61775,1,1,1990,19,19,19,19,19,19,19,19,19,19
61776,1,1,1990,8,8,8,8,8,8,8,8,8,8
61777,1,1,1990,12,12,12,12,12,12,12,12,12,12
61778,0,1,1990,0,0,0,0,0,0,0,0,0,0
61778,1,1,1990,0,0,0,0,0,0,0,0,0,0
61779,1,1,1990,0,0,0,0,0,0,0,0,0,0
61779,2,1,1990,0,0,0,0,0,0,0,0,0,0
61780,1,1,1990,0,0,0,0,0,0,0,0,0,0
61781,1,1,1990,14,14,14,14,14,14,14,14,14,14
61781,2,1,1990,0,0,0,0,0,0,0,0,0,0
61782,1,1,1990,14,14,14,14,14,14,14,14,14,14
61782,2,1,1990,0,0,14,0,0,0,0,0,0,0
61783,1,1,1990,22,22,22,22,22,22,22,22,22,22
61784,1,1,1990,8,8,8,8,8,8,8,8,8,8
61784,2,1,1990,0,0,0,0,0,13,0,0,0,0
61785,1,1,1990,7,7,7,7,7,7,7,7,7,7
61785,2,1,1990,2,2,2,2,2,2,2,2,2,2
61786,1,1,1990,0,0,0,0,0,0,0,0,0,0
61786,2,1,1990,0,0,0,0,0,0,0,0,0,0
61787,1,1,1990,0,0,0,0,0,0,0,0,0,0
61787,2,1,1990,0,0,0,0,18,0,0,0,0,0
61787,3,1,1990,0,0,0,0,0,0,0,0,0,0
61787,4,1,1990,0,0,0,0,0,0,0,0,0,0
61787,5,1,1990,0,0,0,0,0,0,0,0,0,0
61787,6,1,1990,0,0,0,0,0,0,0,0,0,0
61787,7,1,1990,0,0,0,0,0,5,0,0,0,0
61787,8,1,1990,0,0,0,0,0,0,0,0,0,0
61788,1,1,1990,24,24,24,24,24,24,24,24,24,24
61788,2,1,1990,0,0,0,0,0,0,0,0,0,9
61789,1,1,1990,18,18,18,18,18,18,18,18,18,18
61790,0,1,1990,0,0,0,0,0,0,0,0,0,0
61790,1,1,1990,0,0,0,0,0,0,0,0,0,0
61791,1,1,1990,0,0,0,0,0,0,0,0,0,0
61792,0,1,1990,0,0,0,0,0,0,0,0,0,0
61792,1,1,1990,0,0,0,12,0,0,0,14,0,0
61792,2,1,1990,7,0,0,0,0,0,8,0,0,10
61793,1,1,1990,32,32,32,32,32,32,32,32,32,32
61794,1,1,1990,11,11,11,11,11,11,11,11,11,11
61795,1,1,1990,17,17,17,17,17,17,17,17,17,17
61795,2,1,1990,0,0,0,0,0,0,0,0,0,0
61795,3,1,1990,0,6,17,8,0,24,16,17,0,20
61796,1,1,1990,18,18,18,18,18,18,18,18,18,18
61797,1,1,1990,0,0,0,0,0,0,0,0,0,0
61797,2,1,1990,0,0,0,0,0,0,0,0,0,0
61798,1,1,1990,0,0,0,0,0,0,0,0,0,0
61798,2,1,1990,0,0,0,0,0,0,0,0,0,0
61799,1,1,1990,0,0,0,0,0,0,0,0,0,0
61799,2,1,1990,0,0,0,0,0,0,0,0,0,0
61800,1,1,1990,0,15,5,25,0,16,17,9,6,14
61801,0,1,1990,0,0,0,0,0,0,0,0,0,0
61801,1,1,1990,0,0,0,0,0,0,0,0,0,0
61802,1,1,1990,0,0,0,0,0,0,0,0,0,0
61802,2,1,1990,0,0,0,0,0,0,0,0,0,0
61803,1,1,1990,29,16,20,22,0,17,10,13,18,12
61804,1,1,1990,21,21,21,21,21,21,21,21,21,21
61805,1,1,1990,5,5,5,5,5,5,5,5,5,5
61806,1,1,1990,0,0,0,0,0,0,0,0,0,0
61806,2,1,1990,0,8,16,0,13,0,0,16,0,17
61807,1,1,1990,15,15,15,15,15,15,15,15,15,15
61808,1,1,1990,7,9,0,0,0,0,0,8,0,0
61808,2,1,1990,0,0,0,0,0,8,0,0,0,0
61809,1,1,1990,21,21,21,21,21,21,21,21,21,21
61810,1,1,1990,22,22,22,22,22,22,22,22,22,22
61811,1,1,1990,4,4,4,4,4,4,4,4,4,4
61812,1,1,1990,11,11,11,11,11,11,11,11,11,11
61813,1,1,1990,0,0,0,0,0,0,0,18,0,0
61813,2,1,1990,0,0,0,0,0,0,0,0,0,0
61814,1,1,1990,5,5,5,5,5,5,5,5,5,5