ST_CASE,VEH_NO,PER_NO,YEAR,P1,P2,P3,P4,P5,P6,P7,P8,P9,P10
61815,1,1,1990,3,3,3,3,3,3,3,3,3,3
61815,2,1,1990,0,0,0,0,0,0,0,0,0,0
61816,1,1,1990,7,14,23,28,18,45,21,28,14,7
61817,1,1,1990,0,0,0,0,0,0,0,0,0,0
61818,1,1,1990,22,22,22,22,22,22,22,22,22,22
61819,1,1,1990,17,0,12,11,10,10,0,11,0,5
61820,1,1,1990,0,0,0,0,0,0,0,0,0,0
61820,2,1,1990,0,0,0,0,0,0,0,0,0,0
61821,1,1,1990,0,0,0,0,0,0,0,0,0,0
61822,1,1,1990,2,2,2,2,2,2,2,2,2,2
61823,1,1,1990,0,0,9,0,0,0,0,21,0,0
61823,2,1,1990,0,0,0,22,0,0,0,0,0,0
61824,1,1,1990,12,12,12,12,12,12,12,12,12,12
61825,1,1,1990,0,0,0,0,0,0,0,0,0,0
61826,1,1,1990,0,0,0,0,0,0,0,0,0,0
61827,1,1,1990,16,16,16,16,16,16,16,16,16,16
61828,0,1,1990,0,0,0,0,0,0,0,0,0,0
61828,1,1,1990,23,23,23,23,23,23,23,23,23,23
61829,1,1,1990,12,12,12,12,12,12,12,12,12,12
61830,1,1,1990,0,0,0,0,0,0,0,0,0,0
61830,2,1,1990,0,0,0,0,0,0,0,0,0,0
61831,1,1,1990,0,0,0,0,0,0,0,0,0,0
61831,2,1,1990,0,0,0,0,0,0,0,0,0,0
61832,1,1,1990,10,10,10,10,10,10,10,10,10,10
61832,2,1,1990,0,0,0,0,5,0,0,0,0,0
61833,1,1,1990,0,0,0,0,0,0,0,0,0,0
61833,2,1,1990,0,0,0,0,0,0,0,0,0,0
61834,0,1,1990,0,0,0,0,0,0,0,0,0,0
61834,1,1,1990,0,0,0,0,16,0,0,0,0,0
61835,1,1,1990,19,19,19,19,19,19,19,19,19,19
61836,1,1,1990,0,14,0,0,0,12,24,21,0,28
61836,2,1,1990,0,0,0,0,0,0,0,0,0,0
61837,0,1,1990,33,33,33,33,33,33,33,33,33,33
61837,1,1,1990,0,0,0,0,0,0,0,0,0,0
61838,1,1,1990,19,19,19,19,19,19,19,19,19,19
61839,1,1,1990,17,17,17,17,17,17,17,17,17,17
61839,2,1,1990,0,0,0,0,0,0,0,0,0,0
61840,0,1,1990,0,0,0,0,0,0,0,0,0,0
61840,1,1,1990,17,17,17,17,17,17,17,17,17,17
61841,1,1,1990,0,0,0,0,0,0,0,0,0,0
61841,2,1,1990,0,0,0,0,0,0,0,0,0,0
61842,1,1,1990,24,24,24,24,24,24,24,24,24,24
61843,1,1,1990,0,0,0,0,0,0,0,0,0,0
61843,2,1,1990,10,16,0,0,22,10,0,0,20,0
61844,1,1,1990,0,0,0,0,0,0,0,0,0,0
61844,2,1,1990,26,26,26,26,26,26,26,26,26,26
61845,1,1,1990,0,0,0,0,0,0,0,0,0,0
61846,1,1,1990,5,5,5,5,5,5,5,5,5,5
61847,1,1,1990,0,0,0,0,0,0,0,0,0,0
61847,2,1,1990,0,0,0,0,0,0,0,0,0,0
61847,3,1,1990,0,0,0,0,0,0,0,0,0,0
61848,1,1,1990,8,0,9,0,0,0,0,0,0,0
61848,2,1,1990,0,0,0,0,0,0,0,0,0,0
61848,3,1,1990,0,0,0,0,0,0,0,0,0,0
61849,1,1,1990,0,0,0,0,0,0,0,0,0,0
61850,1,1,1990,15,15,15,15,15,15,15,15,15,15
61851,1,1,1990,15,18,23,27,11,0,7,20,18,29
61852,0,1,1990,25,25,25,25,25,25,25,25,25,25
61852,1,1,1990,0,0,0,0,0,0,0,2,0,23
61853,1,1,1990,0,0,0,0,0,0,0,0,0,0
61853,2,1,1990,0,0,0,0,0,0,0,0,0,0
61854,1,1,1990,0,0,0,0,0,0,0,0,0,0
61855,0,1,1990,0,0,0,0,0,0,0,0,0,0
61855,1,1,1990,0,0,0,0,0,0,0,0,0,0
61855,2,1,1990,0,0,0,0,0,0,0,0,0,0
61855,3,1,1990,0,0,0,0,0,0,0,0,0,0
61856,1,1,1990,10,10,10,10,10,10,10,10,10,10
61857,1,1,1990,30,30,30,30,30,30,30,30,30,30
61858,0,1,1990,0,0,0,0,0,0,0,0,0,0
61858,0,2,1990,0,0,0,0,0,0,0,0,0,0
61858,1,1,1990,0,0,0,0,0,0,0,0,0,0
61859,1,1,1990,0,0,0,0,0,0,0,0,0,0
61860,1,1,1990,18,18,18,18,18,18,18,18,18,18
61861,1,1,1990,11,11,11,11,11,11,11,11,11,11
61862,1,1,1990,0,0,0,0,0,0,0,0,0,0
61862,2,1,1990,0,0,0,0,0,0,0,0,0,0
61863,0,1,1990,0,0,0,0,0,0,0,0,0,0
61863,2,1,1990,0,0,0,0,0,0,0,0,0,0
61864,1,1,1990,0,0,0,0,0,0,0,0,0,0
61864,2,1,1990,0,0,0,0,0,0,0,0,0,0
61865,1,1,1990,14,14,14,14,14,14,14,14,14,14
61865,2,1,1990,0,0,13,0,0,21,0,0,20,0
61866,0,1,1990,0,0,0,0,0,0,0,0,0,0
61866,1,1,1990,14,0,0,0,0,0,0,0,0,0
61867,1,1,1990,0,21,0,14,0,16,22,28,14,15
61868,0,1,1990,22,22,22,22,22,22,22,22,22,22
61868,1,1,1990,0,0,0,0,0,0,0,0,0,0
61869,0,1,1990,31,31,31,31,31,31,31,31,31,31
61869,1,1,1990,0,0,0,0,0,0,0,0,0,0
61870,1,1,1990,10,10,10,10,10,10,10,10,10,10
61870,2,1,1990,0,0,0,0,0,0,0,0,0,0
61871,1,1,1990,18,18,18,18,18,18,18,18,18,18
61871,2,1,1990,0,0,0,0,0,0,0,0,7,0
61872,1,1,1990,0,0,0,0,0,0,0,0,0,0
61872,2,1,1990,0,0,0,0,0,0,0,0,0,0
61873,1,1,1990,0,0,0,0,0,0,0,0,0,0
61874,1,1,1990,0,0,0,0,0,0,0,0,0,0
61874,2,1,1990,0,0,0,0,0,0,0,0,0,0
61875,1,1,1990,0,0,0,0,0,0,0,0,0,0
61875,2,1,1990,0,0,0,0,0,0,0,0,0,0
61876,0,1,1990,0,0,0,0,0,0,0,0,0,0
61876,1,1,1990,0,0,0,0,0,0,0,0,0,0
61877,1,1,1990,11,11,11,11,11,11,11,11,11,11
61877,2,1,1990,0,0,0,0,0,0,0,0,0,0
61878,1,1,1990,24,24,24,24,24,24,24,24,24,24
61879,1,1,1990,40,40,40,40,40,40,40,40,40,40
61880,1,1,1990,0,0,0,0,0,0,0,0,0,0
61880,2,1,1990,0,0,0,0,0,0,0,0,0,0
61880,3,1,1990,0,0,0,0,0,0,0,0,0,0
61881,1,1,1990,0,0,0,0,0,0,0,0,0,0
61882,1,1,1990,0,0,0,0,0,0,0,0,0,0
61883,1,1,1990,21,21,21,21,21,21,21,21,21,21
61884,1,1,1990,14,20,13,11,13,31,17,8,11,15
61885,1,1,1990,0,0,0,0,0,0,0,0,0,0
61885,2,1,1990,0,13,4,0,0,0,0,0,0,0
61886,1,1,1990,0,0,0,0,0,0,0,0,0,0
61887,0,1,1990,0,0,0,0,0,0,0,0,0,0
61887,1,1,1990,0,0,0,0,0,0,0,0,0,0
61888,1,1,1990,0,0,0,0,0,0,0,0,0,0
61888,2,1,1990,0,0,0,0,0,0,0,0,0,0
61889,0,1,1990,17,10,15,0,32,0,11,0,0,15
61889,0,2,1990,16,16,16,16,16,16,16,16,16,16
61889,1,1,1990,32,0,17,32,0,21,18,0,0,0
61890,1,1,1990,0,0,0,0,0,0,0,0,0,0
61891,1,1,1990,18,18,18,18,18,18,18,18,18,18
61892,0,1,1990,23,27,30,30,0,40,27,12,24,12
61892,1,1,1990,0,0,0,0,0,0,0,0,5,0
61893,1,1,1990,0,0,0,0,0,0,0,0,0,0
61893,2,1,1990,0,0,0,0,0,0,0,0,0,0
61894,1,1,1990,18,18,18,18,18,18,18,18,18,18
61895,1,1,1990,0,0,0,0,0,0,0,0,0,0
61896,1,1,1990,0,0,0,0,0,0,0,0,0,0
61897,1,1,1990,0,0,0,0,0,0,0,0,0,0
61897,2,1,1990,0,0,0,0,0,0,0,0,0,0
61897,3,1,1990,0,0,0,0,0,0,0,0,0,0
61898,1,1,1990,2,2,2,2,2,2,2,2,2,2
61898,2,1,1990,0,0,0,0,0,0,0,0,0,0
61898,3,1,1990,0,0,0,0,0,0,0,0,0,0
61899,1,1,1990,0,0,0,0,0,0,0,0,0,0
61899,2,1,1990,0,0,0,0,0,0,0,0,0,0
61900,1,1,1990,18,0,0,8,0,0,6,0,0,0
61901,1,1,1990,18,18,18,18,18,18,18,18,18,18
61901,2,1,1990,0,0,26,0,12,0,26,15,0,0
61901,3,1,1990,0,0,0,13,0,0,0,0,0,0
61901,4,1,1990,0,0,0,11,15,0,0,0,0,0
61901,5,1,1990,12,0,0,8,0,11,0,22,15,0
61902,1,1,1990,0,0,0,0,0,0,0,0,0,0
61902,2,1,1990,0,0,0,0,0,0,0,0,0,0
61903,1,1,1990,27,27,27,27,27,27,27,27,27,27
61904,1,1,1990,17,25,21,0,25,41,19,27,18,19
61905,0,1,1990,12,12,12,12,12,12,12,12,12,12
61905,1,1,1990,0,0,20,0,0,0,0,0,0,6
61905,2,1,1990,0,0,0,0,8,0,1,0,0,0
61906,0,1,1990,0,0,0,0,0,0,0,0,0,0
61906,1,1,1990,0,0,0,0,0,0,0,0,0,0
61907,0,1,1990,0,0,0,0,0,0,0,0,0,0
61907,1,1,1990,0,13,19,0,0,18,9,29,5,0
61908,0,1,1990,0,0,0,0,0,0,0,0,0,0
61908,1,1,1990,0,0,0,0,0,0,0,0,0,17
61909,0,1,1990,0,0,0,0,0,0,0,0,0,0
61909,1,1,1990,24,0,0,0,0,0,0,0,0,0
61910,1,1,1990,0,0,0,0,0,0,0,0,0,0
61910,2,1,1990,0,0,0,0,0,0,0,8,0,0
61911,1,1,1990,0,0,0,0,0,0,0,0,0,0
61912,1,1,1990,4,4,4,4,4,4,4,4,4,4
61913,1,1,1990,0,0,0,0,0,0,0,0,0,0
61913,2,1,1990,0,0,0,0,0,0,0,0,0,0
61914,0,1,1990,0,0,0,0,0,0,0,0,0,0
61914,1,1,1990,0,0,0,0,0,0,0,0,0,0
61915,1,1,1990,0,15,0,0,0,0,0,0,0,17
61916,1,1,1990,16,17,27,0,4,11,12,19,7,0
61916,2,1,1990,0,0,0,0,24,12,0,0,9,0
61917,0,1,1990,0,0,0,0,0,0,0,0,0,0
61917,1,1,1990,0,0,0,0,0,0,0,0,0,0
61918,1,1,1990,0,0,0,0,0,0,0,0,0,0
61919,1,1,1990,0,0,0,0,0,0,0,0,0,2
61920,1,1,1990,0,0,0,0,0,0,0,0,0,0
61920,2,1,1990,0,0,0,0,0,0,0,0,0,0
61921,1,1,1990,0,0,0,0,0,0,0,0,0,0
61921,2,1,1990,0,0,0,0,0,0,0,0,0,0
61922,0,1,1990,0,0,0,0,0,0,0,0,0,0
61922,1,1,1990,0,0,0,0,0,0,0,0,0,0
61924,1,1,1990,0,0,0,0,0,0,0,0,0,3
61924,2,1,1990,0,0,0,0,0,0,0,0,0,0
61925,1,1,1990,0,0,0,0,0,0,0,0,0,0
61925,2,1,1990,0,10,0,0,0,0,0,0,0,9
61926,1,1,1990,0,0,0,0,0,0,0,0,0,0
61926,2,1,1990,0,0,0,0,0,0,5,0,0,0
61927,1,1,1990,9,9,9,9,9,9,9,9,9,9
61927,2,1,1990,0,0,0,0,0,0,0,0,0,0
61928,1,1,1990,13,13,13,13,13,13,13,13,13,13
61928,2,1,1990,13,10,0,0,0,0,0,0,0,0
61929,1,1,1990,0,0,0,0,0,0,0,0,0,0
61929,2,1,1990,17,17,17,17,17,17,17,17,17,17
61930,1,1,1990,13,13,13,13,13,13,13,13,13,13
61931,1,1,1990,20,20,20,20,20,20,20,20,20,20
61932,1,1,1990,14,14,14,14,14,14,14,14,14,14
61933,1,1,1990,0,0,0,0,0,0,0,0,0,0
61934,0,1,1990,0,0,0,0,0,0,0,0,0,0
61934,1,1,1990,20,0,0,0,0,0,0,0,0,0
61935,1,1,1990,0,0,0,0,0,0,0,0,0,0
61935,2,1,1990,0,0,0,0,0,0,0,0,0,0
61936,1,1,1990,0,0,0,0,0,0,0,0,0,0
61936,2,1,1990,0,0,0,0,0,0,0,0,0,0
61937,1,1,1990,17,17,17,17,17,17,17,17,17,17
61937,2,1,1990,0,0,0,0,8,0,0,0,0,0
61938,1,1,1990,10,10,10,10,10,10,10,10,10,10
61938,2,1,1990,0,0,0,20,0,0,0,0,0,0
61938,3,1,1990,0,0,0,0,0,0,0,0,0,0
61939,1,1,1990,0,0,0,0,0,0,0,0,0,0
61940,1,1,1990,22,22,22,22,22,22,22,22,22,22
61940,2,1,1990,0,0,0,0,0,0,0,0,0,0
61941,0,1,1990,0,0,0,0,0,0,0,0,0,0
61941,1,1,1990,0,16,0,0,0,0,0,0,0,0
61942,1,1,1990,0,0,0,0,0,0,16,0,0,0
61943,1,1,1990,5,5,5,5,5,5,5,5,5,5
61943,2,1,1990,0,0,0,0,0,0,0,0,0,0
61944,1,1,1990,24,24,24,24,24,24,24,24,24,24
61945,1,1,1990,6,6,6,6,6,6,6,6,6,6
61945,2,1,1990,0,0,0,0,0,0,0,0,0,0
61946,1,1,1990,7,7,7,7,7,7,7,7,7,7
61947,1,1,1990,4,4,4,4,4,4,4,4,4,4
61948,0,1,1990,29,29,29,29,29,29,29,29,29,29
61948,1,1,1990,27,0,30,0,27,18,0,0,0,0
61949,1,1,1990,0,0,0,0,0,0,0,0,0,0
61950,1,1,1990,0,0,0,0,0,0,0,0,0,0
61950,2,1,1990,0,0,0,0,0,0,0,0,0,0
61951,1,1,1990,9,9,9,9,9,9,9,9,9,9
61952,1,1,1990,0,0,0,0,0,0,0,0,0,0
61953,1,1,1990,10,0,0,0,0,0,0,0,5,0
61954,1,1,1990,0,0,0,0,0,0,0,0,0,0
61955,1,1,1990,20,20,20,20,20,20,20,20,20,20
61956,1,1,1990,13,13,13,13,13,13,13,13,13,13
61956,2,1,1990,0,0,0,0,0,0,0,0,18,6
61957,1,1,1990,21,21,21,21,21,21,21,21,21,21
61958,1,1,1990,29,29,29,29,29,29,29,29,29,29
61959,1,1,1990,10,10,10,10,10,10,10,10,10,10
61960,1,1,1990,14,14,14,14,14,14,14,14,14,14
61960,2,1,1990,0,0,13,0,0,0,0,0,0,0
61961,1,1,1990,0,0,0,0,0,0,0,0,0,0
61961,2,1,1990,0,0,0,0,0,0,0,0,0,0
61962,1,1,1990,0,0,18,0,0,10,0,0,0,21
61963,0,1,1990,0,0,0,0,0,0,0,0,0,0
61963,1,1,1990,0,0,0,0,16,0,0,0,0,0
61964,1,1,1990,0,0,0,0,0,0,0,0,0,0
61965,1,1,1990,0,0,0,0,0,0,7,0,0,0
61966,1,1,1990,14,14,14,14,14,14,14,14,14,14
61967,1,1,1990,17,17,17,17,17,17,17,17,17,17
61968,0,1,1990,22,22,22,22,22,22,22,22,22,22
61968,1,1,1990,0,0,0,0,0,0,0,0,0,0
61969,1,1,1990,0,0,0,0,0,0,0,0,0,0
61970,1,1,1990,0,0,0,0,0,0,0,0,0,0
61970,2,1,1990,0,0,0,0,0,0,0,0,0,0
61971,1,1,1990,8,8,8,8,8,8,8,8,8,8
61972,0,1,1990,0,0,0,0,0,0,0,0,0,0
61972,1,1,1990,0,0,0,0,0,0,0,0,0,8
61973,0,1,1990,22,22,22,22,22,22,22,22,22,22
61973,1,1,1990,0,0,0,4,6,21,0,10,0,0
61974,1,1,1990,11,0,0,0,17,0,0,0,0,0
61975,1,1,1990,0,0,0,0,0,0,0,0,0,0
61976,0,1,1990,15,15,15,15,15,15,15,15,15,15
61976,1,1,1990,0,19,0,32,14,23,0,0,21,10
61977,1,1,1990,18,18,18,18,18,18,18,18,18,18
61977,2,1,1990,0,0,0,0,0,0,0,0,0,0
61978,1,1,1990,0,0,0,19,0,0,18,0,0,0
61979,1,1,1990,0,0,0,0,20,0,0,0,20,0
61980,0,1,1990,3,3,3,3,3,3,3,3,3,3
61980,1,1,1990,0,0,0,0,0,0,0,0,0,0
61981,0,1,1990,22,22,22,22,22,22,22,22,22,22
61981,1,1,1990,0,0,0,0,0,0,0,0,0,0
61982,0,1,1990,26,26,26,26,26,26,26,26,26,26
61982,1,1,1990,0,0,0,0,0,0,0,0,0,0
61983,1,1,1990,0,0,0,0,0,0,0,0,0,0
61984,1,1,1990,0,0,0,0,0,0,0,0,0,0
61985,1,1,1990,8,8,8,8,8,8,8,8,8,8
61986,1,1,1990,23,23,23,23,23,23,23,23,23,23
61987,1,1,1990,14,14,14,14,14,14,14,14,14,14
61988,1,1,1990,16,16,16,16,16,16,16,16,16,16
61989,1,1,1990,9,9,9,9,9,9,9,9,9,9
61990,1,1,1990,0,0,0,0,0,0,0,0,0,0
61991,1,1,1990,0,0,0,0,0,0,0,0,0,0
61992,1,1,1990,6,6,6,6,6,6,6,6,6,6
61992,2,1,1990,0,0,0,0,0,0,0,0,0,0
61993,1,1,1990,0,0,0,0,27,0,0,0,0,0
61993,2,1,1990,0,0,0,0,0,0,0,0,11,0
61994,1,1,1990,14,14,14,14,14,14,14,14,14,14
61994,2,1,1990,0,0,0,0,0,0,0,0,0,0
61994,3,1,1990,0,0,0,0,0,0,0,0,0,0
61994,4,1,1990,0,14,0,0,0,0,0,0,0,0
61995,1,1,1990,6,6,6,6,6,6,6,6,6,6
61995,2,1,1990,9,9,9,9,9,9,9,9,9,9
61995,3,1,1990,0,0,0,0,0,0,0,0,0,0
61996,1,1,1990,6,6,6,6,6,6,6,6,6,6
61996,2,1,1990,24,24,24,24,24,24,24,24,24,24
61997,0,1,1990,12,12,12,12,12,12,12,12,12,12
61997,1,1,1990,0,0,0,0,0,0,0,0,0,19
61998,1,1,1990,0,0,0,0,0,0,0,0,0,0
61999,0,1,1990,0,0,0,0,0,0,0,0,0,0
61999,1,1,1990,4,4,4,4,4,4,4,4,4,4
62000,1,1,1990,13,19,16,25,17,5,13,23,14,14
62001,1,1,1990,0,0,0,0,0,0,0,0,0,0
62001,2,1,1990,0,0,0,0,0,0,0,0,0,0
62002,0,1,1990,0,0,0,0,0,0,0,0,0,0
62002,1,1,1990,0,0,0,0,0,0,0,0,0,0
62003,1,1,1990,18,18,18,18,18,18,18,18,18,18
62004,1,1,1990,1,1,1,1,1,1,1,1,1,1
62005,1,1,1990,0,0,0,0,0,0,0,0,0,0
62005,2,1,1990,0,0,0,0,37,0,0,0,0,0
62006,1,1,1990,22,22,22,22,22,22,22,22,22,22
62007,1,1,1990,15,15,15,15,15,15,15,15,15,15
62007,2,1,1990,0,0,0,0,0,0,0,0,0,0
62008,1,1,1990,20,20,20,20,20,20,20,20,20,20
62009,1,1,1990,20,20,20,20,20,20,20,20,20,20
62009,2,1,1990,0,16,0,0,21,0,11,0,0,0
62010,1,1,1990,0,0,0,0,0,0,0,0,0,0
62010,2,1,1990,0,0,0,0,0,13,0,0,16,0
62011,1,1,1990,19,19,19,19,19,19,19,19,19,19
62012,1,1,1990,13,13,13,13,13,13,13,13,13,13
62012,2,1,1990,0,0,0,0,0,0,0,0,0,0
62013,1,1,1990,0,0,0,0,0,0,0,0,0,0
62013,2,1,1990,0,0,0,0,0,0,0,0,0,0
62013,3,1,1990,0,0,0,0,0,0,0,0,0,0
62013,4,1,1990,0,0,0,0,0,0,0,0,0,0
62014,1,1,1990,0,0,0,0,0,0,0,0,0,0
62014,2,1,1990,0,0,0,0,0,0,0,0,0,0
62015,1,1,1990,0,0,0,0,0,0,0,0,0,0
62015,2,1,1990,0,0,0,0,4,0,10,0,0,0
62016,0,1,1990,0,0,0,0,0,0,0,0,0,0
62016,1,1,1990,0,0,0,0,0,0,0,0,0,0
62017,1,1,1990,9,9,9,9,9,9,9,9,9,9
62017,2,1,1990,0,0,0,0,0,0,0,0,0,0
62018,1,1,1990,19,19,19,19,19,19,19,19,19,19
62018,2,1,1990,0,18,0,32,6,14,14,17,9,20
62019,1,1,1990,2,2,2,2,2,2,2,2,2,2
62020,1,1,1990,0,0,0,0,0,0,0,0,0,0
62020,2,1,1990,0,0,0,0,0,0,0,0,0,0
62021,0,1,1990,0,0,0,0,0,0,0,0,0,0
62021,0,2,1990,0,0,0,0,11,0,0,0,0,0
62021,1,1,1990,0,0,0,0,0,0,0,0,0,0
62022,1,1,1990,0,0,0,0,0,0,0,0,0,0
62022,2,1,1990,0,0,0,0,0,0,0,0,0,0
62023,1,1,1990,0,0,0,0,0,0,0,0,0,0
62024,1,1,1990,16,0,0,22,6,0,0,0,23,0
62025,0,1,1990,33,0,0,20,8,0,0,12,0,26
62025,0,2,1990,0,0,0,0,0,0,0,0,0,0
62025,1,1,1990,17,17,17,17,17,17,17,17,17,17
62026,1,1,1990,31,31,31,31,31,31,31,31,31,31
62026,2,1,1990,0,0,0,0,0,0,0,0,13,15
62027,0,1,1990,0,0,0,0,0,0,0,0,0,0
62027,1,1,1990,0,0,0,0,0,0,0,0,0,0
62028,1,1,1990,0,0,0,0,0,0,0,0,0,0
62028,2,1,1990,0,0,0,0,0,0,0,0,0,0
62029,1,1,1990,0,0,0,0,0,0,0,0,0,0
62029,2,1,1990,0,0,0,0,0,0,0,0,0,0
62030,0,1,1990,0,0,0,0,0,0,0,13,0,0
62030,1,1,1990,0,0,0,0,0,0,0,0,0,0
62031,1,1,1990,16,16,16,16,16,16,16,16,16,16
62032,1,1,1990,0,0,0,0,0,0,0,0,0,0
62033,1,1,1990,0,13,0,0,24,0,0,0,0,0
62034,1,1,1990,0,0,0,0,0,0,0,0,0,0
62034,2,1,1990,0,0,0,0,0,0,0,0,0,0
62035,1,1,1990,0,0,0,0,0,0,0,0,0,0
62035,2,1,1990,0,0,0,0,0,0,0,0,0,0
62036,0,1,1990,0,0,0,0,0,0,0,0,0,0
62036,1,1,1990,0,0,0,14,17,12,9,0,0,11
62037,1,1,1990,23,23,23,23,23,23,23,23,23,23
62037,2,1,1990,21,21,21,21,21,21,21,21,21,21
62038,1,1,1990,23,23,23,23,23,23,23,23,23,23
62039,1,1,1990,13,13,13,13,13,13,13,13,13,13
62040,1,1,1990,14,14,14,14,14,14,14,14,14,14
62040,2,1,1990,0,0,0,0,0,0,0,0,0,0
62041,1,1,1990,10,10,10,10,10,10,10,10,10,10
62041,2,1,1990,0,0,0,0,0,0,0,0,18,0
62042,1,1,1990,20,14,22,11,15,16,11,13,25,17
62043,1,1,1990,8,8,8,8,8,8,8,8,8,8
62043,2,1,1990,10,10,10,10,10,10,10,10,10,10
62043,3,1,1990,0,0,0,3,0,0,10,0,0,0
62043,4,1,1990,0,0,0,33,0,0,15,0,0,9
62043,5,1,1990,0,0,0,0,0,0,0,0,0,0
62044,1,1,1990,14,14,14,14,14,14,14,14,14,14
62045,1,1,1990,12,12,12,12,12,12,12,12,12,12
62046,0,1,1990,0,0,0,0,0,0,0,0,0,0
62046,1,1,1990,0,0,0,0,0,0,0,0,0,10
62047,0,1,1990,0,0,0,0,0,0,0,0,0,0
62047,1,1,1990,0,0,0,0,0,0,0,0,0,0
62048,1,1,1990,0,0,0,0,0,0,0,0,0,0
62048,2,1,1990,0,0,0,0,0,0,0,0,0,0
62049,1,1,1990,27,27,27,27,27,27,27,27,27,27
62049,2,1,1990,0,0,0,0,0,0,0,0,0,0
62050,1,1,1990,22,22,22,22,22,22,22,22,22,22
62050,2,1,1990,0,0,0,0,0,0,0,0,0,0
62051,0,1,1990,0,0,0,0,0,0,0,0,0,0
62051,1,1,1990,0,0,0,0,0,0,0,0,0,0
62052,1,1,1990,23,23,23,23,23,23,23,23,23,23
62053,1,1,1990,9,9,9,9,9,9,9,9,9,9
62054,1,1,1990,0,0,0,0,0,0,0,0,0,0
62054,2,1,1990,13,13,13,13,13,13,13,13,13,13
62054,3,1,1990,0,0,0,0,0,0,0,0,0,0
62055,1,1,1990,18,18,18,18,18,18,18,18,18,18
62056,0,1,1990,16,26,31,21,24,41,20,0,30,28
62056,1,1,1990,0,0,21,10,0,0,0,0,11,0
62057,1,1,1990,0,0,0,0,0,0,0,0,0,0
62057,2,1,1990,0,0,0,0,0,0,0,0,0,0
62058,1,1,1990,15,15,15,15,15,15,15,15,15,15
62058,2,1,1990,0,0,0,0,0,0,0,0,0,0
62059,0,1,1990,0,0,0,0,0,0,0,0,0,0
62059,1,1,1990,0,0,31,0,11,0,0,0,0,13
62060,0,1,1990,0,0,0,0,0,0,0,0,0,0
62060,1,1,1990,0,0,0,0,0,0,0,0,0,0
62061,1,1,1990,4,4,4,4,4,4,4,4,4,4
62061,2,1,1990,0,0,0,0,0,0,0,0,0,0
62062,1,1,1990,17,17,17,17,17,17,17,17,17,17
62063,1,1,1990,0,0,0,0,0,0,0,0,0,14
62064,1,1,1990,28,28,28,28,28,28,28,28,28,28
62064,2,1,1990,0,0,0,0,0,0,0,0,0,0
62065,1,1,1990,23,23,23,23,23,23,23,23,23,23
62066,0,1,1990,0,0,0,0,0,0,0,0,0,0
62066,1,1,1990,0,12,0,0,0,0,0,0,0,29
62067,1,1,1990,15,15,15,15,15,15,15,15,15,15
62068,0,1,1990,8,8,8,8,8,8,8,8,8,8
62068,0,2,1990,30,0,38,18,5,19,13,13,0,11
62068,1,1,1990,6,6,6,6,6,6,6,6,6,6
62069,1,1,1990,0,0,0,0,0,0,0,0,6,0
62070,1,1,1990,0,0,0,0,0,0,0,0,0,0
62071,1,1,1990,0,0,0,0,0,0,0,0,0,0
62071,2,1,1990,0,0,0,0,0,0,0,0,0,0
62072,1,1,1990,0,0,0,0,0,0,0,0,0,0
62072,2,1,1990,0,0,0,0,0,0,0,0,0,0
62073,0,1,1990,0,0,0,0,0,0,0,0,0,0
62073,1,1,1990,0,0,0,0,0,0,0,0,0,0
62073,2,1,1990,0,0,0,0,0,0,0,0,0,0
62074,1,1,1990,12,12,12,12,12,12,12,12,12,12
62075,1,1,1990,0,0,0,0,0,0,0,0,0,0
62076,1,1,1990,0,0,0,0,0,0,0,0,9,0
62076,2,1,1990,0,0,0,0,0,0,0,0,0,0
62077,1,1,1990,11,11,11,11,11,11,11,11,11,11
62078,1,1,1990,0,0,0,0,0,0,0,0,0,0
62079,1,1,1990,0,0,0,0,0,0,0,0,0,0
62079,2,1,1990,0,0,0,0,0,0,0,0,0,0
62080,1,1,1990,11,0,0,0,0,0,0,0,0,0
62080,2,1,1990,0,0,0,0,0,0,0,0,0,0
62081,1,1,1990,17,17,17,17,17,17,17,17,17,17
62082,1,1,1990,0,0,0,11,0,0,19,0,16,0
62082,2,1,1990,0,14,0,0,0,0,0,0,0,0
62083,1,1,1990,21,21,21,21,21,21,21,21,21,21
62083,2,1,1990,0,0,0,0,0,0,0,0,0,0
62084,1,1,1990,13,13,13,13,13,13,13,13,13,13
62084,2,1,1990,0,0,0,0,0,0,0,0,0,9
62085,1,1,1990,7,7,7,7,7,7,7,7,7,7