ST_CASE,VEH_NO,PER_NO,YEAR,P1,P2,P3,P4,P5,P6,P7,P8,P9,P10
62086,0,1,1990,18,18,18,18,18,18,18,18,18,18
62086,1,1,1990,0,0,0,0,0,0,0,0,0,0
62087,1,1,1990,0,0,0,0,0,0,0,0,0,0
62087,2,1,1990,0,0,0,0,0,0,0,0,0,0
62087,3,1,1990,0,0,0,0,0,0,0,0,0,0
62087,4,1,1990,0,0,0,0,0,0,0,0,0,0
62088,1,1,1990,20,20,20,20,20,20,20,20,20,20
62089,0,1,1990,0,0,0,0,0,0,0,0,0,0
62089,1,1,1990,0,0,0,0,0,0,0,0,0,0
62090,1,2,1990,14,14,14,14,14,14,14,14,14,14
62091,1,1,1990,0,0,0,0,0,0,0,0,0,0
62091,2,1,1990,0,0,0,0,0,0,0,0,0,0
62092,1,1,1990,0,0,0,0,0,0,16,0,0,10
62092,2,1,1990,0,0,0,0,0,0,15,0,0,0
62093,1,1,1990,6,6,6,6,6,6,6,6,6,6
62094,1,1,1990,0,0,0,0,0,0,0,0,0,0
62095,1,1,1990,22,22,22,22,22,22,22,22,22,22
62096,1,1,1990,2,2,2,2,2,2,2,2,2,2
62097,0,1,1990,0,0,0,0,0,0,0,0,0,0
62097,1,1,1990,0,0,0,0,0,0,0,0,0,0
62098,1,1,1990,0,0,0,0,0,0,0,0,0,0
62099,1,1,1990,0,0,0,0,0,0,0,0,0,0
62100,1,1,1990,0,0,0,0,0,0,0,0,0,0
62100,2,1,1990,0,0,0,0,0,16,0,0,0,0
62101,1,1,1990,23,23,23,23,23,23,23,23,23,23
62101,2,1,1990,0,0,0,0,0,0,0,0,0,0
62102,0,1,1990,0,0,0,0,0,0,0,0,0,0
62102,1,1,1990,0,0,0,0,0,0,0,0,0,0
62103,1,1,1990,0,0,0,0,0,0,0,0,0,0
62103,2,1,1990,14,0,0,0,0,0,0,0,0,0
62104,1,1,1990,0,0,0,0,0,0,0,0,0,0
62104,2,1,1990,0,0,0,0,0,0,0,0,0,0
62105,1,1,1990,0,0,0,0,0,0,0,0,0,0
62105,2,1,1990,0,0,0,0,0,0,0,0,0,0
62106,1,1,1990,8,8,8,8,8,8,8,8,8,8
62107,0,1,1990,20,20,20,20,20,20,20,20,20,20
62107,1,1,1990,18,18,18,18,18,18,18,18,18,18
62108,1,1,1990,0,0,0,0,0,0,0,0,0,0
62108,2,1,1990,9,9,9,9,9,9,9,9,9,9
62108,3,1,1990,35,0,0,0,0,0,10,0,0,14
62109,1,1,1990,0,0,0,0,0,0,0,0,11,0
62110,1,1,1990,0,0,0,0,0,0,0,0,0,0
62110,2,1,1990,0,0,0,0,0,0,0,0,0,0
62111,1,1,1990,0,0,0,0,11,0,0,0,0,0
62112,1,1,1990,18,0,0,0,0,0,11,0,0,0
62112,2,1,1990,0,0,0,0,0,0,0,0,0,0
62113,1,1,1990,13,13,13,13,13,13,13,13,13,13
62114,1,1,1990,15,12,14,10,5,8,4,5,23,18
62114,2,1,1990,0,0,0,0,19,0,0,0,0,0
62115,1,1,1990,0,0,0,0,0,0,0,0,0,0
62115,2,1,1990,0,0,0,0,0,0,0,0,0,0
62116,0,1,1990,0,0,0,0,0,0,0,0,0,0
62116,1,1,1990,0,0,0,0,0,0,0,0,0,0
62117,0,1,1990,0,0,0,0,0,0,0,0,0,0
62117,1,1,1990,0,0,0,0,0,0,0,0,0,0
62118,0,1,1990,0,0,0,0,0,0,0,0,0,0
62118,1,1,1990,0,0,0,0,0,0,9,6,11,0
62119,1,1,1990,0,0,0,0,0,0,0,0,0,0
62119,2,1,1990,0,0,0,0,0,0,0,0,0,0
62120,0,1,1990,0,0,0,0,0,0,0,0,0,0
62120,1,1,1990,0,0,0,0,17,20,11,0,0,0
62121,1,1,1990,0,0,0,0,0,0,0,0,0,0
62122,1,1,1990,19,19,19,19,19,19,19,19,19,19
62122,2,1,1990,26,10,9,17,0,18,6,7,10,21
62123,1,1,1990,0,0,0,0,0,0,0,0,0,0
62123,2,1,1990,0,0,0,0,0,0,0,0,0,0
62124,0,1,1990,0,0,0,0,0,0,0,0,0,0
62124,1,1,1990,0,0,0,0,0,0,0,0,0,0
62125,1,1,1990,0,0,0,0,0,0,0,0,0,0
62126,1,1,1990,0,0,0,0,0,0,0,0,0,0
62126,2,1,1990,0,0,0,0,0,0,0,0,0,0
62126,3,1,1990,0,0,0,0,0,0,0,0,0,0
62126,4,1,1990,6,0,0,0,0,0,0,0,0,0
62127,0,1,1990,26,0,0,0,7,0,0,29,0,17
62127,1,1,1990,0,0,0,0,0,0,0,0,0,0
62128,1,1,1990,12,12,12,12,12,12,12,12,12,12
62129,1,1,1990,23,23,23,23,23,23,23,23,23,23
62129,2,1,1990,0,0,0,0,0,0,0,0,0,0
62130,0,1,1990,0,0,0,0,0,0,0,0,0,0
62130,0,2,1990,16,0,0,14,0,0,0,0,0,24
62130,1,1,1990,0,13,0,6,17,0,0,12,7,25
62131,1,1,1990,9,9,9,9,9,9,9,9,9,9
62132,1,1,1990,23,23,23,23,23,23,23,23,23,23
62132,2,1,1990,12,7,0,0,3,8,16,0,0,10
62132,3,1,1990,0,12,0,0,0,0,0,0,0,0
62133,0,1,1990,24,24,24,24,24,24,24,24,24,24
62133,1,1,1990,10,0,0,0,0,6,11,0,2,25
62134,0,1,1990,29,0,11,23,0,31,24,38,22,32
62134,1,1,1990,0,0,13,15,0,0,5,17,0,0
62134,2,1,1990,0,13,0,11,8,8,16,7,13,0
62134,3,1,1990,0,0,7,0,0,0,0,0,0,0
62134,4,1,1990,0,0,0,17,23,19,0,0,0,18
62135,1,1,1990,0,0,0,0,0,0,0,0,0,0
62135,2,1,1990,0,0,0,0,0,0,0,4,0,0
62136,0,1,1990,0,0,0,0,0,0,0,0,0,0
62136,1,1,1990,21,0,0,0,0,0,0,0,0,0
62137,1,1,1990,0,0,0,0,0,0,0,0,0,0
62137,2,1,1990,0,0,0,0,0,0,0,0,0,0
62138,1,1,1990,8,8,8,8,8,8,8,8,8,8
62139,1,1,1990,0,28,24,13,0,24,17,21,0,0
62140,1,1,1990,0,0,0,0,0,0,0,0,0,0
62140,2,1,1990,0,0,0,0,0,0,0,0,0,0
62141,1,1,1990,20,20,20,20,20,20,20,20,20,20
62141,2,1,1990,0,0,0,0,0,0,0,0,0,0
62141,3,1,1990,0,0,7,0,0,0,0,0,0,7
62142,1,1,1990,19,19,19,19,19,19,19,19,19,19
62142,2,1,1990,3,3,3,3,3,3,3,3,3,3
62143,1,1,1990,0,0,0,0,0,0,0,0,0,0
62143,2,1,1990,0,0,0,0,0,0,0,0,0,0
62144,0,1,1990,0,0,0,0,0,0,0,0,0,0
62144,1,1,1990,0,0,0,0,0,0,0,0,0,0
62145,1,1,1990,0,0,0,20,8,0,15,7,0,0
62145,2,1,1990,0,0,0,0,0,0,0,10,0,0
62146,1,1,1990,4,4,4,4,4,4,4,4,4,4
62147,0,1,1990,0,0,0,0,0,0,0,0,0,0
62147,1,1,1990,0,0,0,0,0,0,0,0,0,0
62148,0,1,1990,0,0,0,0,0,0,0,0,0,0
62148,1,1,1990,0,0,0,0,0,0,0,0,0,0
62149,1,1,1990,13,13,13,13,13,13,13,13,13,13
62149,2,1,1990,0,0,0,0,0,0,0,0,0,0
62150,1,1,1990,0,0,0,0,0,0,0,0,0,0
62150,2,1,1990,11,11,11,11,11,11,11,11,11,11
62151,0,1,1990,24,0,25,0,31,0,0,0,0,0
62151,1,1,1990,0,0,0,0,0,0,0,0,0,0
62152,1,1,1990,0,0,0,0,29,0,34,27,8,0
62153,1,1,1990,0,0,0,0,0,0,0,0,0,0
62153,2,1,1990,0,0,0,0,0,0,0,0,0,0
62154,1,1,1990,16,7,22,18,22,18,4,10,28,19
62154,2,1,1990,0,0,0,0,0,0,0,0,0,0
62154,3,1,1990,0,0,0,0,0,0,0,0,0,0
62155,1,1,1990,14,14,14,14,14,14,14,14,14,14
62156,1,1,1990,18,18,18,18,18,18,18,18,18,18
62157,0,1,1990,26,26,26,26,26,26,26,26,26,26
62157,1,1,1990,0,0,0,0,0,6,0,0,14,0
62158,1,1,1990,11,11,11,11,11,11,11,11,11,11
62159,1,1,1990,8,15,0,13,21,15,17,20,0,24
62160,1,1,1990,0,0,0,0,0,0,0,0,0,0
62160,2,1,1990,0,0,0,0,0,0,0,0,0,0
62161,1,1,1990,9,9,9,9,9,9,9,9,9,9
62161,2,1,1990,4,0,0,0,0,7,0,0,0,0
62162,0,1,1990,0,0,0,0,0,0,0,0,0,0
62162,1,1,1990,0,0,0,14,0,0,0,0,0,0
62162,2,1,1990,13,0,0,0,0,0,0,10,0,0
62163,1,1,1990,0,0,0,0,0,0,0,0,0,0
62164,1,1,1990,0,0,0,0,0,0,0,0,0,0
62164,2,1,1990,0,0,0,0,0,0,0,0,0,0
62164,3,1,1990,0,0,0,0,12,0,0,0,0,0
62165,1,1,1990,11,11,11,11,11,11,11,11,11,11
62165,2,1,1990,0,0,7,0,0,0,0,0,0,0
62166,1,1,1990,0,0,0,0,0,0,0,0,0,0
62166,2,1,1990,0,0,0,0,0,0,0,0,0,0
62167,1,1,1990,5,5,5,5,5,5,5,5,5,5
62168,1,1,1990,17,17,17,17,17,17,17,17,17,17
62168,2,1,1990,0,0,0,0,0,0,0,0,0,0
62169,1,1,1990,0,0,0,0,0,0,0,0,0,0
62170,1,1,1990,14,3,14,12,21,11,13,8,13,19
62171,0,1,1990,0,0,0,0,0,0,0,0,0,0
62171,1,1,1990,3,3,3,3,3,3,3,3,3,3
62172,1,1,1990,10,18,16,16,15,11,27,0,15,20
62173,0,1,1990,0,0,0,0,0,0,0,0,0,0
62173,1,1,1990,0,0,0,0,0,5,0,0,0,0
62174,1,1,1990,21,21,21,21,21,21,21,21,21,21
62175,1,1,1990,0,0,0,0,0,0,0,0,0,0
62176,1,1,1990,0,0,0,0,0,0,0,0,0,0
62177,1,1,1990,0,0,0,0,0,0,0,0,0,0
62178,1,1,1990,8,8,8,8,8,8,8,8,8,8
62179,1,1,1990,17,17,17,17,17,17,17,17,17,17
62180,1,1,1990,0,0,0,0,0,0,0,0,0,0
62181,1,1,1990,0,0,0,0,0,0,0,0,0,0
62182,1,1,1990,0,0,0,31,0,0,0,0,14,0
62183,1,1,1990,21,21,21,21,21,21,21,21,21,21
62184,1,1,1990,16,16,16,16,16,16,16,16,16,16
62185,1,1,1990,17,16,8,30,21,17,11,11,16,18
62186,1,1,1990,0,0,0,0,0,0,0,0,0,0
62186,2,1,1990,0,0,0,0,0,11,0,0,0,0
62187,1,1,1990,0,0,0,0,0,0,0,0,0,0
62187,2,1,1990,0,0,0,0,0,0,0,0,0,0
62188,1,1,1990,24,24,24,24,24,24,24,24,24,24
62189,0,1,1990,0,0,0,0,0,0,0,0,0,0
62189,1,1,1990,14,14,14,14,14,14,14,14,14,14
62190,0,1,1990,0,0,0,0,0,0,0,0,0,0
62190,1,1,1990,0,0,0,0,0,0,0,0,0,0
62191,1,1,1990,13,13,13,13,13,13,13,13,13,13
62192,1,1,1990,3,3,3,3,3,3,3,3,3,3
62193,0,1,1990,33,33,33,33,33,33,33,33,33,33
62193,1,1,1990,5,5,5,5,5,5,5,5,5,5
62194,0,1,1990,10,10,10,10,10,10,10,10,10,10
62194,1,1,1990,0,0,0,0,0,0,0,0,0,0
62195,1,1,1990,0,0,0,0,0,0,0,0,0,0
62195,2,1,1990,15,15,15,15,15,15,15,15,15,15
62196,1,1,1990,0,0,0,0,0,0,0,0,0,0
62197,1,1,1990,0,0,9,16,0,0,15,0,12,0
62198,1,1,1990,12,12,12,12,12,12,12,12,12,12
62199,1,1,1990,0,0,0,0,0,0,0,0,0,0
62200,1,1,1990,23,23,23,23,23,23,23,23,23,23
62201,0,1,1990,21,21,21,21,21,21,21,21,21,21
62201,1,1,1990,0,0,0,0,0,0,0,0,0,0
62202,1,1,1990,0,30,24,0,10,21,0,20,9,0
62203,1,1,1990,0,0,0,0,0,0,0,0,0,0
62203,2,1,1990,2,2,2,2,2,2,2,2,2,2
62204,1,1,1990,16,16,16,16,16,16,16,16,16,16
62204,2,1,1990,9,15,0,4,14,20,9,8,21,13
62205,1,1,1990,0,0,18,9,0,16,0,0,0,0
62205,2,1,1990,0,0,0,0,0,0,0,0,0,0
62206,1,1,1990,13,13,13,13,13,13,13,13,13,13
62207,0,1,1990,0,0,0,0,0,0,0,0,0,0
62207,1,1,1990,0,0,0,0,0,0,0,0,0,0
62208,1,1,1990,14,14,14,14,14,14,14,14,14,14
62209,1,1,1990,17,17,17,17,17,17,17,17,17,17
62210,0,1,1990,0,0,0,0,0,0,0,0,0,0
62210,2,1,1990,0,0,0,0,0,0,0,0,0,0
62211,1,1,1990,12,12,12,12,12,12,12,12,12,12
62211,2,1,1990,18,9,0,10,0,12,0,0,0,0
62212,1,1,1990,0,0,0,0,0,0,0,0,0,0
62213,1,1,1990,0,0,0,0,0,0,0,0,0,0
62213,2,1,1990,0,0,0,0,0,0,0,0,0,0
62214,1,1,1990,0,0,0,0,0,0,0,0,0,0
62214,2,1,1990,0,0,0,0,0,0,0,0,0,0
62215,1,1,1990,0,0,0,0,0,0,0,0,0,0
62215,2,1,1990,0,7,0,0,0,0,0,0,0,0
62216,1,1,1990,0,5,0,0,0,0,0,0,0,0
62216,2,1,1990,0,0,0,0,0,0,0,0,0,0
62217,1,1,1990,0,0,0,21,10,0,0,16,0,12
62217,2,1,1990,19,13,10,0,9,19,5,13,0,11
62218,1,1,1990,14,14,14,14,14,14,14,14,14,14
62219,1,1,1990,6,6,6,6,6,6,6,6,6,6
62220,1,1,1990,9,9,9,9,9,9,9,9,9,9
62221,0,1,1990,21,21,21,21,21,21,21,21,21,21
62221,1,1,1990,13,0,16,20,0,0,19,8,4,0
62222,1,1,1990,0,0,0,0,0,0,0,0,0,0
62223,1,1,1990,0,0,0,0,0,0,0,0,0,0
62223,2,1,1990,0,0,0,0,0,0,0,0,0,0
62223,3,1,1990,0,0,0,0,0,0,0,0,0,0
62224,1,1,1990,16,16,16,16,16,16,16,16,16,16
62225,0,1,1990,31,31,31,31,31,31,31,31,31,31
62225,1,1,1990,0,0,3,0,0,0,0,5,0,20
62226,1,1,1990,30,17,0,19,22,32,0,0,14,0
62226,2,1,1990,0,0,0,0,0,0,0,0,0,0
62227,1,1,1990,0,0,0,0,0,0,0,0,0,0
62227,2,1,1990,0,0,0,0,0,0,0,0,0,0
62228,1,1,1990,0,0,0,0,0,0,0,0,0,0
62228,2,1,1990,5,0,0,0,0,0,0,0,0,0
62229,1,1,1990,0,0,0,0,0,0,0,0,0,0
62229,2,1,1990,0,0,0,0,0,0,0,0,0,0
62230,1,1,1990,0,0,0,0,0,0,0,0,0,0
62230,2,1,1990,0,0,0,0,0,0,0,0,0,0
62231,0,1,1990,0,0,0,0,0,0,0,0,21,0
62231,1,1,1990,0,0,0,0,0,0,0,0,0,0
62232,1,1,1990,0,0,0,0,0,0,0,0,0,0
62233,1,1,1990,0,0,0,0,0,0,0,0,0,0
62233,2,1,1990,0,0,0,0,0,0,0,0,0,0
62233,3,1,1990,0,0,0,0,0,0,0,0,0,0
62233,4,1,1990,0,0,0,0,0,0,0,0,0,0
62233,5,1,1990,0,0,0,0,0,0,0,0,0,0
62233,6,1,1990,0,0,0,0,0,0,0,0,0,0
62234,0,1,1990,0,0,0,0,0,0,0,0,0,0
62234,1,1,1990,31,0,0,0,0,31,0,10,10,0
62235,0,1,1990,0,0,0,0,0,0,0,0,0,0
62235,1,1,1990,2,2,2,2,2,2,2,2,2,2
62236,0,1,1990,31,31,31,31,31,31,31,31,31,31
62236,1,1,1990,2,24,15,0,7,10,0,0,0,0
62237,0,1,1990,24,24,24,24,24,24,24,24,24,24
62237,1,1,1990,26,22,27,0,21,0,0,15,0,22
62237,2,1,1990,30,0,0,0,0,18,0,28,6,29
62238,1,1,1990,0,0,0,0,0,0,0,0,0,0
62238,2,1,1990,0,0,0,0,0,0,0,0,0,0
62239,0,1,1990,28,9,14,18,0,11,13,17,25,11
62239,1,1,1990,0,0,0,0,0,0,0,4,0,0
62240,1,1,1990,15,15,15,15,15,15,15,15,15,15
62240,2,1,1990,0,0,0,0,0,0,0,11,0,0
62241,0,1,1990,10,10,10,10,10,10,10,10,10,10
62241,1,1,1990,7,7,7,7,7,7,7,7,7,7
62242,1,1,1990,0,0,0,0,0,0,0,0,0,0
62242,2,1,1990,0,0,0,0,0,0,0,0,0,0
62243,1,1,1990,20,20,20,20,20,20,20,20,20,20
62244,1,1,1990,0,0,0,0,0,0,0,0,0,0
62244,2,1,1990,0,0,0,0,0,0,0,0,0,0
62244,3,1,1990,0,0,0,0,0,0,0,0,0,0
62245,1,1,1990,0,0,0,0,0,0,0,0,0,0
62246,1,1,1990,20,20,20,20,20,20,20,20,20,20
62246,2,1,1990,0,0,0,0,0,0,0,0,0,0
62247,0,1,1990,25,25,25,25,25,25,25,25,25,25
62247,1,1,1990,25,25,25,25,25,25,25,25,25,25
62247,2,1,1990,0,0,0,7,7,20,23,0,0,0
62248,1,1,1990,0,0,0,0,0,0,0,0,0,0
62249,0,1,1990,0,0,0,0,0,0,0,0,0,0
62249,1,1,1990,0,0,0,0,0,0,0,0,0,0
62250,0,1,1990,0,0,0,0,0,0,0,0,0,0
62250,1,1,1990,22,0,0,0,0,0,0,21,7,0
62251,1,1,1990,0,0,0,0,0,0,0,0,0,0
62251,2,1,1990,0,0,0,0,0,0,0,0,0,0
62252,0,1,1990,27,27,27,27,27,27,27,27,27,27
62252,1,1,1990,12,16,15,0,0,2,0,0,0,15
62253,1,1,1990,0,0,0,0,0,0,0,0,0,0
62254,0,1,1990,0,0,0,0,0,0,0,0,0,0
62254,1,1,1990,0,0,0,0,0,0,0,0,0,0
62255,1,1,1990,0,0,0,0,0,0,0,0,0,0
62256,1,1,1990,15,15,15,15,15,15,15,15,15,15
62256,2,1,1990,0,0,0,0,0,0,0,0,0,0
62257,1,1,1990,0,0,0,0,0,0,0,0,0,0
62258,1,1,1990,18,18,18,18,18,18,18,18,18,18
62259,1,1,1990,0,0,0,0,21,0,0,0,0,0
62259,2,1,1990,0,0,11,0,0,0,0,0,0,0
62260,1,1,1990,0,0,0,0,0,0,0,0,0,0
62260,2,1,1990,0,0,0,0,0,0,0,0,0,0
62260,3,1,1990,0,0,0,0,0,0,0,0,0,0
62260,4,1,1990,0,0,0,0,0,0,0,0,0,0
62261,1,1,1990,25,25,25,25,25,25,25,25,25,25
62261,2,1,1990,0,0,3,0,0,0,0,0,0,0
62261,3,1,1990,0,0,0,0,0,0,13,0,0,0
62262,1,1,1990,0,0,0,0,0,0,0,0,0,0
62262,2,1,1990,0,0,0,0,0,0,0,0,0,0
62263,1,1,1990,12,12,12,12,12,12,12,12,12,12
62263,2,1,1990,0,0,0,0,7,0,0,7,0,0
62264,1,1,1990,3,0,0,0,0,0,0,0,0,0
62264,2,1,1990,0,0,0,0,0,0,0,0,0,0
62265,0,1,1990,0,0,0,0,0,0,0,0,0,0
62265,1,1,1990,0,0,0,0,0,0,0,0,0,0
62266,1,1,1990,0,0,0,0,0,0,0,0,0,0
62266,2,1,1990,0,0,0,0,0,0,0,0,0,0
62267,1,1,1990,26,26,26,26,26,26,26,26,26,26
62268,1,1,1990,24,24,24,24,24,24,24,24,24,24
62268,2,1,1990,0,0,0,0,0,0,0,0,0,0
62269,1,1,1990,0,0,0,0,0,0,0,0,0,0
62270,0,1,1990,30,30,30,30,30,30,30,30,30,30
62270,1,1,1990,0,3,0,0,0,6,0,0,0,0
62271,1,1,1990,0,0,0,0,0,0,0,0,0,0
62271,2,1,1990,0,0,0,0,0,0,0,0,0,0
62272,0,1,1990,0,0,0,0,0,0,0,0,0,0
62272,1,1,1990,0,0,0,0,0,0,0,0,0,0
62273,1,1,1990,0,0,0,0,0,0,0,0,0,0
62273,2,1,1990,0,0,0,0,0,0,0,0,0,0
62274,0,1,1990,0,0,14,0,0,0,0,0,0,0
62274,1,1,1990,0,0,0,0,0,0,0,0,0,0
62275,1,1,1990,0,0,0,0,11,0,0,0,9,0
62276,1,1,1990,0,0,0,0,0,0,0,0,0,0
62276,2,1,1990,0,0,0,10,0,0,0,0,0,0
62276,3,1,1990,0,0,0,0,0,0,0,0,0,0
62277,0,1,1990,0,0,0,0,0,0,0,0,0,0
62277,1,1,1990,0,0,0,0,0,0,0,0,0,0
62278,1,1,1990,0,0,0,0,0,0,0,0,0,0
62279,1,1,1990,0,0,0,0,0,0,0,0,0,0
62280,1,1,1990,0,0,0,0,0,0,0,0,0,0
62280,2,1,1990,0,0,0,0,0,0,0,0,0,0
62281,0,1,1990,25,25,25,25,25,25,25,25,25,25
62281,1,1,1990,0,0,0,0,0,0,0,0,0,10
62282,1,1,1990,0,0,0,0,0,0,0,0,0,0
62282,2,1,1990,16,16,16,16,16,16,16,16,16,16
62283,1,1,1990,13,25,25,10,11,29,25,19,34,41
62284,1,1,1990,23,23,23,23,23,23,23,23,23,23
62284,2,1,1990,0,0,0,0,0,0,0,0,0,3
62285,1,1,1990,0,0,0,0,2,0,0,0,0,18
62286,1,1,1990,0,0,0,0,0,0,0,0,0,0
62286,2,1,1990,0,0,0,0,0,0,0,0,0,0
62287,1,1,1990,0,0,0,0,0,0,0,0,0,0
62287,2,1,1990,0,15,0,0,5,0,0,0,0,0
62288,1,1,1990,0,0,0,0,0,0,0,0,0,0
62289,1,1,1990,4,4,4,4,4,4,4,4,4,4
62289,2,1,1990,0,10,0,0,0,0,0,0,0,0
62290,1,1,1990,0,0,0,0,0,0,0,0,0,0
62291,0,1,1990,0,0,0,0,0,0,0,0,0,0
62291,1,1,1990,0,0,0,0,0,0,0,0,0,0
62292,1,1,1990,27,27,27,27,27,27,27,27,27,27
62293,1,1,1990,9,6,10,24,19,0,15,18,25,16
62294,1,1,1990,24,24,24,24,24,24,24,24,24,24
62295,1,1,1990,0,0,0,0,0,0,0,0,0,0
62295,2,1,1990,0,0,0,0,0,0,0,0,0,0
62296,1,1,1990,17,17,17,17,17,17,17,17,17,17
62297,0,1,1990,0,0,0,0,0,0,0,0,0,0
62297,1,1,1990,0,0,0,0,0,0,0,0,0,0
62298,0,1,1990,26,25,40,19,30,0,9,20,28,10
62298,1,1,1990,17,18,0,8,0,0,13,0,0,17
62299,0,1,1990,0,0,0,0,0,0,0,0,0,0
62299,1,1,1990,0,0,0,0,0,0,0,0,0,0
62300,1,1,1990,0,0,0,0,0,0,0,0,0,0
62301,1,1,1990,20,20,20,20,20,20,20,20,20,20
62301,2,1,1990,0,0,0,0,0,0,0,0,0,0
62302,1,1,1990,14,14,14,14,14,14,14,14,14,14
62302,2,1,1990,0,0,0,0,0,0,0,0,0,0
62303,1,1,1990,0,0,0,0,0,0,0,0,0,0
62303,2,1,1990,1,1,1,1,1,1,1,1,1,1
62304,1,1,1990,4,4,4,4,4,4,4,4,4,4
62304,2,1,1990,0,0,0,0,0,0,0,0,0,0
62304,3,1,1990,12,11,26,17,35,26,24,23,17,10
62305,1,1,1990,19,19,19,19,19,19,19,19,19,19
62305,2,1,1990,0,0,0,0,0,0,0,0,0,0
62306,1,1,1990,0,0,0,0,0,0,0,0,0,0
62306,2,1,1990,15,15,15,15,15,15,15,15,15,15
62307,1,1,1990,18,18,18,18,18,18,18,18,18,18
62307,2,1,1990,0,19,0,12,0,6,0,0,0,0
62308,1,1,1990,17,17,17,17,17,17,17,17,17,17
62309,1,1,1990,24,24,24,24,24,24,24,24,24,24
62310,1,1,1990,0,0,0,0,0,0,0,0,0,0
62311,1,1,1990,17,17,17,17,17,17,17,17,17,17
62311,2,1,1990,0,0,0,0,0,0,0,0,0,0
62312,1,1,1990,24,24,24,24,24,24,24,24,24,24
62312,2,1,1990,0,0,0,0,0,0,0,0,0,0
62313,1,1,1990,19,19,19,19,19,19,19,19,19,19
62313,2,1,1990,0,0,0,0,0,0,0,0,0,0
62314,0,1,1990,19,19,19,19,19,19,19,19,19,19
62314,1,1,1990,0,0,0,0,0,0,0,0,0,0
62315,1,1,1990,0,0,0,0,0,0,0,0,0,0
62316,1,1,1990,0,0,0,0,0,0,0,0,0,0
62317,1,1,1990,19,19,19,19,19,19,19,19,19,19
62318,1,1,1990,7,0,0,0,8,0,0,0,11,0
62318,2,1,1990,0,0,0,0,0,0,0,0,0,0
62319,0,1,1990,0,0,0,0,0,0,0,0,0,0
62319,1,1,1990,0,0,0,0,0,0,0,7,0,0
62320,0,1,1990,0,0,0,0,0,0,0,0,0,0
62320,1,1,1990,0,0,0,0,0,0,0,0,0,0
62321,1,1,1990,0,0,0,0,0,0,0,0,0,10
62322,1,1,1990,19,19,19,19,19,19,19,19,19,19
62323,1,1,1990,0,0,0,0,0,0,0,0,0,0
62324,1,1,1990,14,14,14,14,14,14,14,14,14,14
62325,1,1,1990,15,15,15,15,15,15,15,15,15,15
62326,1,1,1990,27,27,27,27,27,27,27,27,27,27
62327,1,1,1990,20,20,20,20,20,20,20,20,20,20
62328,0,1,1990,0,0,0,0,0,0,0,0,0,0
62328,1,1,1990,0,0,0,0,0,0,0,0,0,0
62329,0,1,1990,0,0,0,0,0,0,0,0,0,0
62329,1,1,1990,0,0,0,0,0,0,0,0,0,0
62330,1,1,1990,0,0,0,0,0,0,0,0,0,0
62331,1,1,1990,6,6,6,6,6,6,6,6,6,6
62332,1,1,1990,0,0,0,0,0,0,0,0,0,0
62333,0,1,1990,0,0,0,0,0,0,0,0,0,0
62333,1,1,1990,0,0,0,0,0,0,0,0,0,0
62334,0,1,1990,22,22,22,22,22,22,22,22,22,22
62334,1,1,1990,0,0,0,0,0,0,0,0,0,0
62335,1,1,1990,16,16,16,16,16,16,16,16,16,16
62336,1,1,1990,0,0,0,0,0,0,0,0,0,0
62337,0,1,1990,0,0,0,0,0,0,0,0,0,0
62337,1,1,1990,0,0,0,0,0,0,0,0,0,0
62338,0,1,1990,0,0,0,0,0,0,0,0,0,0
62338,1,1,1990,0,0,0,27,0,0,0,0,0,0
62339,1,1,1990,10,10,10,10,10,10,10,10,10,10
62340,1,1,1990,0,0,0,0,0,0,0,0,0,0
62341,1,1,1990,16,16,16,16,16,16,16,16,16,16
62342,1,1,1990,20,20,20,20,20,20,20,20,20,20
62343,1,1,1990,2,2,2,2,2,2,2,2,2,2
62344,0,1,1990,24,24,24,24,24,24,24,24,24,24
62344,1,1,1990,0,0,0,0,0,0,0,0,0,0
62345,0,1,1990,17,22,0,11,27,0,5,13,23,20
62345,1,1,1990,0,0,0,0,0,0,0,0,0,0
62346,1,1,1990,0,0,0,0,0,0,0,0,0,0
62347,1,1,1990,0,0,0,0,0,0,0,0,0,0
62348,1,1,1990,0,0,0,0,0,0,0,0,0,0
62349,1,1,1990,19,19,19,19,19,19,19,19,19,19
62350,1,1,1990,26,26,26,26,26,26,26,26,26,26
62351,1,1,1990,32,32,32,32,32,32,32,32,32,32