ST_CASE,VEH_NO,PER_NO,YEAR,P1,P2,P3,P4,P5,P6,P7,P8,P9,P10
62352,1,1,1990,12,12,12,12,12,12,12,12,12,12
62353,1,1,1990,17,17,17,17,17,17,17,17,17,17
62354,0,1,1990,0,0,0,0,0,0,0,0,0,0
62354,1,1,1990,23,12,12,17,24,5,5,19,20,17
62355,1,1,1990,17,17,17,17,17,17,17,17,17,17
62356,1,1,1990,0,0,0,9,0,0,0,0,0,0
62356,2,1,1990,0,0,0,0,0,0,0,0,0,0
62357,1,1,1990,15,15,15,15,15,15,15,15,15,15
62358,1,1,1990,17,17,17,17,17,17,17,17,17,17
62359,1,1,1990,15,15,15,15,15,15,15,15,15,15
62360,1,1,1990,8,8,8,8,8,8,8,8,8,8
62360,2,1,1990,18,0,0,19,7,16,0,0,0,0
62360,3,1,1990,0,0,9,0,0,0,0,19,0,0
62361,1,1,1990,16,16,16,16,16,16,16,16,16,16
62361,2,1,1990,0,0,0,0,0,0,0,12,0,0
62362,1,1,1990,15,15,15,15,15,15,15,15,15,15
62362,2,1,1990,0,0,0,0,0,0,0,0,0,0
62363,1,1,1990,22,7,18,23,33,0,20,4,0,7
62364,1,1,1990,8,9,15,13,12,15,12,15,0,6
62365,1,1,1990,0,0,0,0,0,0,0,0,0,0
62365,2,1,1990,0,0,0,0,0,0,0,0,0,0
62366,1,1,1990,10,10,10,10,10,10,10,10,10,10
62367,1,1,1990,15,15,15,15,15,15,15,15,15,15
62367,2,1,1990,19,21,17,17,29,17,31,4,18,17
62368,1,1,1990,8,8,8,8,8,8,8,8,8,8
62369,0,1,1990,0,0,0,0,0,0,0,0,0,0
62369,1,1,1990,0,0,0,0,0,0,0,0,0,0
62370,1,1,1990,0,0,0,0,0,0,0,0,0,0
62370,2,1,1990,0,0,0,0,0,0,0,0,0,0
62371,1,1,1990,14,14,14,14,14,14,14,14,14,14
62372,1,1,1990,7,7,7,7,7,7,7,7,7,7
62373,1,1,1990,13,13,13,13,13,13,13,13,13,13
62374,1,1,1990,0,0,0,5,0,0,0,0,0,0
62374,2,1,1990,16,16,16,16,16,16,16,16,16,16
62375,1,1,1990,14,7,7,0,0,0,0,22,11,12
62376,1,1,1990,0,0,0,0,0,0,0,0,0,0
62376,2,1,1990,0,3,0,0,0,10,0,0,0,0
62377,1,1,1990,9,9,9,9,9,9,9,9,9,9
62377,2,1,1990,0,0,0,0,0,0,0,0,0,0
62378,1,1,1990,0,0,0,0,0,0,0,0,9,0
62378,2,1,1990,0,0,0,0,0,0,0,0,0,0
62379,1,1,1990,10,10,10,10,10,10,10,10,10,10
62380,1,1,1990,19,19,19,19,19,19,19,19,19,19
62380,2,1,1990,0,0,0,0,0,0,0,0,0,0
62381,1,1,1990,22,22,22,22,22,22,22,22,22,22
62381,2,1,1990,21,0,0,0,0,0,0,0,0,0
62382,1,1,1990,12,12,12,12,12,12,12,12,12,12
62383,1,1,1990,25,25,25,25,25,25,25,25,25,25
62383,2,1,1990,0,0,0,0,0,0,0,0,0,0
62384,1,1,1990,0,0,0,0,0,0,0,0,0,0
62384,2,1,1990,0,0,0,0,0,0,0,26,0,0
62384,3,1,1990,0,0,0,0,0,0,0,0,0,0
62385,1,1,1990,11,11,11,11,11,11,11,11,11,11
62385,2,1,1990,0,0,0,0,0,0,0,0,0,0
62385,3,1,1990,7,35,0,11,19,0,12,17,13,12
62386,1,2,1990,13,13,13,13,13,13,13,13,13,13
62387,1,1,1990,14,14,14,14,14,14,14,14,14,14
62388,1,1,1990,24,24,24,24,24,24,24,24,24,24
62389,1,1,1990,0,0,0,0,0,0,0,0,0,0
62389,2,1,1990,0,0,10,0,0,0,0,0,0,0
62390,1,1,1990,10,10,10,10,10,10,10,10,10,10
62390,2,1,1990,0,0,0,0,0,0,0,0,0,0
62391,1,1,1990,23,23,23,23,23,23,23,23,23,23
62392,1,1,1990,26,26,26,26,26,26,26,26,26,26
62393,1,1,1990,14,26,20,11,13,22,13,17,25,16
62394,1,1,1990,10,10,10,10,10,10,10,10,10,10
62395,1,1,1990,0,0,0,0,0,0,0,0,0,0
62395,2,1,1990,0,0,0,0,0,0,0,0,0,0
62396,1,1,1990,0,0,0,0,0,0,0,0,0,0
62396,2,1,1990,13,18,29,15,15,15,7,30,0,12
62397,1,1,1990,0,0,0,0,0,0,0,0,0,0
62397,2,1,1990,3,3,3,3,3,3,3,3,3,3
62398,1,1,1990,0,0,0,0,0,0,0,0,0,0
62398,2,1,1990,0,0,0,0,0,0,0,0,0,0
62399,1,1,1990,13,14,0,8,14,9,10,5,26,16
62400,1,1,1990,26,26,26,26,26,26,26,26,26,26
62400,2,1,1990,0,0,0,0,0,0,15,0,0,19
62401,0,1,1990,0,0,0,0,0,0,0,0,0,0
62401,0,2,1990,0,17,0,0,17,0,0,0,21,0
62401,1,1,1990,20,20,20,20,20,20,20,20,20,20
62402,1,1,1990,0,0,0,0,0,0,0,0,0,0
62403,1,1,1990,22,22,22,22,22,22,22,22,22,22
62403,2,1,1990,0,0,0,0,0,0,0,0,0,0
62404,0,1,1990,0,0,0,0,0,0,0,0,0,0
62404,1,1,1990,0,0,0,0,0,0,0,0,0,0
62405,1,1,1990,0,0,0,0,0,0,0,0,0,0
62405,2,1,1990,0,0,0,0,0,0,0,0,0,0
62405,3,1,1990,0,0,5,7,0,0,0,0,21,0
62406,1,1,1990,30,30,30,30,30,30,30,30,30,30
62406,2,1,1990,0,0,0,0,0,0,0,0,0,0
62407,0,1,1990,23,0,36,28,9,13,16,0,15,9
62407,1,1,1990,2,2,2,2,2,2,2,2,2,2
62408,1,1,1990,0,0,0,0,0,0,0,0,12,0
62408,2,1,1990,0,12,8,0,0,0,0,0,12,0
62409,1,1,1990,20,15,37,12,12,22,12,11,14,20
62409,2,1,1990,13,15,19,32,24,0,23,18,17,19
62410,0,1,1990,27,27,27,27,27,27,27,27,27,27
62410,0,2,1990,0,13,12,11,18,11,29,35,19,27
62410,1,1,1990,0,0,0,0,0,0,0,7,0,16
62411,1,1,1990,0,0,0,0,0,0,0,0,0,0
62411,2,1,1990,0,0,0,0,0,0,0,0,0,0
62412,1,1,1990,29,37,25,30,10,30,20,15,18,17
62413,1,1,1990,0,0,0,0,0,0,0,0,0,0
62414,0,1,1990,0,0,0,0,0,0,0,0,0,0
62414,1,1,1990,20,20,20,20,20,20,20,20,20,20
62415,1,1,1990,0,0,0,0,0,0,0,0,0,0
62415,2,1,1990,0,0,0,0,0,0,0,0,0,0
62416,0,1,1990,0,0,0,0,0,0,0,0,0,0
62416,1,1,1990,0,0,0,0,0,0,0,0,0,0
62417,0,1,1990,0,0,0,0,0,0,0,0,0,0
62417,1,1,1990,0,0,0,0,0,0,0,0,0,0
62418,1,1,1990,18,18,18,18,18,18,18,18,18,18
62418,2,1,1990,0,0,14,0,0,0,0,0,0,0
62419,0,1,1990,0,0,0,0,0,0,0,0,0,0
62419,1,1,1990,15,20,0,0,6,27,0,18,27,0
62420,1,1,1990,19,19,19,19,19,19,19,19,19,19
62421,1,1,1990,0,13,0,0,0,0,6,0,0,0
62421,2,1,1990,13,10,13,0,24,16,12,9,16,10
62422,1,1,1990,20,20,20,20,20,20,20,20,20,20
62423,1,1,1990,0,0,0,0,0,0,0,0,0,0
62423,2,1,1990,0,0,0,0,0,0,0,0,0,0
62424,1,1,1990,0,0,0,0,0,0,0,0,0,0
62424,2,1,1990,0,0,0,0,0,0,0,0,0,0
62425,1,1,1990,15,15,15,15,15,15,15,15,15,15
62426,1,1,1990,0,0,0,0,0,0,0,0,0,0
62426,2,1,1990,0,0,0,0,0,0,0,0,0,0
62426,3,1,1990,0,0,0,0,0,0,0,0,0,0
62426,4,1,1990,0,0,0,0,0,0,0,0,0,0
62426,5,1,1990,0,0,0,0,0,0,0,0,0,0
62427,1,1,1990,3,3,3,3,3,3,3,3,3,3
62428,1,1,1990,0,0,0,0,0,0,0,0,0,0
62428,2,1,1990,0,0,0,0,0,0,0,0,0,0
62429,1,1,1990,0,0,0,0,0,0,0,0,0,0
62429,2,1,1990,0,0,0,0,18,31,0,0,0,0
62430,1,1,1990,2,2,2,2,2,2,2,2,2,2
62431,1,1,1990,9,9,9,9,9,9,9,9,9,9
62432,1,1,1990,18,18,18,18,18,18,18,18,18,18
62432,2,1,1990,0,0,0,0,0,0,0,0,0,0
62433,1,1,1990,0,0,0,0,0,0,0,0,0,0
62434,1,1,1990,0,0,0,10,0,0,0,10,14,17
62435,1,1,1990,0,0,0,0,0,0,0,0,0,0
62436,1,1,1990,13,13,13,13,13,13,13,13,13,13
62437,0,1,1990,0,44,17,0,15,24,43,14,0,7
62437,1,1,1990,0,0,0,0,0,0,0,0,0,0
62438,1,1,1990,18,18,18,18,18,18,18,18,18,18
62439,1,1,1990,18,18,18,18,18,18,18,18,18,18
62440,1,1,1990,0,0,0,0,0,0,0,0,0,0
62440,2,1,1990,0,0,0,0,0,0,0,0,0,0
62440,3,1,1990,0,0,0,0,0,0,0,0,0,0
62441,1,1,1990,0,0,0,0,0,0,0,0,0,0
62441,2,1,1990,0,0,0,0,0,0,0,0,0,0
62441,3,1,1990,0,0,0,0,0,0,0,0,0,0
62441,4,1,1990,0,0,0,0,0,0,0,0,0,9
62441,5,1,1990,0,0,0,0,0,0,0,0,0,0
62442,0,1,1990,0,0,0,0,0,0,0,0,0,0
62442,1,1,1990,0,0,0,0,0,0,0,0,0,0
62443,1,1,1990,0,0,0,0,0,0,0,0,0,0
62444,1,1,1990,6,6,6,6,6,6,6,6,6,6
62445,1,1,1990,16,16,16,16,16,16,16,16,16,16
62446,1,1,1990,32,32,32,32,32,32,32,32,32,32
62446,2,1,1990,0,0,0,0,0,0,0,0,0,0
62447,1,1,1990,15,4,8,14,18,3,38,14,15,9
62447,2,1,1990,0,0,0,0,0,0,0,0,0,0
62448,1,1,1990,0,0,0,0,0,0,0,0,0,0
62448,2,1,1990,0,0,0,0,0,0,0,0,0,0
62449,0,1,1990,0,0,0,0,0,0,0,0,0,0
62449,1,1,1990,0,0,0,13,0,12,0,0,0,0
62450,0,1,1990,0,0,0,0,0,0,0,0,0,0
62450,1,1,1990,9,12,13,0,18,8,0,23,11,13
62450,2,1,1990,0,0,0,0,0,0,0,0,0,0
62451,1,1,1990,10,10,10,10,10,10,10,10,10,10
62452,1,1,1990,5,0,18,0,0,4,26,0,22,18
62453,1,1,1990,2,2,2,2,2,2,2,2,2,2
62453,2,1,1990,0,0,0,0,0,0,0,0,0,0
62454,1,1,1990,0,0,0,0,0,0,0,0,0,0
62455,0,1,1990,28,28,28,28,28,28,28,28,28,28
62455,1,1,1990,0,0,0,0,0,0,0,0,0,0
62456,0,1,1990,0,0,0,0,0,0,0,0,0,0
62456,1,1,1990,0,0,0,0,0,0,0,0,0,0
62457,1,1,1990,0,0,0,0,0,0,0,0,0,0
62457,2,1,1990,0,0,0,0,0,0,0,0,0,0
62458,0,1,1990,0,0,0,0,0,16,0,0,0,0
62458,1,1,1990,0,0,0,0,0,0,0,0,0,0
62459,1,1,1990,9,9,9,9,9,9,9,9,9,9
62459,2,1,1990,0,0,0,0,0,0,10,0,0,0
62460,1,1,1990,0,0,0,0,0,0,0,0,0,0
62460,2,1,1990,0,0,0,0,0,0,0,0,0,0
62461,0,1,1990,0,0,0,0,0,0,0,0,0,0
62461,1,1,1990,0,0,0,0,0,0,0,0,0,0
62462,1,1,1990,0,0,0,0,0,0,0,0,0,0
62463,0,2,1990,0,0,0,0,15,0,0,0,0,0
62463,1,1,1990,0,0,0,0,0,0,0,0,0,0
62464,1,1,1990,19,19,19,19,19,19,19,19,19,19
62465,1,1,1990,0,0,0,0,0,0,0,0,0,0
62465,2,1,1990,0,0,0,0,0,0,0,0,0,0
62466,1,1,1990,12,12,12,12,12,12,12,12,12,12
62466,2,1,1990,0,0,0,0,0,0,0,0,0,0
62467,0,1,1990,0,0,0,0,0,0,0,0,0,0
62467,0,2,1990,0,0,0,0,0,0,0,0,0,0
62467,1,1,1990,11,14,0,0,0,23,16,0,0,0
62468,0,1,1990,11,11,11,11,11,11,11,11,11,11
62468,1,1,1990,4,26,6,14,10,18,21,14,20,29
62468,2,1,1990,0,3,0,13,0,0,0,25,12,9
62469,1,1,1990,0,0,0,0,0,0,0,0,0,0
62469,2,1,1990,0,0,0,0,0,0,0,0,0,0
62470,1,1,1990,23,0,0,15,0,25,0,0,0,0
62471,1,1,1990,0,0,0,0,0,0,0,0,0,0
62471,2,1,1990,18,18,18,18,18,18,18,18,18,18
62472,1,1,1990,16,16,16,16,16,16,16,16,16,16
62472,2,1,1990,0,0,0,0,0,0,0,0,0,0
62473,1,1,1990,9,13,10,22,13,12,12,22,10,21
62474,1,1,1990,13,13,13,13,13,13,13,13,13,13
62474,2,1,1990,0,0,0,0,0,24,0,0,0,0
62475,0,1,1990,22,22,22,22,22,22,22,22,22,22
62475,1,1,1990,20,20,20,20,20,20,20,20,20,20
62476,1,1,1990,0,0,0,0,0,0,0,0,0,0
62476,2,1,1990,0,0,0,0,0,0,0,0,0,0
62477,0,1,1990,0,0,0,0,0,0,0,0,0,0
62477,1,1,1990,2,2,2,2,2,2,2,2,2,2
62478,0,1,1990,10,10,10,10,10,10,10,10,10,10
62478,1,1,1990,18,18,18,18,18,18,18,18,18,18
62479,1,1,1990,9,21,0,0,8,18,0,0,21,29
62479,2,1,1990,0,0,0,0,0,0,0,0,0,0
62480,0,1,1990,0,0,0,0,0,0,0,0,0,0
62480,0,2,1990,0,0,0,0,0,0,0,0,0,0
62480,0,3,1990,0,0,24,0,0,0,0,0,0,0
62480,1,1,1990,0,0,0,0,0,0,0,0,0,0
62481,1,1,1990,0,0,0,0,11,0,0,0,0,0
62482,0,1,1990,0,0,0,0,0,0,0,0,0,0
62482,1,1,1990,0,0,0,0,0,0,0,0,0,0
62483,0,1,1990,0,0,0,0,0,0,0,0,0,0
62483,0,2,1990,0,0,0,0,0,0,0,0,0,0
62483,1,1,1990,14,14,14,14,14,14,14,14,14,14
62484,1,1,1990,0,0,0,0,0,0,0,0,0,0
62484,2,1,1990,0,0,0,0,0,0,0,0,0,0
62485,1,1,1990,0,0,0,0,0,0,0,0,0,0
62485,2,1,1990,0,0,0,0,0,0,0,0,0,0
62486,1,1,1990,6,0,0,6,0,9,0,0,0,0
62486,2,1,1990,0,0,0,0,7,0,0,0,0,0
62486,3,1,1990,0,0,0,0,0,0,0,0,0,0
62486,4,1,1990,0,0,0,0,0,0,0,0,0,0
62487,0,1,1990,0,0,0,0,0,0,0,0,0,0
62487,1,1,1990,0,0,0,0,0,0,0,0,0,4
62488,1,1,1990,12,12,12,12,12,12,12,12,12,12
62489,1,1,1990,26,26,26,26,26,26,26,26,26,26
62490,1,1,1990,5,5,5,5,5,5,5,5,5,5
62491,0,1,1990,35,35,35,35,35,35,35,35,35,35
62491,1,1,1990,8,0,0,0,6,0,0,17,0,23
62492,0,1,1990,0,0,0,0,0,0,0,0,0,0
62492,1,1,1990,3,3,3,3,3,3,3,3,3,3
62493,1,1,1990,0,0,0,0,0,0,0,0,0,0
62493,2,1,1990,9,11,8,19,16,19,6,5,18,6
62493,3,1,1990,0,0,0,0,0,0,0,0,0,0
62494,1,1,1990,18,26,8,18,16,5,12,17,34,18
62495,0,1,1990,14,14,14,14,14,14,14,14,14,14
62495,1,1,1990,25,0,17,0,16,0,33,15,24,0
62496,1,1,1990,0,0,0,0,0,0,0,0,0,0
62496,2,1,1990,0,0,0,0,0,0,0,0,0,0
62497,1,1,1990,18,18,18,18,18,18,18,18,18,18
62497,2,1,1990,0,0,0,0,0,0,0,0,0,0
62497,3,1,1990,0,0,0,0,0,0,0,0,0,0
62498,1,1,1990,13,13,13,13,13,13,13,13,13,13
62498,2,1,1990,0,0,0,0,0,0,0,0,0,0
62499,0,1,1990,0,0,0,0,0,0,0,0,0,0
62499,1,1,1990,0,0,0,0,0,0,0,0,0,0
62500,0,1,1990,0,0,0,0,0,0,0,0,0,0
62500,0,2,1990,0,0,0,0,0,0,0,0,0,0
62500,1,1,1990,13,13,13,13,13,13,13,13,13,13
62501,1,1,1990,0,0,0,0,0,0,0,0,0,0
62501,2,1,1990,0,0,0,0,0,0,0,0,0,0
62502,0,1,1990,0,0,0,0,0,0,0,0,0,0
62502,0,2,1990,0,0,0,0,0,0,0,0,0,0
62502,1,1,1990,0,0,0,0,0,0,0,0,0,0
62503,1,1,1990,0,0,0,0,0,0,0,0,0,0
62503,2,1,1990,0,0,0,0,0,0,0,0,0,0
62504,0,1,1990,0,0,0,0,0,0,0,0,0,0
62504,1,1,1990,0,0,0,0,0,0,0,0,13,0
62505,1,1,1990,9,9,9,9,9,9,9,9,9,9
62506,1,1,1990,0,0,0,0,0,0,0,0,0,0
62506,2,1,1990,0,0,0,4,0,0,0,0,0,0
62507,1,1,1990,11,13,15,12,25,13,14,35,19,28
62509,1,1,1990,14,14,14,14,14,14,14,14,14,14
62510,1,1,1990,2,2,2,2,2,2,2,2,2,2
62510,2,1,1990,0,0,0,0,0,0,0,2,0,3
62510,3,1,1990,0,0,17,0,0,8,0,0,0,0
62511,0,1,1990,5,5,5,5,5,5,5,5,5,5
62511,1,1,1990,8,8,8,8,8,8,8,8,8,8
62512,0,1,1990,21,21,21,21,21,21,21,21,21,21
62512,1,1,1990,0,12,0,19,31,0,12,43,0,10
62513,0,1,1990,0,0,0,0,0,0,0,0,0,0
62513,1,1,1990,0,0,0,8,0,0,25,15,0,0
62514,0,1,1990,0,0,0,0,0,0,0,0,0,0
62514,1,1,1990,0,10,10,0,47,0,0,11,0,30
62515,1,1,1990,0,0,0,0,0,0,0,0,0,0
62515,2,1,1990,0,0,5,0,0,0,0,30,0,0
62516,1,1,1990,16,16,16,16,16,16,16,16,16,16
62517,1,1,1990,70,70,70,70,70,70,70,70,70,70
62517,2,1,1990,0,0,0,0,0,0,0,0,0,0
62518,1,1,1990,19,19,19,19,19,19,19,19,19,19
62518,2,1,1990,0,0,0,0,0,0,0,0,0,0
62518,3,1,1990,1,0,0,8,0,0,0,0,0,0
62519,0,1,1990,5,5,5,5,5,5,5,5,5,5
62519,1,1,1990,14,14,14,14,14,14,14,14,14,14
62519,2,1,1990,0,9,0,21,0,0,12,3,0,0
62519,3,1,1990,17,26,4,19,17,17,9,20,10,0
62519,4,1,1990,14,0,0,0,0,0,0,0,0,0
62519,5,1,1990,0,0,0,0,0,0,0,0,0,0
62520,1,1,1990,29,14,14,24,27,16,33,9,25,27
62521,1,1,1990,19,19,19,19,19,19,19,19,19,19
62522,0,1,1990,0,0,0,0,0,0,0,0,0,0
62522,1,1,1990,15,0,0,0,29,15,14,21,14,30
62523,1,1,1990,0,0,0,0,0,0,0,0,0,0
62523,2,1,1990,10,0,0,0,0,0,0,0,0,0
62524,0,1,1990,0,0,0,0,0,0,0,0,0,0
62524,1,1,1990,25,0,0,0,0,0,0,0,0,0
62525,1,1,1990,2,2,2,2,2,2,2,2,2,2
62525,2,1,1990,0,0,0,0,0,0,0,0,0,0
62526,1,1,1990,0,0,0,0,0,0,0,0,0,0
62526,2,1,1990,0,0,0,0,0,0,0,27,0,0
62526,3,1,1990,0,0,0,0,0,0,0,0,0,0
62527,1,1,1990,10,10,10,10,10,10,10,10,10,10
62528,1,1,1990,0,0,0,0,0,0,0,0,0,0
62529,1,1,1990,0,0,0,0,0,0,0,0,0,0
62530,1,1,1990,0,0,0,0,0,0,0,0,0,0
62530,2,1,1990,0,0,0,0,0,0,0,0,0,0
62531,1,1,1990,14,14,14,14,14,14,14,14,14,14
62531,2,1,1990,0,0,0,0,0,0,0,0,0,0
62531,3,1,1990,0,0,0,0,0,0,0,0,0,0
62531,4,1,1990,0,0,0,0,0,0,0,0,0,0
62531,5,1,1990,0,0,0,0,0,0,0,0,0,0
62531,6,1,1990,0,0,0,0,0,0,0,0,0,0
62531,7,1,1990,0,0,0,0,11,0,0,14,0,0
62532,1,1,1990,0,0,0,0,0,0,0,0,0,0
62533,1,1,1990,16,16,16,16,16,16,16,16,16,16
62534,1,1,1990,0,0,0,0,0,0,0,0,0,0
62535,1,1,1990,0,0,0,0,0,0,0,0,0,0
62535,2,1,1990,0,0,0,0,0,0,0,0,0,0
62536,1,1,1990,0,0,0,0,0,0,0,0,0,0
62536,2,1,1990,2,2,2,2,2,2,2,2,2,2
62537,1,1,1990,0,0,0,0,0,0,0,0,0,0
62538,1,1,1990,0,0,0,0,0,0,0,0,0,0
62538,2,1,1990,0,0,0,0,0,0,0,12,0,0
62539,1,1,1990,0,0,0,0,0,0,0,0,0,0
62539,2,1,1990,0,0,0,29,14,32,8,26,10,18
62540,1,1,1990,0,0,0,0,0,0,0,0,0,0
62540,2,1,1990,0,0,0,0,0,0,0,0,0,0
62541,1,1,1990,0,0,0,0,0,0,0,0,0,0
62541,2,1,1990,0,0,0,0,0,0,0,0,0,0
62542,0,1,1990,0,0,0,0,0,0,0,0,0,0
62542,1,1,1990,0,0,0,0,0,0,0,0,0,0
62543,0,1,1990,0,0,0,0,0,0,0,0,0,0
62543,1,1,1990,0,0,0,0,0,0,0,0,0,0
62544,1,1,1990,0,0,0,0,0,0,0,0,0,0
62545,1,1,1990,11,11,11,11,11,11,11,11,11,11
62546,1,1,1990,0,0,0,0,0,0,0,0,0,0
62546,2,1,1990,0,13,8,0,0,0,0,0,0,0
62547,1,1,1990,0,0,0,0,0,0,0,0,0,0
62548,0,1,1990,0,0,0,0,0,0,0,0,0,0
62548,1,1,1990,0,0,0,0,0,0,0,0,0,14
62549,1,1,1990,0,0,0,0,0,0,0,0,0,0
62549,2,1,1990,0,0,0,0,0,0,0,0,0,0
62550,1,1,1990,0,17,0,8,0,0,13,0,0,0
62551,1,1,1990,0,0,0,19,0,0,12,0,0,0
62552,0,1,1990,1,1,1,1,1,1,1,1,1,1
62552,1,1,1990,0,0,0,0,0,0,0,0,0,0
62552,2,1,1990,0,0,0,8,0,0,0,0,0,0
62553,1,1,1990,0,0,0,0,0,0,0,0,0,0
62554,1,1,1990,9,9,9,9,9,9,9,9,9,9
62554,2,1,1990,0,0,7,0,0,0,0,0,0,0
62555,1,1,1990,18,18,18,18,18,18,18,18,18,18
62555,2,1,1990,27,18,14,23,11,19,13,11,16,9
62555,3,1,1990,0,0,0,15,0,0,0,0,0,0
62556,1,1,1990,0,0,12,0,0,0,0,0,0,12
62556,2,1,1990,0,0,0,0,0,0,0,0,0,0
62557,1,1,1990,12,12,12,12,12,12,12,12,12,12
62557,2,1,1990,0,0,0,0,0,0,0,0,0,0
62558,1,1,1990,13,10,0,8,15,11,23,17,14,8
62559,1,1,1990,0,0,0,0,0,0,0,0,0,0
62560,1,1,1990,0,0,0,0,0,0,0,0,0,0
62560,2,1,1990,0,0,0,0,0,0,0,0,0,0
62561,0,1,1990,31,31,31,31,31,31,31,31,31,31
62561,1,1,1990,0,0,17,0,0,0,0,0,0,0
62562,0,1,1990,0,0,0,0,0,0,0,0,0,0
62562,1,1,1990,12,13,0,0,0,0,0,16,0,0
62563,1,1,1990,7,7,7,7,7,7,7,7,7,7
62564,1,1,1990,15,15,15,15,15,15,15,15,15,15
62565,0,1,1990,0,0,0,0,0,0,0,0,0,0
62565,1,1,1990,0,0,0,0,0,0,0,0,0,0
62566,1,1,1990,23,23,23,23,23,23,23,23,23,23
62567,1,1,1990,18,18,18,18,18,18,18,18,18,18
62567,2,1,1990,0,0,0,0,0,0,0,0,0,0
62568,1,1,1990,12,12,12,12,12,12,12,12,12,12
62568,2,1,1990,0,0,0,0,0,0,0,0,0,19
62569,1,1,1990,0,0,0,0,18,0,16,14,0,0
62569,2,1,1990,0,0,0,0,0,24,0,0,0,0
62570,1,1,1990,13,13,13,13,13,13,13,13,13,13
62571,1,1,1990,0,0,0,0,0,0,0,0,0,0
62572,1,1,1990,27,27,27,27,27,27,27,27,27,27
62573,0,1,1990,0,0,0,0,0,0,0,0,0,0
62573,1,1,1990,19,19,0,37,9,24,0,0,8,17
62574,1,1,1990,0,0,0,0,0,0,0,0,0,0
62574,2,1,1990,0,0,0,0,0,0,0,0,0,0
62574,3,1,1990,0,0,0,0,0,0,0,0,0,0
62575,0,1,1990,0,0,0,0,0,0,0,0,0,0
62575,1,1,1990,0,0,0,0,0,0,0,0,0,0
62576,1,1,1990,27,27,27,27,27,27,27,27,27,27
62577,1,1,1990,0,0,0,0,0,0,0,0,0,0
62577,2,1,1990,0,0,0,0,0,0,0,0,0,0
62578,1,1,1990,18,18,18,18,18,18,18,18,18,18
62578,2,1,1990,0,0,0,0,0,0,0,9,0,0
62578,3,1,1990,0,20,19,14,0,0,10,0,5,0
62579,1,1,1990,0,0,0,0,0,0,0,0,0,0
62580,1,1,1990,0,0,0,0,0,0,0,0,0,0
62580,2,1,1990,0,0,23,14,0,0,0,0,0,0
62580,3,1,1990,0,0,0,0,0,0,0,0,0,0
62581,1,1,1990,0,7,0,0,0,0,0,19,0,0
62581,2,1,1990,0,0,0,0,0,0,0,0,0,0
62582,1,1,1990,0,0,0,0,0,0,0,0,0,0
62582,2,1,1990,18,18,18,18,18,18,18,18,18,18
62583,0,1,1990,11,11,11,11,11,11,11,11,11,11
62583,1,1,1990,0,0,0,0,0,0,0,0,0,0
62584,0,1,1990,0,0,0,0,0,0,0,0,0,0
62584,1,1,1990,0,0,0,0,0,0,11,0,0,0
62585,1,1,1990,0,0,0,0,0,0,0,0,0,0
62586,1,1,1990,0,0,0,0,0,0,0,0,0,0
62586,2,1,1990,0,0,0,0,0,0,0,0,0,0
62587,1,1,1990,6,0,0,0,0,0,0,0,0,0
62588,1,1,1990,0,0,0,0,11,0,0,0,0,0
62588,2,1,1990,0,0,0,0,0,0,0,0,0,0
62589,1,1,1990,0,0,0,0,10,0,0,27,18,13
62589,2,1,1990,0,0,0,0,0,0,15,0,0,4
62590,1,1,1990,0,0,0,0,0,0,0,0,0,0
62590,2,1,1990,0,0,0,0,0,0,0,0,0,0
62591,1,1,1990,0,0,0,0,0,0,0,0,0,0
62592,1,1,1990,0,0,0,0,0,0,0,0,0,0
62592,2,1,1990,0,0,0,0,0,0,0,0,0,0
62593,0,1,1990,0,0,0,0,0,0,0,0,0,0
62593,1,1,1990,0,0,0,0,0,0,0,0,0,0
62594,1,1,1990,0,0,0,0,0,12,0,8,0,6
62594,2,1,1990,0,0,8,34,0,0,0,0,0,0
62594,3,1,1990,0,0,0,0,0,0,0,0,0,0
62595,1,1,1990,0,0,0,0,0,0,0,0,0,0
62595,2,1,1990,0,14,0,0,0,0,0,0,0,0
62595,3,1,1990,0,0,0,0,0,0,0,0,0,0
62595,4,1,1990,0,0,0,0,0,0,0,0,0,0
62596,1,1,1990,0,0,0,0,0,0,0,0,0,0
62598,1,1,1990,0,0,0,0,0,0,0,0,0,0
62599,0,1,1990,0,0,0,0,0,0,0,0,0,0