ST_CASE,VEH_NO,PER_NO,YEAR,P1,P2,P3,P4,P5,P6,P7,P8,P9,P10
62881,2,1,1990,0,0,0,0,0,0,0,0,0,0
62882,1,1,1990,0,0,0,0,0,0,0,0,0,0
62882,2,1,1990,0,0,0,0,0,0,0,0,0,20
62883,0,1,1990,0,0,0,0,0,0,0,0,0,0
62883,1,1,1990,5,13,8,23,10,4,12,8,16,18
62884,0,1,1990,0,0,0,0,0,0,0,0,0,0
62884,1,1,1990,22,22,22,22,22,22,22,22,22,22
62885,1,1,1990,0,0,0,0,0,0,0,0,0,0
62885,2,1,1990,0,0,0,0,0,0,0,0,0,0
62886,1,1,1990,0,0,25,0,0,0,0,0,0,0
62886,2,1,1990,0,0,0,0,0,0,0,0,0,0
62887,1,1,1990,23,23,23,23,23,23,23,23,23,23
62887,2,1,1990,0,0,0,0,0,0,0,0,0,0
62887,3,1,1990,0,0,0,0,0,18,3,0,5,0
62888,1,1,1990,18,18,18,18,18,18,18,18,18,18
62889,1,1,1990,0,0,0,0,0,0,0,0,0,0
62889,2,1,1990,0,0,0,0,0,0,0,0,0,0
62890,1,1,1990,18,18,18,18,18,18,18,18,18,18
62891,1,1,1990,0,0,0,0,0,0,0,0,0,0
62891,2,1,1990,0,0,0,0,0,0,0,0,0,0
62891,3,1,1990,0,0,0,0,0,0,0,0,0,0
62892,1,1,1990,15,15,15,15,15,15,15,15,15,15
62893,1,1,1990,18,18,18,18,18,18,18,18,18,18
62893,2,1,1990,0,0,0,0,0,0,0,0,0,0
62894,1,1,1990,2,2,2,2,2,2,2,2,2,2
62895,1,1,1990,19,19,19,19,19,19,19,19,19,19
62896,1,1,1990,0,0,0,0,0,0,0,0,0,0
62896,2,1,1990,0,0,0,0,0,0,0,0,0,0
62897,0,1,1990,0,0,0,0,0,0,0,0,0,0
62897,1,1,1990,0,0,0,0,0,0,0,0,0,12
62898,1,1,1990,0,16,0,0,0,0,0,0,0,0
62898,2,1,1990,13,13,13,13,13,13,13,13,13,13
62899,1,1,1990,12,12,12,12,12,12,12,12,12,12
62900,1,1,1990,20,20,20,20,20,20,20,20,20,20
62900,2,1,1990,0,0,8,0,0,0,0,0,0,0
62901,1,1,1990,14,14,14,14,14,14,14,14,14,14
62902,0,1,1990,29,29,29,29,29,29,29,29,29,29
62902,1,1,1990,9,9,9,9,9,9,9,9,9,9
62903,1,1,1990,0,0,0,0,0,0,0,0,0,0
62903,2,1,1990,0,0,0,0,0,0,0,14,0,0
62903,3,1,1990,0,0,9,0,0,0,0,0,0,0
62904,1,1,1990,23,23,23,23,23,23,23,23,23,23
62905,1,1,1990,0,0,0,0,0,0,0,0,0,0
62905,2,1,1990,0,0,0,0,0,0,0,0,0,0
62906,0,1,1990,0,0,0,0,0,0,0,0,0,0
62906,1,1,1990,7,7,7,7,7,7,7,7,7,7
62907,1,1,1990,24,24,24,24,24,24,24,24,24,24
62908,1,1,1990,0,0,0,0,0,0,0,0,0,0
62909,0,1,1990,20,20,20,20,20,20,20,20,20,20
62909,1,1,1990,0,18,22,15,0,0,0,0,0,23
62910,0,1,1990,29,20,0,0,25,0,0,0,0,22
62910,1,1,1990,0,0,0,0,0,0,0,11,0,0
62911,1,1,1990,17,17,17,17,17,17,17,17,17,17
62911,2,1,1990,0,0,0,0,0,0,0,0,0,0
62912,0,1,1990,25,25,25,25,25,25,25,25,25,25
62912,1,1,1990,0,0,0,0,4,0,16,0,0,0
62913,1,1,1990,0,0,0,0,6,0,0,0,0,0
62914,1,1,1990,0,0,0,0,0,0,0,0,0,0
62915,1,1,1990,0,0,0,0,0,0,0,0,12,0
62915,2,1,1990,0,0,0,0,0,0,0,0,0,0
62916,1,1,1990,0,0,0,0,0,0,0,0,0,0
62917,1,1,1990,0,0,0,0,0,0,0,0,0,0
62917,2,1,1990,0,0,0,0,0,0,0,0,0,0
62917,3,1,1990,0,0,0,0,0,0,0,0,0,0
62918,1,1,1990,11,11,11,11,11,11,11,11,11,11
62919,1,1,1990,9,9,9,9,9,9,9,9,9,9
62920,1,1,1990,4,4,4,4,4,4,4,4,4,4
62921,1,1,1990,0,0,0,0,0,0,0,0,0,0
62921,2,1,1990,0,0,0,0,0,0,0,0,0,0
62922,0,1,1990,0,0,0,0,0,0,0,0,0,0
62922,1,1,1990,0,0,0,0,0,0,7,0,0,0
62923,1,1,1990,19,19,19,19,19,19,19,19,19,19
62924,0,1,1990,0,0,0,14,0,23,0,8,0,0
62924,1,1,1990,0,0,0,0,0,0,0,0,0,0
62925,1,1,1990,20,20,20,20,20,20,20,20,20,20
62926,1,1,1990,18,18,18,18,18,18,18,18,18,18
62926,2,1,1990,0,0,0,0,15,0,0,0,0,0
62927,1,1,1990,17,17,17,17,17,17,17,17,17,17
62928,0,1,1990,0,0,0,0,0,0,0,0,0,0
62928,0,2,1990,38,11,22,36,23,26,22,0,22,0
62928,1,1,1990,15,9,0,16,12,15,0,0,16,0
62929,1,1,1990,17,17,17,17,17,17,17,17,17,17
62930,1,1,1990,0,0,0,0,0,0,0,0,0,0
62930,2,1,1990,0,0,0,0,0,0,0,0,0,0
62931,0,1,1990,2,2,2,2,2,2,2,2,2,2
62931,0,2,1990,0,19,0,0,28,0,0,0,0,0
62931,0,3,1990,0,0,0,0,11,22,17,0,0,0
62931,1,1,1990,3,3,3,3,3,3,3,3,3,3
62932,1,1,1990,0,0,0,0,0,0,0,0,0,0
62932,2,1,1990,18,18,18,18,18,18,18,18,18,18
62932,3,1,1990,0,0,0,0,0,0,0,0,0,0
62933,1,1,1990,20,20,20,20,20,20,20,20,20,20
62934,0,1,1990,0,0,0,0,0,0,0,0,0,0
62934,1,1,1990,0,0,0,0,0,0,0,0,0,0
62935,1,1,1990,0,0,0,0,0,0,0,0,0,0
62936,1,1,1990,7,7,7,7,7,7,7,7,7,7
62937,1,1,1990,39,39,39,39,39,39,39,39,39,39
62937,2,1,1990,0,0,0,0,0,8,0,0,0,0
62937,3,1,1990,0,0,0,4,0,0,0,0,14,0
62938,1,1,1990,0,0,0,0,0,0,0,0,0,10
62938,2,1,1990,0,0,0,0,0,0,0,0,0,0
62939,1,1,1990,23,23,23,23,23,23,23,23,23,23
62939,2,1,1990,0,0,0,19,0,0,0,0,0,0
62940,0,1,1990,13,13,13,13,13,13,13,13,13,13
62940,1,1,1990,0,0,18,0,0,0,0,0,0,0
62941,1,1,1990,0,0,0,0,0,0,0,0,0,0
62942,1,1,1990,23,23,23,23,23,23,23,23,23,23
62943,1,1,1990,0,0,0,0,0,0,0,0,0,0
62943,2,1,1990,0,0,0,0,0,0,0,0,0,0
62944,1,1,1990,0,0,0,0,0,0,0,0,0,0
62945,1,1,1990,0,0,0,0,0,0,0,0,0,0
62945,2,1,1990,0,0,0,0,0,0,0,0,0,0
62946,1,1,1990,15,15,15,15,15,15,15,15,15,15
62946,2,1,1990,0,0,0,0,0,0,0,0,0,0
62947,1,1,1990,16,16,16,16,16,16,16,16,16,16
62948,1,1,1990,16,16,16,16,16,16,16,16,16,16
62948,2,1,1990,0,0,0,0,0,0,0,0,0,0
62949,1,1,1990,17,17,17,17,17,17,17,17,17,17
62950,1,1,1990,17,17,17,17,17,17,17,17,17,17
62950,2,1,1990,29,22,0,0,5,7,12,12,15,10
62951,1,1,1990,19,19,19,19,19,19,19,19,19,19
62952,1,1,1990,0,27,0,0,0,11,0,0,0,0
62953,1,1,1990,0,0,0,0,0,0,0,0,0,0
62954,1,1,1990,0,0,0,0,0,0,0,0,0,0
62955,1,1,1990,24,31,0,30,0,12,8,18,6,0
62956,1,1,1990,0,0,0,0,0,0,0,0,0,0
62957,1,1,1990,29,29,29,29,29,29,29,29,29,29
62958,1,1,1990,13,13,13,13,13,13,13,13,13,13
62959,0,1,1990,2,2,2,2,2,2,2,2,2,2
62959,1,1,1990,0,0,0,0,0,0,0,0,0,0
62960,1,1,1990,20,20,20,20,20,20,20,20,20,20
62961,1,1,1990,24,24,24,24,24,24,24,24,24,24
62962,0,1,1990,26,18,0,25,19,42,21,0,0,21
62962,1,1,1990,0,0,0,0,0,0,0,0,0,0
62963,0,1,1990,12,12,12,12,12,12,12,12,12,12
62963,1,1,1990,0,0,0,0,0,0,0,0,0,14
62964,1,1,1990,0,0,0,0,0,0,0,0,0,0
62965,1,1,1990,24,24,24,24,24,24,24,24,24,24
62965,2,1,1990,0,0,0,0,0,0,0,0,0,0
62965,3,1,1990,0,0,0,0,0,0,0,0,0,0
62965,4,1,1990,0,0,10,0,5,0,0,0,0,0
62966,1,1,1990,7,7,7,7,7,7,7,7,7,7
62966,2,1,1990,7,0,0,0,0,9,7,0,0,15
62967,0,1,1990,0,0,0,0,0,0,0,0,0,0
62967,1,1,1990,0,0,0,0,0,0,0,0,0,9
62968,1,1,1990,24,24,24,24,24,24,24,24,24,24
62969,1,1,1990,0,0,0,0,0,0,0,0,0,0
62969,2,1,1990,0,0,0,0,0,0,0,0,4,0
62970,0,1,1990,25,18,12,0,16,16,0,0,38,22
62970,0,2,1990,22,13,18,0,13,0,0,0,0,0
62970,0,3,1990,0,0,0,15,0,0,0,0,0,17
62970,0,4,1990,0,9,0,17,0,0,25,0,0,0
62970,0,5,1990,0,13,0,14,8,16,0,9,17,24
62970,0,6,1990,0,0,0,0,0,0,0,0,0,0
62970,1,1,1990,0,0,0,0,0,0,0,25,0,5
62970,2,1,1990,0,0,0,0,0,0,0,0,0,0
62971,1,1,1990,0,0,0,0,0,0,0,0,0,0
62972,1,1,1990,6,6,6,6,6,6,6,6,6,6
62973,0,1,1990,10,0,3,0,0,0,0,0,0,28
62974,1,1,1990,0,0,0,0,0,0,0,0,0,0
62974,2,1,1990,0,0,0,0,0,0,0,0,0,0
62974,3,1,1990,0,0,0,0,0,0,0,0,0,0
62974,4,1,1990,8,0,0,0,0,0,0,0,0,13
62975,1,1,1990,12,0,0,0,0,0,0,0,0,0
62975,2,1,1990,0,0,0,0,0,0,0,0,0,0
62976,1,1,1990,0,0,0,0,0,0,0,0,0,0
62977,1,1,1990,26,26,26,26,26,26,26,26,26,26
62977,2,1,1990,0,0,0,0,0,0,26,0,0,0
62978,1,1,1990,19,19,19,19,19,19,19,19,19,19
62979,0,1,1990,22,22,22,22,22,22,22,22,22,22
62979,1,1,1990,0,23,0,0,0,16,0,8,0,14
62980,1,1,1990,16,16,16,16,16,16,16,16,16,16
62980,2,1,1990,0,0,0,0,0,0,0,0,0,0
62981,1,1,1990,0,0,0,0,0,0,0,0,0,0
62981,2,1,1990,0,0,0,0,0,0,0,0,0,0
62981,3,1,1990,0,0,0,0,0,0,0,0,0,0
62981,4,1,1990,0,10,11,0,0,4,0,0,0,0
62982,0,1,1990,0,0,0,0,0,0,0,0,0,0
62982,1,1,1990,0,0,0,0,0,0,0,0,0,0
62983,1,1,1990,0,0,0,0,0,0,0,0,0,0
62984,1,1,1990,0,0,0,0,0,0,0,0,0,0
62985,0,2,1990,0,0,0,0,0,0,0,0,0,0
62985,0,3,1990,19,27,42,0,5,31,21,20,20,20
62985,0,4,1990,0,0,0,0,0,0,8,0,7,0
62985,1,1,1990,0,0,24,0,17,17,0,0,0,0
62986,1,1,1990,0,0,0,0,0,0,0,0,0,0
62987,0,1,1990,0,0,0,0,0,0,0,0,0,0
62987,1,1,1990,0,0,0,0,0,0,0,0,0,0
62988,1,1,1990,0,0,0,0,0,0,0,0,0,0
62988,2,1,1990,0,0,0,0,0,0,0,0,0,0
62989,1,1,1990,0,0,0,0,0,0,0,0,0,0
62989,2,1,1990,0,0,0,0,0,0,0,0,0,0
62989,3,1,1990,0,0,0,0,0,0,0,0,0,0
62990,1,1,1990,0,0,0,0,0,0,0,0,0,0
62990,2,1,1990,0,0,0,0,0,0,0,0,0,0
62991,1,1,1990,0,0,0,0,0,0,0,0,0,0
62992,1,1,1990,21,21,21,21,21,21,21,21,21,21
62993,1,1,1990,40,40,40,40,40,40,40,40,40,40
62993,2,1,1990,0,0,24,0,0,0,0,0,0,0
62994,1,1,1990,9,9,9,9,9,9,9,9,9,9
62995,0,1,1990,19,0,12,8,15,0,0,0,0,0
62995,0,2,1990,21,9,0,21,25,0,0,18,13,30
62995,1,1,1990,8,20,18,36,16,13,19,12,17,21
62996,1,1,1990,0,0,0,0,0,0,0,0,0,0
62996,2,1,1990,0,0,0,0,0,0,0,0,0,0
62996,3,1,1990,0,0,0,0,0,0,0,0,0,0
62996,4,1,1990,0,0,0,0,0,0,0,0,0,0
62997,1,1,1990,0,0,0,0,0,0,0,0,0,0
62998,1,1,1990,0,0,0,0,0,0,0,0,0,0
62998,2,1,1990,0,0,0,0,0,0,0,0,0,0
62999,1,1,1990,14,14,14,14,14,14,14,14,14,14
62999,2,1,1990,0,0,0,0,0,0,0,0,0,0
63000,0,1,1990,0,0,0,0,0,0,0,0,0,0
63000,1,1,1990,0,0,0,0,0,0,12,0,0,24
63001,1,1,1990,5,5,14,0,0,16,0,9,0,0
63001,2,1,1990,6,6,6,6,6,6,6,6,6,6
63001,3,1,1990,0,6,0,0,0,0,0,0,0,0
63002,1,1,1990,2,2,2,2,2,2,2,2,2,2
63003,1,1,1990,19,19,19,19,19,19,19,19,19,19
63003,2,1,1990,0,0,0,0,0,0,0,0,0,0
63004,1,1,1990,0,3,6,11,9,13,0,0,18,0
63005,1,1,1990,24,24,24,24,24,24,24,24,24,24
63006,0,1,1990,0,0,0,0,0,0,0,0,0,0
63006,1,1,1990,0,0,0,0,0,0,0,0,0,0
63007,1,1,1990,0,0,0,0,0,0,0,0,0,0
63007,2,1,1990,0,0,0,0,0,0,0,0,0,0
63008,1,1,1990,0,0,0,0,0,0,0,0,0,0
63008,2,1,1990,0,0,0,0,0,0,0,0,0,0
63009,1,1,1990,26,26,26,26,26,26,26,26,26,26
63009,2,1,1990,0,0,0,0,0,0,0,0,0,0
63010,1,1,1990,0,0,0,0,0,0,0,0,0,0
63011,0,1,1990,21,9,27,30,10,25,20,19,21,18
63011,1,1,1990,0,0,0,0,0,0,11,0,0,0
63011,2,1,1990,0,0,0,0,0,0,6,0,0,9
63012,1,1,1990,28,28,28,28,28,28,28,28,28,28
63012,2,1,1990,0,0,0,0,0,0,0,0,0,0
63012,3,1,1990,0,0,12,0,0,0,0,0,0,0
63013,1,1,1990,25,25,25,25,25,25,25,25,25,25
63014,1,1,1990,11,0,13,3,27,20,12,4,6,20
63015,0,1,1990,28,22,6,0,3,22,0,0,0,19
63015,1,1,1990,0,5,23,18,14,7,0,18,0,19
63016,1,1,1990,13,13,13,13,13,13,13,13,13,13
63017,1,1,1990,2,2,2,2,2,2,2,2,2,2
63017,2,1,1990,0,0,0,0,0,0,0,0,0,0
63018,1,1,1990,17,17,17,17,17,17,17,17,17,17
63018,2,1,1990,0,0,0,0,0,0,0,0,0,0
63018,3,1,1990,0,0,0,0,0,0,0,0,0,0
63018,4,1,1990,0,0,0,7,0,0,0,0,0,0
63019,1,1,1990,4,4,4,4,4,4,4,4,4,4
63020,1,1,1990,20,20,20,20,20,20,20,20,20,20
63021,0,1,1990,17,10,35,42,12,31,0,7,40,21
63021,1,1,1990,0,0,7,0,0,0,0,0,13,0
63022,1,1,1990,13,13,13,13,13,13,13,13,13,13
63023,0,1,1990,0,0,0,0,0,0,0,0,0,0
63023,0,2,1990,34,14,0,0,0,0,6,0,0,0
63023,1,1,1990,21,21,21,21,21,21,21,21,21,21
63024,1,1,1990,0,0,0,0,0,0,0,0,0,0
63025,1,1,1990,26,26,26,26,26,26,26,26,26,26
63026,1,1,1990,5,5,5,5,5,5,5,5,5,5
63027,1,1,1990,16,16,16,16,16,16,16,16,16,16
63027,2,1,1990,0,8,0,0,0,0,0,0,0,0
63028,1,1,1990,0,0,0,0,0,0,0,0,0,0
63028,2,1,1990,0,0,0,0,0,0,0,0,0,0
63029,1,1,1990,4,4,4,4,4,4,4,4,4,4
63029,2,1,1990,7,7,7,7,7,7,7,7,7,7
63029,3,1,1990,8,8,8,8,8,8,8,8,8,8
63030,1,1,1990,0,0,0,0,0,0,0,0,0,0
63030,2,1,1990,0,0,0,0,0,0,0,0,0,0
63031,0,1,1990,0,0,0,0,0,0,0,0,0,0
63031,1,1,1990,0,0,0,0,0,0,0,0,0,0
63032,1,1,1990,0,0,0,0,0,0,0,0,0,0
63032,2,1,1990,0,0,0,0,0,0,0,0,0,0
63033,1,1,1990,5,5,5,5,5,5,5,5,5,5
63033,2,1,1990,0,0,0,0,0,0,0,0,0,0
63034,1,1,1990,35,35,35,35,35,35,35,35,35,35
63035,1,1,1990,0,0,0,0,0,0,0,0,0,0
63036,0,1,1990,30,30,30,30,30,30,30,30,30,30
63036,1,1,1990,10,25,0,7,10,13,17,2,21,5
63037,1,1,1990,0,0,0,0,0,0,0,0,0,0
63038,1,1,1990,0,0,0,0,0,0,0,0,0,0
63038,2,1,1990,15,15,15,15,15,15,15,15,15,15
63039,1,1,1990,0,0,0,0,0,0,0,0,0,0
63039,2,1,1990,0,0,0,0,0,0,0,0,0,0
63040,1,1,1990,35,35,35,35,35,35,35,35,35,35
63040,2,1,1990,0,0,0,0,0,0,0,0,5,0
63041,1,1,1990,0,0,0,0,0,30,28,0,0,0
63042,1,1,1990,0,0,0,0,0,0,0,0,0,0
63043,1,1,1990,7,7,7,7,7,7,7,7,7,7
63044,1,1,1990,16,6,6,15,10,17,5,4,2,11
63044,2,1,1990,4,4,4,4,4,4,4,4,4,4
63045,1,1,1990,16,16,16,16,16,16,16,16,16,16
63046,0,2,1990,10,10,10,10,10,10,10,10,10,10
63046,1,1,1990,1,1,1,1,1,1,1,1,1,1
63047,1,1,1990,0,0,0,0,0,0,0,0,0,0
63048,1,1,1990,0,0,0,0,0,0,0,0,0,0
63049,1,1,1990,11,11,11,11,11,11,11,11,11,11
63050,1,1,1990,7,7,7,7,7,7,7,7,7,7
63051,1,1,1990,17,17,17,17,17,17,17,17,17,17
63052,1,1,1990,15,15,15,15,15,15,15,15,15,15
63053,1,1,1990,15,15,15,15,15,15,15,15,15,15
63054,1,1,1990,8,15,22,0,10,0,0,23,10,14
63055,1,1,1990,12,12,12,12,12,12,12,12,12,12
63055,2,1,1990,3,3,3,3,3,3,3,3,3,3
63056,1,1,1990,10,10,10,10,10,10,10,10,10,10
63056,2,1,1990,0,0,0,0,0,0,0,0,0,0
63057,1,1,1990,0,0,0,0,0,0,0,0,0,0
63057,2,1,1990,0,0,0,0,0,0,0,0,0,0
63058,1,1,1990,0,0,0,0,0,0,0,0,0,0
63059,1,1,1990,0,0,0,0,0,0,0,0,0,0
63059,2,1,1990,0,0,0,0,0,0,0,0,0,0
63060,1,1,1990,0,0,0,0,0,0,0,0,0,0
63060,2,1,1990,0,0,0,0,0,0,0,0,0,0
63061,1,1,1990,0,0,0,0,0,0,0,0,0,0
63062,1,1,1990,14,14,14,14,14,14,14,14,14,14
63062,2,1,1990,4,9,0,24,0,12,0,0,0,0
63063,1,1,1990,0,0,0,0,0,0,0,0,0,0
63064,1,1,1990,0,0,0,0,0,0,0,0,0,0
63064,2,1,1990,0,0,0,0,0,0,0,0,0,0
63065,1,1,1990,16,16,16,16,16,16,16,16,16,16
63066,1,1,1990,0,0,0,0,0,0,0,0,0,0
63067,1,1,1990,0,0,0,0,0,0,0,0,0,0
63067,2,1,1990,0,0,0,0,0,0,0,0,0,0
63068,1,1,1990,10,10,10,10,10,10,10,10,10,10
63069,1,1,1990,0,0,0,0,0,0,0,0,0,0
63069,2,1,1990,0,0,0,0,0,0,0,0,0,0
63070,1,1,1990,6,6,6,6,6,6,6,6,6,6
63071,1,1,1990,0,0,0,0,0,0,0,0,5,0
63071,2,1,1990,0,0,0,0,0,0,16,0,0,0
63072,0,1,1990,0,0,0,0,0,0,0,0,0,0
63072,1,1,1990,0,0,0,0,0,0,0,0,0,0
63073,1,1,1990,0,0,0,0,0,0,0,0,0,0
63073,2,1,1990,0,0,0,0,0,0,0,0,0,0
63074,1,1,1990,0,0,0,0,0,0,0,0,0,0
63074,2,1,1990,0,0,0,0,0,0,0,0,0,0
63074,3,1,1990,0,0,0,0,0,0,0,0,0,0
63075,1,1,1990,17,7,16,11,16,10,12,17,14,12
63076,1,1,1990,2,2,2,2,2,2,2,2,2,2
63077,1,1,1990,20,41,23,5,34,0,33,14,17,21
63078,1,1,1990,0,0,0,0,0,0,0,0,0,0
63078,2,1,1990,0,0,0,0,0,0,0,0,0,0
63078,3,1,1990,0,0,0,0,0,0,0,0,0,0
63078,4,1,1990,0,0,0,0,0,0,0,0,0,0
63079,0,1,1990,0,28,0,0,0,0,0,0,0,39
63079,1,1,1990,0,0,0,0,5,0,0,0,0,0
63080,1,1,1990,0,0,0,0,0,0,0,0,0,0
63080,2,1,1990,0,0,14,0,0,0,7,0,0,7
63081,0,1,1990,19,19,19,19,19,19,19,19,19,19
63081,1,1,1990,0,0,0,0,0,0,0,0,0,0
63082,1,1,1990,15,15,15,15,15,15,15,15,15,15
63083,1,1,1990,12,12,12,12,12,12,12,12,12,12
63084,1,1,1990,0,0,0,0,0,15,0,0,0,0
63085,0,1,1990,0,12,0,0,15,0,0,0,0,0
63085,0,2,1990,0,0,0,0,0,0,0,0,0,0
63085,1,1,1990,0,0,0,0,0,0,0,0,0,0
63086,0,1,1990,22,31,24,11,34,41,13,33,17,21
63086,1,1,1990,0,0,15,0,0,0,15,0,0,0
63087,1,1,1990,0,0,0,0,0,0,0,0,0,0
63088,0,1,1990,0,0,0,0,0,0,0,0,0,0
63088,1,1,1990,13,13,13,13,13,13,13,13,13,13
63089,1,1,1990,0,0,0,0,0,13,0,14,0,0
63090,0,1,1990,22,22,22,22,22,22,22,22,22,22
63090,1,1,1990,0,0,0,0,16,0,0,0,0,0
63091,0,1,1990,0,0,0,0,0,0,0,0,0,0
63091,1,1,1990,0,0,0,18,0,0,0,0,0,0
63092,0,1,1990,0,0,0,0,0,0,0,0,0,0
63092,1,1,1990,0,0,0,0,0,0,0,0,0,6
63093,1,1,1990,0,0,22,9,0,12,0,18,20,22
63094,1,1,1990,25,25,25,25,25,25,25,25,25,25
63095,1,1,1990,0,0,0,0,0,0,0,0,0,0
63095,2,1,1990,0,0,0,0,0,0,0,0,0,0
63096,0,1,1990,0,0,0,0,0,0,0,0,0,0
63096,1,1,1990,0,0,0,0,0,0,0,0,0,0
63097,1,1,1990,1,1,1,1,1,1,1,1,1,1
63097,2,1,1990,0,0,0,0,0,0,0,0,0,0
63098,0,1,1990,10,10,10,10,10,10,10,10,10,10
63098,1,1,1990,13,5,8,33,18,28,18,33,24,31
63099,1,1,1990,12,12,12,12,12,12,12,12,12,12
63100,1,1,1990,16,16,16,16,16,16,16,16,16,16
63101,1,1,1990,16,16,16,16,16,16,16,16,16,16
63101,2,1,1990,0,0,0,0,0,0,0,0,0,0
63102,1,1,1990,0,0,0,0,0,0,0,9,0,0
63102,2,1,1990,42,42,42,42,42,42,42,42,42,42
63103,1,1,1990,0,0,0,0,0,0,0,0,0,0
63103,2,1,1990,0,0,0,0,0,0,0,0,0,0
63104,0,1,1990,34,34,34,34,34,34,34,34,34,34
63104,1,1,1990,15,21,0,0,0,0,13,0,0,18
63105,1,1,1990,0,0,0,0,0,0,0,0,0,0
63105,2,1,1990,0,0,0,0,0,17,0,0,0,0
63106,1,1,1990,0,0,0,0,0,0,0,0,0,0
63106,2,1,1990,0,0,0,0,0,0,0,0,0,0
63107,0,1,1990,14,20,7,8,34,8,15,25,20,28
63107,1,1,1990,0,0,0,0,17,0,0,0,0,0
63107,2,1,1990,0,14,0,0,0,0,0,0,0,0
63107,3,1,1990,0,0,5,0,0,0,7,0,0,25
63108,1,1,1990,13,13,13,13,13,13,13,13,13,13
63109,1,1,1990,0,0,0,0,0,0,0,0,0,0
63110,1,1,1990,20,20,20,20,20,20,20,20,20,20
63111,1,1,1990,4,4,4,4,4,4,4,4,4,4
63111,2,1,1990,0,0,0,0,0,0,0,0,0,0
63112,1,1,1990,24,24,24,24,24,24,24,24,24,24
63112,2,1,1990,0,0,0,0,0,19,0,6,0,0
63112,3,1,1990,0,7,0,0,0,0,0,0,0,0
63113,1,1,1990,11,11,11,11,11,11,11,11,11,11
63113,2,1,1990,11,11,11,11,11,11,11,11,11,11
63113,3,1,1990,10,0,0,0,5,0,0,0,0,0
63113,4,1,1990,0,0,0,0,0,0,0,0,0,0
63114,0,1,1990,0,0,0,0,0,0,0,0,0,0
63114,0,2,1990,0,0,0,0,0,0,0,0,0,0
63114,1,1,1990,9,9,9,9,9,9,9,9,9,9
63115,1,1,1990,1,1,1,1,1,1,1,1,1,1
63115,2,1,1990,4,4,4,4,4,4,4,4,4,4
63116,1,1,1990,0,0,0,0,0,0,0,0,0,0
63117,1,1,1990,0,0,0,0,0,0,0,0,0,0
63118,0,1,1990,0,0,0,0,0,0,0,0,0,0
63118,1,1,1990,0,0,0,0,13,0,0,0,0,27
63119,0,1,1990,0,0,0,0,0,0,0,0,0,0
63119,1,1,1990,0,0,0,0,0,0,0,0,0,0
63120,0,1,1990,22,13,7,9,24,15,21,24,7,38
63120,1,1,1990,0,0,0,0,0,0,0,0,0,0
63121,0,1,1990,0,0,0,0,0,0,0,0,0,0
63121,1,1,1990,0,0,0,0,0,0,0,16,13,0
63122,1,1,1990,9,9,9,9,9,9,9,9,9,9
63123,0,1,1990,23,23,23,23,23,23,23,23,23,23
63123,1,1,1990,0,0,18,25,21,0,0,21,21,0
63124,0,14,1990,0,0,0,0,0,0,0,0,0,0
63124,1,1,1990,2,2,2,2,2,2,2,2,2,2
63125,1,1,1990,27,27,27,27,27,27,27,27,27,27
63126,1,1,1990,17,17,17,17,17,17,17,17,17,17
63126,2,1,1990,0,0,0,0,0,0,0,0,0,0
63126,3,1,1990,0,0,0,9,0,0,0,0,0,0
63127,0,1,1990,0,0,0,0,0,0,0,0,0,0
63127,1,1,1990,0,0,0,0,0,0,0,0,0,0
63128,0,1,1990,0,0,0,0,0,0,0,0,0,0
63128,1,1,1990,0,0,0,0,17,0,19,0,0,0
63129,0,1,1990,0,0,0,0,0,0,0,0,0,0
63129,1,1,1990,0,0,0,0,0,0,0,0,0,0
63130,1,1,1990,27,27,27,27,27,27,27,27,27,27
63131,0,1,1990,0,0,0,0,0,0,0,0,0,27
63131,1,1,1990,0,0,0,0,0,0,0,0,0,0
63132,1,1,1990,0,0,0,0,0,0,0,0,0,0
63133,1,1,1990,0,0,0,0,0,0,0,0,0,0
63133,2,1,1990,0,0,0,0,0,14,0,0,0,9
63134,1,1,1990,0,0,0,0,0,0,0,0,0,0
63134,2,1,1990,0,0,0,0,0,0,0,0,0,0
63135,1,1,1990,0,0,0,0,0,0,0,0,0,0
63135,2,1,1990,0,0,0,0,0,0,0,0,0,0
63136,1,1,1990,0,0,0,0,0,0,0,0,0,0