ST_CASE,VEH_NO,PER_NO,YEAR,P1,P2,P3,P4,P5,P6,P7,P8,P9,P10
63136,2,1,1990,0,0,0,0,0,0,11,0,0,0
63137,1,1,1990,4,4,4,4,4,4,4,4,4,4
63138,1,1,1990,0,0,0,0,0,0,0,0,0,0
63138,2,1,1990,0,11,0,0,0,0,11,0,0,0
63139,1,1,1990,30,30,30,30,30,30,30,30,30,30
63140,0,1,1990,0,0,0,0,0,0,0,0,0,0
63140,1,1,1990,22,22,22,22,22,22,22,22,22,22
63141,1,1,1990,0,0,0,0,0,0,0,0,0,0
63142,0,1,1990,0,0,0,0,0,0,0,0,0,0
63142,1,1,1990,0,0,0,0,0,0,0,0,22,0
63143,1,1,1990,0,0,0,0,0,0,0,0,0,0
63143,2,1,1990,0,0,0,0,0,0,0,0,0,0
63143,3,1,1990,0,0,0,0,0,0,0,0,0,0
63143,4,1,1990,0,0,0,0,0,0,0,0,0,0
63143,5,1,1990,0,0,0,0,12,0,0,0,0,0
63144,1,1,1990,0,0,0,0,0,0,0,0,0,0
63144,2,1,1990,0,0,0,0,0,0,0,0,0,0
63145,1,1,1990,0,0,0,0,0,0,0,0,0,0
63146,1,1,1990,0,0,0,0,0,0,0,0,0,0
63147,0,1,1990,7,7,7,7,7,7,7,7,7,7
63147,1,1,1990,0,0,0,0,0,14,0,0,0,0
63148,1,1,1990,23,23,23,23,23,23,23,23,23,23
63148,2,1,1990,0,0,0,0,0,0,0,0,0,0
63149,1,1,1990,30,30,30,30,30,30,30,30,30,30
63150,1,1,1990,0,0,0,0,0,4,0,0,0,0
63150,2,1,1990,0,0,0,0,0,0,0,0,0,0
63151,1,1,1990,20,20,20,20,20,20,20,20,20,20
63152,1,1,1990,0,0,0,0,0,0,0,0,0,0
63152,2,1,1990,0,0,0,0,0,0,0,0,0,0
63152,3,1,1990,0,0,0,0,0,0,0,0,0,0
63152,4,1,1990,0,0,0,0,0,0,0,0,0,0
63153,1,1,1990,0,0,0,0,0,0,0,0,0,0
63153,2,1,1990,0,0,0,0,0,0,0,0,0,0
63153,3,1,1990,0,0,0,0,0,0,0,0,0,0
63154,1,1,1990,12,12,12,12,12,12,12,12,12,12
63155,1,1,1990,0,0,0,0,0,0,0,0,0,0
63156,1,1,1990,0,0,0,0,0,0,0,0,0,0
63157,1,1,1990,2,0,0,0,0,0,0,0,0,0
63157,2,1,1990,0,0,0,0,0,0,0,0,0,0
63158,1,1,1990,14,14,14,14,14,14,14,14,14,14
63158,2,1,1990,0,0,0,0,0,0,0,0,0,16
63158,3,1,1990,0,0,0,0,0,0,0,0,0,0
63159,1,1,1990,8,8,8,8,8,8,8,8,8,8
63160,1,1,1990,20,20,20,20,20,20,20,20,20,20
63161,1,1,1990,12,12,12,12,12,12,12,12,12,12
63162,0,1,1990,14,14,14,14,14,14,14,14,14,14
63162,1,1,1990,11,0,13,0,19,9,0,20,24,0
63163,1,1,1990,0,0,0,0,0,0,0,0,0,0
63163,2,1,1990,0,0,0,0,0,0,0,0,0,0
63164,1,1,1990,2,2,2,2,2,2,2,2,2,2
63165,1,1,1990,0,0,0,0,0,0,0,0,0,0
63165,2,1,1990,0,0,0,0,0,0,0,0,0,0
63166,0,1,1990,13,13,13,13,13,13,13,13,13,13
63166,0,2,1990,0,0,0,0,0,0,0,0,0,0
63166,1,1,1990,0,0,0,0,0,0,0,9,0,0
63166,2,1,1990,0,0,0,0,0,0,0,0,0,0
63167,1,1,1990,12,12,12,12,12,12,12,12,12,12
63168,1,1,1990,15,15,15,15,15,15,15,15,15,15
63169,1,1,1990,14,0,0,0,0,0,4,0,0,0
63170,1,1,1990,0,0,0,0,0,0,0,0,0,0
63170,2,1,1990,0,4,0,0,0,0,0,0,0,0
63171,1,1,1990,22,22,22,22,22,22,22,22,22,22
63172,1,1,1990,26,26,26,26,26,26,26,26,26,26
63173,1,1,1990,0,0,0,0,0,0,0,0,0,0
63174,1,1,1990,19,19,19,19,19,19,19,19,19,19
63174,2,1,1990,4,4,4,4,4,4,4,4,4,4
63175,1,1,1990,20,20,20,20,20,20,20,20,20,20
63176,1,1,1990,17,17,17,17,17,17,17,17,17,17
63176,2,1,1990,0,0,0,0,0,0,0,0,0,0
63177,1,1,1990,33,33,33,33,33,33,33,33,33,33
63178,1,1,1990,10,10,10,10,10,10,10,10,10,10
63179,1,1,1990,28,28,28,28,28,28,28,28,28,28
63180,1,1,1990,27,27,27,27,27,27,27,27,27,27
63180,2,1,1990,0,0,0,0,0,0,0,0,0,0
63181,1,1,1990,11,11,11,11,11,11,11,11,11,11
63181,2,1,1990,0,0,0,0,0,0,0,0,0,0
63182,1,1,1990,25,25,25,25,25,25,25,25,25,25
63183,1,1,1990,0,0,0,0,6,0,0,0,0,0
63183,2,1,1990,0,0,26,0,0,0,0,0,0,0
63183,3,1,1990,0,0,0,0,0,0,0,0,0,0
63184,1,1,1990,0,0,0,0,0,0,0,0,0,0
63184,2,1,1990,0,0,0,0,0,0,0,0,0,0
63185,1,1,1990,0,0,0,0,0,0,0,0,0,0
63185,2,1,1990,0,0,0,0,0,0,0,0,0,0
63186,1,1,1990,14,14,14,14,14,14,14,14,14,14
63186,2,1,1990,0,0,0,0,0,0,0,0,0,0
63187,1,1,1990,0,0,0,0,0,0,0,0,0,0
63188,1,1,1990,18,18,18,18,18,18,18,18,18,18
63189,1,1,1990,10,10,10,10,10,10,10,10,10,10
63190,1,1,1990,21,21,21,21,21,21,21,21,21,21
63190,2,1,1990,0,12,0,0,0,0,28,0,0,0
63191,1,1,1990,17,17,17,17,17,17,17,17,17,17
63191,2,1,1990,19,19,19,19,19,19,19,19,19,19
63192,1,1,1990,0,0,0,0,0,0,0,0,0,0
63193,1,1,1990,0,0,0,0,0,0,0,0,0,0
63194,0,1,1990,0,0,0,0,0,0,0,0,0,0
63194,1,1,1990,2,0,0,0,0,0,0,0,0,0
63195,1,1,1990,0,0,0,0,0,0,0,0,0,0
63195,2,1,1990,15,0,0,0,0,0,0,0,0,0
63196,1,1,1990,22,22,22,22,22,22,22,22,22,22
63196,2,1,1990,0,0,0,0,0,0,0,0,0,0
63197,1,1,1990,0,0,0,0,0,0,0,0,0,0
63197,2,1,1990,0,0,0,13,0,0,0,0,0,0
63198,1,1,1990,0,36,0,0,0,0,0,0,0,0
63199,1,1,1990,0,0,0,0,0,0,0,0,0,0
63199,2,1,1990,0,0,0,0,0,0,0,0,0,0
63200,1,1,1990,0,0,0,0,0,0,0,0,0,0
63201,0,1,1990,0,0,0,0,0,0,0,0,0,0
63201,0,2,1990,0,10,0,0,0,0,5,0,0,0
63201,1,1,1990,11,11,11,11,11,11,11,11,11,11
63202,0,1,1990,0,0,0,0,0,0,0,0,0,0
63202,1,1,1990,12,12,12,12,12,12,12,12,12,12
63203,1,1,1990,0,0,0,0,0,0,0,0,0,0
63203,2,1,1990,0,0,0,0,0,0,0,0,0,0
63204,0,1,1990,0,0,0,0,0,0,0,0,0,0
63204,1,1,1990,0,0,0,0,0,0,0,0,0,0
63205,1,1,1990,0,0,0,0,0,0,0,0,0,0
63205,2,1,1990,2,0,0,0,0,0,9,0,8,0
63206,0,1,1990,0,0,0,0,0,0,0,0,0,0
63206,1,1,1990,0,0,0,0,0,0,0,0,0,0
63207,1,1,1990,10,10,10,10,10,10,10,10,10,10
63207,2,1,1990,0,0,0,0,0,0,0,0,0,0
63208,0,1,1990,0,0,0,0,0,0,0,0,0,0
63208,1,1,1990,0,0,0,0,0,0,0,0,0,0
63209,0,1,1990,36,36,36,36,36,36,36,36,36,36
63209,1,1,1990,0,0,0,0,0,0,0,0,0,0
63210,1,1,1990,7,7,7,7,7,7,7,7,7,7
63211,1,1,1990,7,7,7,7,7,7,7,7,7,7
63212,1,1,1990,0,0,0,0,0,0,0,0,0,0
63212,2,1,1990,0,0,0,0,0,0,0,0,0,0
63213,1,1,1990,0,0,0,0,0,0,0,0,0,0
63214,1,1,1990,17,17,17,17,17,17,17,17,17,17
63214,2,1,1990,0,0,0,0,0,0,0,0,0,0
63215,0,1,1990,0,0,0,0,0,0,0,0,0,0
63215,1,1,1990,0,0,0,0,0,0,0,0,0,0
63216,0,1,1990,21,21,21,21,21,21,21,21,21,21
63216,1,1,1990,0,11,13,19,16,24,0,18,21,29
63217,0,1,1990,19,19,19,19,19,19,19,19,19,19
63217,1,1,1990,10,0,0,0,0,0,0,0,0,0
63218,0,1,1990,0,0,0,0,0,0,0,0,0,0
63218,1,1,1990,0,0,0,0,24,0,9,0,0,26
63219,1,1,1990,9,9,9,9,9,9,9,9,9,9
63220,1,1,1990,3,3,3,3,3,3,3,3,3,3
63220,2,1,1990,0,0,0,0,0,0,0,0,0,0
63221,0,1,1990,0,0,0,0,0,0,0,0,0,0
63221,1,1,1990,0,0,0,0,0,0,0,0,0,0
63222,1,1,1990,0,0,0,0,0,0,0,0,0,0
63222,2,1,1990,0,0,0,0,0,0,0,0,0,0
63223,1,1,1990,8,0,0,0,0,0,0,15,0,0
63223,2,1,1990,22,22,22,22,22,22,22,22,22,22
63224,0,1,1990,16,48,22,24,33,17,30,7,29,19
63224,1,1,1990,0,0,0,0,5,0,36,0,13,0
63225,1,1,1990,11,11,11,11,11,11,11,11,11,11
63226,1,1,1990,19,19,19,19,19,19,19,19,19,19
63227,1,1,1990,0,0,0,0,0,0,0,0,0,0
63228,1,1,1990,8,8,8,8,8,8,8,8,8,8
63229,1,1,1990,16,16,16,16,16,16,16,16,16,16
63230,1,1,1990,0,0,0,0,0,0,0,0,0,0
63230,2,1,1990,0,0,0,0,0,0,0,0,0,0
63231,1,1,1990,15,15,15,15,15,15,15,15,15,15
63232,1,1,1990,0,0,0,0,0,0,0,0,0,0
63232,2,1,1990,0,0,0,0,0,0,0,0,0,0
63233,1,1,1990,16,16,16,16,16,16,16,16,16,16
63234,1,1,1990,15,15,15,15,15,15,15,15,15,15
63235,0,1,1990,0,0,0,0,0,0,0,0,0,0
63235,1,1,1990,0,24,0,27,0,13,14,0,0,0
63236,0,1,1990,25,25,25,25,25,25,25,25,25,25
63236,1,1,1990,4,0,6,0,15,13,0,9,10,36
63236,2,1,1990,8,19,0,11,0,0,0,11,0,11
63237,1,1,1990,15,15,25,18,7,27,17,32,21,12
63238,1,1,1990,8,8,8,8,8,8,8,8,8,8
63239,1,1,1990,6,6,6,6,6,6,6,6,6,6
63240,1,1,1990,11,11,11,11,11,11,11,11,11,11
63241,1,1,1990,0,0,0,0,0,0,0,0,0,0
63242,1,1,1990,8,8,8,8,8,8,8,8,8,8
63243,1,1,1990,21,21,21,21,21,21,21,21,21,21
63243,2,1,1990,0,0,18,21,21,22,0,0,0,0
63244,1,1,1990,0,0,0,0,0,0,0,0,0,0
63245,0,1,1990,0,0,0,0,0,0,0,0,0,0
63245,1,1,1990,0,0,0,0,0,0,0,12,0,0
63246,0,1,1990,26,26,26,26,26,26,26,26,26,26
63246,1,1,1990,0,0,0,0,0,0,0,0,4,0
63247,1,1,1990,24,24,24,24,24,24,24,24,24,24
63248,1,1,1990,17,17,17,17,17,17,17,17,17,17
63249,1,1,1990,17,17,17,17,17,17,17,17,17,17
63250,1,1,1990,0,0,0,0,0,0,0,0,0,0
63251,0,1,1990,0,0,0,0,0,0,0,0,0,0
63251,1,1,1990,0,0,0,0,0,0,0,0,0,0
63252,1,1,1990,0,0,0,0,0,0,0,0,0,0
63253,1,1,1990,0,0,0,0,0,0,0,0,0,0
63254,1,1,1990,14,14,14,14,14,14,14,14,14,14
63254,2,1,1990,0,0,0,0,0,0,0,0,0,0
63255,1,1,1990,22,22,22,22,22,22,22,22,22,22
63256,1,1,1990,0,0,0,0,0,0,0,0,0,0
63257,1,1,1990,0,0,0,0,0,9,0,0,0,0
63257,2,1,1990,0,0,0,0,0,0,0,0,0,0
63258,0,1,1990,0,0,0,0,0,0,0,0,0,0
63258,1,1,1990,0,0,0,0,0,0,0,0,0,0
63259,0,1,1990,0,0,0,0,0,0,0,0,0,0
63259,1,1,1990,0,0,0,0,0,0,0,0,0,0
63260,1,1,1990,0,0,0,0,0,0,0,0,0,0
63260,2,1,1990,0,0,0,0,0,0,0,0,11,0
63261,0,1,1990,0,0,0,0,0,0,0,0,0,0
63261,1,1,1990,0,0,0,0,0,8,0,0,0,15
63262,0,1,1990,18,18,18,18,18,18,18,18,18,18
63262,1,1,1990,0,0,0,0,0,0,0,0,0,0
63263,1,1,1990,0,0,0,0,0,0,0,0,0,0
63263,2,1,1990,0,0,0,0,0,0,0,0,0,0
63264,1,1,1990,21,21,21,21,21,21,21,21,21,21
63264,2,1,1990,0,0,0,0,0,16,15,0,0,0
63265,1,1,1990,0,0,0,0,0,0,0,0,0,0
63266,1,1,1990,16,16,16,16,16,16,16,16,16,16
63266,2,1,1990,0,0,0,0,0,0,0,0,0,0
63267,1,1,1990,0,0,0,0,0,0,0,0,0,0
63268,1,1,1990,0,0,0,0,0,0,0,0,0,0
63269,1,1,1990,0,0,0,0,0,0,0,0,0,0
63269,2,1,1990,0,0,0,0,0,0,0,0,0,0
63270,1,1,1990,0,0,0,0,0,0,0,0,0,0
63270,2,1,1990,0,0,0,0,0,30,0,0,0,0
63271,0,1,1990,9,9,9,9,9,9,9,9,9,9
63271,1,1,1990,14,0,0,0,0,0,0,19,0,0
63272,0,1,1990,0,0,0,0,0,0,0,0,0,0
63272,1,1,1990,0,0,0,0,0,0,0,0,0,9
63273,1,1,1990,16,16,16,16,16,16,16,16,16,16
63273,2,1,1990,0,0,0,0,0,0,0,0,0,0
63273,3,1,1990,0,0,0,0,0,0,0,0,0,0
63274,1,1,1990,0,0,0,0,0,0,0,0,0,0
63275,0,1,1990,0,0,0,0,0,0,0,0,0,0
63275,1,1,1990,5,0,0,0,18,0,0,0,0,0
63276,1,1,1990,25,25,25,25,25,25,25,25,25,25
63277,1,1,1990,6,6,6,6,6,6,6,6,6,6
63278,1,1,1990,26,26,26,26,26,26,26,26,26,26
63279,1,1,1990,53,53,53,53,53,53,53,53,53,53
63280,1,1,1990,15,15,15,15,15,15,15,15,15,15
63281,0,1,1990,31,31,31,31,31,31,31,31,31,31
63281,1,1,1990,0,0,19,16,0,0,13,15,0,19
63282,1,1,1990,3,3,3,3,3,3,3,3,3,3
63283,1,1,1990,0,0,0,0,0,0,0,0,0,0
63284,0,1,1990,33,33,33,33,33,33,33,33,33,33
63284,1,1,1990,0,0,0,0,0,0,0,0,0,0
63285,1,1,1990,19,19,19,19,19,19,19,19,19,19
63286,0,1,1990,27,27,27,27,27,27,27,27,27,27
63286,1,1,1990,0,0,0,0,0,0,0,0,0,0
63287,1,1,1990,0,0,0,0,0,0,0,0,0,0
63288,1,1,1990,0,0,0,0,0,0,0,0,0,0
63289,1,1,1990,4,4,4,4,4,4,4,4,4,4
63290,1,1,1990,8,8,8,8,8,8,8,8,8,8
63290,2,1,1990,4,4,4,4,4,4,4,4,4,4
63291,0,1,1990,0,0,0,0,0,0,0,0,0,0
63291,1,1,1990,0,0,0,0,0,0,0,13,10,0
63292,1,1,1990,6,6,6,6,6,6,6,6,6,6
63292,2,1,1990,0,13,0,0,0,0,0,0,12,0
63293,1,1,1990,15,15,15,15,15,15,15,15,15,15
63294,1,1,1990,0,0,0,0,0,0,0,0,0,0
63295,1,1,1990,31,31,31,31,31,31,31,31,31,31
63295,2,1,1990,0,0,0,0,0,0,0,0,0,0
63296,0,1,1990,0,0,0,0,0,0,0,0,0,0
63296,0,2,1990,17,28,0,21,30,0,17,0,36,11
63296,1,1,1990,0,0,0,0,0,0,0,0,0,0
63297,0,1,1990,29,29,29,29,29,29,29,29,29,29
63297,1,1,1990,0,0,0,0,0,0,0,0,0,0
63298,0,1,1990,22,22,22,22,22,22,22,22,22,22
63298,1,1,1990,0,0,0,0,0,0,0,0,0,0
63299,1,1,1990,0,0,0,0,0,0,0,0,0,0
63299,2,1,1990,0,0,0,0,0,0,0,0,0,0
63300,1,1,1990,10,10,10,10,10,10,10,10,10,10
63301,1,1,1990,17,17,17,17,17,17,17,17,17,17
63302,1,1,1990,31,31,31,31,31,31,31,31,31,31
63302,2,1,1990,0,0,0,0,0,0,0,0,0,0
63303,0,1,1990,0,0,0,0,0,0,0,0,0,0
63303,1,1,1990,0,14,0,0,0,6,0,0,0,5
63304,1,1,1990,0,10,0,3,0,10,5,10,0,12
63304,2,1,1990,0,0,0,0,0,0,0,0,25,0
63304,3,1,1990,0,0,0,0,0,0,0,0,0,0
63305,1,1,1990,13,13,13,13,13,13,13,13,13,13
63306,0,1,1990,0,0,0,0,0,0,0,0,0,0
63306,1,1,1990,0,0,0,0,12,0,0,0,0,0
63307,1,1,1990,0,0,0,0,0,0,0,0,0,0
63307,2,1,1990,0,0,0,0,0,0,0,0,0,0
63308,0,1,1990,0,0,0,0,0,0,0,0,0,0
63308,1,1,1990,0,0,0,0,0,0,0,0,0,0
63309,0,1,1990,0,0,0,0,0,0,0,0,0,0
63309,1,1,1990,0,0,0,0,0,0,0,0,0,0
63310,1,1,1990,20,20,20,20,20,20,20,20,20,20
63311,1,1,1990,0,0,0,0,0,0,0,0,0,0
63311,2,1,1990,0,0,0,0,0,0,0,0,0,0
63312,1,1,1990,0,0,0,0,0,0,0,0,0,0
63312,2,1,1990,0,0,0,0,0,0,0,0,0,0
63313,1,1,1990,0,0,0,0,0,0,0,0,0,0
63314,1,1,1990,2,0,0,4,0,3,0,0,0,0
63314,2,1,1990,12,0,0,0,14,13,0,0,0,0
63315,1,1,1990,22,22,22,22,22,22,22,22,22,22
63316,1,1,1990,0,0,0,0,0,0,0,0,0,0
63316,2,1,1990,10,0,4,0,0,0,0,0,0,0
63317,0,1,1990,0,0,0,0,0,0,0,0,0,0
63317,1,1,1990,0,0,0,0,0,0,0,0,0,0
63317,2,1,1990,0,0,0,0,0,0,0,0,0,0
63318,1,1,1990,0,0,0,0,0,0,0,0,0,0
63318,2,1,1990,0,0,0,0,0,0,0,0,0,0
63319,1,1,1990,17,17,17,17,17,17,17,17,17,17
63320,0,1,1990,0,0,0,0,0,0,0,0,0,0
63320,1,1,1990,8,0,0,0,3,0,3,0,4,0
63321,0,1,1990,0,0,0,0,0,0,0,0,0,0
63321,1,1,1990,0,0,0,0,0,0,0,0,0,0
63322,1,1,1990,0,0,0,0,0,0,0,0,0,0
63323,1,1,1990,10,10,10,10,10,10,10,10,10,10
63324,1,1,1990,15,15,15,15,15,15,15,15,15,15
63325,1,1,1990,4,4,4,4,4,4,4,4,4,4
63325,2,1,1990,0,0,0,0,0,0,0,0,0,0
63325,3,1,1990,0,0,7,0,0,0,0,0,6,0
63326,0,1,1990,0,0,0,0,0,0,0,0,0,0
63326,1,1,1990,0,0,0,0,0,0,0,0,0,0
63326,2,1,1990,0,0,0,0,0,0,0,0,0,0
63327,1,1,1990,0,0,0,0,0,0,0,0,0,0
63328,0,1,1990,0,0,0,0,0,0,0,0,0,0
63328,1,1,1990,0,14,0,0,0,0,0,0,21,0
63329,1,1,1990,12,12,12,12,12,12,12,12,12,12
63330,1,1,1990,0,0,0,0,0,0,0,0,0,0
63330,2,1,1990,0,0,0,0,0,0,0,0,0,0
63330,3,1,1990,0,0,0,0,0,0,0,0,0,0
63331,1,1,1990,0,0,0,0,0,0,0,0,0,0
63331,2,1,1990,0,0,0,0,0,0,0,0,0,0
63332,1,1,1990,0,0,0,0,0,0,0,0,0,0
63332,2,1,1990,0,0,0,0,0,0,0,0,0,0
63333,0,1,1990,0,0,0,0,0,0,0,0,0,0
63333,1,1,1990,0,0,0,0,0,0,0,0,0,0
63334,1,1,1990,0,0,0,0,0,0,0,0,0,0
63334,2,1,1990,0,0,0,0,0,0,0,0,0,0
63335,1,1,1990,21,21,21,21,21,21,21,21,21,21
63336,1,1,1990,0,0,0,0,0,0,0,0,0,0
63337,1,1,1990,0,0,0,0,0,0,0,0,0,0
63338,1,1,1990,0,0,0,0,0,0,0,0,0,0
63338,2,1,1990,0,0,0,0,0,0,0,0,0,0
63339,0,1,1990,0,31,0,30,37,14,23,0,11,49
63339,1,1,1990,0,0,0,0,0,0,0,0,0,0
63340,1,1,1990,16,13,0,0,0,13,10,24,31,0
63341,0,1,1990,0,20,0,0,0,0,0,0,0,43
63341,0,2,1990,0,0,0,0,0,0,0,0,0,0
63341,1,1,1990,0,0,0,0,0,0,0,0,0,0
63342,0,1,1990,20,20,20,20,20,20,20,20,20,20
63342,1,1,1990,0,0,0,0,0,0,0,0,0,0
63343,1,1,1990,16,16,16,16,16,16,16,16,16,16
63344,1,1,1990,0,0,0,0,0,0,0,0,0,0
63344,2,1,1990,0,0,0,0,0,0,0,0,0,0
63345,0,1,1990,0,0,0,0,0,0,0,0,0,0
63345,1,1,1990,0,0,0,0,0,0,0,13,0,0
63346,1,1,1990,18,18,18,18,18,18,18,18,18,18
63347,1,1,1990,0,0,0,0,0,0,0,0,0,0
63347,2,1,1990,0,0,0,0,0,0,0,0,0,0
63348,0,1,1990,0,0,0,0,0,0,0,0,0,0
63348,1,1,1990,0,0,0,0,0,0,0,0,0,0
63348,2,1,1990,0,0,0,0,0,0,0,0,0,0
63349,1,1,1990,39,39,39,39,39,39,39,39,39,39
63350,0,1,1990,0,0,0,0,0,0,0,0,0,0
63350,1,1,1990,0,0,0,0,0,0,0,0,6,0
63351,1,1,1990,19,19,19,19,19,19,19,19,19,19
63352,1,1,1990,0,0,0,0,0,0,0,0,0,0
63353,1,1,1990,7,7,7,7,7,7,7,7,7,7
63354,1,1,1990,1,1,1,1,1,1,1,1,1,1
63355,1,1,1990,0,0,0,0,0,0,0,0,0,0
63355,2,1,1990,0,0,0,0,0,0,0,0,0,0
63355,3,1,1990,0,0,0,0,0,0,0,0,0,0
63355,4,1,1990,0,0,0,0,0,0,0,0,0,0
63356,0,1,1990,0,0,0,0,0,0,0,0,0,0
63356,1,1,1990,0,0,0,0,0,0,0,0,0,0
63357,1,1,1990,0,0,0,0,16,24,0,0,0,18
63358,1,1,1990,0,0,0,0,0,0,0,0,0,0
63358,2,1,1990,0,0,0,0,18,0,0,0,27,0
63359,1,1,1990,0,0,0,0,0,0,0,0,0,0
63359,2,1,1990,0,0,0,0,0,0,0,0,0,0
63359,3,1,1990,0,0,0,0,0,0,0,0,0,0
63360,1,1,1990,0,0,0,0,0,41,17,0,0,0
63360,2,1,1990,0,9,0,0,0,0,0,0,0,0
63361,1,1,1990,25,25,25,25,25,25,25,25,25,25
63362,1,1,1990,0,0,0,0,0,0,0,0,0,0
63362,2,1,1990,0,0,0,0,0,0,0,0,0,0
63363,0,1,1990,0,0,0,0,0,0,0,0,0,0
63363,1,1,1990,0,0,0,0,0,0,0,0,0,0
63364,1,1,1990,0,0,0,0,0,0,0,0,0,0
63364,2,1,1990,0,0,0,0,0,0,0,4,0,0
63364,3,1,1990,0,0,0,0,0,0,0,0,0,0
63365,1,1,1990,0,0,0,0,0,0,0,0,0,0
63366,0,1,1990,0,0,0,0,0,0,0,0,0,0
63366,1,1,1990,17,0,0,0,0,0,0,14,0,0
63367,0,1,1990,0,0,0,0,0,0,0,0,0,0
63367,1,1,1990,0,0,0,0,0,0,0,0,0,0
63368,0,1,1990,0,0,0,0,0,0,0,0,0,0
63368,0,2,1990,0,0,0,0,0,0,0,0,0,0
63368,1,1,1990,19,19,19,19,19,19,19,19,19,19
63369,1,1,1990,22,22,22,22,22,22,22,22,22,22
63370,1,1,1990,21,21,21,21,21,21,21,21,21,21
63371,1,1,1990,14,14,14,14,14,14,14,14,14,14
63371,2,1,1990,0,0,0,0,0,0,0,0,0,0
63372,1,1,1990,0,0,0,0,0,0,0,0,0,0
63372,2,1,1990,0,0,0,0,0,0,0,0,0,0
63373,1,1,1990,0,0,0,0,0,0,0,0,0,0
63374,1,1,1990,0,0,0,0,0,0,0,0,0,0
63375,1,1,1990,17,17,17,17,17,17,17,17,17,17
63376,0,1,1990,0,0,0,0,0,0,0,0,0,0
63376,1,1,1990,18,18,18,18,18,18,18,18,18,18
63377,1,1,1990,0,0,0,0,0,0,0,0,0,0
63377,2,1,1990,0,0,0,0,0,0,0,0,0,0
63378,1,1,1990,0,0,0,0,0,0,0,0,20,11
63378,2,1,1990,0,0,0,0,0,0,0,0,0,0
63379,0,1,1990,28,28,28,28,28,28,28,28,28,28
63379,1,1,1990,0,0,0,0,0,0,0,0,0,0
63380,1,1,1990,0,0,0,0,0,0,0,0,0,0
63380,2,1,1990,0,0,0,0,0,0,0,0,0,0
63381,0,1,1990,0,0,0,0,0,0,0,0,0,0
63381,1,1,1990,0,0,0,0,0,0,0,0,0,0
63382,0,1,1990,0,0,0,0,0,0,0,0,0,0
63382,1,1,1990,0,0,0,0,0,0,0,0,0,0
63383,1,1,1990,7,7,7,7,7,7,7,7,7,7
63384,1,1,1990,22,22,22,22,22,22,22,22,22,22
63384,2,1,1990,0,0,0,0,0,0,0,0,0,0
63385,1,1,1990,7,7,7,7,7,7,7,7,7,7
63385,2,1,1990,0,0,0,0,0,0,0,0,0,0
63386,0,1,1990,21,21,21,21,21,21,21,21,21,21
63386,1,1,1990,0,0,0,0,0,0,0,0,0,0
63387,0,1,1990,16,16,16,16,16,16,16,16,16,16
63387,1,1,1990,0,0,0,0,0,10,0,0,0,0
63388,1,1,1990,0,0,0,0,0,0,0,0,0,0
63388,2,1,1990,0,0,0,0,0,0,0,0,0,0
63388,3,1,1990,0,0,0,0,0,0,0,0,0,0
63389,1,1,1990,0,0,0,0,0,0,0,0,0,0
63389,2,1,1990,0,0,0,0,0,0,0,0,0,0
63390,0,1,1990,0,0,0,0,0,0,0,0,0,0
63390,0,2,1990,0,0,0,0,0,0,0,0,0,0
63390,0,3,1990,0,0,0,0,0,0,0,0,0,0
63390,0,4,1990,10,0,0,11,22,5,0,22,0,0
63390,1,1,1990,5,5,5,5,5,5,5,5,5,5
63391,1,1,1990,11,13,20,23,14,0,7,18,19,0
63392,1,1,1990,5,5,5,5,5,5,5,5,5,5
63392,2,1,1990,0,0,0,0,0,0,0,0,0,0
63393,1,1,1990,30,30,30,30,30,30,30,30,30,30
63394,0,1,1990,39,10,12,15,15,15,32,13,13,48
63394,1,1,1990,9,9,9,9,9,9,9,9,9,9
63395,1,1,1990,18,18,18,18,18,18,18,18,18,18
63396,1,1,1990,7,7,7,7,7,7,7,7,7,7
63397,1,1,1990,24,24,24,24,24,24,24,24,24,24
63397,2,1,1990,15,0,16,4,7,0,2,0,7,0
63398,1,1,1990,11,11,11,11,11,11,11,11,11,11
63398,2,1,1990,0,0,0,0,0,0,0,0,0,0
63399,1,1,1990,0,0,0,0,0,0,0,0,0,0
63399,2,1,1990,0,0,0,31,37,7,0,0,0,0
63400,0,1,1990,0,0,0,0,0,0,0,0,0,0
63400,1,1,1990,0,0,0,0,0,0,0,0,0,0
63401,0,1,1990,0,0,0,0,0,0,0,0,0,0
63401,1,1,1990,21,0,0,0,14,0,11,0,0,0
63402,1,1,1990,0,0,0,0,0,0,0,19,0,0