ST_CASE,VEH_NO,PER_NO,YEAR,P1,P2,P3,P4,P5,P6,P7,P8,P9,P10
63920,1,1,1990,0,0,0,0,0,0,0,0,0,0
63920,2,1,1990,0,0,0,0,0,0,0,0,0,0
63921,1,1,1990,12,12,12,12,12,12,12,12,12,12
63921,2,1,1990,0,0,0,0,0,0,0,0,0,0
63922,1,1,1990,19,19,19,19,19,19,19,19,19,19
63922,2,1,1990,0,7,0,0,0,0,5,0,0,0
63923,1,1,1990,0,0,0,0,0,0,0,0,0,0
63924,0,1,1990,0,0,0,0,0,0,0,0,0,0
63924,1,1,1990,18,0,0,0,0,0,0,0,0,0
63925,1,1,1990,21,21,21,21,21,21,21,21,21,21
63926,1,1,1990,0,0,0,0,0,0,0,0,0,0
63926,2,1,1990,0,0,0,0,0,0,0,0,0,0
63927,1,1,1990,0,0,0,0,0,0,0,0,0,0
63928,1,1,1990,13,0,0,0,0,0,0,8,0,0
63929,1,1,1990,0,0,0,0,0,0,0,0,0,0
63929,2,1,1990,14,14,14,14,14,14,14,14,14,14
63930,1,1,1990,13,13,13,13,13,13,13,13,13,13
63930,2,1,1990,0,0,0,0,0,0,0,0,0,0
63931,0,1,1990,0,0,0,0,0,0,0,0,0,0
63931,1,1,1990,0,29,32,15,24,16,16,24,25,20
63932,1,1,1990,13,15,20,36,16,18,20,25,19,0
63933,1,1,1990,0,0,0,0,0,0,0,0,0,0
63934,1,1,1990,24,24,24,24,24,24,24,24,24,24
63935,0,1,1990,0,0,0,0,0,0,0,0,0,0
63935,1,1,1990,0,0,0,0,0,0,0,0,0,0
63936,1,1,1990,16,16,16,16,16,16,16,16,16,16
63937,1,1,1990,0,0,0,0,0,0,0,0,11,0
63937,2,1,1990,0,0,0,0,0,0,7,0,0,0
63938,1,1,1990,42,42,42,42,42,42,42,42,42,42
63939,1,1,1990,0,22,0,0,0,0,0,26,0,0
63940,1,1,1990,0,0,0,0,0,0,0,0,0,0
63941,1,1,1990,3,0,0,22,15,0,16,18,0,0
63942,1,1,1990,10,10,10,10,10,10,10,10,10,10
63943,1,1,1990,0,0,0,0,0,0,0,0,0,0
63943,2,1,1990,0,0,0,0,0,0,0,0,0,0
63944,0,1,1990,0,0,0,0,0,17,0,0,0,0
63944,0,2,1990,0,0,11,0,0,0,0,0,0,0
63944,1,1,1990,13,13,13,13,13,13,13,13,13,13
63945,1,1,1990,0,0,0,0,0,0,0,0,0,0
63945,2,1,1990,0,0,0,0,0,0,0,0,0,0
63945,3,1,1990,0,0,0,0,0,0,0,0,0,0
63946,1,1,1990,0,0,0,0,0,0,0,0,0,0
63947,1,1,1990,4,4,4,4,4,4,4,4,4,4
63948,1,1,1990,8,8,8,8,8,8,8,8,8,8
63949,0,1,1990,0,0,0,4,0,0,6,0,0,0
63949,0,2,1990,0,0,0,0,0,0,0,0,0,0
63949,1,1,1990,28,28,28,28,28,28,28,28,28,28
63950,1,1,1990,26,26,26,26,26,26,26,26,26,26
63951,1,1,1990,0,0,0,0,0,0,0,0,0,0
63951,2,1,1990,0,0,0,0,0,0,0,0,0,0
63952,1,1,1990,17,17,17,17,17,17,17,17,17,17
63953,1,1,1990,15,15,15,15,15,15,15,15,15,15
63954,1,1,1990,22,22,22,22,22,22,22,22,22,22
63955,1,1,1990,18,18,18,18,18,18,18,18,18,18
63955,2,1,1990,15,0,0,0,0,17,0,0,0,0
63956,1,1,1990,0,0,0,0,0,0,0,0,0,0
63956,2,1,1990,0,0,0,0,0,0,0,0,0,0
63957,1,1,1990,36,36,36,36,36,36,36,36,36,36
63958,1,1,1990,0,0,0,0,0,0,0,14,0,0
63959,1,1,1990,16,16,16,16,16,16,16,16,16,16
63960,0,1,1990,0,0,0,0,0,0,0,0,0,0
63960,1,1,1990,0,0,0,0,0,13,0,0,0,0
63961,1,1,1990,0,0,0,0,0,0,0,0,0,0
63961,2,1,1990,8,8,8,8,8,8,8,8,8,8
63962,1,1,1990,0,0,0,0,0,0,0,0,0,0
63962,2,1,1990,0,0,17,0,0,0,0,0,0,0
63963,1,1,1990,0,0,0,0,0,0,0,0,0,0
63964,1,1,1990,0,0,0,0,0,0,0,0,0,0
63964,2,1,1990,0,0,0,0,0,0,0,0,0,0
63964,3,1,1990,0,0,0,0,0,0,0,0,0,0
63965,1,1,1990,26,26,26,26,26,26,26,26,26,26
63966,0,1,1990,0,0,0,0,0,0,0,0,0,0
63966,1,1,1990,0,0,0,0,0,0,0,0,0,0
63967,1,1,1990,0,0,0,0,0,0,0,0,0,0
63967,2,1,1990,4,4,4,4,4,4,4,4,4,4
63968,0,1,1990,30,30,30,30,30,30,30,30,30,30
63968,1,1,1990,0,9,0,0,0,0,0,0,0,0
63969,0,1,1990,0,0,0,0,0,0,0,0,0,0
63969,0,2,1990,0,0,0,0,0,0,0,0,0,0
63969,1,1,1990,0,7,0,0,0,0,0,0,11,0
63969,2,1,1990,0,0,0,0,0,0,0,0,0,0
63970,0,1,1990,0,0,0,0,0,0,0,0,0,0
63970,1,1,1990,0,0,0,0,0,8,0,22,0,16
63971,0,1,1990,12,12,12,12,12,12,12,12,12,12
63971,1,1,1990,0,0,0,0,0,0,0,0,0,0
63972,1,1,1990,0,0,0,0,0,0,0,0,0,0
63973,1,1,1990,0,0,0,0,0,0,0,0,0,0
63974,1,1,1990,0,0,0,0,0,0,0,0,0,0
63974,2,1,1990,0,0,0,0,0,0,0,0,0,0
63975,1,1,1990,0,0,0,0,0,0,0,0,0,0
63975,2,1,1990,0,0,0,0,0,0,0,0,0,0
63976,1,1,1990,0,0,0,0,0,0,0,0,0,0
63976,2,1,1990,0,0,0,0,0,0,0,0,0,0
63977,1,1,1990,17,17,17,17,17,17,17,17,17,17
63977,2,1,1990,0,0,0,0,5,0,0,0,0,0
63978,1,1,1990,22,22,22,22,22,22,22,22,22,22
63978,2,1,1990,0,0,0,0,0,0,0,0,0,0
63979,1,1,1990,0,0,0,0,0,0,0,0,0,0
63979,2,1,1990,0,0,0,0,0,0,0,0,0,0
63980,1,1,1990,0,9,0,17,0,0,0,0,0,0
63980,2,1,1990,0,0,0,0,0,0,0,0,0,0
63981,1,1,1990,0,14,0,0,0,0,0,0,0,0
63982,1,1,1990,23,23,23,23,23,23,23,23,23,23
63983,0,1,1990,0,0,0,0,0,0,0,0,0,0
63983,1,1,1990,0,0,0,0,0,0,0,0,0,0
63984,1,1,1990,2,2,2,2,2,2,2,2,2,2
63985,1,1,1990,10,10,10,10,10,10,10,10,10,10
63986,0,1,1990,0,0,0,0,0,0,0,0,0,0
63986,1,1,1990,12,0,0,0,0,0,0,0,0,0
63987,1,1,1990,0,0,0,0,0,0,0,0,0,0
63988,0,1,1990,0,0,0,0,0,0,0,0,0,0
63988,1,1,1990,0,7,11,15,25,17,19,11,12,2
63989,1,1,1990,0,14,12,0,0,0,12,0,39,0
63990,1,1,1990,0,0,0,0,0,0,0,0,0,0
63990,2,1,1990,0,0,0,0,0,0,0,0,0,0
63991,1,1,1990,10,10,10,10,10,10,10,10,10,10
63992,1,1,1990,0,0,0,0,0,0,0,0,0,0
63993,1,1,1990,0,0,0,0,0,0,0,0,0,0
63994,1,1,1990,0,0,0,0,0,0,0,0,0,0
63994,2,1,1990,0,0,0,0,0,0,0,0,0,0
63995,1,1,1990,0,0,0,0,0,0,0,0,0,0
63995,2,1,1990,0,0,0,0,0,0,0,0,0,0
63996,0,1,1990,0,0,0,0,0,0,0,0,0,0
63996,0,2,1990,20,0,15,6,0,0,0,0,9,0
63996,1,1,1990,0,0,0,0,0,0,0,0,0,0
63997,0,1,1990,0,0,0,0,0,0,0,0,0,0
63997,1,1,1990,0,0,0,0,0,0,0,0,0,0
63998,1,1,1990,0,0,0,19,0,0,0,14,10,17
63999,1,1,1990,0,9,0,0,0,0,0,0,0,0
63999,2,1,1990,0,0,14,0,15,0,0,0,0,0
64000,1,1,1990,0,4,9,19,0,0,0,8,0,20
64001,1,1,1990,23,23,23,23,23,23,23,23,23,23
64002,0,1,1990,10,10,10,10,10,10,10,10,10,10
64002,1,1,1990,0,0,0,0,0,0,16,0,0,0
64003,1,1,1990,22,22,22,22,22,22,22,22,22,22
64004,1,1,1990,0,0,0,0,0,0,0,0,0,0
64004,2,1,1990,0,0,0,0,0,0,0,0,0,0
64005,1,1,1990,0,0,0,0,0,0,0,0,0,0
64006,0,1,1990,0,23,8,0,0,0,0,0,0,0
64006,0,2,1990,0,0,0,0,0,0,0,0,0,0
64006,1,1,1990,0,0,0,0,0,0,0,0,0,0
64007,1,1,1990,33,33,33,33,33,33,33,33,33,33
64007,2,1,1990,0,0,0,0,0,0,0,0,0,0
64008,1,1,1990,12,12,12,12,12,12,12,12,12,12
64009,1,1,1990,31,31,31,31,31,31,31,31,31,31
64010,1,1,1990,0,0,0,0,0,0,0,0,2,0
64011,0,1,1990,0,0,0,0,0,0,0,0,0,0
64011,1,1,1990,0,0,0,16,0,0,0,0,0,0
64012,1,1,1990,0,0,0,0,0,0,0,0,0,0
64013,0,1,1990,0,22,0,15,0,5,10,4,11,0
64013,1,1,1990,0,0,9,14,18,0,23,0,0,0
64014,1,1,1990,26,26,26,26,26,26,26,26,26,26
64015,0,1,1990,0,0,0,0,0,0,0,0,0,0
64015,1,1,1990,0,0,0,0,0,0,0,0,0,0
64016,1,1,1990,25,25,25,25,25,25,25,25,25,25
64016,2,1,1990,19,20,21,16,15,10,12,14,24,11
64017,1,1,1990,13,13,13,13,13,13,13,13,13,13
64018,1,1,1990,0,0,0,0,0,0,0,0,0,0
64018,2,1,1990,0,0,0,0,0,0,0,20,0,0
64019,1,1,1990,0,0,0,0,0,0,0,0,0,0
64019,2,1,1990,0,0,0,0,0,0,0,0,0,0
64019,3,1,1990,0,0,0,0,0,0,0,0,11,0
64020,1,1,1990,32,32,32,32,32,32,32,32,32,32
64021,0,1,1990,0,0,0,0,0,0,0,0,0,0
64021,1,1,1990,0,0,0,0,0,0,0,0,0,0
64022,1,1,1990,18,18,18,18,18,18,18,18,18,18
64022,2,1,1990,0,0,0,0,0,0,0,0,0,0
64023,0,1,1990,3,3,3,3,3,3,3,3,3,3
64023,0,2,1990,22,12,34,14,0,0,17,4,26,17
64023,1,1,1990,17,17,17,17,17,17,17,17,17,17
64024,0,1,1990,0,0,0,0,0,0,0,0,0,0
64024,1,1,1990,0,0,0,0,0,0,0,0,0,0
64025,0,1,1990,0,0,0,0,0,0,0,0,0,0
64025,1,1,1990,0,0,0,0,0,0,0,0,0,0
64026,1,1,1990,17,17,17,17,17,17,17,17,17,17
64027,1,1,1990,8,8,8,8,8,8,8,8,8,8
64027,2,1,1990,0,0,0,0,0,0,0,0,0,0
64028,1,1,1990,0,11,15,8,38,21,12,41,12,21
64029,1,1,1990,4,4,4,4,4,4,4,4,4,4
64030,1,1,1990,0,0,0,0,0,0,0,0,0,0
64030,2,1,1990,0,0,0,0,0,0,0,0,0,0
64031,0,1,1990,0,0,0,0,0,0,0,0,0,0
64031,1,1,1990,29,9,0,0,0,0,11,0,0,19
64032,0,1,1990,0,0,0,0,0,0,0,0,0,0
64032,1,1,1990,17,0,7,9,23,23,23,9,9,0
64033,0,1,1990,0,0,24,26,19,22,11,13,16,24
64033,1,1,1990,0,0,0,16,14,0,0,0,0,0
64034,0,1,1990,0,0,0,0,0,0,0,0,0,0
64034,1,1,1990,26,26,26,26,26,26,26,26,26,26
64035,1,1,1990,0,0,0,0,0,0,0,0,0,0
64035,2,1,1990,0,0,0,0,0,0,0,0,0,0
64036,1,1,1990,13,13,13,13,13,13,13,13,13,13
64037,1,1,1990,19,0,13,0,0,0,0,0,0,0
64038,1,1,1990,7,7,7,7,7,7,7,7,7,7
64039,1,1,1990,0,0,0,0,0,0,0,0,0,0
64040,1,1,1990,0,33,0,23,0,24,0,9,0,0
64041,1,1,1990,31,31,31,31,31,31,31,31,31,31
64042,1,1,1990,0,0,0,0,0,0,0,0,0,0
64043,1,1,1990,11,11,11,11,11,11,11,11,11,11
64044,1,1,1990,30,30,30,30,30,30,30,30,30,30
64044,2,1,1990,15,15,15,15,15,15,15,15,15,15
64045,1,1,1990,11,11,11,11,11,11,11,11,11,11
64046,1,1,1990,0,0,0,0,0,0,0,11,0,0
64046,2,1,1990,0,0,0,0,0,0,13,0,0,0
64047,1,1,1990,0,0,0,0,0,0,0,0,0,0
64048,1,1,1990,13,13,13,13,13,13,13,13,13,13
64049,1,1,1990,0,0,0,0,0,0,0,0,0,0
64049,2,1,1990,0,0,0,0,0,0,0,0,0,0
64050,1,1,1990,0,0,0,0,0,0,0,0,0,0
64050,2,1,1990,0,0,0,0,0,0,0,0,0,0
64051,1,1,1990,0,0,0,0,0,0,0,0,0,0
64051,2,1,1990,0,0,0,0,0,0,0,0,0,0
64052,1,1,1990,12,12,12,12,12,12,12,12,12,12
64052,2,1,1990,0,0,0,0,0,0,0,0,0,0
64053,1,1,1990,17,17,17,17,17,17,17,17,17,17
64053,2,1,1990,0,0,0,0,0,0,0,0,0,0
64053,3,1,1990,0,0,0,0,0,0,0,0,0,0
64053,4,1,1990,0,0,0,0,8,0,0,0,9,0
64054,1,1,1990,0,0,0,0,0,0,0,0,0,0
64054,2,1,1990,0,0,0,0,0,0,0,19,0,0
64055,1,1,1990,23,23,23,23,23,23,23,23,23,23
64056,1,1,1990,0,0,0,0,0,0,0,0,0,0
64057,1,1,1990,0,0,0,0,0,0,0,0,0,0
64058,1,1,1990,0,0,0,0,16,0,0,0,0,0
64059,1,1,1990,0,0,0,0,0,0,0,0,16,0
64059,2,1,1990,0,0,0,0,0,0,0,0,0,0
64059,3,1,1990,0,0,0,0,0,0,0,0,0,4
64060,0,1,1990,0,0,0,0,0,0,0,0,0,0
64060,1,1,1990,0,0,0,0,0,0,0,0,0,0
64061,1,1,1990,0,0,0,0,0,0,0,0,0,0
64061,2,1,1990,0,0,0,0,0,0,0,0,0,0
64062,1,1,1990,0,0,0,0,0,0,0,0,0,0
64062,2,1,1990,0,0,0,0,0,0,0,0,0,0
64063,0,1,1990,33,33,33,33,33,33,33,33,33,33
64063,1,1,1990,0,0,14,27,0,0,0,0,0,0
64064,1,1,1990,0,0,0,3,5,0,0,0,2,9
64065,1,1,1990,0,0,0,0,0,0,0,0,0,0
64066,1,1,1990,0,0,0,0,0,0,0,0,0,0
64066,2,1,1990,0,0,0,0,0,0,0,0,0,0
64067,1,1,1990,19,19,19,19,19,19,19,19,19,19
64068,1,1,1990,0,14,0,0,18,8,0,0,0,0
64069,0,1,1990,16,0,12,15,25,25,18,0,34,19
64069,1,1,1990,0,0,0,0,0,0,0,0,0,0
64070,1,1,1990,13,13,13,13,13,13,13,13,13,13
64070,2,1,1990,0,0,0,0,0,0,0,0,0,0
64071,1,1,1990,0,0,0,0,0,0,0,0,0,0
64071,2,1,1990,0,0,0,0,0,0,0,0,0,0
64072,1,1,1990,22,22,22,22,22,22,22,22,22,22
64073,1,1,1990,14,14,14,14,14,14,14,14,14,14
64074,1,1,1990,25,25,25,25,25,25,25,25,25,25
64075,1,1,1990,22,22,22,22,22,22,22,22,22,22
64075,2,1,1990,0,0,0,0,0,0,0,0,0,0
64076,0,1,1990,23,23,23,23,23,23,23,23,23,23
64076,1,1,1990,0,0,0,0,0,0,0,0,0,0
64077,1,1,1990,27,30,11,18,8,15,5,0,11,22
64077,2,1,1990,0,0,0,0,0,0,0,0,0,0
64078,1,1,1990,17,17,17,17,17,17,17,17,17,17
64079,1,1,1990,0,2,0,0,0,0,0,0,0,0
64079,2,1,1990,11,11,11,11,11,11,11,11,11,11
64080,1,1,1990,0,0,0,0,0,0,0,0,0,0
64081,1,1,1990,0,0,0,0,0,0,0,0,0,0
64081,2,1,1990,0,0,0,0,0,0,0,0,0,0
64082,1,1,1990,0,0,0,0,0,0,0,0,0,0
64082,2,1,1990,0,0,0,0,0,0,0,0,0,0
64083,1,1,1990,19,19,19,19,19,19,19,19,19,19
64083,2,1,1990,0,0,0,0,0,0,0,0,0,0
64084,1,1,1990,22,22,22,22,22,22,22,22,22,22
64085,0,1,1990,0,0,0,0,0,0,0,0,0,0
64085,1,1,1990,0,0,0,0,0,0,0,0,0,0
64086,1,1,1990,16,16,16,16,16,16,16,16,16,16
64087,1,1,1990,6,10,14,27,29,5,14,13,14,21
64088,1,1,1990,0,0,0,0,0,0,0,0,0,0
64088,2,1,1990,0,0,0,0,0,0,0,11,0,0
64089,0,1,1990,30,30,30,30,30,30,30,30,30,30
64089,1,1,1990,0,0,0,0,0,0,0,0,0,0
64090,1,1,1990,0,0,0,0,0,0,0,0,0,0
64090,2,1,1990,0,0,0,0,0,0,0,0,0,0
64091,0,1,1990,0,0,0,0,6,0,22,0,0,0
64091,1,1,1990,0,0,0,0,0,0,0,0,0,0
64092,0,1,1990,31,17,10,0,15,26,14,14,8,38
64092,1,1,1990,0,9,0,0,0,0,0,19,0,0
64093,0,1,1990,0,0,0,0,0,0,0,0,0,0
64093,1,1,1990,0,0,0,0,0,0,0,0,0,0
64094,1,1,1990,22,22,22,22,22,22,22,22,22,22
64095,0,1,1990,25,25,25,25,25,25,25,25,25,25
64095,1,1,1990,0,0,0,0,0,0,0,0,0,0
64096,1,1,1990,24,24,24,24,24,24,24,24,24,24
64097,1,1,1990,0,0,0,0,0,0,0,0,0,0
64097,2,1,1990,0,0,0,0,0,0,0,5,0,0
64098,1,1,1990,13,13,13,13,13,13,13,13,13,13
64098,2,1,1990,11,11,11,11,11,11,11,11,11,11
64099,0,1,1990,29,0,0,0,0,0,0,0,0,19
64099,1,1,1990,0,0,0,0,0,0,0,0,0,0
64100,1,1,1990,16,16,16,16,16,16,16,16,16,16
64101,1,1,1990,0,0,0,0,0,0,0,0,0,0
64102,1,1,1990,21,21,21,21,21,21,21,21,21,21
64102,2,1,1990,6,6,6,6,6,6,6,6,6,6
64103,0,1,1990,0,3,0,0,0,0,0,27,0,28
64103,1,1,1990,0,0,0,0,0,0,0,0,0,0
64104,0,1,1990,31,31,31,31,31,31,31,31,31,31
64104,1,1,1990,0,0,0,0,0,0,0,0,0,0
64105,1,1,1990,21,21,21,21,21,21,21,21,21,21
64106,1,1,1990,0,0,0,0,0,0,0,0,0,0
64107,1,1,1990,0,0,0,0,0,0,0,0,0,0
64107,2,1,1990,0,0,0,0,0,0,0,0,0,0
64108,0,1,1990,0,0,0,0,0,0,0,0,0,0
64108,1,1,1990,0,0,0,0,0,0,0,0,0,0
64109,0,1,1990,23,22,0,22,20,18,20,26,25,24
64109,1,1,1990,0,0,0,0,0,0,0,0,0,0
64110,1,1,1990,0,0,0,0,0,0,0,0,0,0
64111,0,1,1990,0,0,0,0,0,0,0,0,0,0
64111,1,1,1990,0,0,0,0,0,0,0,0,0,0
64112,1,1,1990,0,0,0,0,0,0,0,0,0,0
64113,0,1,1990,0,0,0,0,0,0,0,0,0,0
64113,1,1,1990,0,0,0,0,0,0,3,0,0,0
64114,0,1,1990,0,0,0,0,0,0,0,0,0,0
64114,1,1,1990,0,0,0,0,10,0,0,0,0,0
64115,1,1,1990,16,16,16,16,16,16,16,16,16,16
64115,2,1,1990,0,0,0,0,0,0,0,0,0,0
64115,3,1,1990,0,0,0,0,0,0,0,0,0,0
64116,1,1,1990,0,0,0,0,0,0,0,0,0,0
64117,1,1,1990,0,0,0,0,0,0,0,0,0,0
64118,1,1,1990,0,0,0,0,0,0,0,0,0,0
64118,2,1,1990,4,4,4,4,4,4,4,4,4,4
64119,1,1,1990,25,25,25,25,25,25,25,25,25,25
64119,2,1,1990,0,0,0,0,0,0,0,0,0,0
64120,0,1,1990,0,18,0,0,24,0,0,0,0,16
64120,0,2,1990,0,0,0,0,0,13,0,0,0,14
64120,1,1,1990,0,0,0,0,0,0,0,0,0,0
64121,1,1,1990,26,0,0,0,0,0,23,0,0,0
64121,2,1,1990,0,0,0,0,0,0,0,0,0,0
64122,0,1,1990,23,21,21,27,22,0,36,13,21,19
64122,1,1,1990,0,0,0,0,0,0,0,0,0,0
64123,0,1,1990,33,33,33,33,33,33,33,33,33,33
64123,1,1,1990,13,0,0,0,0,0,0,0,0,0
64124,0,1,1990,0,0,0,0,0,0,0,0,0,0
64124,1,1,1990,0,0,15,0,0,0,0,0,0,0
64125,1,1,1990,0,0,0,0,0,0,0,0,0,0
64126,1,1,1990,10,10,10,10,10,10,10,10,10,10
64127,0,1,1990,8,8,8,8,8,8,8,8,8,8
64127,1,1,1990,0,0,4,0,0,0,0,0,18,0
64128,1,1,1990,0,0,0,0,0,0,0,0,0,0
64128,2,1,1990,0,0,0,0,0,0,0,0,0,0
64129,1,1,1990,21,21,21,21,21,21,21,21,21,21
64130,1,1,1990,0,0,0,0,0,0,0,0,0,0
64130,2,1,1990,0,0,0,0,0,0,0,0,0,0
64130,3,1,1990,0,0,0,0,0,0,0,0,0,0
64131,1,1,1990,0,0,0,0,0,0,0,0,0,0
64132,0,1,1990,0,0,0,0,0,0,0,0,0,0
64132,1,1,1990,0,0,0,0,0,0,0,0,0,0
64133,1,1,1990,0,0,0,0,0,0,0,0,0,0
64134,1,1,1990,0,0,0,0,0,0,0,0,0,0
64134,2,1,1990,0,0,0,0,0,0,0,0,0,0
64135,0,1,1990,0,0,0,0,0,0,0,0,0,0
64135,1,1,1990,13,13,13,13,13,13,13,13,13,13
64136,1,1,1990,0,0,0,0,0,0,0,0,0,0
64136,2,1,1990,0,0,0,0,0,0,0,0,0,0
64137,1,1,1990,0,0,0,0,0,0,0,0,0,0
64138,1,1,1990,0,0,15,0,0,20,0,0,0,0
64139,1,1,1990,0,0,0,0,0,0,0,0,0,0
64139,2,1,1990,12,0,0,0,0,0,0,0,0,0
64140,1,1,1990,0,0,0,0,0,0,0,0,0,0
64140,2,1,1990,0,0,0,0,0,0,0,0,0,0
64141,1,1,1990,0,0,0,0,0,0,0,0,0,0
64141,2,1,1990,0,0,0,0,0,0,0,0,0,0
64141,3,1,1990,0,0,0,0,0,0,0,0,0,0
64142,1,1,1990,0,0,0,0,0,0,0,0,0,0
64142,2,1,1990,0,0,0,0,0,0,0,0,0,0
64143,1,1,1990,10,10,10,10,10,10,10,10,10,10
64144,1,1,1990,16,16,16,16,16,16,16,16,16,16
64145,1,1,1990,0,0,0,0,0,0,0,0,0,0
64145,2,1,1990,0,0,0,0,0,0,0,0,0,0
64146,0,1,1990,0,0,0,0,0,0,0,0,0,0
64146,1,1,1990,0,0,0,0,0,0,0,0,0,0
64147,1,1,1990,0,0,0,0,0,0,0,0,16,0
64148,1,1,1990,4,4,4,4,4,4,4,4,4,4
64148,2,1,1990,0,0,0,0,0,0,0,0,0,0
64149,1,1,1990,17,17,17,17,17,17,17,17,17,17
64149,2,1,1990,0,0,0,0,0,0,0,0,0,0
64150,1,1,1990,24,24,24,24,24,24,24,24,24,24
64150,2,1,1990,0,3,0,0,18,0,0,0,0,0
64151,1,1,1990,19,19,19,19,19,19,19,19,19,19
64151,2,1,1990,0,0,0,0,10,0,0,0,0,0
64152,1,1,1990,0,0,0,0,0,0,0,0,0,0
64152,2,1,1990,0,0,0,0,0,0,21,0,0,0
64153,1,1,1990,0,0,0,0,0,0,0,0,0,0
64154,1,1,1990,0,0,0,0,0,0,0,0,0,0
64154,2,1,1990,0,0,0,0,0,0,0,0,0,0
64155,0,1,1990,20,20,20,20,20,20,20,20,20,20
64155,1,1,1990,0,0,0,0,0,0,0,0,0,0
64156,1,1,1990,0,0,0,0,0,0,0,0,0,0
64156,2,1,1990,0,0,0,0,0,0,0,0,0,0
64157,1,1,1990,43,43,43,43,43,43,43,43,43,43
64158,1,1,1990,7,7,7,7,7,7,7,7,7,7
64158,2,1,1990,0,0,0,4,0,0,0,0,0,0
64159,1,1,1990,0,0,0,0,0,0,0,0,0,0
64160,1,1,1990,34,34,34,34,34,34,34,34,34,34
64161,1,1,1990,2,2,2,2,2,2,2,2,2,2
64161,2,1,1990,17,17,17,17,17,17,17,17,17,17
64162,1,1,1990,22,22,22,22,22,22,22,22,22,22
64163,1,1,1990,0,15,18,0,0,0,0,0,0,0
64164,1,1,1990,14,14,14,14,14,14,14,14,14,14
64165,1,1,1990,0,0,0,0,0,0,0,0,0,0
64166,1,1,1990,11,11,11,11,11,11,11,11,11,11
64167,1,1,1990,5,5,5,5,5,5,5,5,5,5
64168,1,1,1990,0,0,0,0,0,0,0,0,0,0
64169,1,1,1990,0,0,0,0,0,0,0,0,0,0
64169,2,1,1990,0,0,0,0,0,0,0,0,0,0
64170,1,1,1990,0,0,0,0,0,0,0,0,0,0
64171,1,1,1990,0,0,0,0,0,0,0,0,0,0
64172,1,1,1990,0,0,0,0,0,0,0,0,0,0
64173,1,1,1990,13,13,13,13,13,13,13,13,13,13
64174,1,1,1990,0,0,0,0,0,0,0,0,0,0
64174,2,1,1990,0,0,0,0,0,0,0,0,0,0
64175,0,1,1990,0,0,0,0,0,0,0,0,0,0
64175,1,1,1990,0,0,0,0,0,0,0,6,0,0
64176,1,1,1990,30,30,30,30,30,30,30,30,30,30
64176,2,1,1990,0,0,0,0,17,0,0,0,0,0
64177,0,1,1990,0,0,0,0,0,0,0,0,0,0
64177,1,1,1990,0,0,0,0,0,0,0,0,0,0
64178,1,1,1990,23,23,23,23,23,23,23,23,23,23
64179,0,1,1990,0,0,30,0,0,18,0,26,13,16
64179,1,1,1990,0,0,0,0,0,0,0,0,0,0
64180,1,1,1990,0,0,7,0,0,0,0,0,0,0
64180,2,1,1990,0,0,0,0,0,0,0,0,0,0
64181,1,1,1990,0,0,0,0,0,0,0,0,0,0
64181,2,1,1990,0,0,0,0,0,0,0,0,0,0
64182,1,1,1990,0,0,0,0,0,0,0,0,0,0
64182,2,1,1990,0,0,0,0,0,0,0,0,0,0
64183,0,1,1990,0,0,0,0,0,0,0,0,0,0
64183,1,1,1990,0,19,0,0,0,0,0,0,0,0
64184,0,1,1990,0,0,0,0,0,0,0,0,0,0
64184,1,1,1990,0,0,0,0,0,0,0,0,0,0
64185,1,1,1990,0,0,0,0,0,0,0,0,0,0
64185,2,1,1990,0,0,0,0,0,0,0,0,0,0
64186,1,1,1990,0,0,0,0,0,0,0,0,0,0
64186,2,1,1990,0,0,0,0,0,0,0,0,0,0
64187,1,1,1990,0,0,0,0,0,0,0,0,0,0
64187,2,1,1990,0,0,0,0,0,0,0,0,0,0
64188,1,1,1990,0,0,0,0,0,0,0,0,0,0
64188,2,1,1990,0,0,19,0,0,0,0,0,0,0
64189,0,1,1990,0,0,0,0,0,0,0,0,0,0
64189,1,1,1990,0,0,0,0,0,0,0,0,0,0
64190,1,1,1990,16,16,16,16,16,16,16,16,16,16
64191,1,1,1990,0,0,0,0,0,0,0,0,0,0
64192,1,1,1990,0,0,20,0,0,0,15,28,0,0
64192,2,1,1990,0,0,0,0,0,0,0,0,0,0
64193,1,1,1990,0,0,0,0,0,0,0,0,0,0
64193,2,1,1990,0,0,0,0,0,0,0,0,0,0