ST_CASE,VEH_NO,PER_NO,YEAR,P1,P2,P3,P4,P5,P6,P7,P8,P9,P10
64194,0,1,1990,0,0,0,0,0,0,0,0,0,0
64194,1,1,1990,0,0,0,0,0,0,0,0,0,0
64195,0,1,1990,4,4,4,4,4,4,4,4,4,4
64195,1,1,1990,15,0,0,0,0,0,11,11,0,12
64196,1,1,1990,16,16,16,16,16,16,16,16,16,16
64197,1,1,1990,26,26,26,26,26,26,26,26,26,26
64198,1,1,1990,0,0,0,0,0,0,0,0,0,0
64198,2,1,1990,0,0,0,0,0,0,0,0,0,0
64199,0,1,1990,5,5,5,5,5,5,5,5,5,5
64199,1,1,1990,0,0,0,0,0,0,0,0,0,0
64200,0,1,1990,0,0,0,0,0,0,0,0,0,0
64200,1,1,1990,0,12,0,0,0,0,6,11,0,0
64201,1,1,1990,0,12,0,10,0,0,0,22,0,24
64202,1,1,1990,0,0,0,0,0,0,0,0,0,0
64202,2,1,1990,0,0,0,0,0,0,0,0,0,0
64203,1,1,1990,20,20,20,20,20,20,20,20,20,20
64203,2,1,1990,0,0,0,0,0,0,0,0,0,0
64204,0,1,1990,9,0,0,0,0,0,0,0,0,0
64204,0,2,1990,0,0,0,0,0,0,0,0,0,0
64204,1,1,1990,0,0,0,0,0,0,0,0,0,0
64205,0,1,1990,0,0,0,0,0,0,0,0,0,0
64205,1,1,1990,10,10,10,10,10,10,10,10,10,10
64205,2,1,1990,0,0,0,0,0,0,0,0,0,0
64206,0,1,1990,23,23,23,23,23,23,23,23,23,23
64206,1,1,1990,0,0,0,0,0,0,0,0,0,0
64207,1,1,1990,13,13,13,13,13,13,13,13,13,13
64208,1,1,1990,8,0,0,0,0,0,0,0,0,0
64208,2,1,1990,0,0,0,0,0,0,0,0,0,0
64209,1,1,1990,0,0,0,9,0,0,0,0,0,0
64209,2,1,1990,0,0,0,0,0,0,0,0,0,0
64210,0,1,1990,0,0,0,0,0,0,0,0,0,0
64210,0,2,1990,0,0,0,0,0,0,0,0,0,0
64210,0,3,1990,0,0,0,0,0,0,0,0,0,0
64210,0,4,1990,0,0,0,0,0,0,0,0,0,0
64210,1,1,1990,0,0,0,0,0,0,0,0,0,0
64211,1,1,1990,14,14,14,14,14,14,14,14,14,14
64212,1,1,1990,13,0,11,0,0,10,0,0,18,0
64213,1,1,1990,24,24,24,24,24,24,24,24,24,24
64213,2,1,1990,0,0,0,0,0,0,0,0,0,0
64214,1,1,1990,32,32,32,32,32,32,32,32,32,32
64215,1,1,1990,0,0,0,0,0,0,0,0,0,0
64216,1,1,1990,18,18,18,18,18,18,18,18,18,18
64217,1,1,1990,14,14,14,14,14,14,14,14,14,14
64218,1,1,1990,6,6,6,6,6,6,6,6,6,6
64218,2,1,1990,0,0,0,0,0,19,0,22,0,0
64218,3,1,1990,20,14,0,0,0,0,0,0,0,7
64218,4,1,1990,0,10,15,12,22,19,15,19,29,0
64219,1,1,1990,19,19,19,19,19,19,19,19,19,19
64219,2,1,1990,8,8,8,8,8,8,8,8,8,8
64220,1,1,1990,0,0,0,0,0,0,0,0,0,0
64220,2,1,1990,0,0,0,0,0,0,0,0,0,0
64221,1,1,1990,12,9,5,0,0,0,0,0,0,21
64221,2,1,1990,0,0,0,0,0,0,0,0,0,0
64222,1,1,1990,0,0,0,0,0,0,0,0,0,0
64222,2,1,1990,0,0,0,0,0,0,0,0,0,0
64223,0,1,1990,4,4,4,4,4,4,4,4,4,4
64223,1,1,1990,0,0,0,0,0,0,0,0,0,0
64224,1,1,1990,22,22,22,22,22,22,22,22,22,22
64224,2,1,1990,0,0,0,0,0,0,0,0,0,0
64225,1,1,1990,19,19,19,19,19,19,19,19,19,19
64226,1,1,1990,0,0,0,0,0,18,0,0,0,0
64226,2,1,1990,0,0,0,0,0,0,0,0,0,0
64227,0,1,1990,7,16,22,12,7,19,29,16,37,17
64227,1,1,1990,0,0,4,0,13,0,0,0,0,0
64228,1,1,1990,21,21,21,21,21,21,21,21,21,21
64229,1,1,1990,0,0,0,0,0,0,0,0,0,0
64230,1,1,1990,0,0,0,0,0,0,0,0,0,0
64230,2,1,1990,16,16,16,16,16,16,16,16,16,16
64230,3,1,1990,0,0,0,0,0,0,0,0,0,0
64231,1,1,1990,0,0,0,0,0,0,0,0,0,0
64232,0,1,1990,0,0,0,0,0,0,0,0,0,0
64232,1,1,1990,0,0,21,0,9,0,0,17,17,0
64233,1,1,1990,12,12,12,12,12,12,12,12,12,12
64234,0,1,1990,25,25,25,25,25,25,25,25,25,25
64234,1,1,1990,16,16,16,16,16,16,16,16,16,16
64235,1,1,1990,15,15,15,15,15,15,15,15,15,15
64235,2,1,1990,12,12,12,12,12,12,12,12,12,12
64236,1,1,1990,12,12,12,12,12,12,12,12,12,12
64236,2,1,1990,0,0,0,0,0,0,0,0,0,0
64237,1,1,1990,17,17,17,17,17,17,17,17,17,17
64237,2,1,1990,0,0,0,9,0,0,0,0,0,0
64238,1,1,1990,10,10,10,10,10,10,10,10,10,10
64238,2,1,1990,0,0,0,0,0,0,0,0,0,0
64239,1,1,1990,0,0,0,0,0,0,0,0,0,0
64239,2,1,1990,13,0,12,0,0,0,0,0,0,11
64240,0,1,1990,0,0,0,0,0,0,0,0,0,0
64240,1,1,1990,0,0,0,0,0,0,0,0,0,0
64240,2,1,1990,0,0,0,0,0,0,0,0,0,0
64241,1,1,1990,7,7,7,7,7,7,7,7,7,7
64241,2,1,1990,0,0,0,0,0,0,0,0,0,0
64242,1,1,1990,0,0,0,0,0,0,0,0,0,0
64243,1,1,1990,0,0,0,0,0,0,0,0,0,0
64243,2,1,1990,0,0,0,0,0,0,0,0,0,0
64244,0,1,1990,28,28,28,28,28,28,28,28,28,28
64244,1,1,1990,16,0,0,12,0,9,0,23,15,0
64245,1,1,1990,0,0,0,0,0,0,0,0,0,0
64245,2,1,1990,0,0,0,0,0,0,0,19,0,0
64246,1,1,1990,0,0,0,0,0,0,0,0,0,0
64246,2,1,1990,0,0,0,0,0,0,0,0,0,0
64247,1,1,1990,21,21,21,21,21,21,21,21,21,21
64247,2,1,1990,14,0,16,0,0,0,0,0,0,21
64248,1,1,1990,16,16,16,16,16,16,16,16,16,16
64249,1,1,1990,0,0,0,0,0,0,0,0,0,0
64249,2,1,1990,0,0,0,0,0,0,0,0,0,0
64250,1,1,1990,0,0,0,0,0,0,0,0,0,0
64251,1,1,1990,26,26,26,26,26,26,26,26,26,26
64252,1,1,1990,0,0,0,0,0,0,0,0,0,0
64252,2,1,1990,0,0,0,0,11,0,0,0,0,0
64253,1,1,1990,0,0,15,0,16,0,0,0,0,0
64254,1,1,1990,0,0,0,0,0,0,0,0,0,0
64254,2,1,1990,34,34,34,34,34,34,34,34,34,34
64255,1,1,1990,0,0,0,0,0,0,0,0,0,0
64255,2,1,1990,0,0,0,0,0,0,0,0,0,0
64256,1,1,1990,20,20,20,20,20,20,20,20,20,20
64257,1,1,1990,0,0,0,0,0,0,0,0,0,0
64257,2,1,1990,0,0,0,0,0,0,0,0,0,0
64258,1,1,1990,9,9,9,9,9,9,9,9,9,9
64258,2,1,1990,0,0,0,0,0,0,0,0,0,0
64259,1,1,1990,17,17,17,17,17,17,17,17,17,17
64259,2,1,1990,17,17,17,17,17,17,17,17,17,17
64260,1,1,1990,0,0,0,0,0,18,0,0,0,0
64261,1,1,1990,8,8,8,8,8,8,8,8,8,8
64261,2,1,1990,0,0,0,0,0,0,0,0,0,6
64262,0,1,1990,29,29,29,29,29,29,29,29,29,29
64262,1,1,1990,0,0,0,0,18,15,0,11,7,0
64263,1,1,1990,0,0,0,0,0,0,0,0,0,0
64263,2,1,1990,0,0,0,0,0,0,0,0,0,0
64264,1,1,1990,0,0,0,0,0,0,0,0,0,0
64264,2,1,1990,0,0,0,0,0,0,0,0,0,0
64265,1,1,1990,17,17,17,17,17,17,17,17,17,17
64266,1,1,1990,16,16,16,16,16,16,16,16,16,16
64266,2,1,1990,0,0,0,0,0,0,0,0,0,0
64268,1,1,1990,0,0,0,0,0,0,0,0,0,0
64269,0,1,1990,23,23,23,23,23,23,23,23,23,23
64269,1,1,1990,0,0,0,0,0,0,0,0,0,0
64269,2,1,1990,0,0,0,0,0,0,0,0,0,0
64270,1,1,1990,31,31,31,31,31,31,31,31,31,31
64271,0,1,1990,0,0,0,0,0,0,0,0,0,0
64271,1,1,1990,0,0,0,0,0,0,0,0,0,0
64272,1,1,1990,0,0,0,0,0,0,0,0,0,0
64273,1,1,1990,0,0,10,0,10,14,0,21,8,29
64274,1,1,1990,21,21,21,21,21,21,21,21,21,21
64275,0,1,1990,0,0,0,0,0,0,0,0,0,0
64275,1,1,1990,0,0,0,0,0,0,0,0,0,0
64276,1,1,1990,16,16,16,16,16,16,16,16,16,16
64277,1,1,1990,14,14,14,14,14,14,14,14,14,14
64278,1,1,1990,18,18,18,18,18,18,18,18,18,18
64279,1,1,1990,0,0,0,0,0,0,0,0,0,0
64279,2,1,1990,0,0,0,15,0,0,34,0,0,10
64280,0,1,1990,0,0,0,0,0,0,0,0,0,0
64280,1,1,1990,0,0,0,0,0,12,0,0,0,0
64281,1,1,1990,11,11,11,11,11,11,11,11,11,11
64282,1,1,1990,6,0,0,0,5,8,0,19,0,0
64283,0,1,1990,17,17,17,17,17,17,17,17,17,17
64283,1,1,1990,0,0,31,21,0,0,0,0,0,0
64284,1,1,1990,0,0,0,0,0,0,0,0,0,0
64284,2,1,1990,0,0,0,0,0,0,0,0,0,0
64285,1,1,1990,13,0,6,13,15,0,6,0,17,9
64286,1,1,1990,0,0,0,0,0,0,0,0,0,0
64287,0,1,1990,0,0,0,0,0,0,0,0,0,0
64287,1,1,1990,0,0,0,0,0,0,0,0,0,0
64288,1,1,1990,12,12,12,12,12,12,12,12,12,12
64289,1,1,1990,0,0,0,0,0,0,0,0,0,0
64290,1,1,1990,27,27,27,27,27,27,27,27,27,27
64291,1,1,1990,19,19,19,19,19,19,19,19,19,19
64292,1,1,1990,0,0,0,0,0,0,0,0,0,0
64293,1,1,1990,0,0,6,0,8,0,0,0,0,0
64293,2,1,1990,0,0,0,0,0,0,0,0,0,0
64294,1,1,1990,12,12,12,12,12,12,12,12,12,12
64294,2,1,1990,0,0,0,0,0,40,0,0,0,22
64295,1,1,1990,0,0,0,0,0,0,0,0,0,0
64296,1,1,1990,0,0,0,0,0,0,0,0,0,0
64296,2,1,1990,0,0,0,0,0,0,0,0,0,0
64297,0,1,1990,0,0,0,0,0,0,0,0,0,0
64297,1,1,1990,24,24,24,24,24,24,24,24,24,24
64298,1,1,1990,26,0,7,3,0,17,16,0,0,0
64299,1,1,1990,21,21,21,21,21,21,21,21,21,21
64300,1,1,1990,12,12,14,15,8,15,13,7,20,14
64301,0,1,1990,0,0,0,0,0,0,0,0,0,0
64301,0,2,1990,0,0,0,0,0,0,0,0,15,0
64301,1,1,1990,16,16,16,16,16,16,16,16,16,16
64302,0,1,1990,0,0,0,0,0,0,0,0,0,0
64302,1,1,1990,0,0,0,0,0,0,0,0,0,0
64303,1,1,1990,0,0,0,0,0,10,0,0,2,10
64303,2,1,1990,0,0,0,0,10,4,0,10,0,0
64304,1,1,1990,0,0,0,0,0,0,0,0,0,0
64304,2,1,1990,0,0,0,0,26,0,0,0,0,0
64305,1,1,1990,0,0,11,0,0,0,0,0,0,0
64305,2,1,1990,0,0,0,0,0,0,0,0,0,0
64306,1,1,1990,30,30,30,30,30,30,30,30,30,30
64306,2,1,1990,0,0,0,0,0,0,0,0,0,0
64307,1,1,1990,11,11,11,11,11,11,11,11,11,11
64308,1,1,1990,0,0,0,0,0,0,0,0,0,0
64309,0,1,1990,0,0,0,0,0,0,0,0,0,0
64309,1,1,1990,15,0,15,0,7,0,0,0,5,15
64310,0,1,1990,0,0,0,0,0,0,0,0,0,0
64310,1,1,1990,5,5,5,5,5,5,5,5,5,5
64311,0,1,1990,0,0,0,0,0,0,0,0,0,0
64311,1,1,1990,0,0,0,0,0,0,0,0,0,0
64312,1,1,1990,29,29,29,29,29,29,29,29,29,29
64312,2,1,1990,0,0,0,0,0,0,0,0,0,0
64313,0,1,1990,0,0,0,0,0,0,0,0,0,0
64313,1,1,1990,0,0,0,0,0,0,0,0,0,0
64314,1,1,1990,0,0,0,0,0,0,0,0,0,0
64315,1,1,1990,13,0,16,0,0,0,23,0,0,0
64315,2,1,1990,0,0,0,0,0,0,0,0,0,0
64316,1,1,1990,17,17,17,17,17,17,17,17,17,17
64316,2,1,1990,0,0,0,0,0,0,0,0,0,0
64317,1,1,1990,21,21,21,21,21,21,21,21,21,21
64318,1,1,1990,0,0,0,13,0,0,0,0,0,19
64318,2,1,1990,0,0,0,0,0,0,0,0,0,0
64319,0,1,1990,0,0,0,0,0,0,0,0,0,0
64319,1,1,1990,0,0,0,0,5,0,0,0,10,0
64320,1,1,1990,0,0,0,0,0,0,0,0,0,0
64321,1,1,1990,12,12,12,12,12,12,12,12,12,12
64321,2,1,1990,0,0,0,0,0,0,0,0,0,0
64321,3,1,1990,0,14,0,0,0,12,6,0,5,0
64322,1,1,1990,0,9,12,0,0,0,0,0,0,0
64323,0,1,1990,0,19,0,18,30,18,25,0,0,0
64323,1,1,1990,16,0,0,0,0,0,0,0,0,0
64324,1,1,1990,13,13,13,13,13,13,13,13,13,13
64325,0,1,1990,0,0,0,0,0,0,0,0,0,0
64325,1,1,1990,0,0,0,0,0,0,0,0,0,0
64326,1,1,1990,16,16,16,16,16,16,16,16,16,16
64326,2,1,1990,0,0,0,0,0,0,0,0,0,0
64327,1,1,1990,0,0,7,0,0,0,0,0,0,0
64327,2,1,1990,0,0,0,0,0,0,0,0,0,0
64328,1,1,1990,0,0,0,0,0,0,0,0,0,0
64328,2,1,1990,0,15,8,0,8,0,12,7,14,7
64329,1,1,1990,12,0,8,0,0,18,0,0,0,0
64330,0,1,1990,0,0,43,0,0,0,0,0,0,26
64330,1,1,1990,0,0,0,0,0,26,2,12,0,23
64331,1,1,1990,0,0,0,11,0,0,0,0,0,0
64331,2,1,1990,4,0,0,0,0,0,0,0,0,0
64332,1,1,1990,0,0,0,18,0,0,0,0,0,0
64333,0,1,1990,0,0,0,0,0,0,0,0,0,0
64333,1,1,1990,14,16,12,11,26,17,22,14,6,21
64334,1,1,1990,0,3,0,0,0,0,0,0,0,0
64334,2,1,1990,0,0,0,0,0,0,0,0,0,0
64335,1,1,1990,21,21,21,21,21,21,21,21,21,21
64336,1,1,1990,0,0,0,0,0,0,0,0,0,0
64336,2,1,1990,0,0,0,0,0,0,0,0,0,0
64337,1,1,1990,0,0,0,0,0,0,0,0,0,0
64337,2,1,1990,0,0,0,0,0,0,0,0,0,0
64337,3,1,1990,0,0,0,0,0,0,0,0,0,0
64337,4,1,1990,0,0,0,0,0,0,0,0,0,0
64337,5,1,1990,0,0,0,0,0,0,0,0,0,7
64337,6,1,1990,0,0,0,0,4,0,0,0,16,0
64337,7,1,1990,0,0,0,0,0,0,0,0,0,0
64337,8,1,1990,0,0,0,0,0,0,0,0,0,0
64337,9,1,1990,0,0,0,0,0,0,0,0,0,0
64337,10,1,1990,0,0,0,0,0,0,0,0,0,0
64338,1,1,1990,0,0,0,0,0,0,0,0,0,0
64338,2,1,1990,0,0,0,0,0,0,0,0,0,0
64339,1,1,1990,0,0,0,0,0,0,0,0,0,0
64340,1,1,1990,0,0,0,0,0,0,0,0,0,0
64341,1,1,1990,0,0,0,0,0,0,0,0,0,0
64341,2,1,1990,0,0,0,0,0,0,0,0,0,0
64342,0,1,1990,0,0,0,0,0,0,0,0,0,0
64342,1,1,1990,0,0,0,0,0,0,0,0,0,0
64343,1,1,1990,4,4,4,4,4,4,4,4,4,4
64343,2,1,1990,0,0,0,0,0,0,7,0,0,0
64344,1,1,1990,0,0,0,0,0,0,0,0,0,0
64344,2,1,1990,0,0,0,0,0,0,0,0,0,0
64345,1,1,1990,5,5,5,5,5,5,5,5,5,5
64346,1,1,1990,17,17,17,17,17,17,17,17,17,17
64347,1,1,1990,0,0,0,0,0,0,0,0,0,0
64348,0,1,1990,0,0,0,0,0,0,0,0,0,0
64348,1,1,1990,0,0,0,0,0,0,0,0,0,0
64349,1,1,1990,21,21,21,21,21,21,21,21,21,21
64350,1,1,1990,0,0,0,0,0,0,0,0,0,0
64350,2,1,1990,0,0,0,0,0,0,0,0,0,0
64351,0,1,1990,0,0,0,0,0,0,0,0,0,0
64351,1,1,1990,15,0,0,0,0,0,0,0,0,0
64352,1,1,1990,0,0,0,0,0,0,0,0,0,0
64352,2,1,1990,0,0,0,0,0,0,0,0,0,0
64353,1,1,1990,0,0,0,0,0,0,0,0,0,0
64353,2,1,1990,0,0,0,0,0,0,0,0,0,0
64354,1,1,1990,0,0,0,0,0,0,0,0,0,0
64354,2,1,1990,0,0,0,0,0,0,0,0,0,0
64355,1,1,1990,0,0,0,0,8,0,0,0,0,0
64356,1,1,1990,0,0,0,0,0,0,0,0,0,0
64357,1,1,1990,8,0,0,7,8,11,0,0,0,0
64358,1,1,1990,0,0,0,0,0,0,0,0,0,0
64358,2,1,1990,0,0,0,0,0,0,0,0,0,0
64359,1,1,1990,0,0,0,0,0,0,0,0,0,0
64359,2,1,1990,0,0,0,7,0,0,0,0,0,0
64360,1,1,1990,15,15,15,15,15,15,15,15,15,15
64360,2,1,1990,0,0,0,0,0,0,0,0,0,0
64361,1,1,1990,0,0,0,0,0,0,0,0,0,0
64362,1,1,1990,17,17,17,17,17,17,17,17,17,17
64363,0,1,1990,0,0,0,0,0,0,0,0,0,0
64363,1,1,1990,0,0,0,0,0,0,0,0,0,0
64364,0,1,1990,0,0,0,0,0,0,0,0,0,0
64364,1,1,1990,0,0,0,0,0,0,27,29,24,9
64365,1,1,1990,13,13,13,13,13,13,13,13,13,13
64366,0,1,1990,0,0,0,0,0,0,0,0,0,0
64366,1,1,1990,26,26,26,26,26,26,26,26,26,26
64367,0,1,1990,0,0,0,15,0,0,0,0,0,22
64367,1,1,1990,0,0,0,0,0,0,0,0,0,0
64368,1,1,1990,12,12,12,12,12,12,12,12,12,12
64369,0,1,1990,0,0,0,0,0,0,0,0,0,0
64369,0,2,1990,0,0,0,0,0,0,0,0,0,0
64369,1,1,1990,0,0,0,0,0,0,0,0,0,0
64370,0,1,1990,0,0,0,0,0,4,0,20,15,0
64370,1,1,1990,0,0,0,0,0,0,0,0,0,0
64371,0,1,1990,30,0,0,0,0,0,0,0,0,19
64371,1,1,1990,0,0,0,11,0,0,0,11,0,0
64372,0,1,1990,27,27,27,27,27,27,27,27,27,27
64372,1,1,1990,0,0,0,0,0,0,0,0,0,0
64373,1,1,1990,0,0,0,0,0,0,0,0,0,0
64373,2,1,1990,0,0,0,0,0,0,0,0,0,0
64374,0,1,1990,25,25,25,25,25,25,25,25,25,25
64374,1,1,1990,0,0,0,0,0,0,0,0,0,0
64375,1,1,1990,0,0,0,0,0,0,0,0,0,0
64375,2,1,1990,0,12,0,0,0,0,0,0,0,0
64375,3,1,1990,0,0,0,0,0,0,0,0,0,0
64376,1,1,1990,0,0,0,0,0,0,0,0,0,0
64376,2,1,1990,0,0,0,0,0,0,0,0,0,0
64377,0,1,1990,4,4,4,4,4,4,4,4,4,4
64377,1,1,1990,0,0,0,0,0,0,0,0,0,0
64378,0,1,1990,0,0,0,23,15,6,0,36,0,0
64378,1,1,1990,0,0,0,0,0,0,0,0,0,0
64379,0,1,1990,0,0,0,0,0,0,0,0,0,0
64379,1,1,1990,0,7,16,0,0,0,0,0,0,0
64380,1,1,1990,24,24,24,24,24,24,24,24,24,24
64380,2,1,1990,0,0,0,0,0,0,0,0,0,0
64381,1,1,1990,0,0,0,0,0,0,0,0,0,0
64382,0,1,1990,0,0,0,0,8,8,0,0,0,7
64382,1,1,1990,0,0,0,0,0,0,0,0,0,18
64383,0,1,1990,0,0,0,0,0,0,0,0,0,0
64383,1,1,1990,0,0,0,0,0,0,0,0,0,0
64384,1,1,1990,0,0,0,0,0,0,0,0,0,0
64385,1,1,1990,19,19,19,19,19,19,19,19,19,19
64386,1,1,1990,0,33,14,24,0,17,0,0,25,22
64387,1,1,1990,0,0,0,0,0,10,0,0,0,0
64387,2,1,1990,14,14,14,14,14,14,14,14,14,14
64388,0,1,1990,0,0,0,0,0,0,0,0,0,0
64388,1,1,1990,0,0,0,0,5,0,0,0,0,0
64389,0,1,1990,0,4,16,0,0,0,38,22,14,12
64389,1,1,1990,0,0,18,0,0,0,0,0,0,0
64390,0,1,1990,0,0,0,0,0,0,0,0,0,0
64390,1,1,1990,0,0,0,21,0,0,0,10,14,13
64391,1,1,1990,0,0,0,0,0,0,0,0,0,0
64392,0,1,1990,0,0,14,32,0,0,0,0,0,18
64392,1,1,1990,0,0,0,0,0,0,5,0,0,0
64393,0,1,1990,10,10,10,10,10,10,10,10,10,10
64393,1,1,1990,0,0,0,0,0,0,0,0,0,0
64394,1,1,1990,8,8,8,8,8,8,8,8,8,8
64394,2,1,1990,15,10,9,0,17,0,6,30,0,28
64395,1,1,1990,27,27,27,27,27,27,27,27,27,27
64396,1,1,1990,0,0,0,0,0,0,0,0,0,0
64396,2,1,1990,0,0,0,0,0,0,0,0,0,0
64398,0,1,1990,0,0,0,0,0,0,0,0,0,0
64398,1,1,1990,0,0,0,0,0,0,0,0,0,0
64399,1,1,1990,0,0,0,0,0,0,0,0,0,0
64400,1,1,1990,5,25,17,17,10,14,0,13,0,0
64400,2,1,1990,0,0,0,12,18,0,0,0,0,0
64401,1,1,1990,23,23,23,23,23,23,23,23,23,23
64402,1,1,1990,0,0,0,0,0,0,0,0,0,0
64402,2,1,1990,0,17,22,0,0,0,0,0,0,0
64403,0,1,1990,0,0,0,0,0,0,0,0,0,0
64403,1,1,1990,0,0,14,0,17,0,0,0,0,0
64404,1,1,1990,0,0,0,0,0,0,0,0,0,0
64405,0,1,1990,0,0,0,0,0,0,0,0,0,0
64405,1,1,1990,0,0,0,0,0,0,0,0,0,0
64406,0,1,1990,0,0,0,0,0,0,0,0,0,0
64406,1,1,1990,0,0,0,0,0,0,0,0,0,0
64407,1,1,1990,0,0,0,0,0,0,0,0,0,0
64408,1,1,1990,0,0,0,0,0,0,0,4,8,7
64408,2,1,1990,0,0,0,0,0,0,0,0,0,0
64409,1,1,1990,0,0,0,0,0,0,0,0,0,0
64409,2,1,1990,0,0,0,0,0,0,0,0,0,0
64409,3,1,1990,0,0,0,0,0,0,0,0,0,0
64409,4,1,1990,0,0,0,0,0,0,0,0,0,0
64410,0,1,1990,17,17,17,17,17,17,17,17,17,17
64410,1,1,1990,0,0,0,0,0,0,0,0,0,0
64411,1,1,1990,0,0,0,0,0,0,0,0,0,0
64411,2,1,1990,0,0,0,0,0,0,0,0,0,0
64412,1,1,1990,5,5,5,5,5,5,5,5,5,5
64413,1,1,1990,8,8,8,8,8,8,8,8,8,8
64413,2,1,1990,27,28,15,0,12,12,0,14,5,13
64414,0,1,1990,0,0,0,0,0,0,0,0,0,0
64414,1,1,1990,0,0,0,0,0,0,0,0,0,0
64415,1,1,1990,0,0,0,0,0,0,0,0,0,0
64415,2,1,1990,0,0,0,0,0,0,0,0,0,0
64416,1,1,1990,13,13,13,13,13,13,13,13,13,13
64417,1,1,1990,21,21,21,21,21,21,21,21,21,21
64418,1,1,1990,35,35,35,35,35,35,35,35,35,35
64419,1,1,1990,34,34,34,34,34,34,34,34,34,34
64419,2,1,1990,0,0,0,0,0,11,0,0,0,0
64420,1,1,1990,0,0,0,0,0,0,0,0,0,0
64421,1,1,1990,0,0,22,16,0,0,0,13,0,0
64421,2,1,1990,10,10,10,10,10,10,10,10,10,10
64422,1,1,1990,17,17,17,17,17,17,17,17,17,17
64423,1,1,1990,0,0,0,0,0,0,0,0,0,0
64423,2,1,1990,20,20,20,20,20,20,20,20,20,20
64424,1,1,1990,15,15,15,15,15,15,15,15,15,15
64425,1,1,1990,0,0,0,0,0,0,0,0,0,0
64425,2,1,1990,0,0,0,0,0,0,0,0,0,0
64426,0,1,1990,0,0,0,0,0,0,0,0,0,0
64426,1,1,1990,19,0,0,0,0,0,0,9,0,0
64427,1,1,1990,0,0,0,0,0,0,0,0,16,0
64428,1,1,1990,0,0,0,0,0,0,0,0,0,0
64428,2,1,1990,0,0,0,0,0,0,0,0,0,0
64429,1,1,1990,0,12,0,0,0,0,0,0,22,0
64430,1,1,1990,0,0,0,0,0,0,0,0,0,0
64430,2,1,1990,0,0,0,0,0,0,0,0,0,0
64431,0,1,1990,0,0,0,0,0,0,0,0,0,0
64431,1,1,1990,0,0,0,0,0,0,0,14,0,0
64432,0,1,1990,0,0,0,0,0,0,0,0,0,0
64432,1,1,1990,0,0,0,0,0,0,0,0,0,0
64432,2,1,1990,0,0,0,0,0,0,0,0,0,12
64433,1,1,1990,12,12,12,12,12,12,12,12,12,12
64433,2,1,1990,4,4,4,4,4,4,4,4,4,4
64433,3,1,1990,0,0,0,0,0,0,0,0,0,0
64434,0,1,1990,0,0,0,0,0,0,0,0,0,0
64434,1,1,1990,0,0,0,0,0,0,0,0,0,0
64435,1,1,1990,0,0,0,0,0,0,0,0,0,0
64435,2,1,1990,0,0,0,0,0,0,0,0,0,0
64436,0,1,1990,0,0,0,0,0,0,0,0,0,0
64436,1,1,1990,0,0,0,12,0,0,0,0,0,0
64437,1,1,1990,0,0,0,0,0,0,0,0,0,0
64438,0,1,1990,12,12,12,12,12,12,12,12,12,12
64438,1,1,1990,0,0,0,0,0,0,0,0,0,0
64439,1,1,1990,0,0,0,0,0,0,0,0,0,0
64439,2,1,1990,0,0,0,0,0,0,0,0,0,0
64440,1,1,1990,4,4,4,4,4,4,4,4,4,4
64440,2,1,1990,0,0,0,0,0,0,0,0,0,0
64441,1,1,1990,0,0,0,0,0,0,0,0,0,0
64442,1,1,1990,19,19,19,19,19,19,19,19,19,19
64442,2,1,1990,0,0,6,0,0,0,0,19,16,22
64443,1,1,1990,22,23,21,26,18,23,22,35,24,14
64444,1,1,1990,0,0,0,0,0,0,0,0,0,0
64444,2,1,1990,0,0,0,0,0,0,0,0,0,0
64445,1,1,1990,0,0,0,0,0,0,0,0,0,0
64445,2,1,1990,0,5,0,0,0,0,0,0,0,0
64446,1,1,1990,0,0,0,0,0,0,0,0,0,0
64446,2,1,1990,0,0,0,0,0,0,0,0,0,0
64447,0,1,1990,38,38,38,38,38,38,38,38,38,38
64447,1,1,1990,0,0,0,0,0,0,0,0,0,0
64448,0,1,1990,16,7,18,23,28,25,10,11,0,16
64448,1,1,1990,0,0,0,0,0,0,0,0,0,0
64449,1,1,1990,0,0,0,0,0,0,0,0,0,0
64450,1,1,1990,17,17,17,17,17,17,17,17,17,17
64451,1,1,1990,0,0,0,0,0,0,0,0,0,0
64452,1,1,1990,6,6,6,6,6,6,6,6,6,6
64453,1,1,1990,0,0,0,0,0,0,0,0,0,0
64453,2,1,1990,0,0,0,0,0,0,0,5,0,0
64454,1,1,1990,15,15,15,15,15,15,15,15,15,15
64455,0,1,1990,0,0,0,0,0,0,0,0,0,0
64455,1,1,1990,0,0,0,0,0,0,0,0,0,0