ST_CASE,VEH_NO,PER_NO,YEAR,P1,P2,P3,P4,P5,P6,P7,P8,P9,P10
64456,1,1,1990,0,2,26,13,0,19,14,32,41,33
64456,2,1,1990,24,24,24,24,24,24,24,24,24,24
64457,1,1,1990,0,0,0,0,0,0,0,0,0,0
64457,2,1,1990,0,0,0,0,0,0,0,0,0,0
64457,3,1,1990,0,0,0,0,0,0,0,0,0,0
64457,4,1,1990,0,0,0,0,0,16,0,0,0,0
64457,5,1,1990,0,0,0,0,0,0,0,0,0,0
64458,1,1,1990,0,0,0,0,0,0,0,0,0,0
64458,2,1,1990,0,0,0,0,0,0,0,0,0,0
64459,1,1,1990,0,0,0,0,0,0,0,0,0,0
64459,2,1,1990,0,0,0,0,0,0,0,0,0,0
64460,1,1,1990,0,0,18,0,23,16,0,7,10,15
64461,0,1,1990,0,0,0,0,0,0,0,0,0,0
64461,1,1,1990,22,22,22,22,22,22,22,22,22,22
64462,0,1,1990,16,29,30,0,20,0,12,21,0,40
64462,1,1,1990,0,0,0,0,0,0,0,0,0,0
64463,1,1,1990,0,0,0,0,0,0,0,0,0,0
64463,2,1,1990,0,0,0,0,0,0,0,0,0,0
64464,1,1,1990,6,6,6,6,6,6,6,6,6,6
64465,1,1,1990,0,0,0,0,0,0,0,0,0,0
64465,2,1,1990,0,0,0,0,0,0,0,0,0,0
64465,3,1,1990,15,0,0,0,0,0,0,0,0,0
64466,0,1,1990,16,16,0,0,0,8,0,29,0,0
64466,1,1,1990,15,15,15,15,15,15,15,15,15,15
64467,1,1,1990,4,4,4,4,4,4,4,4,4,4
64468,1,1,1990,10,10,10,10,10,10,10,10,10,10
64469,1,1,1990,0,0,8,23,0,7,0,0,0,0
64470,1,1,1990,16,16,16,16,16,16,16,16,16,16
64470,2,1,1990,0,0,0,0,0,0,0,0,0,0
64471,0,1,1990,26,26,26,26,26,26,26,26,26,26
64471,1,1,1990,0,0,0,0,0,0,0,0,0,0
64472,1,1,1990,22,22,22,22,22,22,22,22,22,22
64472,2,1,1990,0,0,0,0,0,0,0,0,0,0
64472,3,1,1990,0,13,0,0,0,0,0,7,0,0
64473,1,1,1990,18,18,18,18,18,18,18,18,18,18
64473,2,1,1990,0,0,0,0,0,0,0,0,0,0
64473,3,1,1990,0,0,0,0,0,0,0,0,0,0
64474,0,1,1990,0,0,0,0,0,0,0,0,0,0
64474,1,1,1990,0,0,0,0,0,0,0,0,0,0
64474,2,1,1990,0,0,0,0,0,0,0,0,0,0
64475,1,1,1990,9,9,9,9,9,9,9,9,9,9
64476,1,1,1990,16,16,16,16,16,16,16,16,16,16
64476,2,1,1990,0,0,0,0,0,0,10,0,0,0
64477,1,1,1990,0,0,0,0,0,0,0,0,0,0
64477,2,1,1990,0,0,0,0,0,0,0,0,0,0
64478,0,1,1990,0,0,0,0,0,0,0,0,0,0
64478,1,1,1990,0,0,0,0,0,0,0,0,0,0
64479,0,1,1990,0,0,0,0,0,0,0,0,0,0
64479,1,1,1990,0,0,0,0,0,0,0,0,0,0
64480,0,1,1990,0,0,0,0,0,0,0,0,0,0
64480,1,1,1990,15,15,15,15,15,15,15,15,15,15
64481,1,1,1990,14,14,14,14,14,14,14,14,14,14
64482,1,1,1990,19,19,19,19,19,19,19,19,19,19
64482,2,1,1990,15,15,15,15,15,15,15,15,15,15
64483,0,1,1990,0,0,0,0,0,0,0,0,0,0
64483,1,1,1990,0,0,0,0,0,0,0,0,0,0
64484,1,1,1990,0,33,0,0,7,0,0,0,0,0
64484,2,1,1990,0,0,0,0,0,0,0,0,0,0
64485,0,1,1990,0,0,0,0,0,0,0,0,0,0
64485,1,1,1990,17,0,0,0,0,0,0,0,0,0
64486,0,1,1990,0,0,0,0,0,0,0,0,0,0
64486,1,1,1990,0,0,0,0,0,0,0,0,0,0
64487,1,1,1990,14,14,14,14,14,14,14,14,14,14
64488,1,1,1990,0,0,0,0,0,0,0,0,0,0
64489,1,1,1990,0,0,0,0,0,0,0,0,0,0
64489,2,1,1990,0,0,0,0,0,0,0,0,0,0
64490,1,1,1990,0,0,0,0,0,0,0,0,0,0
64490,2,1,1990,0,0,0,0,0,0,0,0,0,0
64491,0,1,1990,0,0,0,0,0,0,0,0,0,0
64491,1,1,1990,0,0,0,0,0,0,0,0,0,0
64492,1,1,1990,0,12,8,21,0,0,16,8,20,13
64493,1,1,1990,15,15,15,15,15,15,15,15,15,15
64493,2,1,1990,0,0,0,0,0,0,0,0,0,0
64494,0,1,1990,19,19,19,19,19,19,19,19,19,19
64494,1,1,1990,0,0,0,9,15,0,11,17,0,0
64495,1,1,1990,22,22,22,22,22,22,22,22,22,22
64496,1,1,1990,0,0,0,0,0,0,0,0,0,0
64497,1,1,1990,0,0,0,0,0,0,0,0,0,0
64498,0,1,1990,0,0,0,0,0,0,0,0,0,0
64498,1,1,1990,0,0,0,0,0,0,0,0,0,0
64499,1,1,1990,21,21,21,21,21,21,21,21,21,21
64499,2,1,1990,0,0,0,12,0,0,0,0,0,0
64500,0,1,1990,0,0,0,0,0,0,0,0,0,0
64500,1,1,1990,0,0,0,0,0,0,10,0,0,0
64501,1,1,1990,0,0,0,0,0,0,0,0,0,0
64501,2,1,1990,22,22,22,22,22,22,22,22,22,22
64502,1,1,1990,0,0,14,0,0,0,23,0,0,0
64503,1,1,1990,0,0,0,0,0,0,0,0,0,0
64503,2,1,1990,0,0,0,0,0,0,0,0,0,0
64504,1,1,1990,0,0,0,0,0,0,0,0,0,0
64504,2,1,1990,0,0,0,0,0,0,0,0,0,0
64505,1,1,1990,0,0,7,0,20,11,0,0,0,6
64506,1,1,1990,0,0,0,0,0,0,0,0,0,0
64507,1,1,1990,7,7,7,7,7,7,7,7,7,7
64508,1,1,1990,0,0,0,0,0,0,0,0,0,0
64508,2,1,1990,0,0,0,0,0,0,0,0,0,0
64509,0,1,1990,21,21,21,21,21,21,21,21,21,21
64509,1,1,1990,0,0,0,0,0,0,0,0,0,0
64510,1,1,1990,0,0,0,0,0,0,0,0,0,0
64511,1,1,1990,0,0,0,0,0,0,0,0,0,0
64511,2,1,1990,0,0,0,0,0,0,0,2,0,0
64512,0,1,1990,0,0,0,0,0,0,0,0,0,0
64512,1,1,1990,0,0,0,0,0,0,0,0,0,0
64512,2,1,1990,0,0,0,0,0,0,0,0,0,0
64513,1,1,1990,0,0,0,0,0,0,0,0,0,0
64513,2,1,1990,0,0,0,0,0,0,0,0,0,0
64513,3,1,1990,0,0,0,0,0,0,0,12,0,0
64514,1,1,1990,35,35,35,35,35,35,35,35,35,35
64514,2,1,1990,0,0,0,0,0,0,0,0,0,0
64515,1,1,1990,0,0,0,0,0,0,0,0,0,0
64515,2,1,1990,0,0,0,0,0,0,0,0,0,0
64516,1,1,1990,0,0,0,0,0,0,0,0,0,0
64516,2,1,1990,0,0,0,0,0,0,0,0,0,0
64517,1,1,1990,0,0,0,0,0,0,0,0,0,0
64517,2,1,1990,0,0,0,0,0,0,0,0,0,0
64518,1,1,1990,15,15,15,15,15,15,15,15,15,15
64518,2,1,1990,0,0,0,0,0,0,0,0,0,0
64518,3,1,1990,0,0,0,0,0,0,0,0,0,0
64519,1,1,1990,0,0,16,0,0,0,0,0,0,0
64519,2,1,1990,0,0,0,0,0,0,0,0,0,0
64520,1,1,1990,24,24,24,24,24,24,24,24,24,24
64520,2,1,1990,0,11,0,0,0,0,0,0,0,0
64521,1,1,1990,22,22,22,22,22,22,22,22,22,22
64522,1,1,1990,17,17,17,17,17,17,17,17,17,17
64522,2,1,1990,0,0,0,0,13,12,0,0,0,0
64523,0,1,1990,0,0,0,0,0,0,0,0,0,0
64523,1,1,1990,0,0,13,0,0,0,0,0,0,0
64524,1,1,1990,10,10,10,10,10,10,10,10,10,10
64525,1,1,1990,0,0,0,0,0,0,0,0,0,0
64525,2,1,1990,0,0,0,0,0,0,0,0,0,0
64526,1,1,1990,9,9,9,9,9,9,9,9,9,9
64527,1,1,1990,0,0,0,0,0,0,0,0,0,0
64528,1,1,1990,8,17,0,0,0,17,0,0,0,17
64528,2,1,1990,0,11,0,0,0,18,0,0,11,0
64529,1,1,1990,0,0,16,0,0,0,10,0,0,0
64530,1,1,1990,8,8,8,8,8,8,8,8,8,8
64531,1,1,1990,13,13,13,13,13,13,13,13,13,13
64532,1,1,1990,0,0,0,0,0,0,0,0,0,0
64533,1,1,1990,0,0,0,0,0,0,0,0,0,0
64534,0,1,1990,15,15,15,15,15,15,15,15,15,15
64534,1,1,1990,2,0,0,5,0,0,26,0,0,0
64535,0,1,1990,0,0,0,0,0,0,0,0,0,0
64535,1,1,1990,0,0,0,0,0,0,0,0,0,0
64536,0,1,1990,0,0,0,0,0,0,0,0,0,0
64536,1,1,1990,0,16,0,0,18,0,0,0,0,0
64537,1,1,1990,0,0,0,0,0,0,0,0,0,0
64537,2,1,1990,0,0,0,0,0,0,0,0,0,0
64537,3,1,1990,0,0,0,0,0,0,0,0,0,0
64538,1,1,1990,22,22,22,22,22,22,22,22,22,22
64538,2,1,1990,11,0,13,11,6,11,13,26,8,0
64539,1,1,1990,34,34,34,34,34,34,34,34,34,34
64540,1,1,1990,24,24,24,24,24,24,24,24,24,24
64540,2,1,1990,0,0,0,0,0,0,0,0,0,0
64541,1,1,1990,17,17,17,17,17,17,17,17,17,17
64542,1,1,1990,0,0,0,0,0,0,0,0,0,0
64542,2,1,1990,0,0,0,0,0,0,0,0,0,0
64543,0,1,1990,0,0,0,0,0,0,0,0,0,0
64543,1,1,1990,0,11,0,0,0,9,21,0,0,0
64544,1,1,1990,0,0,0,0,0,0,0,0,0,0
64545,1,1,1990,0,0,17,0,0,0,0,0,19,0
64546,0,1,1990,0,0,0,0,0,0,0,0,0,0
64546,1,1,1990,0,0,0,0,0,0,0,0,0,0
64547,1,1,1990,0,17,0,0,16,0,0,0,0,0
64547,2,1,1990,2,2,2,2,2,2,2,2,2,2
64547,3,1,1990,0,0,9,0,0,0,0,0,0,0
64548,0,1,1990,12,10,0,0,0,0,31,0,0,9
64548,1,1,1990,0,0,0,0,0,0,0,0,0,0
64549,1,1,1990,0,0,0,0,0,0,0,0,0,0
64549,2,1,1990,0,0,0,0,0,0,0,0,0,0
64550,1,1,1990,12,12,12,12,12,12,12,12,12,12
64551,1,1,1990,0,0,0,0,0,0,0,0,0,0
64551,2,1,1990,8,8,7,12,22,0,18,0,0,5
64552,1,1,1990,14,14,14,14,14,14,14,14,14,14
64553,0,1,1990,0,0,0,0,0,0,0,0,0,0
64553,1,1,1990,0,0,0,0,0,0,0,0,0,0
64554,1,1,1990,0,0,0,0,0,0,0,0,0,0
64555,1,1,1990,0,0,17,0,0,0,0,0,0,0
64555,2,1,1990,0,0,0,0,0,0,20,13,0,0
64555,3,1,1990,0,0,0,0,0,0,0,0,0,0
64556,1,1,1990,0,0,0,0,0,0,0,12,0,0
64556,2,1,1990,16,0,0,0,5,0,0,0,0,0
64557,1,1,1990,18,18,18,18,18,18,18,18,18,18
64558,1,1,1990,49,49,49,49,49,49,49,49,49,49
64559,1,1,1990,0,0,0,0,0,0,0,0,0,0
64559,2,1,1990,0,0,0,0,0,0,0,0,0,0
64560,1,1,1990,20,20,20,20,20,20,20,20,20,20
64561,1,1,1990,14,14,14,14,14,14,14,14,14,14
64562,1,1,1990,0,0,0,0,0,0,0,0,0,0
64563,0,1,1990,0,0,0,0,0,0,0,0,0,0
64563,1,1,1990,0,0,0,0,0,5,0,0,0,0
64564,1,1,1990,8,8,8,8,8,8,8,8,8,8
64564,2,1,1990,0,0,0,12,0,0,12,0,0,0
64565,1,1,1990,0,0,0,0,0,0,0,0,0,0
64565,2,1,1990,0,0,0,0,0,0,0,0,12,0
64566,1,1,1990,0,0,0,0,0,0,0,0,0,0
64566,2,1,1990,0,0,0,0,0,0,0,0,0,0
64567,1,1,1990,0,0,0,0,0,0,0,0,0,0
64568,1,1,1990,0,0,0,0,0,0,0,0,0,0
64568,2,1,1990,0,0,0,0,0,0,0,0,0,0
64569,1,1,1990,16,16,16,16,16,16,16,16,16,16
64569,2,1,1990,0,0,0,0,0,0,0,0,24,0
64570,1,1,1990,37,37,37,37,37,37,37,37,37,37
64570,2,1,1990,0,0,0,0,0,0,0,0,0,0
64571,1,1,1990,0,0,0,0,0,0,0,0,0,0
64571,2,1,1990,7,7,7,7,7,7,7,7,7,7
64572,1,1,1990,0,0,0,0,0,0,0,0,0,0
64572,2,1,1990,0,0,0,0,0,20,0,31,0,0
64572,3,1,1990,0,0,0,0,0,0,0,0,0,0
64573,1,1,1990,0,0,0,0,0,0,0,0,0,0
64573,2,1,1990,0,0,0,0,0,0,0,0,0,0
64573,3,1,1990,0,0,0,0,0,0,0,0,0,0
64574,1,1,1990,0,0,0,0,0,0,0,0,0,0
64574,2,1,1990,0,0,0,0,0,0,0,0,0,0
64575,1,1,1990,0,0,0,0,0,0,0,0,0,0
64575,2,1,1990,14,14,14,14,14,14,14,14,14,14
64576,1,1,1990,8,8,8,8,8,8,8,8,8,8
64577,1,1,1990,15,15,15,15,15,15,15,15,15,15
64578,1,1,1990,0,0,0,0,0,0,0,0,0,0
64579,1,1,1990,15,15,15,15,15,15,15,15,15,15
64579,2,1,1990,0,0,0,16,0,0,0,0,0,0
64579,3,1,1990,0,0,18,0,0,0,22,10,0,0
64579,4,1,1990,0,0,0,0,0,0,0,0,0,0
64580,0,1,1990,4,4,4,4,4,4,4,4,4,4
64580,1,1,1990,0,0,0,0,0,0,0,0,0,0
64581,1,1,1990,5,5,5,5,5,5,5,5,5,5
64582,1,1,1990,0,0,0,0,0,0,0,0,0,0
64582,2,1,1990,0,0,0,0,0,0,0,0,0,0
64582,3,1,1990,0,0,0,0,0,0,9,0,0,0
64583,0,1,1990,0,0,0,0,0,0,0,0,0,0
64583,0,2,1990,0,0,0,0,0,0,0,0,9,0
64583,1,1,1990,37,37,37,37,37,37,37,37,37,37
64584,1,1,1990,21,21,21,21,21,21,21,21,21,21
64585,1,1,1990,0,0,0,0,0,0,0,0,0,0
64586,0,1,1990,0,0,0,0,0,0,0,0,0,0
64586,0,2,1990,0,0,0,0,0,0,0,0,0,0
64586,1,1,1990,0,0,0,0,0,0,0,0,0,0
64587,1,1,1990,0,0,0,0,0,0,0,0,0,0
64587,2,1,1990,0,0,0,0,0,0,0,0,0,0
64588,1,1,1990,0,0,0,0,0,0,0,0,0,0
64588,2,1,1990,0,0,0,0,0,0,0,0,0,0
64589,1,1,1990,0,0,0,0,0,0,0,0,0,0
64589,2,1,1990,0,0,0,0,0,0,0,0,0,0
64589,3,1,1990,0,0,0,0,0,0,0,0,0,0
64589,4,1,1990,0,0,0,0,0,0,0,0,0,0
64590,1,1,1990,0,0,0,0,0,0,0,0,0,0
64590,2,1,1990,0,0,0,0,0,0,0,0,0,0
64591,1,1,1990,0,0,0,0,0,0,0,0,0,0
64592,1,1,1990,19,19,19,19,19,19,19,19,19,19
64592,2,1,1990,0,0,0,0,0,0,0,0,0,0
64593,0,1,1990,21,21,21,21,21,21,21,21,21,21
64593,1,1,1990,0,0,0,0,0,0,0,0,2,0
64594,1,1,1990,0,0,0,0,0,0,0,0,0,0
64594,2,1,1990,0,0,0,0,0,0,0,0,0,0
64595,1,1,1990,25,30,23,15,23,11,27,24,4,17
64596,0,1,1990,18,18,18,18,18,18,18,18,18,18
64596,1,1,1990,13,13,13,13,13,13,13,13,13,13
64597,1,1,1990,6,6,6,6,6,6,6,6,6,6
64598,1,1,1990,0,0,0,0,0,0,0,0,0,0
64599,1,1,1990,0,0,0,0,0,0,0,0,0,0
64599,2,1,1990,0,12,0,9,0,0,0,0,0,0
64600,1,1,1990,2,2,2,2,2,2,2,2,2,2
64600,2,1,1990,0,0,0,0,0,0,0,0,0,0
64601,1,1,1990,24,24,24,24,24,24,24,24,24,24
64602,0,1,1990,18,18,18,18,18,18,18,18,18,18
64602,1,1,1990,0,0,0,0,0,0,0,0,10,0
64603,1,1,1990,10,10,10,10,10,10,10,10,10,10
64603,2,1,1990,0,0,0,0,0,0,12,16,0,0
64604,1,1,1990,0,0,0,2,0,11,0,0,0,0
64604,2,1,1990,0,0,0,0,0,0,0,0,0,0
64605,1,1,1990,19,2,3,13,20,0,28,14,11,23
64605,2,1,1990,11,11,11,11,11,11,11,11,11,11
64606,1,1,1990,13,13,13,13,13,13,13,13,13,13
64606,2,1,1990,0,0,0,0,0,0,0,0,0,0
64607,1,1,1990,14,14,14,14,14,14,14,14,14,14
64607,2,1,1990,0,0,0,0,0,0,0,0,0,0
64608,1,1,1990,0,0,0,0,0,0,0,0,0,0
64608,2,1,1990,0,0,0,0,0,0,0,0,0,0
64609,0,1,1990,0,0,0,0,0,0,0,0,0,0
64609,1,1,1990,0,0,6,0,7,21,0,12,0,0
64609,2,1,1990,0,0,0,0,17,0,0,8,0,0
64610,1,1,1990,0,0,0,0,0,0,0,0,0,0
64610,2,1,1990,35,15,0,0,0,0,16,0,10,0
64611,0,1,1990,21,21,21,21,21,21,21,21,21,21
64611,1,1,1990,0,0,0,0,0,0,0,0,0,0
64612,1,1,1990,0,0,0,0,0,0,0,0,0,0
64612,2,1,1990,1,1,1,1,1,1,1,1,1,1
64613,1,1,1990,26,8,23,13,25,0,21,11,7,12
64614,1,1,1990,0,0,0,0,0,0,0,0,0,0
64615,1,1,1990,0,0,0,0,0,0,0,0,0,0
64615,2,1,1990,0,0,0,0,0,0,0,0,0,0
64616,0,1,1990,2,2,2,2,2,2,2,2,2,2
64616,1,1,1990,0,0,0,0,0,0,0,0,0,0
64617,1,1,1990,17,17,17,17,17,17,17,17,17,17
64618,1,1,1990,8,8,8,8,8,8,8,8,8,8
64619,1,1,1990,0,0,0,0,0,0,0,0,0,0
64619,2,1,1990,0,0,0,0,0,0,0,0,0,0
64620,1,1,1990,0,0,0,0,0,0,0,0,0,0
64621,0,1,1990,0,0,0,0,0,0,0,0,0,0
64621,1,1,1990,0,0,0,0,0,0,0,0,0,0
64622,1,1,1990,23,23,23,23,23,23,23,23,23,23
64623,1,1,1990,4,4,4,4,4,4,4,4,4,4
64624,1,1,1990,0,0,0,0,0,0,0,0,0,0
64625,1,1,1990,18,18,18,18,18,18,18,18,18,18
64625,2,1,1990,0,0,0,0,0,0,0,0,0,9
64625,3,1,1990,0,0,0,0,0,0,0,0,0,0
64626,1,1,1990,22,22,22,22,22,22,22,22,22,22
64627,1,1,1990,0,0,0,0,0,0,0,0,0,0
64627,2,1,1990,0,0,0,0,0,0,0,0,0,0
64628,1,1,1990,0,0,0,0,0,0,0,0,0,0
64628,2,1,1990,0,0,0,0,0,0,0,0,0,0
64629,1,1,1990,17,17,17,17,17,17,17,17,17,17
64630,1,1,1990,17,17,17,17,17,17,17,17,17,17
64631,0,1,1990,0,0,0,0,0,0,0,0,0,0
64631,1,1,1990,19,19,19,19,19,19,19,19,19,19
64632,1,1,1990,10,10,10,10,10,10,10,10,10,10
64632,2,1,1990,0,0,0,0,0,0,0,7,0,0
64633,1,1,1990,7,7,7,7,7,7,7,7,7,7
64633,2,1,1990,0,0,0,0,0,0,0,0,0,0
64634,0,1,1990,0,0,0,0,0,0,0,0,0,0
64634,1,1,1990,0,0,0,0,0,0,0,0,0,0
64634,2,1,1990,0,0,0,0,0,4,0,11,0,0
64635,1,1,1990,0,0,0,0,0,0,0,0,0,0
64635,2,1,1990,2,2,2,2,2,2,2,2,2,2
64636,1,1,1990,0,0,0,0,0,0,0,0,0,0
64636,2,1,1990,30,30,30,30,30,30,30,30,30,30
64637,1,1,1990,4,4,4,4,4,4,4,4,4,4
64637,2,1,1990,0,0,0,0,0,0,0,0,0,0
64637,3,1,1990,21,0,0,0,0,0,0,0,0,0
64637,4,1,1990,0,0,0,0,0,0,0,0,0,0
64637,5,1,1990,0,0,0,0,0,0,0,0,0,0
64638,1,1,1990,0,11,0,0,0,0,0,0,0,0
64638,2,1,1990,0,0,0,0,0,0,0,0,0,0
64639,1,1,1990,0,0,18,0,0,0,0,0,19,0
64639,2,1,1990,0,0,0,0,0,0,0,0,0,0
64640,1,1,1990,16,16,16,16,16,16,16,16,16,16
64641,1,1,1990,0,0,0,0,0,3,0,0,0,0
64641,2,1,1990,0,0,0,0,0,0,0,0,0,0
64642,1,1,1990,6,6,6,6,6,6,6,6,6,6
64642,2,1,1990,0,0,0,0,0,0,0,0,0,0
64642,3,1,1990,0,0,0,0,0,0,0,0,0,0
64643,0,1,1990,22,22,22,22,22,22,22,22,22,22
64643,1,1,1990,14,19,17,16,12,0,0,16,4,17
64644,0,1,1990,0,0,0,0,0,0,0,0,0,0
64644,1,1,1990,0,0,0,0,0,0,0,0,0,0
64645,1,1,1990,27,27,27,27,27,27,27,27,27,27
64645,2,1,1990,0,0,0,0,0,0,0,0,0,0
64646,1,1,1990,0,0,0,0,0,0,0,0,0,0
64646,2,1,1990,0,0,0,0,0,0,0,0,0,0
64647,1,1,1990,0,0,5,0,0,0,0,0,0,0
64648,1,1,1990,0,0,0,0,0,0,0,0,0,0
64648,2,1,1990,0,0,0,0,0,7,0,0,0,0
64649,1,1,1990,0,0,0,0,0,12,0,0,0,0
64649,2,1,1990,0,0,0,0,0,0,0,0,0,0
64650,1,1,1990,12,12,12,12,12,12,12,12,12,12
64651,1,1,1990,0,0,0,0,0,0,0,0,0,0
64652,1,1,1990,2,2,2,2,2,2,2,2,2,2
64652,2,1,1990,0,0,0,0,0,0,0,0,0,0
64653,0,1,1990,0,18,0,0,0,0,0,0,0,0
64653,1,1,1990,0,0,0,0,0,0,0,0,0,0
64654,1,1,1990,0,0,0,0,0,0,0,0,0,0
64654,2,1,1990,0,0,0,0,0,0,0,0,0,0
64655,1,1,1990,0,0,0,0,0,0,0,0,0,0
64655,2,1,1990,0,0,0,0,0,0,0,0,0,0
64656,0,1,1990,16,16,16,16,16,16,16,16,16,16
64656,1,1,1990,8,12,21,11,6,10,11,13,0,0
64657,1,1,1990,23,23,23,23,23,23,23,23,23,23
64658,1,1,1990,0,0,0,0,0,0,0,0,0,0
64658,2,1,1990,0,0,0,0,16,0,0,0,0,0
64659,1,1,1990,0,0,0,0,0,0,0,0,0,0
64659,2,1,1990,2,2,2,2,2,2,2,2,2,2
64659,3,1,1990,0,0,12,0,0,0,0,0,19,0
64660,0,1,1990,0,0,0,0,0,0,0,0,0,0
64660,1,1,1990,0,0,0,0,0,0,0,0,0,0
64661,1,1,1990,27,27,27,27,27,27,27,27,27,27
64662,0,1,1990,0,0,0,0,0,0,0,0,0,0
64662,1,1,1990,0,0,0,0,0,0,0,0,0,0
64663,1,1,1990,9,9,9,9,9,9,9,9,9,9
64664,0,1,1990,25,25,25,25,25,25,25,25,25,25
64664,1,1,1990,10,0,0,0,0,0,17,5,0,0
64664,2,1,1990,0,0,0,0,0,22,0,0,0,0
64664,3,1,1990,0,0,0,10,0,0,0,0,0,0
64664,4,1,1990,0,0,0,0,11,0,0,0,0,0
64664,5,1,1990,0,4,0,0,0,0,0,0,0,0
64664,6,1,1990,0,0,0,0,0,0,0,0,0,10
64665,1,1,1990,0,0,0,0,0,0,0,0,0,0
64665,2,1,1990,0,0,0,0,0,0,0,0,0,0
64666,0,1,1990,0,0,0,0,0,0,0,0,0,0
64666,1,1,1990,0,0,0,0,0,0,0,0,0,0
64666,2,1,1990,0,0,0,0,0,0,0,0,0,0
64667,0,1,1990,0,0,0,0,0,0,0,0,0,0
64667,1,1,1990,0,0,0,0,0,0,0,12,0,0
64668,1,1,1990,17,17,17,17,17,17,17,17,17,17
64669,1,1,1990,0,0,0,0,0,0,0,0,0,3
64669,2,1,1990,0,0,0,0,0,0,0,0,0,9
64670,1,1,1990,0,0,0,0,0,0,0,0,0,0
64670,2,1,1990,0,0,0,0,0,0,0,0,0,21
64671,1,1,1990,10,10,10,10,10,10,10,10,10,10
64672,1,1,1990,2,2,2,2,2,2,2,2,2,2
64672,2,1,1990,0,0,0,0,0,0,0,0,0,0
64673,1,1,1990,27,27,27,27,27,27,27,27,27,27
64673,2,1,1990,0,0,0,0,0,0,0,0,4,0
64674,1,1,1990,0,0,0,0,0,0,0,0,0,0
64675,0,1,1990,0,0,0,0,0,0,0,0,0,0
64675,0,2,1990,0,0,0,0,0,0,0,0,0,0
64675,1,1,1990,0,0,0,0,0,0,0,0,0,0
64676,0,1,1990,5,5,5,5,5,5,5,5,5,5
64676,0,2,1990,19,7,0,32,15,22,0,33,0,30
64676,1,1,1990,0,0,0,0,0,0,0,0,0,0
64677,1,1,1990,13,13,13,13,13,13,13,13,13,13
64677,2,1,1990,10,14,6,3,34,12,16,25,13,23
64678,1,1,1990,0,0,0,6,0,0,9,10,0,0
64678,2,1,1990,0,0,0,0,0,18,0,0,0,0
64679,1,1,1990,2,0,9,5,0,0,11,9,12,11
64679,2,1,1990,3,3,3,3,3,3,3,3,3,3
64680,1,1,1990,0,0,18,0,0,0,0,0,0,0
64681,1,1,1990,0,0,0,0,0,0,0,0,0,0
64682,1,1,1990,21,21,21,21,21,21,21,21,21,21
64682,2,1,1990,21,0,0,0,0,0,0,0,0,0
64683,0,1,1990,25,25,25,25,25,25,25,25,25,25
64683,1,1,1990,0,0,0,0,0,18,0,0,0,0
64684,1,1,1990,0,0,0,0,0,0,0,0,0,0
64685,1,1,1990,23,23,23,23,23,23,23,23,23,23
64686,1,1,1990,15,0,14,3,0,14,0,12,0,0
64686,2,1,1990,0,0,0,0,0,0,0,0,0,0
64686,3,1,1990,0,0,0,0,0,0,0,0,0,0
64687,0,1,1990,0,0,0,0,0,0,0,0,0,0
64687,1,1,1990,0,0,0,0,0,0,0,0,0,0
64688,1,1,1990,5,5,5,5,5,5,5,5,5,5
64688,2,1,1990,0,0,0,0,0,0,0,0,0,0
64689,0,1,1990,0,0,0,0,16,0,0,0,0,16
64689,1,1,1990,15,15,15,15,15,15,15,15,15,15
64690,1,1,1990,0,0,0,0,0,0,0,0,0,0
64690,2,1,1990,20,12,14,17,5,0,16,0,13,8
64691,1,1,1990,0,27,0,0,17,0,20,0,13,0
64692,1,1,1990,9,9,9,9,9,9,9,9,9,9
64692,2,1,1990,0,0,0,0,0,0,0,0,0,0
64693,1,1,1990,0,0,0,0,0,0,0,0,0,0
64694,1,1,1990,0,0,0,0,0,0,0,0,0,0
64694,2,1,1990,0,0,0,0,0,0,0,0,0,0
64695,0,1,1990,0,0,0,0,0,0,0,0,0,0
64695,1,1,1990,0,0,0,0,0,0,0,0,0,0
64696,0,1,1990,38,38,38,38,38,38,38,38,38,38
64696,1,1,1990,0,0,0,0,0,0,0,0,0,0
64696,2,1,1990,0,0,0,0,0,0,0,0,0,0
64697,0,1,1990,21,21,21,21,21,21,21,21,21,21
64697,1,1,1990,0,0,11,0,0,0,0,0,0,0
64698,1,1,1990,0,0,0,0,0,0,0,0,0,0
64698,2,1,1990,0,0,0,0,0,0,0,0,0,17
64700,1,1,1990,24,24,24,24,24,24,24,24,24,24
64700,2,1,1990,0,0,0,0,0,0,0,0,0,0
64701,1,1,1990,0,16,10,8,10,26,0,39,0,10
64702,1,1,1990,0,0,0,0,0,0,0,0,0,0
64702,2,1,1990,0,0,0,0,0,0,0,0,0,0